{
  "id": "uYLFoz1vlAC",
  "original": "0AvOfAOXmyj",
  "number": 2218,
  "cdate": 1632875607416,
  "mdate": null,
  "ddate": null,
  "tcdate": 1632875607416,
  "tmdate": 1697934737161,
  "tddate": null,
  "forum": "uYLFoz1vlAC",
  "replyto": null,
  "invitation": "ICLR.cc/2022/Conference/-/Blind_Submission",
  "content": {
    "title": "Efficiently Modeling Long Sequences with Structured State Spaces",
    "authorids": [
      "~Albert_Gu1",
      "~Karan_Goel1",
      "~Christopher_Re1"
    ],
    "authors": [
      "Albert Gu",
      "Karan Goel",
      "Christopher Re"
    ],
    "keywords": [
      "sequence models",
      "state space",
      "RNN",
      "CNN",
      "Long Range Arena"
    ],
    "abstract": "A central goal of sequence modeling is designing a single principled model that can address sequence data across a range of modalities and tasks, particularly on long-range dependencies.  Although conventional models including RNNs, CNNs, and Transformers have specialized variants for capturing long dependencies, they still struggle to scale to very long sequences of $10000$ or more steps.  A promising recent approach proposed modeling sequences by simulating the fundamental state space model (SSM) \\( x'(t) = Ax(t) + Bu(t), y(t) = Cx(t) + Du(t) \\), and showed that for appropriate choices of the state matrix \\( A \\), this system could handle long-range dependencies mathematically and empirically.  However, this method has prohibitive computation and memory requirements, rendering it infeasible as a general sequence modeling solution.  We propose the Structured State Space sequence model (S4) based on a new parameterization for the SSM, and show that it can be computed much more efficiently than prior approaches while preserving their theoretical strengths.  Our technique involves conditioning \\( A \\) with a low-rank correction, allowing it to be diagonalized stably and reducing the SSM to the well-studied computation of a Cauchy kernel.  S4 achieves strong empirical results across a diverse range of established benchmarks, including (i) 91\\% accuracy on sequential CIFAR-10 with no data augmentation or auxiliary losses, on par with a larger 2-D ResNet, (ii) substantially closing the gap to Transformers on image and language modeling tasks, while performing generation $60\\times$ faster (iii) SoTA on every task from the Long Range Arena benchmark, including solving the challenging Path-X task of length 16k that all prior work fails on, while being as efficient as all competitors.",
    "code_of_ethics": "",
    "submission_guidelines": "",
    "resubmission": "",
    "student_author": "",
    "serve_as_reviewer": "",
    "paperhash": "gu|efficiently_modeling_long_sequences_with_structured_state_spaces",
    "pdf": "/pdf/a8eedf494f6698cb467c310c59d3ea6488546805.pdf",
    "one-sentence_summary": "We introduce the S3 model based on new algorithms for state spaces that is particularly effective on long-range dependencies.",
    "supplementary_material": "/attachment/0eca97b47ae6f910c4be46fcb179d7790227b78a.zip",
    "community_implementations": "[![CatalyzeX](/images/catalyzex_icon.svg) 1 code implementation](https://www.catalyzex.com/paper/arxiv:2111.00396/code)",
    "_bibtex": "@inproceedings{\ngu2022efficiently,\ntitle={Efficiently Modeling Long Sequences with Structured State Spaces},\nauthor={Albert Gu and Karan Goel and Christopher Re},\nbooktitle={International Conference on Learning Representations},\nyear={2022},\nurl={https://openreview.net/forum?id=uYLFoz1vlAC}\n}",
    "venue": "ICLR 2022 Oral",
    "venueid": "ICLR.cc/2022/Conference"
  },
  "signatures": [
    "ICLR.cc/2022/Conference"
  ],
  "readers": [
    "everyone"
  ],
  "nonreaders": [],
  "writers": [
    "ICLR.cc/2022/Conference"
  ],
  "tauthor": "OpenReview.net",
  "pdate": 1643407560000,
  "odate": 1633539600000,
  "details": {
    "overwriting": [],
    "tags": [],
    "writable": false,
    "replyCount": 15,
    "directReplyCount": 7,
    "revisions": true,
    "replies": [
      {
        "id": "-jIuhxDHIKC",
        "original": null,
        "number": 1,
        "cdate": 1635700066041,
        "mdate": null,
        "ddate": null,
        "tcdate": 1635700066041,
        "tmdate": 1635700066041,
        "tddate": null,
        "forum": "uYLFoz1vlAC",
        "replyto": "uYLFoz1vlAC",
        "invitation": "ICLR.cc/2022/Conference/Paper2218/-/Official_Review",
        "content": {
          "summary_of_the_paper": "The authors propose a sequence modeling approach called the structured state space model (S3) which parameterized the SSM in a more computationally efficient manner.  This is done through decomposing the structured state matrices A into a low-rank and skew-symmetric term and expanding the SSM in frequency space and using a multipole-like evaluation.  This approach maintains much of the gains and efficiencies of past SSM approaches while being more computationally stable and efficient as demonstrated on several tasks across broad domains (speech, images, text).  The paper first steps through the theoretical motivations and justifications of this approach and then performs a number of experiments to demonstrate the competitive or superior performance on a wide range of LRD tasks.  ",
          "main_review": "Strengths:\n* The motivation for the approach is clear both from a high-level as well as mathematical viewpoint.  The authors do a good job walking through the theoretical justification and solution of the approach and proposed algorithm.\n\n* The discussion and analysis is performed on a broad domain of tasks.  As the authors discuss, many approaches today are narrowly focused around a single task/domain which limits our broader understanding of LRD modeling.  By using such a varied set of experiments, the usefulness of this approach is well highlighted.\n\n* The introduction is very well written.  The general reader may be less familiar with some of these past works and the authors do an excellent job highlighting the motivation and current status of efforts in this line of study.  Similarly the background is clear and detailed without being unnecessarily complicated or verbose.  \n\n* The performance is compelling from both an efficiency and accuracy standpoint across a number of tasks.\n\n------------------------\n\nWeaknesses:\n* Limitations and next steps aren’t explicitly discussed.  It would be helpful for the authors to include even a few sentences on this.\n\n* A known issue with approaches like transformers is the need for huge datasets (even by deep learning standards). How does the performance of this approach vary as a function of dataset size?  Does this method work in a low-data regime?\n\n* The results section is more difficult to follow, especially compared to the rest of the text.  Many of the results are included in the appendix (which is fine especially given their extensiveness).  However, some of the table references are strange.  Table 4 is given, but not directly referenced in the main text (should go with Raw Speech Classification on p.8).  Table 5 is not referenced until after Table 6.  The section \"Irregularly Sampled Data\" doesn't explicitly reference where those results can be found (i.e. Table 4).  This makes the results section a little bit unclear as the reader has to the text-to-table mapping.   Table 4 caption is a bit unclear (i.e. requires going to the text to interpret what things mean).\n\n* Figure 2 (feature visualization): the authors state that the visualization of the low-level features shows that context over a small area is being learned and the rest of the image is ignored.  However, two of the activations seem to span the entire kernel.  Similarly, one of the higher-level filters is over only a small area.  This seems to be more of a general trend (low learns mostly, but not completely localized, high learns mostly, but not completely global), but not a hard and fast rule.  Is there a hypothesis as to why only some, but not all filters in these layers follow these trends?  With the current visualization, a number of the filters appear identical (just a few solid rows at the top)- are these degenerate or is this a limitation of the visualization?  There is less “hierarchical” structural differences in the convolutional filters (Figure 5 appendix).  Could the authors explain this?\n\n* Minor: Figure 1, I missed the green K several times (spent a while looking for the green in the figure).  Perhaps altering the perceptual qualities of the font could help draw attention to these variables more.   \n",
          "summary_of_the_review": "My recommendation is to accept this work.  This paper proposes a novel parameterization for solving SSM which provides computational efficiency and accuracy gains.  The approach is explained and justified theoretically and the performance is evaluated on a number of tasks across different domains.  The text is clear and well written.  The authors explicitly state the goal of finding general methods that work on a broad range of tasks and this approach offers a good step toward solving that problem under realistic computational constraints.",
          "correctness": "4: All of the claims and statements are well-supported and correct.",
          "technical_novelty_and_significance": "4: The contributions are significant, and do not exist in prior works.",
          "empirical_novelty_and_significance": "4: The contributions are significant, and do not exist in prior works.",
          "flag_for_ethics_review": [
            "NO."
          ],
          "recommendation": "8: accept, good paper",
          "confidence": "4: You are confident in your assessment, but not absolutely certain. It is unlikely, but not impossible, that you did not understand some parts of the submission or that you are unfamiliar with some pieces of related work."
        },
        "signatures": [
          "ICLR.cc/2022/Conference/Paper2218/Reviewer_7JCQ"
        ],
        "readers": [
          "everyone"
        ],
        "nonreaders": [],
        "writers": [
          "ICLR.cc/2022/Conference",
          "ICLR.cc/2022/Conference/Paper2218/Reviewer_7JCQ"
        ]
      },
      {
        "id": "Njj9Mravgr",
        "original": null,
        "number": 2,
        "cdate": 1635891630085,
        "mdate": null,
        "ddate": null,
        "tcdate": 1635891630085,
        "tmdate": 1638120174156,
        "tddate": null,
        "forum": "uYLFoz1vlAC",
        "replyto": "uYLFoz1vlAC",
        "invitation": "ICLR.cc/2022/Conference/Paper2218/-/Official_Review",
        "content": {
          "summary_of_the_paper": "This paper presents a novel parameterization for the established state-space models (SSM), which tackles the scalability problem in linear state-space layers (LSSL) in modeling long-range dependencies for very long sequences. The proposed technique reparameterizes the structured state matrix in LSSL that allows the state to memorize the past, a key component following the continuous-time memorization theory. A complete theoretical description of this reparameterization and empirical evaluations on a diverse set of benchmarks are presented. The proposed model, S3, achieves astonishing results both in terms of performance and computational efficiency. ",
          "main_review": "The paper presents a strong and clear theory for the proposed reparameterization. Its advantages over the prior work linear state-space layers (LSSL) are explained very well theoretically and presented empirically. \nThe convolutional kernel defined by LSSL is a convolutional interpretation to unrolling SSMs over time, granting parallelization to SSMs during training. The proposed model S3 resolves the bottleneck in this formulation by reducing it to a Cauchy kernel, resulting in a significant improvement in the space and computation complexity. \nThe model is also compared against the state-of-the-art models in a diverse set of benchmarks. Especially the performance in the Long Range Arena (LRA) benchmark is superior. \n\nI have the following questions for the authors.\n- The base LSSL model is not included in most of the benchmarks, particularly in the LRA. Is it due to the scalability problem of LSSL? \n- Is it expected to get improved results over the LSSL (see Tab. 4 and 5)? Does the proposed reparameterization guarantee a “more” optimal state matrix A? \n- The diagonal matrix $\\Lambda$ and the vectors $p$ and $q$ are trainable parameters that construct the state matrix A which is initialized to be a HiPPO matrix (Section 3.4). Do these trainable parameters preserve the structure of the matrix A to be HiPPO during and after training? Is it necessary? \n- In autoregressive generation tasks (i.e., the model is fed with its own prediction), the sequence models (RNNs, TCNs, etc.) are likely to suffer from error accumulation problem as the prediction horizon increases. Could the authors comment on S3’s performance in a similar task? Can S3 alleviate this problem? \n\n\n-- Post-rebuttal edit --\n\nI thank the authors for their rebuttal. I read other reviews and the author responses. It is clear that this is both empirically and theoretically a strong paper. The improvements over the baselines are substantial. Looking forward to seeing the follow-up work.",
          "summary_of_the_review": "This is theoretically and empirically a solid paper. The evaluations show that its superior performance is not limited to modeling long-term dependencies only, but it can be a strong alternative to the established sequence models. ",
          "correctness": "4: All of the claims and statements are well-supported and correct.",
          "technical_novelty_and_significance": "4: The contributions are significant, and do not exist in prior works.",
          "empirical_novelty_and_significance": "4: The contributions are significant, and do not exist in prior works.",
          "flag_for_ethics_review": [
            "NO."
          ],
          "recommendation": "8: accept, good paper",
          "confidence": "3: You are fairly confident in your assessment. It is possible that you did not understand some parts of the submission or that you are unfamiliar with some pieces of related work. Math/other details were not carefully checked."
        },
        "signatures": [
          "ICLR.cc/2022/Conference/Paper2218/Reviewer_Bxrv"
        ],
        "readers": [
          "everyone"
        ],
        "nonreaders": [],
        "writers": [
          "ICLR.cc/2022/Conference",
          "ICLR.cc/2022/Conference/Paper2218/Reviewer_Bxrv"
        ]
      },
      {
        "id": "XBv0jDVPyU",
        "original": null,
        "number": 3,
        "cdate": 1636333268485,
        "mdate": null,
        "ddate": null,
        "tcdate": 1636333268485,
        "tmdate": 1636384561137,
        "tddate": null,
        "forum": "uYLFoz1vlAC",
        "replyto": "uYLFoz1vlAC",
        "invitation": "ICLR.cc/2022/Conference/Paper2218/-/Official_Review",
        "content": {
          "summary_of_the_paper": "The paper extends previous work on linear state space models (SSM), where the state transition matrix is fixed to be a highly structured _HiPPO_ matrix, which has provably beneficial properties for memorizing long-term information from continuous-time signals. The main contribution of the paper is regarding the computational aspect of the model. Namely, a novel approach is proposed for computing the convolutional kernel associated to the discretized SSM unrolled over time. This is done by first showing that the state transition matrix can be decomposed as the sum of a normal (i.e. diagonalizable with orthonormal eigenvectors) and a low-rank (rank 1 or 2) matrix, and this representation is then combined with techniques from numerical linear algebra to reduce the problem to computing the Cauchy kernel (i.e. a well-studied problem). The resulting structured state space model (S3) is then placed into a deep neural network setting, and extensive experiments are carried out on various tasks, such as: 1) Long Range Arena, a benchmark collection for scalable transformers, 2) raw speech classification (length-16k audio signals), 3) generative modelling on CIFAR-10 and WikiText-103, 4) sequential image classification on sMNIST, pMNIST and sCIFAR. Overall, the model seems to perform very well on each task either performing close to SoTA or setting a new high score.",
          "main_review": "The paper seems well written both regards to clarity and citations. Contentwise, the theoretical and experimental parts are interesting and relevant. The novel contribution, which is efficient computation of the discretized convolution kernel, is highly technical with details given in the appendix, but the authors did a good job at summarizing the key ideas. On the LRA benchmark, which was originally introduced to benchmark scalable transformer variants, the model sets a new high score on all problems, outperforming transformers on their home turf. The model also outperforms competitors on a raw audio dataset, including a SoTA CNN variant specialized to audio. Overall, the performance is compelling on all considered tasks, in respect of both accuracy and efficiency.\n\nI have just a few questions/remarks:\n\n1) The authors mention in Section 2.2 that linear SSMs can perform poorly due to vanishing/exploding gradients. The given HiPPO matrix is given by the sum of a normal and a low-rank (i.e. NPLR) matrix, and in particular it is not unitary. I wonder then how it gets around the aforementioned problem? I expect the answer can be found by looking up the cited papers, but if there is a short answer to this, it might be good to include it in the discussion.\n2) Related to the previous question, it turns out the authors only use the HiPPO matrix as an initialization (although as a very sensible one), but then the algorithm is free to learn any NPLR matrix. Is it true in general for NPLR matrices that they result in well-behaved SSMs in the previous sense, or does that only hold for a neighborhood around the HiPPO matrix? Additionally, I would be interested in what happens (e.g. how performance changes) when a) the HiPPO matrix  $\\mathbf{A}$ is fixed throughout the training, and only the parameters $\\mathbf{B}, \\mathbf{C} \\in \\mathbb{R}^N$ are trainable, and b) if the model is initialized from a random NPLR matrix, but not the HiPPO?\n3) Is the model able to handle multidimensional input signals $\\mathbf{u}(t) \\in \\mathbb{R}^d$?\n4) In Section 3.4, it is mentioned that a multidimensional feature map of size H is created by defining H independent copies of S3. I am wondering if it would be more efficient if these copies shared the input-to-state ($\\mathbf{B}$) and state-to-state ($\\mathbf{A}$) mappings, and only differed in the state-to-feature mapping ($\\mathbf{C}$)? Do the authors expect this would negatively affect the results? Somehow it seems wasteful to me for each feature-coordinate $y^i(t)$ to have its own separate $N$-dimensional state representation, instead of sharing a common one (perhaps with a larger state size $N^\\prime >> N$).\n5) The S3 itself seems to be a linear model, which made me wonder where the nonlinearities are introduced into the deep model? Perhaps, is there an activation placed on the feature map after linearly mixing H independent copies of S3?\n6) In Section 4.3 paragraph _Irregularly sampled data_, it seems what the authors really mean is a resolution change. As far as I know, irregular sampling means the data is sampled on a highly non-uniform time grid, which means that in eq.(3) the step size $\\Delta_t$ would become time dependent. It looks like this might make the computation of the convolution kernel in eq.(5) a bit problematic (the discretized $\\bar{\\mathbf{A}}_{\\Delta_t}$ matrices might not commute with eachother).",
          "summary_of_the_review": "This is a solid paper with a novel technical contribution that utilizes nontrivial insights for efficient matrix computations, and with a strong experiments section. The experiments demonstrate not only that the model can be an efficient alternative to transformers on tasks requiring long-range reasoning, but that it also shows promise as a generic sequence model that can be applied across a broad range of tasks. Overall, there are not many drawbacks of the paper for me, other than some unanswered questions in my mind.",
          "correctness": "4: All of the claims and statements are well-supported and correct.",
          "technical_novelty_and_significance": "3: The contributions are significant and somewhat new. Aspects of the contributions exist in prior work.",
          "empirical_novelty_and_significance": "3: The contributions are significant and somewhat new. Aspects of the contributions exist in prior work.",
          "flag_for_ethics_review": [
            "NO."
          ],
          "recommendation": "8: accept, good paper",
          "confidence": "3: You are fairly confident in your assessment. It is possible that you did not understand some parts of the submission or that you are unfamiliar with some pieces of related work. Math/other details were not carefully checked."
        },
        "signatures": [
          "ICLR.cc/2022/Conference/Paper2218/Reviewer_ncZn"
        ],
        "readers": [
          "everyone"
        ],
        "nonreaders": [],
        "writers": [
          "ICLR.cc/2022/Conference",
          "ICLR.cc/2022/Conference/Paper2218/Reviewer_ncZn"
        ]
      },
      {
        "id": "AmB-grVm5j0",
        "original": null,
        "number": 1,
        "cdate": 1636670376874,
        "mdate": null,
        "ddate": null,
        "tcdate": 1636670376874,
        "tmdate": 1636670516659,
        "tddate": null,
        "forum": "uYLFoz1vlAC",
        "replyto": "uYLFoz1vlAC",
        "invitation": "ICLR.cc/2022/Conference/Paper2218/-/Public_Comment",
        "content": {
          "title": "Can one combine the convolutional and recurrent methods?",
          "comment": "As the reviewers have indicated with their scores, this seems to be a great paper which hopefully lives up to its potential as a fast long range sequence model.\n\nI believe there is a small typo in equation (4).  The last term should have a $\\overline{\\mathbf{C}}$ in it.\n\nAlso, I want to ask if one can combine both the fast recurrent method and the fast convolutional method.  One could imagine for example a document summarization task where one wants to use the convolutional method to process a long document and then the recurrent method to auto-regressively generate a summary of that document.  However, it is not clear if the convolutional calculation gives access to final hidden state $x_N$ which would be needed for this.  Similarly, one might want to perform the convolutional method but with a seed \nstate $x_0$ which is not $0$.  For example, imagine processing an extremely long sequence in batches with the convolutional method.  One needs to be able to start the next batch where the previous batch left off. Is this possible?"
        },
        "signatures": [
          "~Jason_Rute1"
        ],
        "readers": [
          "everyone"
        ],
        "nonreaders": [],
        "writers": [
          "ICLR.cc/2022/Conference",
          "~Jason_Rute1"
        ]
      },
      {
        "id": "ZeQHfI3FedK",
        "original": null,
        "number": 2,
        "cdate": 1637383982961,
        "mdate": 1637383982961,
        "ddate": null,
        "tcdate": 1637383982961,
        "tmdate": 1637383982961,
        "tddate": null,
        "forum": "uYLFoz1vlAC",
        "replyto": "uYLFoz1vlAC",
        "invitation": "ICLR.cc/2022/Conference/Paper2218/-/Official_Comment",
        "content": {
          "title": "Response to All Reviewers",
          "comment": "We thank all reviewers for their time and thoughtful feedback. Overall, all reviewers understood the core technical results of our paper and provided perceptive comments and questions about our proposed model. All reviewers appreciated our model’s theoretical and empirical results on long time series across many tasks and data modalities, and provided helpful suggestions for discussion and clarification. Their feedback has helped improve our updated submission, which includes:\n\n- A paragraph on limitations and future directions in the Discussion section\n- Improving presentation of the experimental section (e.g. order of tables)\n- (Minor) We have additionally renamed our model from S3 to S4\n\nWe have responded individually to each reviewer in the direct responses."
        },
        "signatures": [
          "ICLR.cc/2022/Conference/Paper2218/Authors"
        ],
        "readers": [
          "everyone"
        ],
        "nonreaders": [],
        "writers": [
          "ICLR.cc/2022/Conference",
          "ICLR.cc/2022/Conference/Paper2218/Authors"
        ]
      },
      {
        "id": "6AzKAwvex4c",
        "original": null,
        "number": 3,
        "cdate": 1637384093400,
        "mdate": 1637384093400,
        "ddate": null,
        "tcdate": 1637384093400,
        "tmdate": 1637384093400,
        "tddate": null,
        "forum": "uYLFoz1vlAC",
        "replyto": "XBv0jDVPyU",
        "invitation": "ICLR.cc/2022/Conference/Paper2218/-/Official_Comment",
        "content": {
          "title": "Response to Reviewer ncZn",
          "comment": "We are glad the reviewer found the ideas in the paper compelling and clear. The reviewer asked several insightful questions about our proposed model, which we respond to in order:\n\n1. One answer is that the *discretized* matrix $\\overline{A}$ is the one that needs to be close to unitary, and in fact it is by the formula (3). At a higher level, unitary can be considered a side effect and not the main condition needed to handle long dependencies; the HiPPO theory guarantees handling long context by design.\n\n2. Empirically, we have found that matrices in a neighborhood of HiPPO matrices perform better (see below ablation). This leads to the following interesting question: our theoretical results show that the previously defined HiPPO matrices are all NPLR, but the converse question is an extremely interesting direction for future study.\n(a) The S4 parameterization (Algorithm 1) actually makes it difficult to disentangle learning A from B and C. We note that prior work on the LSSL performed a similar ablation: they found that learning the A matrix provides a consistent boost in performance (e.g., up to 5% on the Speech Commands dataset)\n(b) We performed this ablation using a smaller model on the sequential CIFAR dataset and got 88.38% for HiPPO matrix A, versus 81.36% for random NPLR matrix A. This is still substantially better than non-SSM models, but the HiPPO initialization has a clear advantage.\n\n3. Multidimensional inputs are handled by the $H$ broadcasting described in Section 3.4 (as well as mentioned in question 4 here). While state spaces technically can handle multidimensional signals (by changing the shape of the $B$ and $C$ matrices), this is actually subsumed by the $H$ broadcasting followed by a linear map to mix the features. Earlier versions of this work did consider higher-dimensional signals, but found no computational or empirical benefit.\n\n4. The proposed feature sharing was actually considered in earlier versions of this work, but discarded for simplicity. The main reason is that although sharing the A and B parameters does save parameters, it does not save computation. Essentially, the Cauchy kernel needs to be computed for each of the H copies of (A, B, C); even if A and B are constant between each copy, the fact that C is different means each of the H copies still needs to be re-computed separately. Hence there is no computational benefit to sharing some of the parameters.\nAs mentioned, this sharing was previously considered; our released code does in fact contain options to share the A, B, or C parameters.\n\n5. S4 by itself is indeed linear, and nonlinearities are indeed introduced in the depth direction between the S4 and linear layers (Section 3.4). We note that prior work (the LSSL) showed theoretical results explaining why linear RNNs mixed with non-linearities in the depth direction can recover non-linear RNNs.\n\n6. We agree with the reviewer’s definition of irregularly-sampled data and have changed the title of this subsection in the revised submission.\nWe also agree with the reviewer’s point about the computation issue with truely irregularly-sampled data. Indeed, such a setting can still be handled by SSMs, but they will then lose the convolutional representation. One perspective is that in control theory, only linear *time-invariant* (LTI) systems are related to convolutions, while irregularly sampled data would be *time-dependent* as the reviewer points out. Such considerations are interesting directions for future work."
        },
        "signatures": [
          "ICLR.cc/2022/Conference/Paper2218/Authors"
        ],
        "readers": [
          "everyone"
        ],
        "nonreaders": [],
        "writers": [
          "ICLR.cc/2022/Conference",
          "ICLR.cc/2022/Conference/Paper2218/Authors"
        ]
      },
      {
        "id": "eem9Q7MzIjE",
        "original": null,
        "number": 4,
        "cdate": 1637384188721,
        "mdate": 1637384188721,
        "ddate": null,
        "tcdate": 1637384188721,
        "tmdate": 1637384188721,
        "tddate": null,
        "forum": "uYLFoz1vlAC",
        "replyto": "Njj9Mravgr",
        "invitation": "ICLR.cc/2022/Conference/Paper2218/-/Official_Comment",
        "content": {
          "title": "Response to Reviewer Bxrv",
          "comment": "We are encouraged that the reviewer appreciates our theoretical contributions and strong empirical results. We respond to the reviewer’s questions in order:\n\n1. Most of our results use numbers reported directly from prior work. We included the LSSL where applicable (sequential image classification and speech classification tasks), but the LSSL did not have results on many of our tasks. As the reviewer notes, this is due to the scalability problems of the LSSL; it would not have been able to solve the LRA Path-X task due to memory and computation constraints.\n\n2. The representations used by the LSSL and S4 are similar, and we do not currently have guarantees on when S4 would perform better. The main advantage of the S4 parameterization is computational.\n\n3. Our theoretical results show that the previously defined HiPPO matrices are all NPLR. The reviewer asks the natural question about whether the converse holds: are all NPLR matrices also HiPPO operators? We do not currently know the answer to this question, which is a very interesting direction of future study. Empirically, training these parameters does provide a consistent performance increase. (See also response to Reviewer ncZn)\n\n4. As the reviewer notes, the error accumulation problem is tied to autoregression, and not the sequence model itself. S4 does not address the error accumulation problem per se, but we note that its superior modeling of long-range dependencies may yield more consistent predictions over long horizons. This is an interesting future direction."
        },
        "signatures": [
          "ICLR.cc/2022/Conference/Paper2218/Authors"
        ],
        "readers": [
          "everyone"
        ],
        "nonreaders": [],
        "writers": [
          "ICLR.cc/2022/Conference",
          "ICLR.cc/2022/Conference/Paper2218/Authors"
        ]
      },
      {
        "id": "GEMcGjA05x6",
        "original": null,
        "number": 5,
        "cdate": 1637384354686,
        "mdate": 1637384354686,
        "ddate": null,
        "tcdate": 1637384354686,
        "tmdate": 1637384354686,
        "tddate": null,
        "forum": "uYLFoz1vlAC",
        "replyto": "-jIuhxDHIKC",
        "invitation": "ICLR.cc/2022/Conference/Paper2218/-/Official_Comment",
        "content": {
          "title": "Response to Reviewer 7JCQ",
          "comment": "We sincerely appreciate the reviewer’s thorough and thoughtful review. Overall, the reviewer found our paper well-written and the model’s performance compelling. The reviewer’s comments suggested ways to improve the presentation, which we respond to in order:\n\n1.  Our updated manuscript includes a discussion of limitations and next steps. This includes a remark on where S4 has had the most difficulties so far (text data), as well as some ideas for extensions on both theory and applications.\n\n2. Some of our tasks had relatively low data, such as the sequential image tasks (50k train examples), some LRA tasks, and the time-series forecasting tasks (where each epoch took only a few seconds) where S4 consistently outperformed the Informer baseline. We hypothesize that S4 performs well in low-data regimes on time-series data because SSMs are a continuous-time model and have strong inductive bias for such time-series data.\n\n3. We thank the reviewer for numerous presentation suggestions in the experiments. We have improved many of the references between tables and text and the ordering of tables, although some elements of the previous draft were preserved for formatting and space considerations.\n\n4. Indeed, the trends in the context size in lower versus higher layers are not hard and fast rules. One explanation is that unlike CNNs which use local filters and pooling -- and are very explicitly designed to be hierarchical -- our S4 model is more generic, and each layer is allowed to learn dependencies of any length. Any trends that appear are emergent properties of the model, and investigating the learned representations in more detail is an interesting question for future study."
        },
        "signatures": [
          "ICLR.cc/2022/Conference/Paper2218/Authors"
        ],
        "readers": [
          "everyone"
        ],
        "nonreaders": [],
        "writers": [
          "ICLR.cc/2022/Conference",
          "ICLR.cc/2022/Conference/Paper2218/Authors"
        ]
      },
      {
        "id": "DAJxielPBG",
        "original": null,
        "number": 6,
        "cdate": 1637384772138,
        "mdate": 1637384772138,
        "ddate": null,
        "tcdate": 1637384772138,
        "tmdate": 1637384772138,
        "tddate": null,
        "forum": "uYLFoz1vlAC",
        "replyto": "AmB-grVm5j0",
        "invitation": "ICLR.cc/2022/Conference/Paper2218/-/Official_Comment",
        "content": {
          "title": "Thanks for the comment",
          "comment": "Thanks for pointing out the typo! It has been fixed in the updated draft.\n\nIf we are interpreting your question correctly, you are asking: how can we compute an SSM on a finite \"chunk\" of the data, using an arbitrary starting state $x_0$, while also computing the final state $x_N$? This calculation is naturally done using the recurrent view, but that loses the parallelization; can the calculation be done using the convolutional view?\n\nThe answer to this question is yes, and in fact our released code has this functionality. However, it currently is slower than the vanilla SSM convolution calculation for technical reasons, and additionally may be more prone to numerical instability. We are very interested in the application of this functionality for future work."
        },
        "signatures": [
          "ICLR.cc/2022/Conference/Paper2218/Authors"
        ],
        "readers": [
          "everyone"
        ],
        "nonreaders": [],
        "writers": [
          "ICLR.cc/2022/Conference",
          "ICLR.cc/2022/Conference/Paper2218/Authors"
        ]
      },
      {
        "id": "8BRiy-2aHov",
        "original": null,
        "number": 7,
        "cdate": 1638032075431,
        "mdate": 1638032075431,
        "ddate": null,
        "tcdate": 1638032075431,
        "tmdate": 1638032075431,
        "tddate": null,
        "forum": "uYLFoz1vlAC",
        "replyto": "6AzKAwvex4c",
        "invitation": "ICLR.cc/2022/Conference/Paper2218/-/Official_Comment",
        "content": {
          "title": "Thanks for your detailed answers",
          "comment": "Thank you very much to the authors for their detailed answers to my questions. The provided discussion is indeed very interesting and clarify the answer to most of my questions. Although there exists several follow up questions that I would have, this is not a drawback, but a side effect of an intriguing paper. To reiterate, both the theoretical and experimental content are substantial, which clearly warrants publication at the conference. I look forward to seeing further works regarding theoretical analyses and applications of S4."
        },
        "signatures": [
          "ICLR.cc/2022/Conference/Paper2218/Reviewer_ncZn"
        ],
        "readers": [
          "everyone"
        ],
        "nonreaders": [],
        "writers": [
          "ICLR.cc/2022/Conference",
          "ICLR.cc/2022/Conference/Paper2218/Reviewer_ncZn"
        ]
      },
      {
        "id": "yNUpjb3Obnt",
        "original": null,
        "number": 8,
        "cdate": 1638211885372,
        "mdate": 1638211885372,
        "ddate": null,
        "tcdate": 1638211885372,
        "tmdate": 1638211885372,
        "tddate": null,
        "forum": "uYLFoz1vlAC",
        "replyto": "GEMcGjA05x6",
        "invitation": "ICLR.cc/2022/Conference/Paper2218/-/Official_Comment",
        "content": {
          "title": "Thank you for response",
          "comment": "Thank you for your answers to the questions raised.  The authors have addressed the main questions/concerns I raised.  Remaining questions are sufficient to be addressed in future work which this paper enables.  The addition of limitations and next steps is also appreciated.  "
        },
        "signatures": [
          "ICLR.cc/2022/Conference/Paper2218/Reviewer_7JCQ"
        ],
        "readers": [
          "everyone"
        ],
        "nonreaders": [],
        "writers": [
          "ICLR.cc/2022/Conference",
          "ICLR.cc/2022/Conference/Paper2218/Reviewer_7JCQ"
        ]
      },
      {
        "id": "hNxs3V5f0Rd",
        "original": null,
        "number": 1,
        "cdate": 1642696992382,
        "mdate": null,
        "ddate": null,
        "tcdate": 1642696992382,
        "tmdate": 1642696992382,
        "tddate": null,
        "forum": "uYLFoz1vlAC",
        "replyto": "uYLFoz1vlAC",
        "invitation": "ICLR.cc/2022/Conference/Paper2218/-/Decision",
        "content": {
          "title": "Paper Decision",
          "decision": "Accept (Oral)",
          "comment": "All reviewers agreed this was a very strong submission: it was clearly written, was theoretically and experimentally interesting, and had excellent motivation. A clear accept. Authors: you've already indicated that you've updated the submission to respond to reviewer changes, if you could double check their comments for any recommendation you may have missed on accident that would be great! The paper will make a great contribution to the conference!!"
        },
        "signatures": [
          "ICLR.cc/2022/Conference/Program_Chairs"
        ],
        "readers": [
          "everyone"
        ],
        "nonreaders": [],
        "writers": [
          "ICLR.cc/2022/Conference/Program_Chairs"
        ]
      },
      {
        "id": "BSexHJQdBW9",
        "original": null,
        "number": 2,
        "cdate": 1646785245426,
        "mdate": 1646785245426,
        "ddate": null,
        "tcdate": 1646785245426,
        "tmdate": 1646785245426,
        "tddate": null,
        "forum": "uYLFoz1vlAC",
        "replyto": "uYLFoz1vlAC",
        "invitation": "ICLR.cc/2022/Conference/Paper2218/-/Public_Comment",
        "content": {
          "title": "Updated revision completed",
          "comment": "To all readers: We have uploaded an updated version of the S4 paper, including the Camera Ready Revision for ICLR 2022. We would also like to note that a version of the paper is on arXiv, which contains additional content that did not fit in the page limits of the ICLR version: https://arxiv.org/abs/2111.00396\n\nThis content addresses several recommendations from the reviewers, such as how to interpret the multidimensional and linear aspects of S4. Most importantly, the arXiv version has an additional section that ablates the state matrix A to show the importance of HiPPO and trainability, which several reviewers were curious about. We thank all reviewers and chairs again for their valuable feedback."
        },
        "signatures": [
          "~Albert_Gu1"
        ],
        "readers": [
          "everyone"
        ],
        "nonreaders": [],
        "writers": [
          "ICLR.cc/2022/Conference",
          "~Albert_Gu1"
        ]
      },
      {
        "id": "PaWtD8BYZ9p",
        "original": null,
        "number": 3,
        "cdate": 1655984657149,
        "mdate": null,
        "ddate": null,
        "tcdate": 1655984657149,
        "tmdate": 1655993344686,
        "tddate": null,
        "forum": "uYLFoz1vlAC",
        "replyto": "DAJxielPBG",
        "invitation": "ICLR.cc/2022/Conference/Paper2218/-/Public_Comment",
        "content": {
          "title": "Follow up question",
          "comment": "Thanks for the reply. \n\nI am another researcher interested in applying your model (which is ingenious!) to our data.\n\nSimilar to Jason who asked the original question, we are interested in using the CNN version of S4 but due to memory constraints we cannot use the full sequence at inference time, but instead have to divide the sequence into small chunks. For RNN we just keep the final hidden state of each chunk and use that as the starting hidden state of the next chunk and iterate, but we are not sure how to do this for S4.\n\nSince you mentioned that your code already has this functionality, could you point out **where it is located and how to use it**? Is it the `step` method for S4 and S4D modules? Also, since you mention \"numerical instability\", will one obtain the same result at inference time if one uses the chunking method? "
        },
        "signatures": [
          "~Mingwei_Ma1"
        ],
        "readers": [
          "everyone"
        ],
        "nonreaders": [],
        "writers": [
          "ICLR.cc/2022/Conference",
          "~Mingwei_Ma1"
        ]
      },
      {
        "id": "Z2eJPr1FWIm",
        "original": null,
        "number": 4,
        "cdate": 1656035453809,
        "mdate": 1656035453809,
        "ddate": null,
        "tcdate": 1656035453809,
        "tmdate": 1656035453809,
        "tddate": null,
        "forum": "uYLFoz1vlAC",
        "replyto": "PaWtD8BYZ9p",
        "invitation": "ICLR.cc/2022/Conference/Paper2218/-/Public_Comment",
        "content": {
          "title": "Please use GitHub for code questions",
          "comment": "The functionality is available in version v1 of the repository: https://github.com/HazyResearch/state-spaces\nThe outputs of the module will be correct, but it may be more difficult to train a model using TBPTT.\n\nPlease direct all further questions about code to the GitHub issues in the repository."
        },
        "signatures": [
          "~Albert_Gu1"
        ],
        "readers": [
          "everyone"
        ],
        "nonreaders": [],
        "writers": [
          "ICLR.cc/2022/Conference",
          "~Albert_Gu1"
        ]
      }
    ],
    "directReplies": [
      {
        "id": "-jIuhxDHIKC",
        "original": null,
        "number": 1,
        "cdate": 1635700066041,
        "mdate": null,
        "ddate": null,
        "tcdate": 1635700066041,
        "tmdate": 1635700066041,
        "tddate": null,
        "forum": "uYLFoz1vlAC",
        "replyto": "uYLFoz1vlAC",
        "invitation": "ICLR.cc/2022/Conference/Paper2218/-/Official_Review",
        "content": {
          "summary_of_the_paper": "The authors propose a sequence modeling approach called the structured state space model (S3) which parameterized the SSM in a more computationally efficient manner.  This is done through decomposing the structured state matrices A into a low-rank and skew-symmetric term and expanding the SSM in frequency space and using a multipole-like evaluation.  This approach maintains much of the gains and efficiencies of past SSM approaches while being more computationally stable and efficient as demonstrated on several tasks across broad domains (speech, images, text).  The paper first steps through the theoretical motivations and justifications of this approach and then performs a number of experiments to demonstrate the competitive or superior performance on a wide range of LRD tasks.  ",
          "main_review": "Strengths:\n* The motivation for the approach is clear both from a high-level as well as mathematical viewpoint.  The authors do a good job walking through the theoretical justification and solution of the approach and proposed algorithm.\n\n* The discussion and analysis is performed on a broad domain of tasks.  As the authors discuss, many approaches today are narrowly focused around a single task/domain which limits our broader understanding of LRD modeling.  By using such a varied set of experiments, the usefulness of this approach is well highlighted.\n\n* The introduction is very well written.  The general reader may be less familiar with some of these past works and the authors do an excellent job highlighting the motivation and current status of efforts in this line of study.  Similarly the background is clear and detailed without being unnecessarily complicated or verbose.  \n\n* The performance is compelling from both an efficiency and accuracy standpoint across a number of tasks.\n\n------------------------\n\nWeaknesses:\n* Limitations and next steps aren’t explicitly discussed.  It would be helpful for the authors to include even a few sentences on this.\n\n* A known issue with approaches like transformers is the need for huge datasets (even by deep learning standards). How does the performance of this approach vary as a function of dataset size?  Does this method work in a low-data regime?\n\n* The results section is more difficult to follow, especially compared to the rest of the text.  Many of the results are included in the appendix (which is fine especially given their extensiveness).  However, some of the table references are strange.  Table 4 is given, but not directly referenced in the main text (should go with Raw Speech Classification on p.8).  Table 5 is not referenced until after Table 6.  The section \"Irregularly Sampled Data\" doesn't explicitly reference where those results can be found (i.e. Table 4).  This makes the results section a little bit unclear as the reader has to the text-to-table mapping.   Table 4 caption is a bit unclear (i.e. requires going to the text to interpret what things mean).\n\n* Figure 2 (feature visualization): the authors state that the visualization of the low-level features shows that context over a small area is being learned and the rest of the image is ignored.  However, two of the activations seem to span the entire kernel.  Similarly, one of the higher-level filters is over only a small area.  This seems to be more of a general trend (low learns mostly, but not completely localized, high learns mostly, but not completely global), but not a hard and fast rule.  Is there a hypothesis as to why only some, but not all filters in these layers follow these trends?  With the current visualization, a number of the filters appear identical (just a few solid rows at the top)- are these degenerate or is this a limitation of the visualization?  There is less “hierarchical” structural differences in the convolutional filters (Figure 5 appendix).  Could the authors explain this?\n\n* Minor: Figure 1, I missed the green K several times (spent a while looking for the green in the figure).  Perhaps altering the perceptual qualities of the font could help draw attention to these variables more.   \n",
          "summary_of_the_review": "My recommendation is to accept this work.  This paper proposes a novel parameterization for solving SSM which provides computational efficiency and accuracy gains.  The approach is explained and justified theoretically and the performance is evaluated on a number of tasks across different domains.  The text is clear and well written.  The authors explicitly state the goal of finding general methods that work on a broad range of tasks and this approach offers a good step toward solving that problem under realistic computational constraints.",
          "correctness": "4: All of the claims and statements are well-supported and correct.",
          "technical_novelty_and_significance": "4: The contributions are significant, and do not exist in prior works.",
          "empirical_novelty_and_significance": "4: The contributions are significant, and do not exist in prior works.",
          "flag_for_ethics_review": [
            "NO."
          ],
          "recommendation": "8: accept, good paper",
          "confidence": "4: You are confident in your assessment, but not absolutely certain. It is unlikely, but not impossible, that you did not understand some parts of the submission or that you are unfamiliar with some pieces of related work."
        },
        "signatures": [
          "ICLR.cc/2022/Conference/Paper2218/Reviewer_7JCQ"
        ],
        "readers": [
          "everyone"
        ],
        "nonreaders": [],
        "writers": [
          "ICLR.cc/2022/Conference",
          "ICLR.cc/2022/Conference/Paper2218/Reviewer_7JCQ"
        ]
      },
      {
        "id": "Njj9Mravgr",
        "original": null,
        "number": 2,
        "cdate": 1635891630085,
        "mdate": null,
        "ddate": null,
        "tcdate": 1635891630085,
        "tmdate": 1638120174156,
        "tddate": null,
        "forum": "uYLFoz1vlAC",
        "replyto": "uYLFoz1vlAC",
        "invitation": "ICLR.cc/2022/Conference/Paper2218/-/Official_Review",
        "content": {
          "summary_of_the_paper": "This paper presents a novel parameterization for the established state-space models (SSM), which tackles the scalability problem in linear state-space layers (LSSL) in modeling long-range dependencies for very long sequences. The proposed technique reparameterizes the structured state matrix in LSSL that allows the state to memorize the past, a key component following the continuous-time memorization theory. A complete theoretical description of this reparameterization and empirical evaluations on a diverse set of benchmarks are presented. The proposed model, S3, achieves astonishing results both in terms of performance and computational efficiency. ",
          "main_review": "The paper presents a strong and clear theory for the proposed reparameterization. Its advantages over the prior work linear state-space layers (LSSL) are explained very well theoretically and presented empirically. \nThe convolutional kernel defined by LSSL is a convolutional interpretation to unrolling SSMs over time, granting parallelization to SSMs during training. The proposed model S3 resolves the bottleneck in this formulation by reducing it to a Cauchy kernel, resulting in a significant improvement in the space and computation complexity. \nThe model is also compared against the state-of-the-art models in a diverse set of benchmarks. Especially the performance in the Long Range Arena (LRA) benchmark is superior. \n\nI have the following questions for the authors.\n- The base LSSL model is not included in most of the benchmarks, particularly in the LRA. Is it due to the scalability problem of LSSL? \n- Is it expected to get improved results over the LSSL (see Tab. 4 and 5)? Does the proposed reparameterization guarantee a “more” optimal state matrix A? \n- The diagonal matrix $\\Lambda$ and the vectors $p$ and $q$ are trainable parameters that construct the state matrix A which is initialized to be a HiPPO matrix (Section 3.4). Do these trainable parameters preserve the structure of the matrix A to be HiPPO during and after training? Is it necessary? \n- In autoregressive generation tasks (i.e., the model is fed with its own prediction), the sequence models (RNNs, TCNs, etc.) are likely to suffer from error accumulation problem as the prediction horizon increases. Could the authors comment on S3’s performance in a similar task? Can S3 alleviate this problem? \n\n\n-- Post-rebuttal edit --\n\nI thank the authors for their rebuttal. I read other reviews and the author responses. It is clear that this is both empirically and theoretically a strong paper. The improvements over the baselines are substantial. Looking forward to seeing the follow-up work.",
          "summary_of_the_review": "This is theoretically and empirically a solid paper. The evaluations show that its superior performance is not limited to modeling long-term dependencies only, but it can be a strong alternative to the established sequence models. ",
          "correctness": "4: All of the claims and statements are well-supported and correct.",
          "technical_novelty_and_significance": "4: The contributions are significant, and do not exist in prior works.",
          "empirical_novelty_and_significance": "4: The contributions are significant, and do not exist in prior works.",
          "flag_for_ethics_review": [
            "NO."
          ],
          "recommendation": "8: accept, good paper",
          "confidence": "3: You are fairly confident in your assessment. It is possible that you did not understand some parts of the submission or that you are unfamiliar with some pieces of related work. Math/other details were not carefully checked."
        },
        "signatures": [
          "ICLR.cc/2022/Conference/Paper2218/Reviewer_Bxrv"
        ],
        "readers": [
          "everyone"
        ],
        "nonreaders": [],
        "writers": [
          "ICLR.cc/2022/Conference",
          "ICLR.cc/2022/Conference/Paper2218/Reviewer_Bxrv"
        ]
      },
      {
        "id": "XBv0jDVPyU",
        "original": null,
        "number": 3,
        "cdate": 1636333268485,
        "mdate": null,
        "ddate": null,
        "tcdate": 1636333268485,
        "tmdate": 1636384561137,
        "tddate": null,
        "forum": "uYLFoz1vlAC",
        "replyto": "uYLFoz1vlAC",
        "invitation": "ICLR.cc/2022/Conference/Paper2218/-/Official_Review",
        "content": {
          "summary_of_the_paper": "The paper extends previous work on linear state space models (SSM), where the state transition matrix is fixed to be a highly structured _HiPPO_ matrix, which has provably beneficial properties for memorizing long-term information from continuous-time signals. The main contribution of the paper is regarding the computational aspect of the model. Namely, a novel approach is proposed for computing the convolutional kernel associated to the discretized SSM unrolled over time. This is done by first showing that the state transition matrix can be decomposed as the sum of a normal (i.e. diagonalizable with orthonormal eigenvectors) and a low-rank (rank 1 or 2) matrix, and this representation is then combined with techniques from numerical linear algebra to reduce the problem to computing the Cauchy kernel (i.e. a well-studied problem). The resulting structured state space model (S3) is then placed into a deep neural network setting, and extensive experiments are carried out on various tasks, such as: 1) Long Range Arena, a benchmark collection for scalable transformers, 2) raw speech classification (length-16k audio signals), 3) generative modelling on CIFAR-10 and WikiText-103, 4) sequential image classification on sMNIST, pMNIST and sCIFAR. Overall, the model seems to perform very well on each task either performing close to SoTA or setting a new high score.",
          "main_review": "The paper seems well written both regards to clarity and citations. Contentwise, the theoretical and experimental parts are interesting and relevant. The novel contribution, which is efficient computation of the discretized convolution kernel, is highly technical with details given in the appendix, but the authors did a good job at summarizing the key ideas. On the LRA benchmark, which was originally introduced to benchmark scalable transformer variants, the model sets a new high score on all problems, outperforming transformers on their home turf. The model also outperforms competitors on a raw audio dataset, including a SoTA CNN variant specialized to audio. Overall, the performance is compelling on all considered tasks, in respect of both accuracy and efficiency.\n\nI have just a few questions/remarks:\n\n1) The authors mention in Section 2.2 that linear SSMs can perform poorly due to vanishing/exploding gradients. The given HiPPO matrix is given by the sum of a normal and a low-rank (i.e. NPLR) matrix, and in particular it is not unitary. I wonder then how it gets around the aforementioned problem? I expect the answer can be found by looking up the cited papers, but if there is a short answer to this, it might be good to include it in the discussion.\n2) Related to the previous question, it turns out the authors only use the HiPPO matrix as an initialization (although as a very sensible one), but then the algorithm is free to learn any NPLR matrix. Is it true in general for NPLR matrices that they result in well-behaved SSMs in the previous sense, or does that only hold for a neighborhood around the HiPPO matrix? Additionally, I would be interested in what happens (e.g. how performance changes) when a) the HiPPO matrix  $\\mathbf{A}$ is fixed throughout the training, and only the parameters $\\mathbf{B}, \\mathbf{C} \\in \\mathbb{R}^N$ are trainable, and b) if the model is initialized from a random NPLR matrix, but not the HiPPO?\n3) Is the model able to handle multidimensional input signals $\\mathbf{u}(t) \\in \\mathbb{R}^d$?\n4) In Section 3.4, it is mentioned that a multidimensional feature map of size H is created by defining H independent copies of S3. I am wondering if it would be more efficient if these copies shared the input-to-state ($\\mathbf{B}$) and state-to-state ($\\mathbf{A}$) mappings, and only differed in the state-to-feature mapping ($\\mathbf{C}$)? Do the authors expect this would negatively affect the results? Somehow it seems wasteful to me for each feature-coordinate $y^i(t)$ to have its own separate $N$-dimensional state representation, instead of sharing a common one (perhaps with a larger state size $N^\\prime >> N$).\n5) The S3 itself seems to be a linear model, which made me wonder where the nonlinearities are introduced into the deep model? Perhaps, is there an activation placed on the feature map after linearly mixing H independent copies of S3?\n6) In Section 4.3 paragraph _Irregularly sampled data_, it seems what the authors really mean is a resolution change. As far as I know, irregular sampling means the data is sampled on a highly non-uniform time grid, which means that in eq.(3) the step size $\\Delta_t$ would become time dependent. It looks like this might make the computation of the convolution kernel in eq.(5) a bit problematic (the discretized $\\bar{\\mathbf{A}}_{\\Delta_t}$ matrices might not commute with eachother).",
          "summary_of_the_review": "This is a solid paper with a novel technical contribution that utilizes nontrivial insights for efficient matrix computations, and with a strong experiments section. The experiments demonstrate not only that the model can be an efficient alternative to transformers on tasks requiring long-range reasoning, but that it also shows promise as a generic sequence model that can be applied across a broad range of tasks. Overall, there are not many drawbacks of the paper for me, other than some unanswered questions in my mind.",
          "correctness": "4: All of the claims and statements are well-supported and correct.",
          "technical_novelty_and_significance": "3: The contributions are significant and somewhat new. Aspects of the contributions exist in prior work.",
          "empirical_novelty_and_significance": "3: The contributions are significant and somewhat new. Aspects of the contributions exist in prior work.",
          "flag_for_ethics_review": [
            "NO."
          ],
          "recommendation": "8: accept, good paper",
          "confidence": "3: You are fairly confident in your assessment. It is possible that you did not understand some parts of the submission or that you are unfamiliar with some pieces of related work. Math/other details were not carefully checked."
        },
        "signatures": [
          "ICLR.cc/2022/Conference/Paper2218/Reviewer_ncZn"
        ],
        "readers": [
          "everyone"
        ],
        "nonreaders": [],
        "writers": [
          "ICLR.cc/2022/Conference",
          "ICLR.cc/2022/Conference/Paper2218/Reviewer_ncZn"
        ]
      },
      {
        "id": "AmB-grVm5j0",
        "original": null,
        "number": 1,
        "cdate": 1636670376874,
        "mdate": null,
        "ddate": null,
        "tcdate": 1636670376874,
        "tmdate": 1636670516659,
        "tddate": null,
        "forum": "uYLFoz1vlAC",
        "replyto": "uYLFoz1vlAC",
        "invitation": "ICLR.cc/2022/Conference/Paper2218/-/Public_Comment",
        "content": {
          "title": "Can one combine the convolutional and recurrent methods?",
          "comment": "As the reviewers have indicated with their scores, this seems to be a great paper which hopefully lives up to its potential as a fast long range sequence model.\n\nI believe there is a small typo in equation (4).  The last term should have a $\\overline{\\mathbf{C}}$ in it.\n\nAlso, I want to ask if one can combine both the fast recurrent method and the fast convolutional method.  One could imagine for example a document summarization task where one wants to use the convolutional method to process a long document and then the recurrent method to auto-regressively generate a summary of that document.  However, it is not clear if the convolutional calculation gives access to final hidden state $x_N$ which would be needed for this.  Similarly, one might want to perform the convolutional method but with a seed \nstate $x_0$ which is not $0$.  For example, imagine processing an extremely long sequence in batches with the convolutional method.  One needs to be able to start the next batch where the previous batch left off. Is this possible?"
        },
        "signatures": [
          "~Jason_Rute1"
        ],
        "readers": [
          "everyone"
        ],
        "nonreaders": [],
        "writers": [
          "ICLR.cc/2022/Conference",
          "~Jason_Rute1"
        ]
      },
      {
        "id": "ZeQHfI3FedK",
        "original": null,
        "number": 2,
        "cdate": 1637383982961,
        "mdate": 1637383982961,
        "ddate": null,
        "tcdate": 1637383982961,
        "tmdate": 1637383982961,
        "tddate": null,
        "forum": "uYLFoz1vlAC",
        "replyto": "uYLFoz1vlAC",
        "invitation": "ICLR.cc/2022/Conference/Paper2218/-/Official_Comment",
        "content": {
          "title": "Response to All Reviewers",
          "comment": "We thank all reviewers for their time and thoughtful feedback. Overall, all reviewers understood the core technical results of our paper and provided perceptive comments and questions about our proposed model. All reviewers appreciated our model’s theoretical and empirical results on long time series across many tasks and data modalities, and provided helpful suggestions for discussion and clarification. Their feedback has helped improve our updated submission, which includes:\n\n- A paragraph on limitations and future directions in the Discussion section\n- Improving presentation of the experimental section (e.g. order of tables)\n- (Minor) We have additionally renamed our model from S3 to S4\n\nWe have responded individually to each reviewer in the direct responses."
        },
        "signatures": [
          "ICLR.cc/2022/Conference/Paper2218/Authors"
        ],
        "readers": [
          "everyone"
        ],
        "nonreaders": [],
        "writers": [
          "ICLR.cc/2022/Conference",
          "ICLR.cc/2022/Conference/Paper2218/Authors"
        ]
      },
      {
        "id": "hNxs3V5f0Rd",
        "original": null,
        "number": 1,
        "cdate": 1642696992382,
        "mdate": null,
        "ddate": null,
        "tcdate": 1642696992382,
        "tmdate": 1642696992382,
        "tddate": null,
        "forum": "uYLFoz1vlAC",
        "replyto": "uYLFoz1vlAC",
        "invitation": "ICLR.cc/2022/Conference/Paper2218/-/Decision",
        "content": {
          "title": "Paper Decision",
          "decision": "Accept (Oral)",
          "comment": "All reviewers agreed this was a very strong submission: it was clearly written, was theoretically and experimentally interesting, and had excellent motivation. A clear accept. Authors: you've already indicated that you've updated the submission to respond to reviewer changes, if you could double check their comments for any recommendation you may have missed on accident that would be great! The paper will make a great contribution to the conference!!"
        },
        "signatures": [
          "ICLR.cc/2022/Conference/Program_Chairs"
        ],
        "readers": [
          "everyone"
        ],
        "nonreaders": [],
        "writers": [
          "ICLR.cc/2022/Conference/Program_Chairs"
        ]
      },
      {
        "id": "BSexHJQdBW9",
        "original": null,
        "number": 2,
        "cdate": 1646785245426,
        "mdate": 1646785245426,
        "ddate": null,
        "tcdate": 1646785245426,
        "tmdate": 1646785245426,
        "tddate": null,
        "forum": "uYLFoz1vlAC",
        "replyto": "uYLFoz1vlAC",
        "invitation": "ICLR.cc/2022/Conference/Paper2218/-/Public_Comment",
        "content": {
          "title": "Updated revision completed",
          "comment": "To all readers: We have uploaded an updated version of the S4 paper, including the Camera Ready Revision for ICLR 2022. We would also like to note that a version of the paper is on arXiv, which contains additional content that did not fit in the page limits of the ICLR version: https://arxiv.org/abs/2111.00396\n\nThis content addresses several recommendations from the reviewers, such as how to interpret the multidimensional and linear aspects of S4. Most importantly, the arXiv version has an additional section that ablates the state matrix A to show the importance of HiPPO and trainability, which several reviewers were curious about. We thank all reviewers and chairs again for their valuable feedback."
        },
        "signatures": [
          "~Albert_Gu1"
        ],
        "readers": [
          "everyone"
        ],
        "nonreaders": [],
        "writers": [
          "ICLR.cc/2022/Conference",
          "~Albert_Gu1"
        ]
      }
    ]
  }
}