{
  "id": "YWNAX0caEjI",
  "original": "6oHJkMbmZC",
  "number": 4412,
  "cdate": 1632875751208,
  "mdate": null,
  "ddate": null,
  "tcdate": 1632875751208,
  "tmdate": 1697934521154,
  "tddate": null,
  "forum": "YWNAX0caEjI",
  "replyto": null,
  "invitation": "ICLR.cc/2022/Conference/-/Blind_Submission",
  "content": {
    "title": "Neural Structured Prediction for Inductive Node Classification",
    "authorids": [
      "~Meng_Qu2",
      "~Huiyu_Cai1",
      "~Jian_Tang1"
    ],
    "authors": [
      "Meng Qu",
      "Huiyu Cai",
      "Jian Tang"
    ],
    "keywords": [],
    "abstract": "This paper studies node classification in the inductive setting, i.e., aiming to learn a model on labeled training graphs and generalize it to infer node labels on unlabeled test graphs. This problem has been extensively studied with graph neural networks (GNNs) by learning effective node representations, as well as traditional structured prediction methods for modeling the structured output of node labels, e.g., conditional random fields (CRFs). In this paper, we present a new approach called the Structured Proxy Network (SPN), which combines the advantages of both worlds. SPN defines flexible potential functions of CRFs with GNNs. However, learning such a model is nontrivial as it involves optimizing a maximin game with high-cost inference. Inspired by the underlying connection between joint and marginal distributions defined by Markov networks, we propose to solve an approximate version of the optimization problem as a proxy, which yields a near-optimal solution, making learning more efficient. Extensive experiments on two settings show that our approach outperforms many competitive baselines.",
    "code_of_ethics": "",
    "submission_guidelines": "",
    "resubmission": "",
    "student_author": "",
    "serve_as_reviewer": "",
    "paperhash": "qu|neural_structured_prediction_for_inductive_node_classification",
    "pdf": "/pdf/df1b628202430dff01a7eeed5b5e5a2e703d1bad.pdf",
    "supplementary_material": "",
    "data": "",
    "community_implementations": "[![CatalyzeX](/images/catalyzex_icon.svg) 2 code implementations](https://www.catalyzex.com/paper/arxiv:2204.07524/code)",
    "_bibtex": "@inproceedings{\nqu2022neural,\ntitle={Neural Structured Prediction for Inductive Node Classification},\nauthor={Meng Qu and Huiyu Cai and Jian Tang},\nbooktitle={International Conference on Learning Representations},\nyear={2022},\nurl={https://openreview.net/forum?id=YWNAX0caEjI}\n}",
    "venue": "ICLR 2022 Oral",
    "venueid": "ICLR.cc/2022/Conference"
  },
  "signatures": [
    "ICLR.cc/2022/Conference"
  ],
  "readers": [
    "everyone"
  ],
  "nonreaders": [],
  "writers": [
    "ICLR.cc/2022/Conference"
  ],
  "tauthor": "OpenReview.net",
  "pdate": 1643407560000,
  "odate": 1633539600000,
  "details": {
    "overwriting": [],
    "tags": [],
    "writable": false,
    "replyCount": 21,
    "directReplyCount": 6,
    "revisions": true,
    "replies": [
      {
        "id": "eUJdecnU-NE",
        "original": null,
        "number": 1,
        "cdate": 1635811547542,
        "mdate": null,
        "ddate": null,
        "tcdate": 1635811547542,
        "tmdate": 1638199866949,
        "tddate": null,
        "forum": "YWNAX0caEjI",
        "replyto": "YWNAX0caEjI",
        "invitation": "ICLR.cc/2022/Conference/Paper4412/-/Official_Review",
        "content": {
          "summary_of_the_paper": "The paper aims to break the label independence assumption in existing GNNs. To this end, a combination of GNNs and CRF is proposed, named SMN. SMN improves GNNs by modeling the joint distribution among discrete node labels; SMN is a promising alternative to CRF as it provides efficient learning and inference procedures. Empirically, SMN achieves better node-level and graph-level prediction accuracies than several existing models, with minor additional runtime overhead.",
          "main_review": "Strengths\n- The motivation of model design is clear and reasonable. Modeling label dependencies is a natural way to improve GNNs, which is also supported by experiments.\n- The model inherits advantages of CRF, such as describing the dependency of node labels and providing probabilistic interpretation. In the meantime, the model supports efficient learning and inference.\n- The model is technically sound.\n- Experiments cover several benchmarks. The model is tested on multiple datasets and shows very promising results.\n- The paper is well-written and easy to follow.\n\nWeaknesses\n- The model is proposed for modeling discrete node labels on a graph. It is unclear how to extend the model to fit continuous node labels.\n- Insufficient baselines for comparison. For neural models that can describe node label dependencies, the paper compares with GMNN only. However, there are various recent works that are not compared, e.g., $G^3NN$ (Ma et al., 2019), CopulaGNN (Ma et al., 2021), LCM (Wang et al., 2021) to cite a few.",
          "summary_of_the_review": "I think the model is reasonable both theoretically and empirically (though some recent baselines are not included for comparison). Overall, the merits outweigh the flaws, and I believe the paper is a good addition to the existing literature.",
          "correctness": "4: All of the claims and statements are well-supported and correct.",
          "technical_novelty_and_significance": "3: The contributions are significant and somewhat new. Aspects of the contributions exist in prior work.",
          "empirical_novelty_and_significance": "2: The contributions are only marginally significant or novel.",
          "flag_for_ethics_review": [
            "NO."
          ],
          "recommendation": "8: accept, good paper",
          "confidence": "4: You are confident in your assessment, but not absolutely certain. It is unlikely, but not impossible, that you did not understand some parts of the submission or that you are unfamiliar with some pieces of related work."
        },
        "signatures": [
          "ICLR.cc/2022/Conference/Paper4412/Reviewer_jqoo"
        ],
        "readers": [
          "everyone"
        ],
        "nonreaders": [],
        "writers": [
          "ICLR.cc/2022/Conference",
          "ICLR.cc/2022/Conference/Paper4412/Reviewer_jqoo"
        ]
      },
      {
        "id": "GZAlk8S7Dhv",
        "original": null,
        "number": 2,
        "cdate": 1636014867561,
        "mdate": null,
        "ddate": null,
        "tcdate": 1636014867561,
        "tmdate": 1638222114868,
        "tddate": null,
        "forum": "YWNAX0caEjI",
        "replyto": "YWNAX0caEjI",
        "invitation": "ICLR.cc/2022/Conference/Paper4412/-/Official_Review",
        "content": {
          "summary_of_the_paper": "The paper targets the task of graph node classification in the inductive setting, taking an input node and edge feature representations, and inferring a categorical label for each node. It focuses on the case where it is not sufficient to classify a node independently of its neighbours, but where information stemming from predictions for neighbouring nodes needs to be taken into account. \nIt improves over the current approaches by offering a performant and efficient method to combine advantages of CRFs (joint inference) with the representational power afforded by GNNs, while overcoming the computational challenges. In particular, this paper improves on the closest attempts at combining CRF and GNN, Ma+ 2018 and Qu+ 2019, which use pseudolikelihood; Qu+ 2019 is used as baseline in experiments (“GMNN”), while pseudoloikelihood as training objective is investigated in sec5.5.5.\n\n--- update after rebuttals\nI have read other reviews and the authors' replies, as well as extra experiments. I am maintaining my score.",
          "main_review": "The technical approach exploits, in an innovative way, an insight from graphical models on the relation between pseudomarginals and the joint distribution stated in the main reference (Wainwright and Jordan 2009), to devise a formulation of a a surrogate training objective (the proxy problem) which turns out to be relatively easy to solve, leading to high predictive performance. The problem under consideration is important, and current solutions have the limitations pointed out in the paper (limited expressive capacity of CRF vs only marginal node classification for GNN models).\n\nThe paper reads very well, and hardly has any errors or inconsistencies. Information is provided at the right point, is complete and accurate. The split between main paper and supplementary material is good. The narrative and exposition flow well. \n\nThe model and algorithm descriptions are excellent. \n\nBaselines are strong, relevant, discussed well and evaluated fairly. The experimental methodology is appropriate, well implemented, described well. A large number of analytic experiments complete the main findings. The two evaluation metrics (node and graph-level accuracy) are adequate and it is an advantage that the proposed method can optimize for either at inference time. Experimental reporting is very good, with error bars. Experimental setups are presented accurately and consistently, at an adequate level of detail. The datasets are standard and easy to access, which contributes to reproducibility.\n(NB fig3 is missing a complete caption; colour coding is not explained; as a result sec5.5.7 doesn’t prove its point)",
          "summary_of_the_review": "If the scoring existed, I would give this paper a 9/10. Having to choose between 8 and 10, I have decided to go for 10, as I consider the paper to be much better than just \"good\".\nThe paper is very good under all aspects. Its contribution is clear, and the problem under consideration is real. One might argue that the innovation is slim because it consists of a single technical contribution; for this reason this might not be a game-changing paper, but it certainly improves on the state of the art by solving a tricky problem. The paper also has the merit of establishing a bridge between neural and graphical model techniques, thus encouraging further work which I expect to be fruitful.",
          "correctness": "4: All of the claims and statements are well-supported and correct.",
          "technical_novelty_and_significance": "4: The contributions are significant, and do not exist in prior works.",
          "empirical_novelty_and_significance": "3: The contributions are significant and somewhat new. Aspects of the contributions exist in prior work.",
          "flag_for_ethics_review": [
            "NO."
          ],
          "recommendation": "10: strong accept, should be highlighted at the conference",
          "confidence": "4: You are confident in your assessment, but not absolutely certain. It is unlikely, but not impossible, that you did not understand some parts of the submission or that you are unfamiliar with some pieces of related work."
        },
        "signatures": [
          "ICLR.cc/2022/Conference/Paper4412/Reviewer_RSMV"
        ],
        "readers": [
          "everyone"
        ],
        "nonreaders": [],
        "writers": [
          "ICLR.cc/2022/Conference",
          "ICLR.cc/2022/Conference/Paper4412/Reviewer_RSMV"
        ]
      },
      {
        "id": "ujUhff1I-iv",
        "original": null,
        "number": 3,
        "cdate": 1636058016525,
        "mdate": null,
        "ddate": null,
        "tcdate": 1636058016525,
        "tmdate": 1638023659153,
        "tddate": null,
        "forum": "YWNAX0caEjI",
        "replyto": "YWNAX0caEjI",
        "invitation": "ICLR.cc/2022/Conference/Paper4412/-/Official_Review",
        "content": {
          "summary_of_the_paper": "This paper proposes a CRF for classifying nodes in graphs where the CRF has a potential for each node and edge in the graph. GNNs are used for computing the potentials, one GNN for node potentials and one GNN for edge potentials. For general graphs, computing the partition function is intractable, so approximations are used during both learning and inference.  Learning draws from prior work and combines learning pseudomarginals of nodes and edges with GNNs and optionally some steps of \"refinement\" by optimizing a maximin game equivalent to likelihood maximization. Inference uses sum-product or max-product loopy BP (they perform similarly, though max-product is slightly better). The procedure is called a \"Structured Markov Network\" (SMN). Experimental results on several graph node classification tasks show that SMNs outperform several baselines, including both CRFs with standard training (using approximate inference during training) and CRFs trained with pseudolikelihood. \n",
          "main_review": "Update following revision / author comments:\n\nThanks for clarifying and providing details on how the method compares to piecewise training. Having all of those details in the final paper would make it much stronger, and so I have raised my score. \n\nFor what it's worth, I'd suggest trying to describe the method in as general terms as possible so that people working on other structured prediction problems are more likely to learn about it and use it. The method is general and appears very promising, but currently the paper is very much written for graph problems, so I fear that researchers outside of the graph community may overlook it. Choosing a more specific name for the method could also help. The name \"Structured Markov Network\" is a bit too broad, as it just sounds like a Markov Network, which is a synonym for MRF. Maybe working \"proxy\" into the name you choose would be helpful.\n\nOriginal review follows:\n\nStrengths:\n\nThe methods are well-chosen for the task. The method is simple enough that other researchers may use it.\n\nThe empirical results are solid and interesting. \n\nThe paper is well-written. \n\nWeaknesses:\n\nThe original piecewise training paper (Sutton & McCallum, 2009) is cited, but is not discussed in any detail. No connection is made between the proxy problem and piecewise training. I think a connection should be made and discussed, especially because the experiments do not involve actually solving the proxy problem but rather omit the marginal consistency constraint (\"The last consistency constraint...can be ignored during optimization\"... \"We also tried some constrained\noptimization methods to handle the consistency constraint, but they yield no improvement\"). When refinement is not used (it is omitted in the main experiments since it doesn't consistently help) and when KL divergence is used for the divergence measure (as it is in the experiments), the actual training objective becomes even more similar to piecewise training. Piecewise training is fairly well-known in other communities like the vision community, e.g., Lin et al. (2016), so I think it's really important for this paper to draw a connection to piecewise training. I would suggest including piecewise training as a baseline to compare to, but I think that the SMN (without the marginal consistency constraint, without refinement, and when using KL) actually corresponds to a natural way to apply piecewise training to this problem. \n\nAfter reading the paper, I was confused by one part of the results: Why would SMN outperform CRF? That may suggest that the approximations made during learning are beneficial, which deserves follow-up investigation. A related question is: why is refinement not helpful? The CRF-G* settings correspond to using the same models as the corresponding SMN-G* settings, but the former seek to directly solve the maximin game using loopy BP for inference during learning (I believe), rather than use the proxy problem. The SMN results are consistently better than the corresponding CRF ones. Why is the proxy problem superior? Perhaps the CRF objective is not as good for learning as the proxy problem? The proxy problem can be viewed as using \"local supervision\" on specific nodes and edges, which may be more learnable from supervised datasets than the traditional CRF objective which is log loss on labelings of entire graphs. Or maybe it's due to training stability: An SMN that solely solves the maximin game (is this the same as the CRF-G* models?) is described as being unstable in Sec 5.5, #5. Can you provide more details about that? Is the instability due to the use of loopy BP as the inference algorithm? How about if you pretrain the GNNs for the potentials with maximum likelihood?\n\n\n\nSome more specific suggestions are below:\n\nSpell out SMN (\"Structured Markov Network\") the first time it appears in Sec 1. I would actually also suggest changing the terminology to something more specific. \"Structured Markov Network\" is a pretty generic term that would evoke several kinds of existing graphical models in people's minds. E.g., some people use the term \"Markov Network\" to refer to undirected graphical models in general, and so the addition of the term \"structured\" does not really add anything since graphical models are already \"structured\". \n\nThe definition of GNNs in 3.2 seems unnecessarily limited. A graph neural network does not have to produce distributions over anything -- it could simply represent a graph via autoencoder training with an L2 loss, for example. Please see surveys on GNNs, such as Zhou et al. (2021), which provide a richer characterization of GNNs. If you wish to define GNN in a more constrained way for purposes of this paper, then please add \"In the context of this paper, we define a GNN to be\".\n\nSec. 3.2: \"However, GNNs approximate only the marginal label distributions of nodes on training graphs, which may generalize badly and result in poor approximation of node marginal label distributions on test graphs.\" -- Why might they generalize badly? Would an estimate of the full label distribution be expected to generalize better? Is the paper implying here that noisy estimates of the marginals would generalize better than a noisy estimate of the joint?\n\nSec. 3.3: \"Conditional random fields (CRFs) build graphical models for node classification.\" CRFs are much broader than node classification. See my comment about GNNs above. \n\nSec. 3.3: \"intractable partition function\" -- The intractability depends on the graph, right? E.g., consider chains, trees, acyclic graphs..\n\nSec. 4.1: \"compute the a representation\"\n\nMore details are needed about the DBLP dataset. What exactly is the structure of the \"citation graphs\" mentioned? Also, it appears that there is only a single graph in train, validation, and test -- is that correct? The test set contains papers from \"after 2010\" -- does that include 2010 or is it only from 2011 onward? Are the train/val/test graphs disjoint? The papers in the test set will mostly be citing papers from the training and validation sets, or are the latter removed from the test graph to avoid overlapping nodes among splits?\n\nReferences:\n\nGuosheng Lin, Chunhua Shen, Anton van dan Hengel, Ian Reid. Efficient piecewise training of deep structured models for semantic segmentation. CVPR 2016.\n\nJie Zhou, Ganqu Cui, Shengding Hu, Zhengyan Zhang, Cheng Yang, Zhiyuan Liu, Lifeng Wang, Changcheng Li, Maosong Sun. Graph Neural Networks: A Review of Methods and Applications. 2021.\n\n",
          "summary_of_the_review": "While the paper is well-written and the results show consistent improvements, the paper is lacking in terms of any connection made to piecewise training (which the best version of the SMN essentially boils down to, as far as I can tell) and an analysis of why optimizing the proxy problem is superior to the original learning problem. These are potentially fixable issues. ",
          "correctness": "3: Some of the paper’s claims have minor issues. A few statements are not well-supported, or require small changes to be made correct.",
          "technical_novelty_and_significance": "3: The contributions are significant and somewhat new. Aspects of the contributions exist in prior work.",
          "empirical_novelty_and_significance": "3: The contributions are significant and somewhat new. Aspects of the contributions exist in prior work.",
          "flag_for_ethics_review": [
            "NO."
          ],
          "recommendation": "8: accept, good paper",
          "confidence": "4: You are confident in your assessment, but not absolutely certain. It is unlikely, but not impossible, that you did not understand some parts of the submission or that you are unfamiliar with some pieces of related work."
        },
        "signatures": [
          "ICLR.cc/2022/Conference/Paper4412/Reviewer_LsFg"
        ],
        "readers": [
          "everyone"
        ],
        "nonreaders": [],
        "writers": [
          "ICLR.cc/2022/Conference",
          "ICLR.cc/2022/Conference/Paper4412/Reviewer_LsFg"
        ]
      },
      {
        "id": "TsbJKpTpbAI",
        "original": null,
        "number": 4,
        "cdate": 1636096993212,
        "mdate": null,
        "ddate": null,
        "tcdate": 1636096993212,
        "tmdate": 1636096993212,
        "tddate": null,
        "forum": "YWNAX0caEjI",
        "replyto": "YWNAX0caEjI",
        "invitation": "ICLR.cc/2022/Conference/Paper4412/-/Official_Review",
        "content": {
          "summary_of_the_paper": "Authors study the problem of node labeling in the inductive case, i.e., at test time the goal is to label all the nodes of a given graph.\nFor that problem, several variants of GNNs and CRFs have been proposed in the past, and the authors propose a Structural Markov Network that uses GNNs to model the potential functions of a CRF with the subtle difference that a proxy optimization problem is solved to make learning more efficient. Experiments are provided to demonstrate the applicability of their method.\n",
          "main_review": "Strengths\n* Paper is well written\n* The proposed method is a novel contribution that combines ideas from CRFs and GNNs.\n\nWeaknesses\n* I consider the experiment section to be a minor weakness. I understand that the method sits in between CRFs and GNNs, but it would be great to compare against methods beyond those from CRFs and GNNs, e.g., SSVMs and others.\n* Another minor weakness. The technical contribution is limited as it builds on old ideas from graphical models. My understanding is that the key to efficiency relies on solving the proxy problem, which, as the authors stated, is an idea that dates back to at least the early 2000s in the context of graphical models.\n ",
          "summary_of_the_review": "In my opinion, the paper contains good contributions that are worth publishing at ICLR. While I think the experiments section could benefit from additional comparisons, the current state of the empirical evaluation is reasonable. A score of 7 would reflect better my evaluation of this work as I find the technical contributions to be okay but somewhat limited.",
          "correctness": "4: All of the claims and statements are well-supported and correct.",
          "technical_novelty_and_significance": "2: The contributions are only marginally significant or novel.",
          "empirical_novelty_and_significance": "3: The contributions are significant and somewhat new. Aspects of the contributions exist in prior work.",
          "flag_for_ethics_review": [
            "NO."
          ],
          "recommendation": "8: accept, good paper",
          "confidence": "3: You are fairly confident in your assessment. It is possible that you did not understand some parts of the submission or that you are unfamiliar with some pieces of related work. Math/other details were not carefully checked."
        },
        "signatures": [
          "ICLR.cc/2022/Conference/Paper4412/Reviewer_DQ8r"
        ],
        "readers": [
          "everyone"
        ],
        "nonreaders": [],
        "writers": [
          "ICLR.cc/2022/Conference",
          "ICLR.cc/2022/Conference/Paper4412/Reviewer_DQ8r"
        ]
      },
      {
        "id": "VW2bbjN9sE0",
        "original": null,
        "number": 3,
        "cdate": 1637276098785,
        "mdate": 1637276098785,
        "ddate": null,
        "tcdate": 1637276098785,
        "tmdate": 1637276098785,
        "tddate": null,
        "forum": "YWNAX0caEjI",
        "replyto": "TsbJKpTpbAI",
        "invitation": "ICLR.cc/2022/Conference/Paper4412/-/Official_Comment",
        "content": {
          "title": "Response to Reviewer DQ8r",
          "comment": "**Q: Additional comparison to other methods, e.g., SSVMs.**\n\n**Response:** Thanks for the helpful suggestions! As you pointed out, we only compared against GNN and CRF. Following your suggestions, we added additional comparison against SSVM, and the results are presented as follows: \n\n|      | Cora* | Citeseer* | Pubmed* | DBLP |\n|:----:|:-----:|:---------:|:-------:|:----:|\n| SSVM |  42.7 |    33.2   |   43.2  | 51.5 |\n|  SMN |  58.8 |    49.0   |   52.9  | 84.8 |\n\nWe can see that our approach SMN achieves better results than SSVM, as SMN has higher model capacities.\n"
        },
        "signatures": [
          "ICLR.cc/2022/Conference/Paper4412/Authors"
        ],
        "readers": [
          "everyone"
        ],
        "nonreaders": [],
        "writers": [
          "ICLR.cc/2022/Conference",
          "ICLR.cc/2022/Conference/Paper4412/Authors"
        ]
      },
      {
        "id": "yKqo_zaP7LE",
        "original": null,
        "number": 4,
        "cdate": 1637276213048,
        "mdate": 1637276213048,
        "ddate": null,
        "tcdate": 1637276213048,
        "tmdate": 1637276213048,
        "tddate": null,
        "forum": "YWNAX0caEjI",
        "replyto": "GZAlk8S7Dhv",
        "invitation": "ICLR.cc/2022/Conference/Paper4412/-/Official_Comment",
        "content": {
          "title": "Response to Reviewer RSMV",
          "comment": "Thanks for your helpful comments!\n\n**Q: Further explain Fig3.**\n\n**Response:** In Fig. 3, we show three cases to illustrate that SMN can predict node labels more precisely than GNN. Specifically, each row corresponds to a case, where different colors represent different node labels. For each case, we show the prediction of GAT, edge GNN, and SMN-GAT. In all three cases, SMN-GAT correctly predicts all the node labels, so the ground-truth node labels can also be found in the last column.\n\nIf we check the prediction of GAT (i.e., first column), we see that GAT makes inconsistent predictions in that some linked nodes are predicted to have different labels. For the edge GNN, it also makes incorrect predictions in the last case. By combining GAT and edge GNN together, SMN-GAT makes correct predictions in all the three cases.\n"
        },
        "signatures": [
          "ICLR.cc/2022/Conference/Paper4412/Authors"
        ],
        "readers": [
          "everyone"
        ],
        "nonreaders": [],
        "writers": [
          "ICLR.cc/2022/Conference",
          "ICLR.cc/2022/Conference/Paper4412/Authors"
        ]
      },
      {
        "id": "_j61ikz8B7H",
        "original": null,
        "number": 5,
        "cdate": 1637276522596,
        "mdate": 1637276522596,
        "ddate": null,
        "tcdate": 1637276522596,
        "tmdate": 1637276522596,
        "tddate": null,
        "forum": "YWNAX0caEjI",
        "replyto": "eUJdecnU-NE",
        "invitation": "ICLR.cc/2022/Conference/Paper4412/-/Official_Comment",
        "content": {
          "title": "Response to Reviewer jqoo",
          "comment": "Thank you for the insightful suggestions! Also, thanks for pointing out all these related papers on modeling joint label dependency. We have discussed these papers in the revised draft (see the blue text in related work).\n\n----------\n**Q1: It is unclear how to extend the model to fit continuous node labels.**\n\n**Response:** It is a very good point to extend the model to fit continuous node labels. As our model is designed for discrete random variables, one straightforward solution is to discretize the continuous labels into discrete values. In the future, we will explore using more advanced methods to deal with continuous node labels.\n\n----------\n**Q2: Insufficient baselines for comparison.**\n\n**Response:** Comparing against more methods for modeling label dependency is another good point. Among the suggested papers, CopulaGNN (Ma et al., 2021) is mainly designed for continuous and count regression tasks, and it is hard to apply the model to our setting. For LCM (Wang et al., 2021), the codes are not openly available. Therefore, we only ran experiments to compare against G3NN. More specifically, we use the same GAT as backbone for both G3NN and SMN, and we run both methods with 5 seeds. The results are presented as follows:\n\n|          |     Cora*    |   Citeseer*  |    Pubmed*   |     DBLP     |\n|:--------:|:------------:|:------------:|:------------:|:------------:|\n| G3NN-LSM | 58.60 | 51.12 | 52.44 | 79.64 |\n| G3NN-SBM | 58.28 | 50.96 | 52.20 | 78.06 |\n|    SMN   | 59.66 | 50.84 | 53.78 | 84.67 |\n\nWe can see that SMN outperforms G3NN in all cases except Citeseer, which has the fewest number of average nodes (4.0) and edges (4.3) per graph (see Table 8 in appendix), making it easier to be modeled by the graph generative model of G3NN.\n\n----------"
        },
        "signatures": [
          "ICLR.cc/2022/Conference/Paper4412/Authors"
        ],
        "readers": [
          "everyone"
        ],
        "nonreaders": [],
        "writers": [
          "ICLR.cc/2022/Conference",
          "ICLR.cc/2022/Conference/Paper4412/Authors"
        ]
      },
      {
        "id": "CDhAeJVTqxs",
        "original": null,
        "number": 6,
        "cdate": 1637279966517,
        "mdate": 1637279966517,
        "ddate": null,
        "tcdate": 1637279966517,
        "tmdate": 1637279966517,
        "tddate": null,
        "forum": "YWNAX0caEjI",
        "replyto": "ujUhff1I-iv",
        "invitation": "ICLR.cc/2022/Conference/Paper4412/-/Official_Comment",
        "content": {
          "title": "Response to Reviewer LsFg (1)",
          "comment": "Thanks for the insightful comments!\n\n----------\n\n### Q1: The connection between our method and piecewise training.\n\n**Response:** It is a great point to draw connections to piecewise training, as piecewise training is a useful tool for training CRFs and is well-recognized in the CV domain.\n\n**(1) Major difference between our method and piecewise training.**\n\nBoth our method and piecewise training can be understood as trying to train a local model on each node $s$ and edge $(s,t)$ to predict their labels, i.e., $\\tau_s(y_s)$ and $\\tau_{st}(y_s, y_t)$. In this sense, both methods share similar ideas.\n\nThe major difference lies in how we combine those local pieces on nodes and edges into a joint distribution. Formally, as in Eq. (2) of our draft, the joint distribution of pair-wise CRFs can be formulated as $p(\\mathbf{y}_V | \\mathbf{x}_V) \\propto \\exp (\\sum \\theta(y_s) + \\sum \n \\theta(y_s, y_t)) $, where we need to specify the functions $\\theta(y_s) $ and $\\theta(y_s, y_t) $.\n\n- Piecewise Training: In piecewise training, the functions are essentially specified as $\\theta_s(y_s) = \\log \\tau_s(y_s)$ and $\\theta_{st}(y_s, y_t) = \\log \\tau_{st}(y_s, y_t)$.\n\n- Our method: As in Eq. (5), our method sets the parameters as $\\theta_s(y_s) = \\log \\tau_s(y_s)$ and $\\theta_{st}(y_s, y_t) = \\log \\tau_{st}(y_s, y_t) - \\log \\tau_s(y_s) - \\log \\tau_t(y_t)$.\n\n**(2) Theoretical advantage of our method over piecewise training.**\n\nWe first discuss the theoretical advantage of our method. As explained in Sutton et al. (2009), piecewise training essentially maximizes a lower bound of the likelihood function on training data, but \"If the graph is connected, however, then the bound is not tight, and in practice it is extremely loose.\" This implies that the joint distribution learned by piecewise training often cannot well fit training data.\n\nIn contrast, by solving the proxy problem as in our method, the moment-matching conditions are roughly satisfied, meaning that the joint distribution learned by our method can better fit training data.\n\nFor example, on tree-structured graphs, if $\\tau_s(y_s)$ and $\\tau_{st}(y_s, y_t)$ can perfectly fit the local node/edge marginals on training data, then the joint distribution learned by our models can perfectly fit the training data, whereas the joint distribution formed by piecewise training cannot. To better illustrate that, let's consider a toy case where a graph only has two linked nodes, and each node has two possible labels 0 and 1. Suppose the ground-truth joint label distribution $p(y_s, y_t)$ is as follows:\n\n|             |  y_t = 0 |  y_t = 1 |\n|:-----------:|:--------:|:--------:|\n| **y_s = 0** |   0.34   |   0.20   |\n| **y_s = 1** |   0.36   |   0.10   |\n\nSuppose also that $\\tau_s(y_s)$, $\\tau_s(y_s)$, and $\\tau_{st}(y_s, y_t)$ can perfectly fit the marginal distributions on nodes and edges, i.e., $\\tau_s(y_s) = p(y_s)$, $\\tau_t(y_t) = p(y_t)$, and $\\tau_{st}(y_s, y_t) = p(y_s, y_t)$.\n\nThen the joint distribution learned by our method with these local components is:\n\n|             |  y_t = 0 |  y_t = 1 |\n|:-----------:|:--------:|:--------:|\n| **y_s = 0** |   0.34   |   0.20   |\n| **y_s = 1** |   0.36   |   0.10   |\n\nThis is the same as the ground-truth joint label distribution, and the label configuration $(y_s = 1, y_t = 0)$ gets the highest probability, which agrees with the ground-truth data distribution.\n\nFor piecewise training, the joint distribution is computed as:\n\n|             |  y_t = 0 |  y_t = 1 |\n|:-----------:|:--------:|:--------:|\n| **y_s = 0** |   0.44   |   0.11   |\n| **y_s = 1** |   0.40   |   0.05   |\n\nWe can see that this distribution is quite different from the ground-truth joint distribution, and the most likely label configuration is $(y_s = 0, y_t = 0)$, which is inconsistent with the ground-truth data. Therefore, we see that piecewise training does not fit training data well, which is undesirable.\n\n**(3) Empirical comparison of our method and piecewise training.**\n\nWe also compare against piecewise training empirically on four datasets with the same GNN backbone (GAT). The results over 10 different runs are presented as follows:\n\n|                    |     Cora*    |   Citeseer*  |    Pubmed*   |     DBLP     |\n|:------------------:|:------------:|:------------:|:------------:|:------------:|\n| Piecewise Training | 57.08 | 48.04 | 51.95 | 82.93 |\n|    SMN   | 58.78 | 49.02 | 52.91 | 84.84 |\n\nWe can see that our method achieves consistently better results.\n"
        },
        "signatures": [
          "ICLR.cc/2022/Conference/Paper4412/Authors"
        ],
        "readers": [
          "everyone"
        ],
        "nonreaders": [],
        "writers": [
          "ICLR.cc/2022/Conference",
          "ICLR.cc/2022/Conference/Paper4412/Authors"
        ]
      },
      {
        "id": "fp7fvfGfsV",
        "original": null,
        "number": 7,
        "cdate": 1637280179125,
        "mdate": 1637280179125,
        "ddate": null,
        "tcdate": 1637280179125,
        "tmdate": 1637280179125,
        "tddate": null,
        "forum": "YWNAX0caEjI",
        "replyto": "ujUhff1I-iv",
        "invitation": "ICLR.cc/2022/Conference/Paper4412/-/Official_Comment",
        "content": {
          "title": "Response to Reviewer LsFg (2)",
          "comment": "----------\n\n### Q2: Comparison with CRF.\n\n**Response:** Further comparing our method with CRF is another insightful suggestion! \n\n**(1) Why would SMN outperform CRF? Why is the proxy problem superior?**\n\nBoth classical CRF and our method try to maximize data likelihood for model training, and the difference lies in how we achieve that.\n\n- CRF: The typical way for likelihood maximization is to formalize the problem as a maximin game or a saddlepoint problem, as elaborated in Eq. (3) of Sec. 3.3. Then the problem can be optimized by alternating between loopy BP and gradient descent. However, such a maximin game is often hard to optimize by nature due to training instability, which is also observed in training generative adversarial networks (GANs). This is illustrated in Fig. 2 of our draft, where we can see that the training curve of CRF is very unstable. This training instability is not caused by loopy BP, but by the nature of the maximin game.\n\n- Our Method: Our method performs likelihood maximization in a different way. We investigate the optimality condition that a model with maximum likelihood should satisfy. Then we design a proxy problem whose solution roughly satisfies the optimality condition, and thus this proxy problem can be viewed as a surrogate for likelihood maximization. The major attractive property is that optimizing this proxy problem only requires \"local supervision\" on nodes and edges, and thus our method is much more stable in terms of training, achieving much better results.\n\nTherefore, although CRF and our method both try to maximize data likelihood, our method has better training stability, yielding better results.\n\nBesides, another difference is that we parameterize the joint distribution in a special way, i.e., Eq. (5) of Sec. 4, which allows our approach to have better theoretical properties as mentioned in Prop. 1.\n\n**(2) Why is refinement not helpful?**\n\nThe refinement process further optimizes model parameters using the maximin game. Nevertheless, as aforementioned, solving the maximin game is unstable. Besides, the joint distribution derived by solving the proxy problem is already very close to the optimal solution. Because of these two reasons, refinement might not be very helpful in some cases. In our experiments, only on datasets with a large number of training data (e.g., PPI-10, PPI) does refinement further improve the final results (see Tab. 4).\n\n----------\n\n### Q3: There are some writing issues, i.e., SMN, definition of GNNs, and CRFs\n**Response:** Thank you for the helpful suggestions! We have fixed the writing issues in the revised draft, including spelling out SMN the first time it appears, revising the definitions of GNNs and CRFs in Sec. 3.2 and Sec. 3.3, and fixing the typos (see the light blue text).\n\n----------\n\n### Q4: The generalization abilities of GNNs\n**Response:** We are sorry about the confusion. GNNs only try to estimate the marginal distributions on nodes. In contrast, modeling the joint distribution requires two models to estimate the marginal distributions on nodes and edges respectively. Intuitively, these two models for node marginals and edge marginals can mutually correct each other, resulting in better generalizability. Nevertheless, we are unaware of any theoretical proof of that.\n\n----------\n\n### Q5: About the DBLP Dataset\n**Response:** We are sorry that some details of the DBLP dataset were missing due to space limits. Below is the detailed description of the dataset.\n\nWe build the DBLP dataset from the DBLP citation network. Scientific papers from eight conferences are treated as nodes, and we further split them into three categories for classification according to conference domains. For each paper, we compute the mean GloVe embedding of words in the title and abstract as node features.\n\nWe split the dataset into three disjoint graphs for training/validation/test.The training graph contains papers published before 1999 (with 1999 included). The validation graph contains papers published between 2000 and 2009 (with 2000 and 2009 included). The test graph contains papers published after 2010 (with 2010 included). There exists an undirected edge between two papers if one paper cites the other one. Cross-graph edges (e.g., an edge between a paper in the training set and a paper in the validation set) are removed.\n\nWe have updated the draft accordingly (see the light blue text in the Sec. F.2).\n\n----------\n"
        },
        "signatures": [
          "ICLR.cc/2022/Conference/Paper4412/Authors"
        ],
        "readers": [
          "everyone"
        ],
        "nonreaders": [],
        "writers": [
          "ICLR.cc/2022/Conference",
          "ICLR.cc/2022/Conference/Paper4412/Authors"
        ]
      },
      {
        "id": "Ctat-SJZz9",
        "original": null,
        "number": 11,
        "cdate": 1638023207923,
        "mdate": null,
        "ddate": null,
        "tcdate": 1638023207923,
        "tmdate": 1638023721858,
        "tddate": null,
        "forum": "YWNAX0caEjI",
        "replyto": "fp7fvfGfsV",
        "invitation": "ICLR.cc/2022/Conference/Paper4412/-/Official_Comment",
        "content": {
          "title": "response",
          "comment": "Thanks for addressing these and clarifying!\n\nI did still have a question though. You mention: \"This training instability is not caused by loopy BP, but by the nature of the maximin game.\" To make this claim, I think you would need to use a theoretical argument or run experiments showing that the instability remains no matter what inference algorithm is used. The draft notes that MCMC can be used (Sec. 3.3 states: \"This can be done by MCMC, but the time cost is high, so approximate inference is often used, such as loopy belief propagation (Murphy et al., 1999).\") but only loopy BP is used in the experiments. How then can one be sure that the training instability is not caused by loopy BP if you only tried to solve the maximin game when using loopy BP? Might it be more stable with MCMC? "
        },
        "signatures": [
          "ICLR.cc/2022/Conference/Paper4412/Reviewer_LsFg"
        ],
        "readers": [
          "ICLR.cc/2022/Conference/Program_Chairs",
          "ICLR.cc/2022/Conference/Paper4412/Senior_Area_Chairs",
          "ICLR.cc/2022/Conference/Paper4412/Area_Chairs",
          "ICLR.cc/2022/Conference/Paper4412/Reviewers",
          "ICLR.cc/2022/Conference/Paper4412/Reviewers/Submitted",
          "ICLR.cc/2022/Conference/Paper4412/Reviewer_LsFg",
          "ICLR.cc/2022/Conference/Paper4412/Authors",
          "everyone"
        ],
        "nonreaders": [],
        "writers": [
          "ICLR.cc/2022/Conference",
          "ICLR.cc/2022/Conference/Paper4412/Reviewer_LsFg"
        ]
      },
      {
        "id": "gUUxmwQw25H",
        "original": null,
        "number": 12,
        "cdate": 1638023706081,
        "mdate": 1638023706081,
        "ddate": null,
        "tcdate": 1638023706081,
        "tmdate": 1638023706081,
        "tddate": null,
        "forum": "YWNAX0caEjI",
        "replyto": "CDhAeJVTqxs",
        "invitation": "ICLR.cc/2022/Conference/Paper4412/-/Official_Comment",
        "content": {
          "title": "reply",
          "comment": "Interesting, thanks!"
        },
        "signatures": [
          "ICLR.cc/2022/Conference/Paper4412/Reviewer_LsFg"
        ],
        "readers": [
          "everyone"
        ],
        "nonreaders": [],
        "writers": [
          "ICLR.cc/2022/Conference",
          "ICLR.cc/2022/Conference/Paper4412/Reviewer_LsFg"
        ]
      },
      {
        "id": "JSZqwhe8uv",
        "original": null,
        "number": 13,
        "cdate": 1638128307934,
        "mdate": null,
        "ddate": null,
        "tcdate": 1638128307934,
        "tmdate": 1638128560748,
        "tddate": null,
        "forum": "YWNAX0caEjI",
        "replyto": "Ctat-SJZz9",
        "invitation": "ICLR.cc/2022/Conference/Paper4412/-/Official_Comment",
        "content": {
          "title": "Response",
          "comment": "Thank you for the follow-up questions and suggestions!\n\nUsing MCMC (e.g., Gibbs sampling) to replace loopy BP for optimization is an interesting suggestion. Nevertheless, MCMC requires a burn-in period, which can be expensive. To solve the problem, one idea is to leverage k-step contrastive divergence, which is an MCMC method used for optimizing restricted Boltzmann machines. Basically, the method runs Gibbs sampling for only a few steps to speed up optimization. We did additional comparison against this method on Cora*, Citeseer*, and Pubmed*, where GAT was used as the backbone model and k was set to 10. The results are presented as follows:\n\n|            | Cora* | Citeseer* | Pubmed* |\n|:----------:|:-----:|:---------:|:-------:|\n| 10-step CD |  53.08 |    44.18   |   49.04  |\n|     SMN    |  58.78 |    49.02   |   52.91  |\n\nWe can see that MCMC still gets worse results. The reason might be that we only ran MCMC for 10 steps for efficiency purposes, and thus the samples were not good enough, yielding inferior results. Despite that, we do agree that combining with MCMC would be a promising direction to further improve optimizing CRFs, and we will further explore how to address the efficiency issue of MCMC in our context."
        },
        "signatures": [
          "ICLR.cc/2022/Conference/Paper4412/Authors"
        ],
        "readers": [
          "everyone"
        ],
        "nonreaders": [],
        "writers": [
          "ICLR.cc/2022/Conference",
          "ICLR.cc/2022/Conference/Paper4412/Authors"
        ]
      },
      {
        "id": "vIDJnpmtMn",
        "original": null,
        "number": 14,
        "cdate": 1638222267681,
        "mdate": 1638222267681,
        "ddate": null,
        "tcdate": 1638222267681,
        "tmdate": 1638222267681,
        "tddate": null,
        "forum": "YWNAX0caEjI",
        "replyto": "yKqo_zaP7LE",
        "invitation": "ICLR.cc/2022/Conference/Paper4412/-/Official_Comment",
        "content": {
          "title": "Reply",
          "comment": "Thank you. \nRegarding fig.3, the caption is still unclear, it is ungrammatical, and should mention that the colour coding represents different possible labels. \n\nRegarding model naming: I hadn't paid much attention to the name of the model on my first read, but reviewer LsFg is right: it's a terrible name. Sticking to it, I think the paper is sure to confuse readers, reduce its reach, and in the years to come, each mention might need to be introduced by \"the name given to the model is another misnomer, it should really be called (...)\". "
        },
        "signatures": [
          "ICLR.cc/2022/Conference/Paper4412/Reviewer_RSMV"
        ],
        "readers": [
          "everyone"
        ],
        "nonreaders": [],
        "writers": [
          "ICLR.cc/2022/Conference",
          "ICLR.cc/2022/Conference/Paper4412/Reviewer_RSMV"
        ]
      },
      {
        "id": "dTxbG3dA1E",
        "original": null,
        "number": 15,
        "cdate": 1638249425154,
        "mdate": 1638249425154,
        "ddate": null,
        "tcdate": 1638249425154,
        "tmdate": 1638249425154,
        "tddate": null,
        "forum": "YWNAX0caEjI",
        "replyto": "vIDJnpmtMn",
        "invitation": "ICLR.cc/2022/Conference/Paper4412/-/Official_Comment",
        "content": {
          "title": "Response",
          "comment": "Thank you for the helpful suggestions on the caption of fig.3 and the name of the model!\n\nWe agree that the caption and the model name should be further revised. For now, we are not able to update the draft as the function is currently closed, but we will keep editing the paper to further improve its quality."
        },
        "signatures": [
          "ICLR.cc/2022/Conference/Paper4412/Authors"
        ],
        "readers": [
          "everyone"
        ],
        "nonreaders": [],
        "writers": [
          "ICLR.cc/2022/Conference",
          "ICLR.cc/2022/Conference/Paper4412/Authors"
        ]
      },
      {
        "id": "0FD25AQvJTv",
        "original": null,
        "number": 1,
        "cdate": 1642697133051,
        "mdate": null,
        "ddate": null,
        "tcdate": 1642697133051,
        "tmdate": 1642697133051,
        "tddate": null,
        "forum": "YWNAX0caEjI",
        "replyto": "YWNAX0caEjI",
        "invitation": "ICLR.cc/2022/Conference/Paper4412/-/Decision",
        "content": {
          "title": "Paper Decision",
          "decision": "Accept (Oral)",
          "comment": "Most of the existing GNN based methods model the node labels independently and ignore the joint dependency of node labels. The CRF-based methods work in this setting, but they are hard to learn. Hence, this paper proposes to ease the learning difficulty by solving the proxy problem and simplifying the max-min problem.\n\nThe SMN model proposed in this work is much cheaper than the CRF method. For parameters, since the node GNN and edge GNN share parameters in layers, only a few amounts extra parameters are introduced. As for the training time, it just doubles the general GNNs. Compared with CRF methods, the cost saved by SMN is significant.\n\nEmpirically, SMN works well in most settings, in terms of both node-level accuracy and graph-level accuracy, the different backbones, and different datasets. Meanwhile, the authors provide results to show the effect of refinement, the shared GNNs, the different learning methods, convergence, and a tiny case study. The experimental results are significant and well organized.\n\nAfter the rebuttal and discussion, all reviewers are in a favor of accepting this submission."
        },
        "signatures": [
          "ICLR.cc/2022/Conference/Program_Chairs"
        ],
        "readers": [
          "everyone"
        ],
        "nonreaders": [],
        "writers": [
          "ICLR.cc/2022/Conference/Program_Chairs"
        ]
      },
      {
        "id": "HqIeJzOqQz9",
        "original": null,
        "number": 1,
        "cdate": 1647712263001,
        "mdate": null,
        "ddate": null,
        "tcdate": 1647712263001,
        "tmdate": 1647747008796,
        "tddate": null,
        "forum": "YWNAX0caEjI",
        "replyto": "YWNAX0caEjI",
        "invitation": "ICLR.cc/2022/Conference/Paper4412/-/Public_Comment",
        "content": {
          "title": "difference between CRF and SPN w/o proxy",
          "comment": "Dear authors,\n\nThanks for your excellent work. It is exactly interesting to combine the idea of CRF and GNN. \n\nI have some questions about figure 2. What is the difference between CRF and SPN w/o proxy? It seems that both two methods train the model via the maximin game in Eq.3 with loopy belief propagation.\n\nBesides, would you plan to release the code?"
        },
        "signatures": [
          "~Zijing_Ou1"
        ],
        "readers": [
          "everyone"
        ],
        "nonreaders": [],
        "writers": [
          "ICLR.cc/2022/Conference",
          "~Zijing_Ou1"
        ]
      },
      {
        "id": "B2NlFjAlBzq",
        "original": null,
        "number": 2,
        "cdate": 1647804065385,
        "mdate": 1647804065385,
        "ddate": null,
        "tcdate": 1647804065385,
        "tmdate": 1647804065385,
        "tddate": null,
        "forum": "YWNAX0caEjI",
        "replyto": "HqIeJzOqQz9",
        "invitation": "ICLR.cc/2022/Conference/Paper4412/-/Public_Comment",
        "content": {
          "title": "Response",
          "comment": "Thanks for your interest in our paper!\n\nCRF and SPN w/o proxy differ in how they parameterize the theta-functions. For CRF, we directly parameterize the theta-functions as the logits computed by GNNs. For SPN w/o proxy, we parameterize the theta-functions according to Eq. (5) of our paper, where GNNs are used to compute the tau-functions (pseudomarginals), which are further combined into the theta-functions.\n\nWe are now finalizing the code. Once done, we will upload the code to https://github.com/DeepGraphLearning/SPN. Stay tuned!"
        },
        "signatures": [
          "~Meng_Qu2"
        ],
        "readers": [
          "everyone"
        ],
        "nonreaders": [],
        "writers": [
          "ICLR.cc/2022/Conference",
          "~Meng_Qu2"
        ]
      },
      {
        "id": "6MpPZlx-I85",
        "original": null,
        "number": 3,
        "cdate": 1648736885773,
        "mdate": null,
        "ddate": null,
        "tcdate": 1648736885773,
        "tmdate": 1648736919803,
        "tddate": null,
        "forum": "YWNAX0caEjI",
        "replyto": "B2NlFjAlBzq",
        "invitation": "ICLR.cc/2022/Conference/Paper4412/-/Public_Comment",
        "content": {
          "title": "Question on node-level inference",
          "comment": "Thanks for your reply! It has addressed my questions above. But here I have another follow-up question.\n\nIn the inference phase, say the node-level one specifically here, you propose to run loopy BP for the estimate of the marginal $p_\\theta (y_s )$. Why not directly apply the output of proxy networks? I mean according to Proposition 1, the pseudomarginal is approximately equal to the marginal of loopy BP. In practice, it seems that using the pseudomarginals in inference phase is more attractive than running loopy BP since the latter is time-consuming."
        },
        "signatures": [
          "~Zijing_Ou1"
        ],
        "readers": [
          "everyone"
        ],
        "nonreaders": [],
        "writers": [
          "ICLR.cc/2022/Conference",
          "~Zijing_Ou1"
        ]
      },
      {
        "id": "k8xPQqPypI1",
        "original": null,
        "number": 4,
        "cdate": 1648773600176,
        "mdate": 1648773600176,
        "ddate": null,
        "tcdate": 1648773600176,
        "tmdate": 1648773600176,
        "tddate": null,
        "forum": "YWNAX0caEjI",
        "replyto": "6MpPZlx-I85",
        "invitation": "ICLR.cc/2022/Conference/Paper4412/-/Public_Comment",
        "content": {
          "title": "Response",
          "comment": "Hi Zijing. Thanks for your question!\n\nIndeed, we could directly infer the node labels based on the output of the node proxy network. But by doing that we would have thrown away the CRF, as the node proxy network $p_\\theta(y_s)$ is trained by standard cross entropy loss.\n\nThe power of CRF lies in the joint label distribution $p_\\theta(\\mathbf{y}_V)$. The goal of max-product loopy BP is to infer the best node labels from this *joint* distribution. This set of best labels may differ from what you'd get by taking the best label from each node *marginal* distribution, which can not model the label dependencies between nodes.\n\nFor sum-product loopy BP, the goal is to infer the marginal label distribution on each node. During training, we implicitly force $\\sum_{y_s} \\tau_{st}(y_s, y_t) = \\tau_t(y_t)$ (through the proxy objectives), and thus the marginal distribution inferred by sum-product loopy BP would be very similar to the node-wise pseudomarginal on training graphs. But during inference, the constraint may not hold on test graphs, which means that those $\\tau$ functions no longer satisfy the conditions in proposition 1, and thus the marginal distribution inferred by sum-product loopy BP can also be different from the pseudomarginal on each node."
        },
        "signatures": [
          "~Huiyu_Cai1"
        ],
        "readers": [
          "everyone"
        ],
        "nonreaders": [],
        "writers": [
          "ICLR.cc/2022/Conference",
          "~Huiyu_Cai1"
        ]
      },
      {
        "id": "0HSu6BRHf63",
        "original": null,
        "number": 5,
        "cdate": 1648783716179,
        "mdate": 1648783716179,
        "ddate": null,
        "tcdate": 1648783716179,
        "tmdate": 1648783716179,
        "tddate": null,
        "forum": "YWNAX0caEjI",
        "replyto": "k8xPQqPypI1",
        "invitation": "ICLR.cc/2022/Conference/Paper4412/-/Public_Comment",
        "content": {
          "title": "Response ",
          "comment": "Hi, thanks for your super quick reply!\n\nIt is true that for sum-product loopy BP, the $\\tau$ functions no longer satisfy the conditions in proposition 1, and the marginal inferred by loopy BP would be somewhat different from the pseudomarginal.\nBut I am curious about the practice perspective. I mean during training, the cross-entropy loss is directly applied on top of $\\tau$ functions. To some extent, $\\tau$ looks like the predictive logits of the target category distribution (not exactly true, but practically we could view it from this perspective). Therein, I suspect the experimental results would be good if directly using $\\tau$ to predict the label for each node (maybe you should scale $\\tau$ to a valid density during testing). Did you conduct relevant experiments to verify this hypothesis?"
        },
        "signatures": [
          "~Zijing_Ou1"
        ],
        "readers": [
          "everyone"
        ],
        "nonreaders": [],
        "writers": [
          "ICLR.cc/2022/Conference",
          "~Zijing_Ou1"
        ]
      },
      {
        "id": "_JgcDwf56s9",
        "original": null,
        "number": 6,
        "cdate": 1649098552504,
        "mdate": 1649098552504,
        "ddate": null,
        "tcdate": 1649098552504,
        "tmdate": 1649098552504,
        "tddate": null,
        "forum": "YWNAX0caEjI",
        "replyto": "0HSu6BRHf63",
        "invitation": "ICLR.cc/2022/Conference/Paper4412/-/Public_Comment",
        "content": {
          "title": "Response",
          "comment": "Thanks for following up! \n\nIf I understood correctly, you meant we can direct treat the $\\tau$ function of each node as logits for label prediction? If this is the case, then it is exactly the GNN baseline in our experiment. You might check Table 1 and Table 2 for the detailed comparison.\n\nBy the way, the code of SPN is now available at https://github.com/DeepGraphLearning/SPN."
        },
        "signatures": [
          "~Meng_Qu2"
        ],
        "readers": [
          "everyone"
        ],
        "nonreaders": [],
        "writers": [
          "ICLR.cc/2022/Conference",
          "~Meng_Qu2"
        ]
      }
    ],
    "directReplies": [
      {
        "id": "eUJdecnU-NE",
        "original": null,
        "number": 1,
        "cdate": 1635811547542,
        "mdate": null,
        "ddate": null,
        "tcdate": 1635811547542,
        "tmdate": 1638199866949,
        "tddate": null,
        "forum": "YWNAX0caEjI",
        "replyto": "YWNAX0caEjI",
        "invitation": "ICLR.cc/2022/Conference/Paper4412/-/Official_Review",
        "content": {
          "summary_of_the_paper": "The paper aims to break the label independence assumption in existing GNNs. To this end, a combination of GNNs and CRF is proposed, named SMN. SMN improves GNNs by modeling the joint distribution among discrete node labels; SMN is a promising alternative to CRF as it provides efficient learning and inference procedures. Empirically, SMN achieves better node-level and graph-level prediction accuracies than several existing models, with minor additional runtime overhead.",
          "main_review": "Strengths\n- The motivation of model design is clear and reasonable. Modeling label dependencies is a natural way to improve GNNs, which is also supported by experiments.\n- The model inherits advantages of CRF, such as describing the dependency of node labels and providing probabilistic interpretation. In the meantime, the model supports efficient learning and inference.\n- The model is technically sound.\n- Experiments cover several benchmarks. The model is tested on multiple datasets and shows very promising results.\n- The paper is well-written and easy to follow.\n\nWeaknesses\n- The model is proposed for modeling discrete node labels on a graph. It is unclear how to extend the model to fit continuous node labels.\n- Insufficient baselines for comparison. For neural models that can describe node label dependencies, the paper compares with GMNN only. However, there are various recent works that are not compared, e.g., $G^3NN$ (Ma et al., 2019), CopulaGNN (Ma et al., 2021), LCM (Wang et al., 2021) to cite a few.",
          "summary_of_the_review": "I think the model is reasonable both theoretically and empirically (though some recent baselines are not included for comparison). Overall, the merits outweigh the flaws, and I believe the paper is a good addition to the existing literature.",
          "correctness": "4: All of the claims and statements are well-supported and correct.",
          "technical_novelty_and_significance": "3: The contributions are significant and somewhat new. Aspects of the contributions exist in prior work.",
          "empirical_novelty_and_significance": "2: The contributions are only marginally significant or novel.",
          "flag_for_ethics_review": [
            "NO."
          ],
          "recommendation": "8: accept, good paper",
          "confidence": "4: You are confident in your assessment, but not absolutely certain. It is unlikely, but not impossible, that you did not understand some parts of the submission or that you are unfamiliar with some pieces of related work."
        },
        "signatures": [
          "ICLR.cc/2022/Conference/Paper4412/Reviewer_jqoo"
        ],
        "readers": [
          "everyone"
        ],
        "nonreaders": [],
        "writers": [
          "ICLR.cc/2022/Conference",
          "ICLR.cc/2022/Conference/Paper4412/Reviewer_jqoo"
        ]
      },
      {
        "id": "GZAlk8S7Dhv",
        "original": null,
        "number": 2,
        "cdate": 1636014867561,
        "mdate": null,
        "ddate": null,
        "tcdate": 1636014867561,
        "tmdate": 1638222114868,
        "tddate": null,
        "forum": "YWNAX0caEjI",
        "replyto": "YWNAX0caEjI",
        "invitation": "ICLR.cc/2022/Conference/Paper4412/-/Official_Review",
        "content": {
          "summary_of_the_paper": "The paper targets the task of graph node classification in the inductive setting, taking an input node and edge feature representations, and inferring a categorical label for each node. It focuses on the case where it is not sufficient to classify a node independently of its neighbours, but where information stemming from predictions for neighbouring nodes needs to be taken into account. \nIt improves over the current approaches by offering a performant and efficient method to combine advantages of CRFs (joint inference) with the representational power afforded by GNNs, while overcoming the computational challenges. In particular, this paper improves on the closest attempts at combining CRF and GNN, Ma+ 2018 and Qu+ 2019, which use pseudolikelihood; Qu+ 2019 is used as baseline in experiments (“GMNN”), while pseudoloikelihood as training objective is investigated in sec5.5.5.\n\n--- update after rebuttals\nI have read other reviews and the authors' replies, as well as extra experiments. I am maintaining my score.",
          "main_review": "The technical approach exploits, in an innovative way, an insight from graphical models on the relation between pseudomarginals and the joint distribution stated in the main reference (Wainwright and Jordan 2009), to devise a formulation of a a surrogate training objective (the proxy problem) which turns out to be relatively easy to solve, leading to high predictive performance. The problem under consideration is important, and current solutions have the limitations pointed out in the paper (limited expressive capacity of CRF vs only marginal node classification for GNN models).\n\nThe paper reads very well, and hardly has any errors or inconsistencies. Information is provided at the right point, is complete and accurate. The split between main paper and supplementary material is good. The narrative and exposition flow well. \n\nThe model and algorithm descriptions are excellent. \n\nBaselines are strong, relevant, discussed well and evaluated fairly. The experimental methodology is appropriate, well implemented, described well. A large number of analytic experiments complete the main findings. The two evaluation metrics (node and graph-level accuracy) are adequate and it is an advantage that the proposed method can optimize for either at inference time. Experimental reporting is very good, with error bars. Experimental setups are presented accurately and consistently, at an adequate level of detail. The datasets are standard and easy to access, which contributes to reproducibility.\n(NB fig3 is missing a complete caption; colour coding is not explained; as a result sec5.5.7 doesn’t prove its point)",
          "summary_of_the_review": "If the scoring existed, I would give this paper a 9/10. Having to choose between 8 and 10, I have decided to go for 10, as I consider the paper to be much better than just \"good\".\nThe paper is very good under all aspects. Its contribution is clear, and the problem under consideration is real. One might argue that the innovation is slim because it consists of a single technical contribution; for this reason this might not be a game-changing paper, but it certainly improves on the state of the art by solving a tricky problem. The paper also has the merit of establishing a bridge between neural and graphical model techniques, thus encouraging further work which I expect to be fruitful.",
          "correctness": "4: All of the claims and statements are well-supported and correct.",
          "technical_novelty_and_significance": "4: The contributions are significant, and do not exist in prior works.",
          "empirical_novelty_and_significance": "3: The contributions are significant and somewhat new. Aspects of the contributions exist in prior work.",
          "flag_for_ethics_review": [
            "NO."
          ],
          "recommendation": "10: strong accept, should be highlighted at the conference",
          "confidence": "4: You are confident in your assessment, but not absolutely certain. It is unlikely, but not impossible, that you did not understand some parts of the submission or that you are unfamiliar with some pieces of related work."
        },
        "signatures": [
          "ICLR.cc/2022/Conference/Paper4412/Reviewer_RSMV"
        ],
        "readers": [
          "everyone"
        ],
        "nonreaders": [],
        "writers": [
          "ICLR.cc/2022/Conference",
          "ICLR.cc/2022/Conference/Paper4412/Reviewer_RSMV"
        ]
      },
      {
        "id": "ujUhff1I-iv",
        "original": null,
        "number": 3,
        "cdate": 1636058016525,
        "mdate": null,
        "ddate": null,
        "tcdate": 1636058016525,
        "tmdate": 1638023659153,
        "tddate": null,
        "forum": "YWNAX0caEjI",
        "replyto": "YWNAX0caEjI",
        "invitation": "ICLR.cc/2022/Conference/Paper4412/-/Official_Review",
        "content": {
          "summary_of_the_paper": "This paper proposes a CRF for classifying nodes in graphs where the CRF has a potential for each node and edge in the graph. GNNs are used for computing the potentials, one GNN for node potentials and one GNN for edge potentials. For general graphs, computing the partition function is intractable, so approximations are used during both learning and inference.  Learning draws from prior work and combines learning pseudomarginals of nodes and edges with GNNs and optionally some steps of \"refinement\" by optimizing a maximin game equivalent to likelihood maximization. Inference uses sum-product or max-product loopy BP (they perform similarly, though max-product is slightly better). The procedure is called a \"Structured Markov Network\" (SMN). Experimental results on several graph node classification tasks show that SMNs outperform several baselines, including both CRFs with standard training (using approximate inference during training) and CRFs trained with pseudolikelihood. \n",
          "main_review": "Update following revision / author comments:\n\nThanks for clarifying and providing details on how the method compares to piecewise training. Having all of those details in the final paper would make it much stronger, and so I have raised my score. \n\nFor what it's worth, I'd suggest trying to describe the method in as general terms as possible so that people working on other structured prediction problems are more likely to learn about it and use it. The method is general and appears very promising, but currently the paper is very much written for graph problems, so I fear that researchers outside of the graph community may overlook it. Choosing a more specific name for the method could also help. The name \"Structured Markov Network\" is a bit too broad, as it just sounds like a Markov Network, which is a synonym for MRF. Maybe working \"proxy\" into the name you choose would be helpful.\n\nOriginal review follows:\n\nStrengths:\n\nThe methods are well-chosen for the task. The method is simple enough that other researchers may use it.\n\nThe empirical results are solid and interesting. \n\nThe paper is well-written. \n\nWeaknesses:\n\nThe original piecewise training paper (Sutton & McCallum, 2009) is cited, but is not discussed in any detail. No connection is made between the proxy problem and piecewise training. I think a connection should be made and discussed, especially because the experiments do not involve actually solving the proxy problem but rather omit the marginal consistency constraint (\"The last consistency constraint...can be ignored during optimization\"... \"We also tried some constrained\noptimization methods to handle the consistency constraint, but they yield no improvement\"). When refinement is not used (it is omitted in the main experiments since it doesn't consistently help) and when KL divergence is used for the divergence measure (as it is in the experiments), the actual training objective becomes even more similar to piecewise training. Piecewise training is fairly well-known in other communities like the vision community, e.g., Lin et al. (2016), so I think it's really important for this paper to draw a connection to piecewise training. I would suggest including piecewise training as a baseline to compare to, but I think that the SMN (without the marginal consistency constraint, without refinement, and when using KL) actually corresponds to a natural way to apply piecewise training to this problem. \n\nAfter reading the paper, I was confused by one part of the results: Why would SMN outperform CRF? That may suggest that the approximations made during learning are beneficial, which deserves follow-up investigation. A related question is: why is refinement not helpful? The CRF-G* settings correspond to using the same models as the corresponding SMN-G* settings, but the former seek to directly solve the maximin game using loopy BP for inference during learning (I believe), rather than use the proxy problem. The SMN results are consistently better than the corresponding CRF ones. Why is the proxy problem superior? Perhaps the CRF objective is not as good for learning as the proxy problem? The proxy problem can be viewed as using \"local supervision\" on specific nodes and edges, which may be more learnable from supervised datasets than the traditional CRF objective which is log loss on labelings of entire graphs. Or maybe it's due to training stability: An SMN that solely solves the maximin game (is this the same as the CRF-G* models?) is described as being unstable in Sec 5.5, #5. Can you provide more details about that? Is the instability due to the use of loopy BP as the inference algorithm? How about if you pretrain the GNNs for the potentials with maximum likelihood?\n\n\n\nSome more specific suggestions are below:\n\nSpell out SMN (\"Structured Markov Network\") the first time it appears in Sec 1. I would actually also suggest changing the terminology to something more specific. \"Structured Markov Network\" is a pretty generic term that would evoke several kinds of existing graphical models in people's minds. E.g., some people use the term \"Markov Network\" to refer to undirected graphical models in general, and so the addition of the term \"structured\" does not really add anything since graphical models are already \"structured\". \n\nThe definition of GNNs in 3.2 seems unnecessarily limited. A graph neural network does not have to produce distributions over anything -- it could simply represent a graph via autoencoder training with an L2 loss, for example. Please see surveys on GNNs, such as Zhou et al. (2021), which provide a richer characterization of GNNs. If you wish to define GNN in a more constrained way for purposes of this paper, then please add \"In the context of this paper, we define a GNN to be\".\n\nSec. 3.2: \"However, GNNs approximate only the marginal label distributions of nodes on training graphs, which may generalize badly and result in poor approximation of node marginal label distributions on test graphs.\" -- Why might they generalize badly? Would an estimate of the full label distribution be expected to generalize better? Is the paper implying here that noisy estimates of the marginals would generalize better than a noisy estimate of the joint?\n\nSec. 3.3: \"Conditional random fields (CRFs) build graphical models for node classification.\" CRFs are much broader than node classification. See my comment about GNNs above. \n\nSec. 3.3: \"intractable partition function\" -- The intractability depends on the graph, right? E.g., consider chains, trees, acyclic graphs..\n\nSec. 4.1: \"compute the a representation\"\n\nMore details are needed about the DBLP dataset. What exactly is the structure of the \"citation graphs\" mentioned? Also, it appears that there is only a single graph in train, validation, and test -- is that correct? The test set contains papers from \"after 2010\" -- does that include 2010 or is it only from 2011 onward? Are the train/val/test graphs disjoint? The papers in the test set will mostly be citing papers from the training and validation sets, or are the latter removed from the test graph to avoid overlapping nodes among splits?\n\nReferences:\n\nGuosheng Lin, Chunhua Shen, Anton van dan Hengel, Ian Reid. Efficient piecewise training of deep structured models for semantic segmentation. CVPR 2016.\n\nJie Zhou, Ganqu Cui, Shengding Hu, Zhengyan Zhang, Cheng Yang, Zhiyuan Liu, Lifeng Wang, Changcheng Li, Maosong Sun. Graph Neural Networks: A Review of Methods and Applications. 2021.\n\n",
          "summary_of_the_review": "While the paper is well-written and the results show consistent improvements, the paper is lacking in terms of any connection made to piecewise training (which the best version of the SMN essentially boils down to, as far as I can tell) and an analysis of why optimizing the proxy problem is superior to the original learning problem. These are potentially fixable issues. ",
          "correctness": "3: Some of the paper’s claims have minor issues. A few statements are not well-supported, or require small changes to be made correct.",
          "technical_novelty_and_significance": "3: The contributions are significant and somewhat new. Aspects of the contributions exist in prior work.",
          "empirical_novelty_and_significance": "3: The contributions are significant and somewhat new. Aspects of the contributions exist in prior work.",
          "flag_for_ethics_review": [
            "NO."
          ],
          "recommendation": "8: accept, good paper",
          "confidence": "4: You are confident in your assessment, but not absolutely certain. It is unlikely, but not impossible, that you did not understand some parts of the submission or that you are unfamiliar with some pieces of related work."
        },
        "signatures": [
          "ICLR.cc/2022/Conference/Paper4412/Reviewer_LsFg"
        ],
        "readers": [
          "everyone"
        ],
        "nonreaders": [],
        "writers": [
          "ICLR.cc/2022/Conference",
          "ICLR.cc/2022/Conference/Paper4412/Reviewer_LsFg"
        ]
      },
      {
        "id": "TsbJKpTpbAI",
        "original": null,
        "number": 4,
        "cdate": 1636096993212,
        "mdate": null,
        "ddate": null,
        "tcdate": 1636096993212,
        "tmdate": 1636096993212,
        "tddate": null,
        "forum": "YWNAX0caEjI",
        "replyto": "YWNAX0caEjI",
        "invitation": "ICLR.cc/2022/Conference/Paper4412/-/Official_Review",
        "content": {
          "summary_of_the_paper": "Authors study the problem of node labeling in the inductive case, i.e., at test time the goal is to label all the nodes of a given graph.\nFor that problem, several variants of GNNs and CRFs have been proposed in the past, and the authors propose a Structural Markov Network that uses GNNs to model the potential functions of a CRF with the subtle difference that a proxy optimization problem is solved to make learning more efficient. Experiments are provided to demonstrate the applicability of their method.\n",
          "main_review": "Strengths\n* Paper is well written\n* The proposed method is a novel contribution that combines ideas from CRFs and GNNs.\n\nWeaknesses\n* I consider the experiment section to be a minor weakness. I understand that the method sits in between CRFs and GNNs, but it would be great to compare against methods beyond those from CRFs and GNNs, e.g., SSVMs and others.\n* Another minor weakness. The technical contribution is limited as it builds on old ideas from graphical models. My understanding is that the key to efficiency relies on solving the proxy problem, which, as the authors stated, is an idea that dates back to at least the early 2000s in the context of graphical models.\n ",
          "summary_of_the_review": "In my opinion, the paper contains good contributions that are worth publishing at ICLR. While I think the experiments section could benefit from additional comparisons, the current state of the empirical evaluation is reasonable. A score of 7 would reflect better my evaluation of this work as I find the technical contributions to be okay but somewhat limited.",
          "correctness": "4: All of the claims and statements are well-supported and correct.",
          "technical_novelty_and_significance": "2: The contributions are only marginally significant or novel.",
          "empirical_novelty_and_significance": "3: The contributions are significant and somewhat new. Aspects of the contributions exist in prior work.",
          "flag_for_ethics_review": [
            "NO."
          ],
          "recommendation": "8: accept, good paper",
          "confidence": "3: You are fairly confident in your assessment. It is possible that you did not understand some parts of the submission or that you are unfamiliar with some pieces of related work. Math/other details were not carefully checked."
        },
        "signatures": [
          "ICLR.cc/2022/Conference/Paper4412/Reviewer_DQ8r"
        ],
        "readers": [
          "everyone"
        ],
        "nonreaders": [],
        "writers": [
          "ICLR.cc/2022/Conference",
          "ICLR.cc/2022/Conference/Paper4412/Reviewer_DQ8r"
        ]
      },
      {
        "id": "0FD25AQvJTv",
        "original": null,
        "number": 1,
        "cdate": 1642697133051,
        "mdate": null,
        "ddate": null,
        "tcdate": 1642697133051,
        "tmdate": 1642697133051,
        "tddate": null,
        "forum": "YWNAX0caEjI",
        "replyto": "YWNAX0caEjI",
        "invitation": "ICLR.cc/2022/Conference/Paper4412/-/Decision",
        "content": {
          "title": "Paper Decision",
          "decision": "Accept (Oral)",
          "comment": "Most of the existing GNN based methods model the node labels independently and ignore the joint dependency of node labels. The CRF-based methods work in this setting, but they are hard to learn. Hence, this paper proposes to ease the learning difficulty by solving the proxy problem and simplifying the max-min problem.\n\nThe SMN model proposed in this work is much cheaper than the CRF method. For parameters, since the node GNN and edge GNN share parameters in layers, only a few amounts extra parameters are introduced. As for the training time, it just doubles the general GNNs. Compared with CRF methods, the cost saved by SMN is significant.\n\nEmpirically, SMN works well in most settings, in terms of both node-level accuracy and graph-level accuracy, the different backbones, and different datasets. Meanwhile, the authors provide results to show the effect of refinement, the shared GNNs, the different learning methods, convergence, and a tiny case study. The experimental results are significant and well organized.\n\nAfter the rebuttal and discussion, all reviewers are in a favor of accepting this submission."
        },
        "signatures": [
          "ICLR.cc/2022/Conference/Program_Chairs"
        ],
        "readers": [
          "everyone"
        ],
        "nonreaders": [],
        "writers": [
          "ICLR.cc/2022/Conference/Program_Chairs"
        ]
      },
      {
        "id": "HqIeJzOqQz9",
        "original": null,
        "number": 1,
        "cdate": 1647712263001,
        "mdate": null,
        "ddate": null,
        "tcdate": 1647712263001,
        "tmdate": 1647747008796,
        "tddate": null,
        "forum": "YWNAX0caEjI",
        "replyto": "YWNAX0caEjI",
        "invitation": "ICLR.cc/2022/Conference/Paper4412/-/Public_Comment",
        "content": {
          "title": "difference between CRF and SPN w/o proxy",
          "comment": "Dear authors,\n\nThanks for your excellent work. It is exactly interesting to combine the idea of CRF and GNN. \n\nI have some questions about figure 2. What is the difference between CRF and SPN w/o proxy? It seems that both two methods train the model via the maximin game in Eq.3 with loopy belief propagation.\n\nBesides, would you plan to release the code?"
        },
        "signatures": [
          "~Zijing_Ou1"
        ],
        "readers": [
          "everyone"
        ],
        "nonreaders": [],
        "writers": [
          "ICLR.cc/2022/Conference",
          "~Zijing_Ou1"
        ]
      }
    ]
  }
}