{
  "id": "zIUyj55nXR",
  "original": "J2ALp-Gz0ui",
  "number": 2028,
  "cdate": 1632875560247,
  "mdate": null,
  "ddate": null,
  "tcdate": 1632875560247,
  "tmdate": 1676330579006,
  "tddate": null,
  "forum": "zIUyj55nXR",
  "replyto": null,
  "invitation": "ICLR.cc/2022/Conference/-/Blind_Submission",
  "content": {
    "title": "Frame Averaging for Invariant and Equivariant Network Design",
    "authorids": [
      "~Omri_Puny1",
      "~Matan_Atzmon1",
      "~Edward_J._Smith1",
      "~Ishan_Misra2",
      "~Aditya_Grover1",
      "~Heli_Ben-Hamu1",
      "~Yaron_Lipman1"
    ],
    "authors": [
      "Omri Puny",
      "Matan Atzmon",
      "Edward J. Smith",
      "Ishan Misra",
      "Aditya Grover",
      "Heli Ben-Hamu",
      "Yaron Lipman"
    ],
    "keywords": [
      "Invariant and equivariant neural network",
      "expressive power"
    ],
    "abstract": "Many machine learning tasks involve learning functions that are known to be invariant or equivariant to certain symmetries of the input data. However, it is often challenging to design neural network architectures that respect these symmetries while being expressive and computationally efficient. For example, Euclidean motion invariant/equivariant graph or point cloud neural networks. \nWe introduce Frame Averaging (FA), a highly general purpose and systematic framework for adapting known (backbone) architectures to become invariant or equivariant to new symmetry types. Our framework builds on the well known group averaging operator that guarantees invariance or equivariance but is intractable. In contrast, we observe that for many important classes of symmetries, this operator can be replaced with an averaging operator over a small subset of the group elements, called a frame. We show that averaging over a frame guarantees exact invariance or equivariance while often being much simpler to compute than averaging over the entire group. Furthermore, we prove that FA-based models have maximal expressive power in a broad setting and in general preserve the expressive power of their backbone architectures. Using frame averaging, we propose a new class of universal Graph Neural Networks (GNNs), universal Euclidean motion invariant point cloud networks, and Euclidean motion invariant Message Passing (MP) GNNs. We demonstrate the practical effectiveness of FA on several applications including point cloud normal estimation, beyond $2$-WL graph separation, and $n$-body dynamics prediction, achieving state-of-the-art results in all of these benchmarks.",
    "one-sentence_summary": "Introducing a general methodology for building expressive and efficient invariant and equivariant networks.",
    "code_of_ethics": "",
    "submission_guidelines": "",
    "resubmission": "",
    "student_author": "",
    "serve_as_reviewer": "",
    "paperhash": "puny|frame_averaging_for_invariant_and_equivariant_network_design",
    "pdf": "/pdf/d7849f0ef0f911d06889785dc7116564d5342442.pdf",
    "data": "",
    "_bibtex": "@inproceedings{\npuny2022frame,\ntitle={Frame Averaging for Invariant and Equivariant Network Design},\nauthor={Omri Puny and Matan Atzmon and Edward J. Smith and Ishan Misra and Aditya Grover and Heli Ben-Hamu and Yaron Lipman},\nbooktitle={International Conference on Learning Representations},\nyear={2022},\nurl={https://openreview.net/forum?id=zIUyj55nXR}\n}",
    "venue": "ICLR 2022 Oral",
    "venueid": "ICLR.cc/2022/Conference"
  },
  "signatures": [
    "ICLR.cc/2022/Conference"
  ],
  "readers": [
    "everyone"
  ],
  "nonreaders": [],
  "writers": [
    "ICLR.cc/2022/Conference"
  ],
  "tauthor": "OpenReview.net",
  "pdate": 1643407560000,
  "odate": 1633539600000,
  "details": {
    "overwriting": [],
    "tags": [],
    "writable": false,
    "replyCount": 19,
    "directReplyCount": 5,
    "revisions": true,
    "replies": [
      {
        "id": "fdClrbLgAga",
        "original": null,
        "number": 1,
        "cdate": 1635864274350,
        "mdate": null,
        "ddate": null,
        "tcdate": 1635864274350,
        "tmdate": 1637590779289,
        "tddate": null,
        "forum": "zIUyj55nXR",
        "replyto": "zIUyj55nXR",
        "invitation": "ICLR.cc/2022/Conference/Paper2028/-/Official_Review",
        "content": {
          "summary_of_the_paper": "The authors introduce Frame Averaging (FA), a general framework for adapting known architectures to become invariant or equivariant with respect to a general group by using group averaging operator. The idea of FA is to replace the averaging operator over the entire group by the averaging over a smaller set of group elements but still achieve the full invariant/equivariant property.",
          "main_review": "*Strengths*\n- The idea of replacing the averaging operator over the entire group by the FA is innovative. FA is simpler to compute and has less complexity in comparison with the averaging operator over the entire group.\n\n- The authors prove that the FA-based models preserve the universality property of their backbone architectures. \n\n- The FA framework is then applied to design several invariant and equivariant architectures for point clouds and graphs.\n\n*Weaknesses*\n\n- My concern is mostly about the incompleteness of the framework. It may happen the case that for some $\\mathbf{X}$, $\\mathcal{F}(\\mathbf{X})$ is a small set, but for some other $\\mathbf{X}$, $\\mathcal{F}(\\mathbf{X})$ is large or even infinity. (For example the frame choice in Subsection 3.1 is in this case). In this case, a deeper analysis on how to separate these two cases and how to deal when $\\mathcal{F}(\\mathbf{X})$ is large or even infinity is necessary.\n\n- It is also not clear how the FA is adapted in the DA-Local-PointNet. A detailed explanation here would be helpful.\n\n- No comparison with the previous equivariant architectures are presented. Therefore, it is hard to estimate how novel and efficient the framework is in the world of current group equivariant architectures.\n\n- Some technical parts are quite compact and not easy to read. Maybe the reason is that the paper includes rich contents and the authors tried to fix all of them in 9 pages.",
          "summary_of_the_review": "In addition, I have some comments on the technical parts of the paper:\n\n- The definition of the frame $\\mathcal{F}(\\mathbf{X})$ for the case of point clouds and $G=E(d)$ in page 5 is not clear. Why \"$\\mathcal{F}(\\mathbf{X})$ [...] is the collection of E(3) Euclidean transformations defined by [...]\", while in this case, I think, $\\mathcal{F}(\\mathbf{X})$ must be a subset of $E(d)$?\n\n- I am curious to know why \"generically the frame would consist of $2^d$ elements [...], while for rare inputs $\\mathbf{X}$ the frame can be an infinite set\"? I think this remark is crucial for the proposed method as it affects the size of the FA framework.\n\n- I think the proof of Proposition 1 (Appendix A.6) has some flaws:\n\n     -- Line 3: What is $\\Lambda$? It is not defined yet.\n\n     -- Line 6-7: It seems to me that, you need to prove that $\\mathbf{RO}$ consists of eigenvectors of \n$$[(\\mathbf{R},\\mathbf{t})\\mathbf{X}]^T \\cdot (I-\\frac{1}{n} \\mathbf{1} \\mathbf{1}^T) \\cdot [(\\mathbf{R},\\mathbf{t})\\mathbf{X}]$$\nwhich is \n$$(\\mathbf{R}+\\mathbf{t} \\mathbf{1}^T) \\mathbf{X}^T \\cdot (I-\\frac{1}{n} \\mathbf{1} \\mathbf{1}^T) \\cdot \\mathbf{X} (\\mathbf{R}+\\mathbf{t} \\mathbf{1}^T)^T$$\nrather than \n$$C = \\mathbf{R} \\mathbf{X}^T \\cdot (I-\\frac{1}{n} \\mathbf{1} \\mathbf{1}^T) \\cdot \\mathbf{X} \\mathbf{R}^T$$\nas you claimed. If this is exactly the case, I do not know how it can be true.",
          "correctness": "3: Some of the paper’s claims have minor issues. A few statements are not well-supported, or require small changes to be made correct.",
          "technical_novelty_and_significance": "4: The contributions are significant, and do not exist in prior works.",
          "empirical_novelty_and_significance": "3: The contributions are significant and somewhat new. Aspects of the contributions exist in prior work.",
          "flag_for_ethics_review": [
            "NO."
          ],
          "recommendation": "8: accept, good paper",
          "confidence": "2: You are willing to defend your assessment, but it is quite likely that you did not understand the central parts of the submission or that you are unfamiliar with some pieces of related work. Math/other details were not carefully checked."
        },
        "signatures": [
          "ICLR.cc/2022/Conference/Paper2028/Reviewer_5HAS"
        ],
        "readers": [
          "everyone"
        ],
        "nonreaders": [],
        "writers": [
          "ICLR.cc/2022/Conference",
          "ICLR.cc/2022/Conference/Paper2028/Reviewer_5HAS"
        ]
      },
      {
        "id": "GeQT-4h5O9",
        "original": null,
        "number": 2,
        "cdate": 1635866896964,
        "mdate": null,
        "ddate": null,
        "tcdate": 1635866896964,
        "tmdate": 1638159655952,
        "tddate": null,
        "forum": "zIUyj55nXR",
        "replyto": "zIUyj55nXR",
        "invitation": "ICLR.cc/2022/Conference/Paper2028/-/Official_Review",
        "content": {
          "summary_of_the_paper": "This paper proposes a method to transform a model into an invariant/equivariant model using the Reynolds operator.\nIn addition, they define a notion called the equivariant frame to compute the Reynolds operator efficiently.",
          "main_review": "Strengths \nThis paper proposes a general method for transforming existing models into invariant/equivariant models using Reynolds operators.\nCombined with other methods, it provides state-of-the-art experimental results.\n\nWeaknesses & Questions\nFirst of all, I would like to point out that the idea of using Reynolds operators to transform a model into an invariant model is found in Kicki et al. 2021, where the construction is exactly the same except for the use of frames.\nThe authors should be cited for this paper.\nAlso, the name \"frame\" is confusing with the concept of frame in differential geometry and should be given a different name.\n\nTheorem 1: It is proved that if a frame is an equivariant function, then a partial sum over the frame gives a transformation to an invariant/equivariant function, but the fact that the frame is defined depending only on the input space is not appropriate.\nFor example, if we have an invariant model F, the proposed method will sum over frames to convert it to an invariant function, which will increase the computational complexity. The transformation should be done without any transformation for the invariant model F.\nThis leads to the problem of overlapping invariants when combined with other models in the experimental section.\n\nAlso, since calculating the specific frame itself involves mathematical difficulties, I believe that the evaluation should be done on the model for which the frame has been calculated, i.e., for which the experiment has been conducted.\n\nPoint cloud models:\nThe $S_n \\times E(d)$ or $SE(d)$-invariant model is constructed by computing a frame for $E(d)$ or $SE(d)$ and transforming the model of the Deep sets with that frame.\nThe simple question is why don't you construct a frame for $S_n \\times E(d)$ or $SE(d)$?\nIf this method is good enough, the point permutation action should also be subject to the frame averaging model.\nI would like you to explain the rationale reason for not doing so.\n\nGraph models:\nTwo types of models have been proposed: MLP+FA and GNN+FA.\nThe problem with MLP+FA is that it uses the adjacency matrix itself as input, so when the number of nodes is large, the input space is also large, and the number of parameters is significantly larger than, for example, the model in Maron et al.\nIs it possible to train MLP+FA with, say, 50 nodes?\nAlso, in a real task, the number of nodes in a graph can take many different values, is it possible to train MLP+FA for such a case?\nIn GNN+FA, the problem seems to be that invariance is calculated redundantly as described above, and the contribution of this method is not clear.\n\nReference\n\nZaheer et al.\nDeep sets\nNeural Information Processing Systems (NeurIPS) 2017.\n\nMaron et al. Invariant and Equivariant Graph Networks\nInternational Conference on Learning Representations (ICLR) 2019\n\nKicky et al.\nA New Approach to Design Symmetry Invariant Neural Networks\nInternational Joint Conference on Neural Networks (IJCNN) 2021\n\n\n\n",
          "summary_of_the_review": "The structure of the proposed model has already been seen in Kicki et al. 2021 except for the use of frames, and even if frames are used, MLP+FA for example does not seem to be able to handle changes in inputs such as changes in the number of nodes in the graph.\nWhen combined with the existing strong methods, it gives good results, but this could be achieved by, for example, concatting two GNNs and then transforming them with FNN, so we decided that it is not worthy of evaluation.\n\nAfter some discussion, the score was raised because the theoretical uncertainties and doubts were resolved.\n\n\n\n\n",
          "correctness": "4: All of the claims and statements are well-supported and correct.",
          "technical_novelty_and_significance": "4: The contributions are significant, and do not exist in prior works.",
          "empirical_novelty_and_significance": "4: The contributions are significant, and do not exist in prior works.",
          "flag_for_ethics_review": [
            "NO."
          ],
          "details_of_ethics_concerns": "There are no ethical issues in this paper.",
          "recommendation": "8: accept, good paper",
          "confidence": "5: You are absolutely certain about your assessment. You are very familiar with the related work and checked the math/other details carefully."
        },
        "signatures": [
          "ICLR.cc/2022/Conference/Paper2028/Reviewer_BhKC"
        ],
        "readers": [
          "everyone"
        ],
        "nonreaders": [],
        "writers": [
          "ICLR.cc/2022/Conference",
          "ICLR.cc/2022/Conference/Paper2028/Reviewer_BhKC"
        ]
      },
      {
        "id": "1o77Q-KAEmD",
        "original": null,
        "number": 3,
        "cdate": 1635876518358,
        "mdate": null,
        "ddate": null,
        "tcdate": 1635876518358,
        "tmdate": 1635876518358,
        "tddate": null,
        "forum": "zIUyj55nXR",
        "replyto": "zIUyj55nXR",
        "invitation": "ICLR.cc/2022/Conference/Paper2028/-/Official_Review",
        "content": {
          "summary_of_the_paper": "**Summary and Contributions**:\n\nThe paper introduces a framework called Frame Averaging (FA) that can adapt existing backbone architectures to become invariant/equivariant to new symmetry types. It achieves this by averaging over an input-dependent frame which outputs a subset of groups. Frame averaging is often much more efficient to compute than averaging over the entire group, while at the same time, guarantees exact invariance/equivariance.\n\nOn the technical side, the paper also proves that FA-based models have the same expressive power as the original backbone architectures.\n\nOn the empirical side, the paper provides new classes of models using FA such as universal Euclidean motion invariant point cloud networks / Message Passing GNNs, and demonstrates their practical effectiveness on several tasks.\n",
          "main_review": "**Strengths**:\n\n- *FA is a very simple framework yet it is potentially very useful*. Group equivariance is an important form of inductive bias in deep learning architectures, but designing architectures that has such equivariance is challenging. It would be very useful if we could adapt any back architecture to become invariant/equivariant to a certain group. However, the previously studied group averaging is computationally infeasible when the group is large, so this paper, which greatly reduces the computational cost of group averaging, could be potentially very useful. I really like this work, and will be looking forward to seeing future development of this work.\n- *Technical statements are all sound and proved*. Mathematical statements in this paper all look correct to me, and they have provided proofs. These statements are clear and rigorous.\n- *Impressive results*. Using the simple idea of frame averaging, the paper demonstrates state-of-the-art results on several tasks. The results are impressive, which suggests that the FA framework can be very useful in practice.\n\n**Weaknesses**:\n- *Lack of simple examples*. While it is not hard to check the correctness of all these statements, it takes me some time to form an intuition of what is proposed in this paper. It would help me a lot if the authors could provide a simple example at the beginning to give readers some intuition. For example, it might be good to work through an example to make MLP translation equivariant (with the simplest possible construction of frames)?  \n- *Insufficient study and explanation of the proposed frames*. \n  - The construction of frames in Section 3.1 seems to come out of nowhere. While I could check they are indeed equivariant, I don’t think I understand the motivation or thinking process behind such designs. \n  - Furthermore, can the frames be simplified? As an example, if we let the input $X$ be a function on groups, i.e. $X=f(g),g\\in G$. Can we let $F(f) = \\arg\\max_{g} ||f(g)||$? I might be wrong, but I think this simple construction is also equivariant? \n  - Are the number of elements output by frames the smaller the better, or is there a balance between performance and computational efficiency?\n\n**Questions**:\n*How stable are the proposed frames*? For the proposed frames, I would be interested to know how stable they are? That is to say, if I add noise to the inputs, will the output subset of groups be significantly different? \n",
          "summary_of_the_review": "The paper studies an important problem that could potentially have great impact: How to adapt existing architectures to become invariant/equivariant to a certain group while maintaining the expressive power and computational efficiency of the original backbone model? The paper provides a simple yet effective solution. The technical statements are sound and the empirical results are impressive.",
          "correctness": "4: All of the claims and statements are well-supported and correct.",
          "technical_novelty_and_significance": "4: The contributions are significant, and do not exist in prior works.",
          "empirical_novelty_and_significance": "4: The contributions are significant, and do not exist in prior works.",
          "flag_for_ethics_review": [
            "NO."
          ],
          "details_of_ethics_concerns": "No ethics concerns",
          "recommendation": "8: accept, good paper",
          "confidence": "4: You are confident in your assessment, but not absolutely certain. It is unlikely, but not impossible, that you did not understand some parts of the submission or that you are unfamiliar with some pieces of related work."
        },
        "signatures": [
          "ICLR.cc/2022/Conference/Paper2028/Reviewer_57mq"
        ],
        "readers": [
          "everyone"
        ],
        "nonreaders": [],
        "writers": [
          "ICLR.cc/2022/Conference",
          "ICLR.cc/2022/Conference/Paper2028/Reviewer_57mq"
        ]
      },
      {
        "id": "lj7g6DnolUS",
        "original": null,
        "number": 4,
        "cdate": 1636561149254,
        "mdate": null,
        "ddate": null,
        "tcdate": 1636561149254,
        "tmdate": 1637340950949,
        "tddate": null,
        "forum": "zIUyj55nXR",
        "replyto": "zIUyj55nXR",
        "invitation": "ICLR.cc/2022/Conference/Paper2028/-/Official_Review",
        "content": {
          "summary_of_the_paper": "The paper proposes to make any neural network equivariant by symmetrizing over a subset of the group, rather than over whole group. If the subset selection F(X), depending on input X, is equivariant (gFX=FgX), then the symmetrization is equivariant.\nThe authors furthermore prove:\n1)\tWhen interested in invariant prediction, the subset can be chosen in the quotient G/G_X, where G_X is the stabilizer subgroup of X.\n2)\tWhen symmetrizing with a random subsample of F(X), the probability of a particular subsample that deviates from symmetrizing with all of F(X) by less than some epsilon, is bounded below.\n3)\tWhen using the symmetrization of a universal model, the resulting model class is universal in the class of equivariant functions.\n",
          "main_review": "Strengths:\n-\tThe paper proposes a very practical strategy of building equivariant nets\n-\tThe universality proof helps convince the reader to use this method\n-\tThe paper considers and experiments on three different instantiations of their method, showing wide applicability.\n-\tThe experimental results show the method performs competitively.\n\nWeaknesses:\n-\tI don’t understand what’s happening in theorem 4. It considers a subsample $\\hat\\mu$ of F(X) to be ‘good’ when the symmetrizer that uses the subsample is epsilon-close to the full F(X) symmetrizer. Then it says that the probability of *one particular* good subsample is bounded below.\nHowever, that bound seems vacuus, as plugging any reasonable number brings the bound quickly close to 0. Also, it’s counter-intuitive why the bound should become looser as epsilon grows or as k grows.\nWhat one would want instead is giving a lower bound of the probability that we get *any* $\\hat\\mu$ that is epsilon-close to the full F(X) symmetrizer. And we want this bound to get higher when epsilon or k increases.\nThe line below theorem 4 draws a conclusion that would follow from a theorem as I propose it above, not from the theorem in the paper.\nAs it is currently stated – and I’m not completely misunderstanding – theorem 4 can best be removed from the paper. \n-\tIt is a bit unclear when the results apply to finite and infinite groups and frames F(X). Everywhere, a summation symbol is used, but in some places, F(X) is infinite. In the infinite cases, which measure should then be used? Can one always use some canonical Haar-like measure? In particular, in the proofs of theorem 1 and theorem 4 this should be discussed.\n-\tThe writing of the paper can be improved. I don’t follow the choice of F(X) for the E(d) case. Which are the 2^d O(d) matrices? Perhaps the authors can elaborate in more detail one of the examples how to construct F(X) in the main paper, and then do the other two in the appendix. \n-\tI would like some more theoretical discussion about the choice of F(X). Does the choice of F(X) affect the output? If so, how? Is F(X) required to be continuous / does a continuous (non-trivial) F(X) always exist? What does the topology on 2^G look like? How does this affect the continuity of the symmetrized function? If it is discontinuous, does that affect the universality? When can F(X) be chosen to be finite?\n \nOther comments:\n-\tWhy does GA-MLP and GA-GIN+ID only get 50% score on EXP-classify? Are you there using a finite subsample of G or F(X)? And could you give any insight into why we’d expect then complete failure for a G subsample and complete success for a F(X) subsample?\n-\tIn the proof of theorem 5, which norm is used for ||rho_2(g)|| ? It can’t be the max K-norm because K is a subset of the input of phi, not the output. Is it the operator norm?\n-\tI would like theorem 1 to be put in the main paper, as it shows why the key construction is correct.\n-\tI think a citation would be appropriate to Finzi et al 2020, “Generalizing Convolutional Neural Networks for Equivariance to Lie Groups on Arbitrary Continuous Data”, as they also consider sampling from the group to build equivariant networks.\n-\tWhy have the authors chosen the name “frame” for F(X)? I know frame as a set of vectors or in the context of a frame bundle.\n",
          "summary_of_the_review": "I think this is a great paper, as it proposes a new practical method for building equivariant networks which is broadly applicable, universal and performs well in practice. I have serious concerns about theorem 4. If the authors convince me why it makes sense, or if they remove it, I will increase my score.\n\nI've updated my score after the response and revision.",
          "correctness": "2: Several of the paper’s claims are incorrect or not well-supported.",
          "technical_novelty_and_significance": "4: The contributions are significant, and do not exist in prior works.",
          "empirical_novelty_and_significance": "3: The contributions are significant and somewhat new. Aspects of the contributions exist in prior work.",
          "flag_for_ethics_review": [
            "NO."
          ],
          "recommendation": "8: accept, good paper",
          "confidence": "4: You are confident in your assessment, but not absolutely certain. It is unlikely, but not impossible, that you did not understand some parts of the submission or that you are unfamiliar with some pieces of related work."
        },
        "signatures": [
          "ICLR.cc/2022/Conference/Paper2028/Reviewer_CToH"
        ],
        "readers": [
          "everyone"
        ],
        "nonreaders": [],
        "writers": [
          "ICLR.cc/2022/Conference",
          "ICLR.cc/2022/Conference/Paper2028/Reviewer_CToH"
        ]
      },
      {
        "id": "YwI_oUbfPI5",
        "original": null,
        "number": 2,
        "cdate": 1637315752444,
        "mdate": 1637315752444,
        "ddate": null,
        "tcdate": 1637315752444,
        "tmdate": 1637315752444,
        "tddate": null,
        "forum": "zIUyj55nXR",
        "replyto": "lj7g6DnolUS",
        "invitation": "ICLR.cc/2022/Conference/Paper2028/-/Official_Comment",
        "content": {
          "title": "Official Response to Reviewer CToH  1/2",
          "comment": "\nThank you for your detailed review. Below we address the main comments and questions expressed in this review. All changes refer to the uploaded revision. \n\n**Q:** Theorem 4 is unintuitive (behavior of $\\epsilon,k$) and unclear (bounds probability of  \none subsample at a time), please remove from paper.   \n**A:** The idea behind Theorem 4 was to compare the lower bound for a **fixed** $k$ and $\\epsilon$, which in this case show that smaller $m_F$ leads to a better lower bound. The counter-intuitive behavior of this bound w.r.t.~$k$ and $\\epsilon$ stems from the fact that the size of the set of \"good\" empirical distributions $\\hat{\\mu}$ is increasing with $k$ and $\\epsilon$. Nevertheless, we agree with the reviewer that this theorem does not provide the full picture and moved it to supplementary, adding the above disclaimers. We do feel it can be used in the future as a step to provide a full proof of approximation quality of the FA approximator, and therefore believe it's a good idea to keep it in the supplementary. \n\n\n**Q:** “It is a bit unclear when the results apply to finite and infinite groups and frames $F(X)$. Everywhere, a summation symbol is used, but in some places, $F(X)$ is infinite. In the infinite cases, which measure should then be used? Can one always use some canonical Haar-like measure? In particular, in the proofs of theorem 1 and theorem 4 this should be discussed.”  \n**A:** In this paper we only treat the finite frame case. We added a clear statement at Section 2.1 that in this paper we only consider $X, F$ so that $F(X)$ are finite sets. We also added related comments in other relevant places in the paper: In Section 2.2 dealing with expressive power, we explicitly state we work in domains where the frame is finite. The definition of frames in 3.1 are defined only for simple spectrum covariance matrices. In Corollary 2 we also added the finite frame assumption. \nRegarding the general (infinite) case we believe this is an important future direction. Yes, Haar measure can be used but it won’t cover all interesting cases (e.g., think of 1-dimensional rotations embedded in 3-dimensional rotations). The most general treatment seems to require data dependent measures, but this is out of scope for this paper and will be treated in a future publication. \n\n\n**Q:** “I don’t follow the choice of $F(X)$ for the $E(d)$ case. Which are the $2^d$ $O(d)$ matrices?”  \n**A:** We rewrote this part in the paper (see Section 3.1), hopefully it is clearer. \n\n**Q:** I would like some more discussion about the choice of $F(X)$. Does the choice of $F(X)$ affect the output? If so, how? Is $F(X)$ required to be continuous / does a continuous (non-trivial) $F(X)$ always exist? How does this affect the continuity of the symmetrized function? If it is discontinuous, does that affect the universality?  \n**A:** The choice of frame affects the output: the frame sets a “normalized form” of the input to be injected into the network. Therefore different frame choices inject different inductive biases.  Regarding continuity: in the continuous group case (i.e., $E(d)$) the frames are continuous where they are defined, see discussion in Section 3.1, after Proposition 1, and Appendix B. In the discrete group setting (e.g., $S_n$) we are not sure what continuity means. Globally continuous frames are not always defined. A similar situation is in differential geometry where choosing continuous frame fields can fail due to topological obstructions or geometrical (e.g., umbilical points). Universality is not affected by discontinuous frames; we have simplified and generalized the universality claim and proof, and as can be checked, it does not require continuity of the frame, see Section 2.2. \n\n\n**Q:** Why does GA-MLP and GA-GIN+ID only get 50% score on EXP-classify? Are you there using a finite subsample of G or $F(X)$? And could you give any insight into why we’d expect then complete failure for a G subsample and complete success for a $F(X)$ subsample?  \n**A:** The core reason for the difference between the FA and GA sampling method lies in Figure 2 (left) in section 5.2. The plot describes how well each sample method is able to approximate its average as a function of the number of samples. As can be seen from the plot, when $k=1$ (which is the same number of samples used in the EXP experiment) the variance of the frame sampling is smaller than the variance of the group sampling. The difference in variance explains the accuracy gap in the EXP task. We can expect the same phenomenon with GIN+ID.\n\n\n"
        },
        "signatures": [
          "ICLR.cc/2022/Conference/Paper2028/Authors"
        ],
        "readers": [
          "everyone"
        ],
        "nonreaders": [],
        "writers": [
          "ICLR.cc/2022/Conference",
          "ICLR.cc/2022/Conference/Paper2028/Authors"
        ]
      },
      {
        "id": "87LXi4LX9xk",
        "original": null,
        "number": 3,
        "cdate": 1637316064242,
        "mdate": 1637316064242,
        "ddate": null,
        "tcdate": 1637316064242,
        "tmdate": 1637316064242,
        "tddate": null,
        "forum": "zIUyj55nXR",
        "replyto": "YwI_oUbfPI5",
        "invitation": "ICLR.cc/2022/Conference/Paper2028/-/Official_Comment",
        "content": {
          "title": "Official Response to Reviewer CToH 2/2",
          "comment": "**Q:** In the proof of theorem 5, which norm is used for $||\\rho_2(g)||$ ? It can’t be the max K-norm because K is a subset of the input of phi, not the output. Is it the operator norm?  \n**A:** It is the operator norm, we clarified this and the other norms using specific notation (see Definition 1 and Appendix A.5). \n\n\n**Q:** I think a citation would be appropriate to Finzi et al 2020, “Generalizing Convolutional Neural Networks for Equivariance to Lie Groups on Arbitrary Continuous Data”, as they also consider sampling from the group to build equivariant networks.  \n**A:** citation was added in the related work section.\n\n**Q:** Why have the authors chosen the name “frame” for $F(X)$? I know frame as a set of \nvectors or in the context of a frame bundle.  \n**A:** As shortly alluded to above, our intuition comes from differential geometry where the \nmethod of moving frames, and in particular Darboux frames, are chosen in an $E(3)$ equivariant manner by aligning them with principal directions and the normal to the surface. Further note that also Darboux frames are defined everywhere except at umbilical points, which are defined by repeating eigenvalues of the shape operator, similar to the situation with our $E(d)$ frame construction. \n"
        },
        "signatures": [
          "ICLR.cc/2022/Conference/Paper2028/Authors"
        ],
        "readers": [
          "everyone"
        ],
        "nonreaders": [],
        "writers": [
          "ICLR.cc/2022/Conference",
          "ICLR.cc/2022/Conference/Paper2028/Authors"
        ]
      },
      {
        "id": "gD6lQdYOWn",
        "original": null,
        "number": 4,
        "cdate": 1637316226820,
        "mdate": 1637316226820,
        "ddate": null,
        "tcdate": 1637316226820,
        "tmdate": 1637316226820,
        "tddate": null,
        "forum": "zIUyj55nXR",
        "replyto": "1o77Q-KAEmD",
        "invitation": "ICLR.cc/2022/Conference/Paper2028/-/Official_Comment",
        "content": {
          "title": "Official Response to Reviewer 57mq",
          "comment": "Thank you for your detailed review. Below we address the main comments and \nquestions expressed in this review. All changes refer to the uploaded revision. \n\n**Q:** Simple examples. It takes me some time to form an intuition of what is proposed in this paper. It would help me a lot if the authors could provide a simple example at the beginning to give readers some intuition. For example, it might be good to work through an example to make MLP translation equivariant?  \n**A:** Added a simple running example in Section 2.1.\n\n**Q:** The construction of frames in Section 3.1 seems to come out of nowhere. While I could check they are indeed equivariant, I don’t think I understand the motivation or thinking process behind such designs.  \n**A:** The role of frames is to normalize the data so that the network always “sees” symmetric versions of the input in the same way. This is why choosing a frame requires finding a property of the data that is equivariant and using that to define the frame. One intuition comes from differential geometry where moving frames, and in particular Darboux frames are set on a surface by aligning with principal directions and the surface’s normal. If the surface rotates and/or translates the Darboux frame changes accordingly. Our frames can be seen as a generalization of this principle. \n\n\n**Q:** Can the frames be simplified? As an example, if we let the input $X$  be a function on groups, i.e. $X=f(g), g∈G$ . Can we let $F(f)=\\arg⁡max_g||f(g)||$ ? I might be wrong, but I think this simple construction is also equivariant?   \n**A:** The reviewer is right, the frame suggested is indeed equivariant. As the reviewer witnessed, frame design is a very flexible framework that could be constructed with different approaches, optimization (e.g., as you suggested), or by spectral properties (as we did in this paper), and probably also in other ways. Regarding simplicity, we assume it depends on how we choose to define “simple” - is it by the cardinality of the frame? or maybe the computational complexity of computing the frame? We opted for the spectral method since it is relatively efficient to compute.\nWe find these questions very interesting and believe they could lead to further developments in equivariant deep learning in future research. \n\n\n\n**Q:** Are the number of elements output by frames the smaller the better, or is there a balance between performance and computational efficiency?  \n**A:** In terms of expressive power, the size of the frame does not matter. This can be seen by our expressive power theorem and corollaries. Another thing that is clear is that large frames are more computationally demanding than small frames. Regarding generalization performance, this is less obvious; we do believe different frame choices will inject different inductive bias and generalize differently. We leave this important and non-trivial question to future work. \n\n \n**Q:** How stable are the proposed frames? That is to say, if I add noise to the inputs, will the output subset of groups be significantly different?  \n**A:** Thank you for this question. The stability of the frames depends of course on the particular definition of a frame, and as this reviewer noticed many constructions of equivariant frames are indeed possible. In this paper we mostly use spectral properties of matrices, in particular eigenvectors, to define frames. On the theoretical level we can analyze the stability of such frames for the generic case of simple spectrum (i.e., all eigenvalues have multiplicity one). The fact that this is indeed the generic case is justified in [1]. Next, stability results such as [2] (Theorem 8.1.12) can bound the change in frame as a function of the perturbation (i.e., noise) and the distance to the nearest eigenvalue. We added the relevant discussion in Section 3.1 (immediately after proposition 1). Furthermore, in Appendix B we added an empirical analysis of the stability of frames.  Our main observation is that the frames behave in a stable manner, i.e., small noise added to the input results in a small change of the frame. Please see the added experiment for more details. \n\n\n[1] On the geometry of the set of symmetric matrices with repeated eigenvalues, Breiding, Kozhasov, Lerario, Arnold Mathematical Journal 4(3), 2018, Springer. \n\n[2] Matrix computations, Gene H Golub, and Charles F Van Loan, 1996, Johns Hopkins University Press, Baltimore, MD.\n"
        },
        "signatures": [
          "ICLR.cc/2022/Conference/Paper2028/Authors"
        ],
        "readers": [
          "everyone"
        ],
        "nonreaders": [],
        "writers": [
          "ICLR.cc/2022/Conference",
          "ICLR.cc/2022/Conference/Paper2028/Authors"
        ]
      },
      {
        "id": "PyKfcA-sTMV",
        "original": null,
        "number": 5,
        "cdate": 1637316382734,
        "mdate": null,
        "ddate": null,
        "tcdate": 1637316382734,
        "tmdate": 1637317175333,
        "tddate": null,
        "forum": "zIUyj55nXR",
        "replyto": "GeQT-4h5O9",
        "invitation": "ICLR.cc/2022/Conference/Paper2028/-/Official_Comment",
        "content": {
          "title": "Official Response to Reviewer BhKC 1/2",
          "comment": "We want to thank the reviewer for the review. Unfortunately, we feel that the reviewer has misunderstood a core concept of the paper, which we try to clarify below. \n\n**Q:** This paper proposes a method to transform a model into an invariant/equivariant model using the Reynolds operator. In addition, they define a notion called the equivariant frame to compute the Reynolds operator efficiently.   \n**A:** Our paper does **not** try to provide efficient computation, nor an approximation to the Reynolds operator (group averaging).  Instead, we define a new operator, the Frame Averaging (FA) operator, that has two crucial differences to the Reynolds operator: (i) FA averages on a **subset** of the group; and (ii) FA is input dependent. The FA operator can yield arbitrary different results than the Reynolds operator that averages over the entire group. As mentioned after Theorem 1, FA is a generalization of group averaging. In fact, we even compare with the Reynolds operator (called GA, acronym for Group Averaging) in Section 5.2, showing superiority of FA in performance and computational complexity. \n\n\n**Q:** I would like to point out that the idea of using Reynolds operators to transform a model into an invariant model is found in Kicki et al. 2021, where the construction is exactly the same except for the use of frames. The authors should be cited for this paper. (Kicky et al. A New Approach to Design Symmetry Invariant Neural Networks International Joint Conference on Neural Networks (IJCNN) 2021).   \n**A:** First, let us note that our paper cites **earlier** papers that suggest and use the Reynolds operator than Kicki et al. 2021. This is done before equation 1 in the paper: Murphy ey al. 2018, and Yarotsky who’s original preprint dates back to 2018.  Second, regarding Kicki et al., note that this work considers subgroups of $S_n$, therefore restricts to the finite group case (cannot handle infinite groups such as $E(3)$), and the number of terms in the sum is much larger than required for Frame averaging. In Section 5.2 we compare FA to averaging of $S_n$ using the Reynold operator.\n\n**Q**. The name \"frame\" is confusing with the concept of frame in differential geometry and should be given a different name.  \n**A:** Actually, our frames do relate to frames in differential geometry. Let us try to explain: The method of moving frames, and in particular Darboux frames, are chosen on a surface in $\\mathbb{R}^3$ in an $E(3)$ equivariant manner by aligning them with principal directions and the normal to the surface. If the surface rotates and/or translates the Darboux frame changes accordingly. Our frames can be seen as a generalization of this principle. \nFurther note that also Darboux frames are defined everywhere on the surface **except** at umbilical points, which are defined by repeating eigenvalues of the shape operator, similar to the situation with our $E(d)$ frame construction. \n\n\n**Q:** Theorem 1: It is proved that if a frame is an equivariant function, then a partial sum over the frame gives a transformation to an invariant/equivariant function, but the fact that the frame is defined depending only on the input space is not appropriate. For example, if we have an invariant model F, the proposed method will sum over frames to convert it to an invariant function, which will increase the computational complexity. The transformation should be done without any transformation for the invariant model F. This leads to the problem of overlapping invariants when combined with other models in the experimental section.  \n**A:** We didn’t fully understand this comment. We would like to point out a few aspects that perhaps were misunderstood:  \n1. Our goal in this work is to transform non-invariant/equivariant (backbone) architectures to become invariant or equivariant to new symmetry types. Therefore we **never** apply Frame Averaging to an already invariant/equivariant mode.   \n2. We are not using a partial sum. As mentioned above, our goal is not to compute (or approximate) the full group average but to average over an (equivariant) subset of the group. This operator could have an arbitrarily different value than the full group average.\n\n\n\n"
        },
        "signatures": [
          "ICLR.cc/2022/Conference/Paper2028/Authors"
        ],
        "readers": [
          "everyone"
        ],
        "nonreaders": [],
        "writers": [
          "ICLR.cc/2022/Conference",
          "ICLR.cc/2022/Conference/Paper2028/Authors"
        ]
      },
      {
        "id": "f70Yb8XO5ni",
        "original": null,
        "number": 6,
        "cdate": 1637316635437,
        "mdate": null,
        "ddate": null,
        "tcdate": 1637316635437,
        "tmdate": 1637317240131,
        "tddate": null,
        "forum": "zIUyj55nXR",
        "replyto": "PyKfcA-sTMV",
        "invitation": "ICLR.cc/2022/Conference/Paper2028/-/Official_Comment",
        "content": {
          "title": "Official Response to Reviewer BhKC 2/2",
          "comment": "**Q:** Point cloud models: The $S_n\\times E(d)$ or $SE(d)$-invariant model is constructed by computing a frame for $E(d)$ or $SE(d)$  and transforming the model of the Deep sets with that frame. The simple question is why don't you construct a frame for $S_n\\times E(d) $ or $ SE(d)$? If this method is good enough, the point permutation action should also be subject to the frame averaging model. I would like you to explain the rationale reason for not doing so.  \n**A:** Although frame averaging is general and can be used to construct invariant/equivariant models to any given group G including $S_n \\times E(d)$ it should be used wisely. Frame averaging provides a remedy to the fact that for certain group representations (e.g., for graph functions, and to an extent, point clouds), it is not clear how to construct efficient architectures which are both expressive (i.e., universal) and invariant/equivariant. However, it has a cost: it does not use parameter sharing and requires more function evaluations (as a function of the sizes of the frames). In the specific case of sets, efficient universal invariant/equivariant architectures do exist, i.e., DeepSets. It is therefore redundant to apply frame averaging over the permutation representation for sets. Using Frame Averaging to **add** additional symmetry (e.g., to build a universal E(3) invariant/equivariant point cloud network) is therefore a virtue. \n\n\n\n**Q:** The problem with MLP+FA is that it uses the adjacency matrix itself as input, so when the number of nodes is large, the input space is also large, and the number of parameters is significantly larger than, for example, the model in Maron et al. Is it possible to train MLP+FA with, say, 50 nodes?   \n**A:** First, Maron et al. model is known to be not universal [1]. To make it universal, [2] shows a construction that requires high dimensional tensors, presenting a worse (i.e., exponential) tradeoff between expressiveness and complexity than Frame Averaging. To the best of our knowledge the best expressiveness achieved so far with a quadratic model (i.e., using the adjacency as input) is 3-WL [3], which is also not universal. In fact, as far as we can tell, FA provides the **first** quadratic universal model for graphs. Second, the EXP dataset in Section 5.2 contains graphs with up to 64 nodes, larger than 50, and therefore it is indeed feasible to train models on graphs of that size.\n\n[1] Expressive Power of Invariant and Equivariant Graph Neural Networks,  Azizian et al., International Conference on Learning Representations (ICLR) 2021  \n[2] On the Universality of Invariant Networks,  Maron et al., International Conference on  Machine Learning (ICML) 2019  \n[3] Provably Powerful Graph Networks,  Maron et al., Conference on Neural Information Processing Systems (NeurIPS 2019)\t\n\n**Q:** In a real task, the number of nodes in a graph can take many different values, is it possible to train MLP+FA for such a case?  \n**A:** The solution for such a case is to pad the input according to the size of the largest graph in the dataset. In the EXP dataset (Section 5.2) the sizes of the graphs change from 32 and to 64 and we use padding to process input for the MLP+FA model.  (This is mentioned in appendix C.2.)\n\n**Q:** In GNN+FA, the problem seems to be that invariance is calculated redundantly as described above, and the contribution of this method is not clear.  \n**A:** We respectfully disagree. There are two variants of our implementation to GNN+FA and in both of them the FA procedure is **not** redundant:  \n1. In 5.2 the addressed symmetry is E(3) (the particles’ positions and velocities as node features), which GNN is not equivariant to, and therefore the frame averaging is required.  \n2.  In 5.3 we used the GNN equipped with node identifiers (GIN+ID), an universal but not permutation equivariant model. The additional identifiers ruin the equivariance properties of GNN and in order to obtain an equivariant model FA is necessary. \n\n**Q:** it gives good results, but this could be achieved by, for example, concatting two GNNs and then transforming them with FNN, so we decided that it is not worthy of evaluation.  \n**A:** We are not clear what was the intention here and we would be thankful if the reviewer could clarify.\n\n**Q:** Since calculating the specific frame itself involves mathematical difficulties, I believe that the evaluation should be done on the model for which the frame has been calculated, i.e., for which the experiment has been conducted.  \n**A:** We didn’t understand this comment and would be thankful if the reviewer can rephrase so we can properly respond.\n"
        },
        "signatures": [
          "ICLR.cc/2022/Conference/Paper2028/Authors"
        ],
        "readers": [
          "everyone"
        ],
        "nonreaders": [],
        "writers": [
          "ICLR.cc/2022/Conference",
          "ICLR.cc/2022/Conference/Paper2028/Authors"
        ]
      },
      {
        "id": "SPJPEXdwVkB",
        "original": null,
        "number": 7,
        "cdate": 1637317008771,
        "mdate": 1637317008771,
        "ddate": null,
        "tcdate": 1637317008771,
        "tmdate": 1637317008771,
        "tddate": null,
        "forum": "zIUyj55nXR",
        "replyto": "fdClrbLgAga",
        "invitation": "ICLR.cc/2022/Conference/Paper2028/-/Official_Comment",
        "content": {
          "title": "Official Response to Reviewer 5HAS",
          "comment": "Thank you for your detailed review. Below we address the main comments and \nquestions expressed in this review. All changes refer to the uploaded revision. \n\n**Q:** My concern is mostly about the incompleteness of the framework. It may happen that for some $X$, $F(X)$  is a small set, but for some other $X$, $F(X)$  is large or even infinity. In this case, a deeper analysis on how to separate these two cases is necessary. I am curious to know why \"generically the frame would consist of $2^d$  elements [...], while for rare inputs $X$  the frame can be an infinite set\"?  \n**A:** Thank you for this comment. First, although the infinite frame case if of real interest this paper deals exclusively with **finite** frames. We made that clear in the revision: We added a clear statement at Section 2.1 after Theorem 1, and in Section 2.2 dealing with expressive power, we explicitly state we work in domains where the frame is finite. Furthermore, we have rewritten two paragraphs in Section 3.1 explicitly defining the frame for simple spectrum covariance matrices. We hope it is clearer now why it has $2^d$ elements in this case, and also provide a citation for the genericity claim [1]. In Appendix B (“repeating eigenvalue”) we provide an empirical validation to the genericity claim, namely that all covariance matrices that we encounter have a simple spectrum. Note that in this case the frame size is **constant** where it is defined. In the case of discrete groups (i.e., permutations) there is no natural notion of continuity and indeed frame sizes can change. This seems necessary in this case since, for example, different input graphs could have different self symmetries (automorphisms).\n\n[1] On the geometry of the set of symmetric matrices with repeated eigenvalues, \nBreiding, Kozhasov, Lerario, Arnold Mathematical Journal 4(3), 2018, Springer. \n\n**Q:** It is also not clear how the FA is adapted in the FA-Local-PointNet. A detailed explanation here would be helpful.  \n**A:** Thank you for this comment. We added more details about the FA-Local-Pointnet construction in the appendix, including a visualisation. Please see the appendix, section C.1.   \n\n\n**Q:** No comparison with the previous equivariant architectures are presented.   \n**A:** This is actually not true. We have compared to **4** state-of-the-art equivariant architectures. In more detail:\nIn 5.1 we compared to the Vector Neurons model [1].\nIn 5.2 we compared to SE(3) Transformer [2], TFN [3], and EGNN [4].\nWe strongly believe that this collection of previous works is a solid representation of \ncurrent group equivariant architectures.\n\n[1] Vector neurons: A general framework for so (3)-equivariant networks. Deng et al, ICCV 2021.  \n[2] SE(3)-Transformers: 3D Roto-Translation Equivariant Attention Networks, Fuchs et al, 34th Conference on Neural Information Processing Systems (NeurIPS 2020).   \n[3]  Tensor field networks: Rotation- and translation-equivariant neural networks for 3D  point clouds, Thomas et al, 32th Conference on Neural Information Processing Systems (NeurIPS 2018).  \n[4] E(n) Equivariant Graph Neural Networks, Satorras et al, International Conference on Machine Learning 2021.\n\n**Q:** The definition of the frame $F(X)$  for the case of point clouds and $G=E(d)$  in page 5 is not clear. Why \" $F(X)$  [...] is the collection of $E(3)$ Euclidean transformations defined by [...]\", while in this case, I think,  $F(X)$  must be a subset of  $E(d)$ ?  \n**A:** We have realized the previous frame definition was unclear and rewritten that part in Section 3.1.\n\n\n**Q:** I think the proof of Proposition 1 (Appendix A.6) has some flaws:   \nWhat is $\\Lambda$?  \n (b) you need to prove that $RO$ consists of eigenvectors of $[(R,t)X]^T⋅(I−\\frac{1}{n}11^T)⋅[(R,t)X]$.  \nwhich is - $(R+t1^T)X^T⋅(I−\\frac{1}{n}11^T)⋅X(R+t1^T)^T$   \nrather than - $C=RX^T⋅(I−\\frac{1}{n}11^T)⋅XR^T$   \n...I do not know how it can be true.  \n**A:** For (a), $\\Lambda$ is defined to be the eigenvalues (diagonal) matrix in the eigen-decomposition of $C$ (updated in the revision). For (b), we had a typo in the definition of the group action (corrected in the revision) -   \nOld version was $\\rho_1(g)X = X(R^T+1t^T)$  \nInstead of $\\rho_1(g)X = XR^T+1t^T$.  \nWhich is now fixed and consistent with the proof of proposition 1.\n"
        },
        "signatures": [
          "ICLR.cc/2022/Conference/Paper2028/Authors"
        ],
        "readers": [
          "everyone"
        ],
        "nonreaders": [],
        "writers": [
          "ICLR.cc/2022/Conference",
          "ICLR.cc/2022/Conference/Paper2028/Authors"
        ]
      },
      {
        "id": "S5uJDVBRg6",
        "original": null,
        "number": 8,
        "cdate": 1637340906298,
        "mdate": null,
        "ddate": null,
        "tcdate": 1637340906298,
        "tmdate": 1637340920382,
        "tddate": null,
        "forum": "zIUyj55nXR",
        "replyto": "87LXi4LX9xk",
        "invitation": "ICLR.cc/2022/Conference/Paper2028/-/Official_Comment",
        "content": {
          "title": "Very satisfied",
          "comment": "Thanks for your response and extensive revisions. My questions have been excellently answered and I'll adjust my score."
        },
        "signatures": [
          "ICLR.cc/2022/Conference/Paper2028/Reviewer_CToH"
        ],
        "readers": [
          "everyone"
        ],
        "nonreaders": [],
        "writers": [
          "ICLR.cc/2022/Conference",
          "ICLR.cc/2022/Conference/Paper2028/Reviewer_CToH"
        ]
      },
      {
        "id": "o2UafCRRspN",
        "original": null,
        "number": 9,
        "cdate": 1637576809776,
        "mdate": 1637576809776,
        "ddate": null,
        "tcdate": 1637576809776,
        "tmdate": 1637576809776,
        "tddate": null,
        "forum": "zIUyj55nXR",
        "replyto": "gD6lQdYOWn",
        "invitation": "ICLR.cc/2022/Conference/Paper2028/-/Official_Comment",
        "content": {
          "title": "All my questions are answered, I keep my original score.",
          "comment": "I would like to thank the authors for their response. All the raised questions are properly addressed in their rebuttal and I have no further concerns. \n\nThis is great solid work, and I will keep my original rating of 8. "
        },
        "signatures": [
          "ICLR.cc/2022/Conference/Paper2028/Reviewer_57mq"
        ],
        "readers": [
          "everyone"
        ],
        "nonreaders": [],
        "writers": [
          "ICLR.cc/2022/Conference",
          "ICLR.cc/2022/Conference/Paper2028/Reviewer_57mq"
        ]
      },
      {
        "id": "pfnDkvAA7je",
        "original": null,
        "number": 11,
        "cdate": 1637590693222,
        "mdate": null,
        "ddate": null,
        "tcdate": 1637590693222,
        "tmdate": 1637590802778,
        "tddate": null,
        "forum": "zIUyj55nXR",
        "replyto": "SPJPEXdwVkB",
        "invitation": "ICLR.cc/2022/Conference/Paper2028/-/Official_Comment",
        "content": {
          "title": "The authors have solved the technical issues I raised",
          "comment": "Thank you very much for the authors' responses! The responses are quite helpful and clear. The technical issues I raised have been clarified and fixed. Therefore, I increase the score to 8."
        },
        "signatures": [
          "ICLR.cc/2022/Conference/Paper2028/Reviewer_5HAS"
        ],
        "readers": [
          "everyone"
        ],
        "nonreaders": [],
        "writers": [
          "ICLR.cc/2022/Conference",
          "ICLR.cc/2022/Conference/Paper2028/Reviewer_5HAS"
        ]
      },
      {
        "id": "svKR52BU1sQ",
        "original": null,
        "number": 13,
        "cdate": 1637652525751,
        "mdate": null,
        "ddate": null,
        "tcdate": 1637652525751,
        "tmdate": 1637652780165,
        "tddate": null,
        "forum": "zIUyj55nXR",
        "replyto": "f70Yb8XO5ni",
        "invitation": "ICLR.cc/2022/Conference/Paper2028/-/Official_Comment",
        "content": {
          "title": "Thank you for your reply.",
          "comment": "Thank you for your reply. Many of my questions have been answered.\n\nMy main concern is that because the Frame is tied to an action on the input space, you may be missing cases where a smaller Frame is possible depending on the model.\nFor example, let $f$ be an $A_n$-invariant function,\nthen Reynolds operator can be computed over two elements, id and (12).\nIn this way, when the model is fixed, it is possible to get smaller frames.\n\nThis approach has its merits in that it can be adapted to all models, but I would like you to write a Question in your paper so that the community is aware of this point.\nQuestion: Can model-dependent Frames be found?\n\nAfter checking this part, I am thinking of raising my score too."
        },
        "signatures": [
          "ICLR.cc/2022/Conference/Paper2028/Reviewer_BhKC"
        ],
        "readers": [
          "everyone"
        ],
        "nonreaders": [],
        "writers": [
          "ICLR.cc/2022/Conference",
          "ICLR.cc/2022/Conference/Paper2028/Reviewer_BhKC"
        ]
      },
      {
        "id": "yqZgsHF6k4U",
        "original": null,
        "number": 14,
        "cdate": 1637696974431,
        "mdate": 1637696974431,
        "ddate": null,
        "tcdate": 1637696974431,
        "tmdate": 1637696974431,
        "tddate": null,
        "forum": "zIUyj55nXR",
        "replyto": "svKR52BU1sQ",
        "invitation": "ICLR.cc/2022/Conference/Paper2028/-/Official_Comment",
        "content": {
          "title": "Interesting observation, suggested change",
          "comment": "Thank you for your response and for acknowledging the merits of the suggested approach.  \nRegarding your concern: If we understand correctly, the example you are describing can be formulated in the following general terms: consider a backbone model $\\phi$ that is invariant to $H$, which is a normal subgroup of $G$, namely, $H\\triangleleft G$. Then, making $\\phi$ invariant to $G$ can be done by averaging over arbitrarily chosen representatives from the quotient $G/H$. In some cases, e.g., $A_n \\triangleleft S_n$ such quotient is small and full group averaging is tractable. We agree and think this is an interesting observation, thank you!  \nNote that in some other cases the quotient group can still be too large for full averaging and could benefit from FA, as well.  \nTo address your request, we suggest the following addition to the conclusion/future work part of the paper:  \n“Another interesting open question for function symmetrization is extending the invariance (equivariance) of a model $\\phi$ ($\\Phi$) from a subgroup $H$ of $G$, namely $H<G$, to $G$.”  \n**Please note:** Since replacing the revision PDF is no longer possible in the system at this time, we will incorporate such a sentence in the next revision cycle. \n\n"
        },
        "signatures": [
          "ICLR.cc/2022/Conference/Paper2028/Authors"
        ],
        "readers": [
          "everyone"
        ],
        "nonreaders": [],
        "writers": [
          "ICLR.cc/2022/Conference",
          "ICLR.cc/2022/Conference/Paper2028/Authors"
        ]
      },
      {
        "id": "79QV2rMM9b3",
        "original": null,
        "number": 15,
        "cdate": 1637762128702,
        "mdate": 1637762128702,
        "ddate": null,
        "tcdate": 1637762128702,
        "tmdate": 1637762128702,
        "tddate": null,
        "forum": "zIUyj55nXR",
        "replyto": "yqZgsHF6k4U",
        "invitation": "ICLR.cc/2022/Conference/Paper2028/-/Official_Comment",
        "content": {
          "title": "Thank you for your response.",
          "comment": "Thank you for your reply. First of all, your generalization is correct (It is not necessary that $H$ be normal).\n\nHowever, I have some doubts about the proposed sentence. This is because, in general, the set of representatives does not have a group structure, as in the case where $H$ is not a normal subgroup.\n\nTherefore, the proposed sentence should be \"Another interesting open question for function symmetrization is extending the invariance (equivariance) of a model $ \\phi (\\Phi)$ from a minimal subset $H_{\\phi (\\Phi)}$ of $G$.\"\n\nPlease let me know what you think."
        },
        "signatures": [
          "ICLR.cc/2022/Conference/Paper2028/Reviewer_BhKC"
        ],
        "readers": [
          "everyone"
        ],
        "nonreaders": [],
        "writers": [
          "ICLR.cc/2022/Conference",
          "ICLR.cc/2022/Conference/Paper2028/Reviewer_BhKC"
        ]
      },
      {
        "id": "8mv-4D-vddh",
        "original": null,
        "number": 17,
        "cdate": 1637772618311,
        "mdate": 1637772618311,
        "ddate": null,
        "tcdate": 1637772618311,
        "tmdate": 1637772618311,
        "tddate": null,
        "forum": "zIUyj55nXR",
        "replyto": "79QV2rMM9b3",
        "invitation": "ICLR.cc/2022/Conference/Paper2028/-/Official_Comment",
        "content": {
          "title": "Clarifying the non-normal case, and another suggestion for additional sentences",
          "comment": "We agree that averaging over representatives from **all** cosets lead to an efficient computation of the group averaging (Reynolds operator), and hence to an invariant function. However, the number of cosets can be large (or even infinite), and our point is that we are not sure there exists a **subset** of the representatives, which are not input dependent like a frame, that leads to an invariant function in all cases. \nWe also want to make the point that efficient computation of the Reynolds operator (when it is possible) is a different approach to invariance than Frame Averaging and deserves an independent treatment. If the reviewer agrees we therefore suggest the following *two* sentences:  \n “Another interesting open question for function symmetrization is extending the invariance (or equivariance) of a model $\\phi$ (or $\\Phi$) from a (not necessary normal) subgroup $H$ of $G$, to $G$. A different approach for building efficient invariant/equivariant operators is to come up with an efficient computation to the full group averaging operator.”\n"
        },
        "signatures": [
          "ICLR.cc/2022/Conference/Paper2028/Authors"
        ],
        "readers": [
          "everyone"
        ],
        "nonreaders": [],
        "writers": [
          "ICLR.cc/2022/Conference",
          "ICLR.cc/2022/Conference/Paper2028/Authors"
        ]
      },
      {
        "id": "5qD2RRPKdDA",
        "original": null,
        "number": 18,
        "cdate": 1638113697145,
        "mdate": 1638113697145,
        "ddate": null,
        "tcdate": 1638113697145,
        "tmdate": 1638113697145,
        "tddate": null,
        "forum": "zIUyj55nXR",
        "replyto": "8mv-4D-vddh",
        "invitation": "ICLR.cc/2022/Conference/Paper2028/-/Official_Comment",
        "content": {
          "title": "Very satisfied.",
          "comment": "Sorry for the late reply.\nI think the proposed text has been improved.\n\nI believe that your model of the point cloud is successful in adding invariance efficiently because the group is decomposed into a direct product.\nHowever, as the $A_n$ example above shows, I thought that the frame-like set should change depending on the base model as well as the input.\nIn any case, I think we had a good discussion.\n\nI change my score to 8."
        },
        "signatures": [
          "ICLR.cc/2022/Conference/Paper2028/Reviewer_BhKC"
        ],
        "readers": [
          "everyone"
        ],
        "nonreaders": [],
        "writers": [
          "ICLR.cc/2022/Conference",
          "ICLR.cc/2022/Conference/Paper2028/Reviewer_BhKC"
        ]
      },
      {
        "id": "gonCIz3lhC5",
        "original": null,
        "number": 1,
        "cdate": 1642696979145,
        "mdate": null,
        "ddate": null,
        "tcdate": 1642696979145,
        "tmdate": 1642696979145,
        "tddate": null,
        "forum": "zIUyj55nXR",
        "replyto": "zIUyj55nXR",
        "invitation": "ICLR.cc/2022/Conference/Paper2028/-/Decision",
        "content": {
          "title": "Paper Decision",
          "decision": "Accept (Oral)",
          "comment": "The submission proposes a method to make a pre-existing model equivariant to desired symmetries: frame averaging. The strategy relies on a significant reduction of the number of symmetries to average over (with respect to the Reynolds operator) and uniform subsampling. The paper also demonstrates the usefulness of this method theoretically (universal approximation result) and practically (competitive performance). The contributions are clear and the core idea is simple.\nI recommend this paper for acceptance with spotlight."
        },
        "signatures": [
          "ICLR.cc/2022/Conference/Program_Chairs"
        ],
        "readers": [
          "everyone"
        ],
        "nonreaders": [],
        "writers": [
          "ICLR.cc/2022/Conference/Program_Chairs"
        ]
      }
    ],
    "directReplies": [
      {
        "id": "fdClrbLgAga",
        "original": null,
        "number": 1,
        "cdate": 1635864274350,
        "mdate": null,
        "ddate": null,
        "tcdate": 1635864274350,
        "tmdate": 1637590779289,
        "tddate": null,
        "forum": "zIUyj55nXR",
        "replyto": "zIUyj55nXR",
        "invitation": "ICLR.cc/2022/Conference/Paper2028/-/Official_Review",
        "content": {
          "summary_of_the_paper": "The authors introduce Frame Averaging (FA), a general framework for adapting known architectures to become invariant or equivariant with respect to a general group by using group averaging operator. The idea of FA is to replace the averaging operator over the entire group by the averaging over a smaller set of group elements but still achieve the full invariant/equivariant property.",
          "main_review": "*Strengths*\n- The idea of replacing the averaging operator over the entire group by the FA is innovative. FA is simpler to compute and has less complexity in comparison with the averaging operator over the entire group.\n\n- The authors prove that the FA-based models preserve the universality property of their backbone architectures. \n\n- The FA framework is then applied to design several invariant and equivariant architectures for point clouds and graphs.\n\n*Weaknesses*\n\n- My concern is mostly about the incompleteness of the framework. It may happen the case that for some $\\mathbf{X}$, $\\mathcal{F}(\\mathbf{X})$ is a small set, but for some other $\\mathbf{X}$, $\\mathcal{F}(\\mathbf{X})$ is large or even infinity. (For example the frame choice in Subsection 3.1 is in this case). In this case, a deeper analysis on how to separate these two cases and how to deal when $\\mathcal{F}(\\mathbf{X})$ is large or even infinity is necessary.\n\n- It is also not clear how the FA is adapted in the DA-Local-PointNet. A detailed explanation here would be helpful.\n\n- No comparison with the previous equivariant architectures are presented. Therefore, it is hard to estimate how novel and efficient the framework is in the world of current group equivariant architectures.\n\n- Some technical parts are quite compact and not easy to read. Maybe the reason is that the paper includes rich contents and the authors tried to fix all of them in 9 pages.",
          "summary_of_the_review": "In addition, I have some comments on the technical parts of the paper:\n\n- The definition of the frame $\\mathcal{F}(\\mathbf{X})$ for the case of point clouds and $G=E(d)$ in page 5 is not clear. Why \"$\\mathcal{F}(\\mathbf{X})$ [...] is the collection of E(3) Euclidean transformations defined by [...]\", while in this case, I think, $\\mathcal{F}(\\mathbf{X})$ must be a subset of $E(d)$?\n\n- I am curious to know why \"generically the frame would consist of $2^d$ elements [...], while for rare inputs $\\mathbf{X}$ the frame can be an infinite set\"? I think this remark is crucial for the proposed method as it affects the size of the FA framework.\n\n- I think the proof of Proposition 1 (Appendix A.6) has some flaws:\n\n     -- Line 3: What is $\\Lambda$? It is not defined yet.\n\n     -- Line 6-7: It seems to me that, you need to prove that $\\mathbf{RO}$ consists of eigenvectors of \n$$[(\\mathbf{R},\\mathbf{t})\\mathbf{X}]^T \\cdot (I-\\frac{1}{n} \\mathbf{1} \\mathbf{1}^T) \\cdot [(\\mathbf{R},\\mathbf{t})\\mathbf{X}]$$\nwhich is \n$$(\\mathbf{R}+\\mathbf{t} \\mathbf{1}^T) \\mathbf{X}^T \\cdot (I-\\frac{1}{n} \\mathbf{1} \\mathbf{1}^T) \\cdot \\mathbf{X} (\\mathbf{R}+\\mathbf{t} \\mathbf{1}^T)^T$$\nrather than \n$$C = \\mathbf{R} \\mathbf{X}^T \\cdot (I-\\frac{1}{n} \\mathbf{1} \\mathbf{1}^T) \\cdot \\mathbf{X} \\mathbf{R}^T$$\nas you claimed. If this is exactly the case, I do not know how it can be true.",
          "correctness": "3: Some of the paper’s claims have minor issues. A few statements are not well-supported, or require small changes to be made correct.",
          "technical_novelty_and_significance": "4: The contributions are significant, and do not exist in prior works.",
          "empirical_novelty_and_significance": "3: The contributions are significant and somewhat new. Aspects of the contributions exist in prior work.",
          "flag_for_ethics_review": [
            "NO."
          ],
          "recommendation": "8: accept, good paper",
          "confidence": "2: You are willing to defend your assessment, but it is quite likely that you did not understand the central parts of the submission or that you are unfamiliar with some pieces of related work. Math/other details were not carefully checked."
        },
        "signatures": [
          "ICLR.cc/2022/Conference/Paper2028/Reviewer_5HAS"
        ],
        "readers": [
          "everyone"
        ],
        "nonreaders": [],
        "writers": [
          "ICLR.cc/2022/Conference",
          "ICLR.cc/2022/Conference/Paper2028/Reviewer_5HAS"
        ]
      },
      {
        "id": "GeQT-4h5O9",
        "original": null,
        "number": 2,
        "cdate": 1635866896964,
        "mdate": null,
        "ddate": null,
        "tcdate": 1635866896964,
        "tmdate": 1638159655952,
        "tddate": null,
        "forum": "zIUyj55nXR",
        "replyto": "zIUyj55nXR",
        "invitation": "ICLR.cc/2022/Conference/Paper2028/-/Official_Review",
        "content": {
          "summary_of_the_paper": "This paper proposes a method to transform a model into an invariant/equivariant model using the Reynolds operator.\nIn addition, they define a notion called the equivariant frame to compute the Reynolds operator efficiently.",
          "main_review": "Strengths \nThis paper proposes a general method for transforming existing models into invariant/equivariant models using Reynolds operators.\nCombined with other methods, it provides state-of-the-art experimental results.\n\nWeaknesses & Questions\nFirst of all, I would like to point out that the idea of using Reynolds operators to transform a model into an invariant model is found in Kicki et al. 2021, where the construction is exactly the same except for the use of frames.\nThe authors should be cited for this paper.\nAlso, the name \"frame\" is confusing with the concept of frame in differential geometry and should be given a different name.\n\nTheorem 1: It is proved that if a frame is an equivariant function, then a partial sum over the frame gives a transformation to an invariant/equivariant function, but the fact that the frame is defined depending only on the input space is not appropriate.\nFor example, if we have an invariant model F, the proposed method will sum over frames to convert it to an invariant function, which will increase the computational complexity. The transformation should be done without any transformation for the invariant model F.\nThis leads to the problem of overlapping invariants when combined with other models in the experimental section.\n\nAlso, since calculating the specific frame itself involves mathematical difficulties, I believe that the evaluation should be done on the model for which the frame has been calculated, i.e., for which the experiment has been conducted.\n\nPoint cloud models:\nThe $S_n \\times E(d)$ or $SE(d)$-invariant model is constructed by computing a frame for $E(d)$ or $SE(d)$ and transforming the model of the Deep sets with that frame.\nThe simple question is why don't you construct a frame for $S_n \\times E(d)$ or $SE(d)$?\nIf this method is good enough, the point permutation action should also be subject to the frame averaging model.\nI would like you to explain the rationale reason for not doing so.\n\nGraph models:\nTwo types of models have been proposed: MLP+FA and GNN+FA.\nThe problem with MLP+FA is that it uses the adjacency matrix itself as input, so when the number of nodes is large, the input space is also large, and the number of parameters is significantly larger than, for example, the model in Maron et al.\nIs it possible to train MLP+FA with, say, 50 nodes?\nAlso, in a real task, the number of nodes in a graph can take many different values, is it possible to train MLP+FA for such a case?\nIn GNN+FA, the problem seems to be that invariance is calculated redundantly as described above, and the contribution of this method is not clear.\n\nReference\n\nZaheer et al.\nDeep sets\nNeural Information Processing Systems (NeurIPS) 2017.\n\nMaron et al. Invariant and Equivariant Graph Networks\nInternational Conference on Learning Representations (ICLR) 2019\n\nKicky et al.\nA New Approach to Design Symmetry Invariant Neural Networks\nInternational Joint Conference on Neural Networks (IJCNN) 2021\n\n\n\n",
          "summary_of_the_review": "The structure of the proposed model has already been seen in Kicki et al. 2021 except for the use of frames, and even if frames are used, MLP+FA for example does not seem to be able to handle changes in inputs such as changes in the number of nodes in the graph.\nWhen combined with the existing strong methods, it gives good results, but this could be achieved by, for example, concatting two GNNs and then transforming them with FNN, so we decided that it is not worthy of evaluation.\n\nAfter some discussion, the score was raised because the theoretical uncertainties and doubts were resolved.\n\n\n\n\n",
          "correctness": "4: All of the claims and statements are well-supported and correct.",
          "technical_novelty_and_significance": "4: The contributions are significant, and do not exist in prior works.",
          "empirical_novelty_and_significance": "4: The contributions are significant, and do not exist in prior works.",
          "flag_for_ethics_review": [
            "NO."
          ],
          "details_of_ethics_concerns": "There are no ethical issues in this paper.",
          "recommendation": "8: accept, good paper",
          "confidence": "5: You are absolutely certain about your assessment. You are very familiar with the related work and checked the math/other details carefully."
        },
        "signatures": [
          "ICLR.cc/2022/Conference/Paper2028/Reviewer_BhKC"
        ],
        "readers": [
          "everyone"
        ],
        "nonreaders": [],
        "writers": [
          "ICLR.cc/2022/Conference",
          "ICLR.cc/2022/Conference/Paper2028/Reviewer_BhKC"
        ]
      },
      {
        "id": "1o77Q-KAEmD",
        "original": null,
        "number": 3,
        "cdate": 1635876518358,
        "mdate": null,
        "ddate": null,
        "tcdate": 1635876518358,
        "tmdate": 1635876518358,
        "tddate": null,
        "forum": "zIUyj55nXR",
        "replyto": "zIUyj55nXR",
        "invitation": "ICLR.cc/2022/Conference/Paper2028/-/Official_Review",
        "content": {
          "summary_of_the_paper": "**Summary and Contributions**:\n\nThe paper introduces a framework called Frame Averaging (FA) that can adapt existing backbone architectures to become invariant/equivariant to new symmetry types. It achieves this by averaging over an input-dependent frame which outputs a subset of groups. Frame averaging is often much more efficient to compute than averaging over the entire group, while at the same time, guarantees exact invariance/equivariance.\n\nOn the technical side, the paper also proves that FA-based models have the same expressive power as the original backbone architectures.\n\nOn the empirical side, the paper provides new classes of models using FA such as universal Euclidean motion invariant point cloud networks / Message Passing GNNs, and demonstrates their practical effectiveness on several tasks.\n",
          "main_review": "**Strengths**:\n\n- *FA is a very simple framework yet it is potentially very useful*. Group equivariance is an important form of inductive bias in deep learning architectures, but designing architectures that has such equivariance is challenging. It would be very useful if we could adapt any back architecture to become invariant/equivariant to a certain group. However, the previously studied group averaging is computationally infeasible when the group is large, so this paper, which greatly reduces the computational cost of group averaging, could be potentially very useful. I really like this work, and will be looking forward to seeing future development of this work.\n- *Technical statements are all sound and proved*. Mathematical statements in this paper all look correct to me, and they have provided proofs. These statements are clear and rigorous.\n- *Impressive results*. Using the simple idea of frame averaging, the paper demonstrates state-of-the-art results on several tasks. The results are impressive, which suggests that the FA framework can be very useful in practice.\n\n**Weaknesses**:\n- *Lack of simple examples*. While it is not hard to check the correctness of all these statements, it takes me some time to form an intuition of what is proposed in this paper. It would help me a lot if the authors could provide a simple example at the beginning to give readers some intuition. For example, it might be good to work through an example to make MLP translation equivariant (with the simplest possible construction of frames)?  \n- *Insufficient study and explanation of the proposed frames*. \n  - The construction of frames in Section 3.1 seems to come out of nowhere. While I could check they are indeed equivariant, I don’t think I understand the motivation or thinking process behind such designs. \n  - Furthermore, can the frames be simplified? As an example, if we let the input $X$ be a function on groups, i.e. $X=f(g),g\\in G$. Can we let $F(f) = \\arg\\max_{g} ||f(g)||$? I might be wrong, but I think this simple construction is also equivariant? \n  - Are the number of elements output by frames the smaller the better, or is there a balance between performance and computational efficiency?\n\n**Questions**:\n*How stable are the proposed frames*? For the proposed frames, I would be interested to know how stable they are? That is to say, if I add noise to the inputs, will the output subset of groups be significantly different? \n",
          "summary_of_the_review": "The paper studies an important problem that could potentially have great impact: How to adapt existing architectures to become invariant/equivariant to a certain group while maintaining the expressive power and computational efficiency of the original backbone model? The paper provides a simple yet effective solution. The technical statements are sound and the empirical results are impressive.",
          "correctness": "4: All of the claims and statements are well-supported and correct.",
          "technical_novelty_and_significance": "4: The contributions are significant, and do not exist in prior works.",
          "empirical_novelty_and_significance": "4: The contributions are significant, and do not exist in prior works.",
          "flag_for_ethics_review": [
            "NO."
          ],
          "details_of_ethics_concerns": "No ethics concerns",
          "recommendation": "8: accept, good paper",
          "confidence": "4: You are confident in your assessment, but not absolutely certain. It is unlikely, but not impossible, that you did not understand some parts of the submission or that you are unfamiliar with some pieces of related work."
        },
        "signatures": [
          "ICLR.cc/2022/Conference/Paper2028/Reviewer_57mq"
        ],
        "readers": [
          "everyone"
        ],
        "nonreaders": [],
        "writers": [
          "ICLR.cc/2022/Conference",
          "ICLR.cc/2022/Conference/Paper2028/Reviewer_57mq"
        ]
      },
      {
        "id": "lj7g6DnolUS",
        "original": null,
        "number": 4,
        "cdate": 1636561149254,
        "mdate": null,
        "ddate": null,
        "tcdate": 1636561149254,
        "tmdate": 1637340950949,
        "tddate": null,
        "forum": "zIUyj55nXR",
        "replyto": "zIUyj55nXR",
        "invitation": "ICLR.cc/2022/Conference/Paper2028/-/Official_Review",
        "content": {
          "summary_of_the_paper": "The paper proposes to make any neural network equivariant by symmetrizing over a subset of the group, rather than over whole group. If the subset selection F(X), depending on input X, is equivariant (gFX=FgX), then the symmetrization is equivariant.\nThe authors furthermore prove:\n1)\tWhen interested in invariant prediction, the subset can be chosen in the quotient G/G_X, where G_X is the stabilizer subgroup of X.\n2)\tWhen symmetrizing with a random subsample of F(X), the probability of a particular subsample that deviates from symmetrizing with all of F(X) by less than some epsilon, is bounded below.\n3)\tWhen using the symmetrization of a universal model, the resulting model class is universal in the class of equivariant functions.\n",
          "main_review": "Strengths:\n-\tThe paper proposes a very practical strategy of building equivariant nets\n-\tThe universality proof helps convince the reader to use this method\n-\tThe paper considers and experiments on three different instantiations of their method, showing wide applicability.\n-\tThe experimental results show the method performs competitively.\n\nWeaknesses:\n-\tI don’t understand what’s happening in theorem 4. It considers a subsample $\\hat\\mu$ of F(X) to be ‘good’ when the symmetrizer that uses the subsample is epsilon-close to the full F(X) symmetrizer. Then it says that the probability of *one particular* good subsample is bounded below.\nHowever, that bound seems vacuus, as plugging any reasonable number brings the bound quickly close to 0. Also, it’s counter-intuitive why the bound should become looser as epsilon grows or as k grows.\nWhat one would want instead is giving a lower bound of the probability that we get *any* $\\hat\\mu$ that is epsilon-close to the full F(X) symmetrizer. And we want this bound to get higher when epsilon or k increases.\nThe line below theorem 4 draws a conclusion that would follow from a theorem as I propose it above, not from the theorem in the paper.\nAs it is currently stated – and I’m not completely misunderstanding – theorem 4 can best be removed from the paper. \n-\tIt is a bit unclear when the results apply to finite and infinite groups and frames F(X). Everywhere, a summation symbol is used, but in some places, F(X) is infinite. In the infinite cases, which measure should then be used? Can one always use some canonical Haar-like measure? In particular, in the proofs of theorem 1 and theorem 4 this should be discussed.\n-\tThe writing of the paper can be improved. I don’t follow the choice of F(X) for the E(d) case. Which are the 2^d O(d) matrices? Perhaps the authors can elaborate in more detail one of the examples how to construct F(X) in the main paper, and then do the other two in the appendix. \n-\tI would like some more theoretical discussion about the choice of F(X). Does the choice of F(X) affect the output? If so, how? Is F(X) required to be continuous / does a continuous (non-trivial) F(X) always exist? What does the topology on 2^G look like? How does this affect the continuity of the symmetrized function? If it is discontinuous, does that affect the universality? When can F(X) be chosen to be finite?\n \nOther comments:\n-\tWhy does GA-MLP and GA-GIN+ID only get 50% score on EXP-classify? Are you there using a finite subsample of G or F(X)? And could you give any insight into why we’d expect then complete failure for a G subsample and complete success for a F(X) subsample?\n-\tIn the proof of theorem 5, which norm is used for ||rho_2(g)|| ? It can’t be the max K-norm because K is a subset of the input of phi, not the output. Is it the operator norm?\n-\tI would like theorem 1 to be put in the main paper, as it shows why the key construction is correct.\n-\tI think a citation would be appropriate to Finzi et al 2020, “Generalizing Convolutional Neural Networks for Equivariance to Lie Groups on Arbitrary Continuous Data”, as they also consider sampling from the group to build equivariant networks.\n-\tWhy have the authors chosen the name “frame” for F(X)? I know frame as a set of vectors or in the context of a frame bundle.\n",
          "summary_of_the_review": "I think this is a great paper, as it proposes a new practical method for building equivariant networks which is broadly applicable, universal and performs well in practice. I have serious concerns about theorem 4. If the authors convince me why it makes sense, or if they remove it, I will increase my score.\n\nI've updated my score after the response and revision.",
          "correctness": "2: Several of the paper’s claims are incorrect or not well-supported.",
          "technical_novelty_and_significance": "4: The contributions are significant, and do not exist in prior works.",
          "empirical_novelty_and_significance": "3: The contributions are significant and somewhat new. Aspects of the contributions exist in prior work.",
          "flag_for_ethics_review": [
            "NO."
          ],
          "recommendation": "8: accept, good paper",
          "confidence": "4: You are confident in your assessment, but not absolutely certain. It is unlikely, but not impossible, that you did not understand some parts of the submission or that you are unfamiliar with some pieces of related work."
        },
        "signatures": [
          "ICLR.cc/2022/Conference/Paper2028/Reviewer_CToH"
        ],
        "readers": [
          "everyone"
        ],
        "nonreaders": [],
        "writers": [
          "ICLR.cc/2022/Conference",
          "ICLR.cc/2022/Conference/Paper2028/Reviewer_CToH"
        ]
      },
      {
        "id": "gonCIz3lhC5",
        "original": null,
        "number": 1,
        "cdate": 1642696979145,
        "mdate": null,
        "ddate": null,
        "tcdate": 1642696979145,
        "tmdate": 1642696979145,
        "tddate": null,
        "forum": "zIUyj55nXR",
        "replyto": "zIUyj55nXR",
        "invitation": "ICLR.cc/2022/Conference/Paper2028/-/Decision",
        "content": {
          "title": "Paper Decision",
          "decision": "Accept (Oral)",
          "comment": "The submission proposes a method to make a pre-existing model equivariant to desired symmetries: frame averaging. The strategy relies on a significant reduction of the number of symmetries to average over (with respect to the Reynolds operator) and uniform subsampling. The paper also demonstrates the usefulness of this method theoretically (universal approximation result) and practically (competitive performance). The contributions are clear and the core idea is simple.\nI recommend this paper for acceptance with spotlight."
        },
        "signatures": [
          "ICLR.cc/2022/Conference/Program_Chairs"
        ],
        "readers": [
          "everyone"
        ],
        "nonreaders": [],
        "writers": [
          "ICLR.cc/2022/Conference/Program_Chairs"
        ]
      }
    ]
  }
}