{
  "id": "0ORqsMY6OL",
  "number": 1340,
  "cdate": 1682984213594,
  "tcdate": 1682984213594,
  "mdate": 1703022618069,
  "tmdate": 1703022618069,
  "signatures": [
    "NeurIPS.cc/2023/Conference/Submission1340/Authors"
  ],
  "readers": [
    "everyone"
  ],
  "writers": [
    "NeurIPS.cc/2023/Conference",
    "NeurIPS.cc/2023/Conference/Submission1340/Authors"
  ],
  "forum": "0ORqsMY6OL",
  "content": {
    "title": "Improved Communication Efficiency in Federated Natural Policy Gradient via ADMM-based Gradient Updates",
    "authors": [
      "Guangchen Lan",
      "Han Wang",
      "James Anderson",
      "Christopher Brinton",
      "Vaneet Aggarwal"
    ],
    "authorids": [
      "~Guangchen_Lan1",
      "~Han_Wang14",
      "~James_Anderson6",
      "~Christopher_Brinton1",
      "~Vaneet_Aggarwal1"
    ],
    "keywords": [
      "reinforcement learning",
      "federated learning"
    ],
    "TLDR": "We propose a federated reinforcement learning method based on ADMM. The communication complexity of each agent is reduced from $O(d^2)$ to $O(d)$, where $d$ is the number of model parameters.",
    "abstract": "Federated reinforcement learning (FedRL) enables agents to collaboratively train a global policy without sharing their individual data. However, high communication overhead remains a critical bottleneck, particularly for natural policy gradient (NPG) methods, which are second-order. To address this issue, we propose the FedNPG-ADMM framework, which leverages the alternating direction method of multipliers (ADMM) to approximate global NPG directions efficiently. We theoretically demonstrate that using ADMM-based gradient updates reduces communication complexity from $\\mathcal{O}({d^{2}})$ to $\\mathcal{O}({d})$ at each iteration, where $d$ is the number of model parameters. Furthermore, we show that achieving an $\\epsilon$-error stationary convergence requires $\\mathcal{O}(\\frac{1}{(1-\\gamma)^{2}{\\epsilon}})$ iterations for discount factor $\\gamma$, demonstrating that FedNPG-ADMM maintains the same convergence rate as standard FedNPG. Through evaluation of the proposed algorithms in MuJoCo environments, we demonstrate that FedNPG-ADMM maintains the reward performance of standard FedNPG, and that its convergence rate improves when the number of federated agents increases.",
    "venue": "NeurIPS 2023 poster",
    "venueid": "NeurIPS.cc/2023/Conference",
    "pdf": "/pdf/fc2bfcf5a25b519ad182742ee18bdffc5adc842e.pdf",
    "supplementary_material": "/attachment/a95b22a723f068713f469bf873277e0f7208a978.zip",
    "_bibtex": "@inproceedings{\nlan2023improved,\ntitle={Improved Communication Efficiency in Federated Natural Policy Gradient via {ADMM}-based Gradient Updates},\nauthor={Guangchen Lan and Han Wang and James Anderson and Christopher Brinton and Vaneet Aggarwal},\nbooktitle={Thirty-seventh Conference on Neural Information Processing Systems},\nyear={2023},\nurl={https://openreview.net/forum?id=0ORqsMY6OL}\n}",
    "paperhash": "lan|improved_communication_efficiency_in_federated_natural_policy_gradient_via_admmbased_gradient_updates"
  },
  "invitations": [
    "NeurIPS.cc/2023/Conference/-/Submission",
    "NeurIPS.cc/2023/Conference/-/Post_Submission",
    "NeurIPS.cc/2023/Conference/Submission1340/-/Revision",
    "NeurIPS.cc/2023/Conference/Submission1340/-/Supplementary_Material_Revision",
    "NeurIPS.cc/2023/Conference/-/Edit",
    "NeurIPS.cc/2023/Conference/Submission1340/-/Camera_Ready_Revision"
  ],
  "domain": "NeurIPS.cc/2023/Conference",
  "pdate": 1695325755879,
  "odate": 1698949698929,
  "version": 2,
  "details": {
    "writable": false,
    "tags": [],
    "replyCount": 15,
    "directReplyCount": 6,
    "replies": [
      {
        "id": "nTW5QiLfQo",
        "number": 1,
        "cdate": 1687873650206,
        "tcdate": 1687873650206,
        "mdate": 1702410782441,
        "tmdate": 1702410782441,
        "signatures": [
          "NeurIPS.cc/2023/Conference/Submission1340/Reviewer_ZDkh"
        ],
        "nonreaders": [],
        "readers": [
          "everyone"
        ],
        "writers": [
          "NeurIPS.cc/2023/Conference",
          "NeurIPS.cc/2023/Conference/Submission1340/Reviewer_ZDkh"
        ],
        "forum": "0ORqsMY6OL",
        "replyto": "0ORqsMY6OL",
        "content": {
          "summary": "This paper proposes a communication-efficient algorithm, FedNPG-ADMM, for federated natural policy gradient by using a reformulation of quadratic problem. It reduces the communication complexity from $\\mathcal{O}(d^2)$ to $\\mathcal{O}(d)$. The convergence analysis is provided accordingly.",
          "soundness": "3 good",
          "presentation": "3 good",
          "contribution": "3 good",
          "strengths": "1. The paper is well-written and clearly presented.\n2. The reformulation of the original quadratic problem into a distributed manner (eq 14) is a smart move.\n3. Using ADMM-based global direction estimation to reduce the communication complexity by $\\mathcal{O}(d)$.\n4. Stationary convergence in non-convex case is provided, which is the same order as the standard FedNPG.",
          "weaknesses": "As it is in the federated learning (FL) setting, I am curious about main difference between the FL setting considered in this paper and the classic distributed learning.\n1. data heterogeneity is one of the key features in FL, but how it impact the model performance does not clearly discussed in the paper, neither in theory or in experiments. \n2. To reduce the communication costs, local updates are often used within each agent for FL algorithms. But in the FedNPG-ADMM algorithm proposed in this paper, there is no local update step for each agent. Could local steps be directly applied in the FedNPG-ADMM and further reduce the communication cost while maintaining the same convergence?\nGiven above, to be precise, the setting for this paper is a distributed learning setting, rather than FL with data heterogeneity and local update.\n\nThe major contribution is the communication reduction as claimed in the paper, so I expect the experiments could have more comparison of direct communication costs.\n1. Directly comparison in terms of the communication cost should be given. In other words, the results with communication cost as the x-axis are also desired.\n2. Appreciate it if other baselines could be included other than FedNPG. I am curious about the actual communication costs among first-order methods, second-order methods (FedNPG), and approximated version of second-order methods (FedNPG-ADMM). ",
          "questions": "see above",
          "limitations": "The authors have adequately addressed the limitations.",
          "flag_for_ethics_review": [
            "No ethics review needed."
          ],
          "rating": "6: Weak Accept: Technically solid, moderate-to-high impact paper, with no major concerns with respect to evaluation, resources, reproducibility, ethical considerations.",
          "confidence": "4: You are confident in your assessment, but not absolutely certain. It is unlikely, but not impossible, that you did not understand some parts of the submission or that you are unfamiliar with some pieces of related work.",
          "code_of_conduct": "Yes"
        },
        "invitations": [
          "NeurIPS.cc/2023/Conference/Submission1340/-/Official_Review",
          "NeurIPS.cc/2023/Conference/-/Edit"
        ],
        "domain": "NeurIPS.cc/2023/Conference",
        "license": "CC BY 4.0",
        "version": 2
      },
      {
        "id": "y4B7DUSn0R",
        "number": 2,
        "cdate": 1688424403494,
        "tcdate": 1688424403494,
        "mdate": 1702410782369,
        "tmdate": 1702410782369,
        "signatures": [
          "NeurIPS.cc/2023/Conference/Submission1340/Reviewer_pYuC"
        ],
        "nonreaders": [],
        "readers": [
          "everyone"
        ],
        "writers": [
          "NeurIPS.cc/2023/Conference",
          "NeurIPS.cc/2023/Conference/Submission1340/Reviewer_pYuC"
        ],
        "forum": "0ORqsMY6OL",
        "replyto": "0ORqsMY6OL",
        "content": {
          "summary": "The paper studies how to train a global policy using distributed data in reinforcement learning. The authors propose a distributed natural policy gradient method by employing ADMM to approximately compute a natural policy gradient direction. The communication complexity is linear in the dimension of policy parameters. The authors also prove the sublinear iteration complexity for achieving a stationary point. The effectiveness of the proposed method is finally verified in MuJoCo experiments. ",
          "soundness": "2 fair",
          "presentation": "2 fair",
          "contribution": "2 fair",
          "strengths": "**originality**\n\nHigh communication complexity is a bottleneck for implementing many RL algorithms in federated training. I believe the novelty of this work lies in a new application of ADMM to a popular RL algorithm: natural policy gradient. This method achieves better communication complexity than one for the naive method. I am not aware of this method in the literature.  \n\n**quality**\n\n- The authors provide the stationary-point analysis of the proposed method in a distributed training setting.\n\n- The authors verify the use of the proposed method in experiments. \n\n**clarity**\n\nThe proposed method and theory are clearly explained.\n\n**significance**\n\n- The distributed training algorithm is important for applying RL in distributed systems. \n\n- The stationary-point convergence guarantee is provided. ",
          "weaknesses": "- The naive method of fererated natural policy gradient only has quadratic communication complexity with respect to the dimension of policy parameter. This does not seem to be a real bottleneck.\n\n- Directly extending centralized RL algorithms is not very significant, since fault-tolerance and robustness issues are more important to distributed systems. \n\n- It is important to compare communication complexity with the literature, e.g., Fault-Tolerant Federated Reinforcement Learning with Theoretical Guarantee. \n\n- Some assumptions can be strong in practice, e.g., the invertibility of Hessian. It is useful to provide examples when Hessian is invertible. \n\n- The provided convergence property can be arbitrarily sub-optimal, and it is not clear how to check all assumptions. The stationary-point analysis has a gap with the convergence rate analysis of natural policy gradient in the literature. \n\n- The experimental setting is artificial since it is not originally designed for federated learning. There are no comparable baselines in experiments. ",
          "questions": "\nSome questions are raised in Weaknesses. Here are some other questions. \n\n- Can the authors provide robustness or fault-tolerance guarantees?  \n\n- Can ADMM-based update be applied to other policy gradient methods? It is useful to discuss generalizability. \n\n- Since the global convergence exists in many policy gradient methods, can the authors strengthen the convergence guarantees? \n\n- Can the authors compare the proposed method with other baselines, e.g., Fault-Tolerant Federated Reinforcement Learning with Theoretical Guarantee?",
          "limitations": "Yes.",
          "flag_for_ethics_review": [
            "No ethics review needed."
          ],
          "rating": "4: Borderline reject: Technically solid paper where reasons to reject, e.g., limited evaluation, outweigh reasons to accept, e.g., good evaluation. Please use sparingly.",
          "confidence": "4: You are confident in your assessment, but not absolutely certain. It is unlikely, but not impossible, that you did not understand some parts of the submission or that you are unfamiliar with some pieces of related work.",
          "code_of_conduct": "Yes"
        },
        "invitations": [
          "NeurIPS.cc/2023/Conference/Submission1340/-/Official_Review",
          "NeurIPS.cc/2023/Conference/-/Edit"
        ],
        "domain": "NeurIPS.cc/2023/Conference",
        "license": "CC BY 4.0",
        "version": 2
      },
      {
        "id": "YurdiGxIyL",
        "number": 3,
        "cdate": 1688523365676,
        "tcdate": 1688523365676,
        "mdate": 1702410782285,
        "tmdate": 1702410782285,
        "signatures": [
          "NeurIPS.cc/2023/Conference/Submission1340/Reviewer_GLbD"
        ],
        "nonreaders": [],
        "readers": [
          "everyone"
        ],
        "writers": [
          "NeurIPS.cc/2023/Conference",
          "NeurIPS.cc/2023/Conference/Submission1340/Reviewer_GLbD"
        ],
        "forum": "0ORqsMY6OL",
        "replyto": "0ORqsMY6OL",
        "content": {
          "summary": "This paper applies the ADMM technique to the Fed-NPG algorithm in reinforcement learning and reduces the communication cost from $O(d^2)$ to $O(d)$ where $d$ is the number of parameters, which nearly maintains the convergence results of Fed-NPG. Empirical results verify the theoretical analysis.",
          "soundness": "3 good",
          "presentation": "3 good",
          "contribution": "3 good",
          "strengths": "The communication cost reduction is impressive since in the federated learning setting, the communication cost is one of the bottlenecks, and the convergence results are nearly the same as Fed-NPG. The idea to combine natural policy gradient with ADMM style methods (or the penalty functions) is interesting (and at least novel to me).",
          "weaknesses": "I am not very familiar with reinforcement learning, and thus may not find potential weaknesses. However, I suggest comparing with the original policy gradient methods in the empirical section and even in the main content (show that Fed-NPG-ADMM converges much fast than the policy gradient variation in federated learning) and plotting all the communication cost for Fed-NPG, Fed-NPG-ADMM, and policy gradients.",
          "questions": "See the weakness section.",
          "limitations": "n/a",
          "flag_for_ethics_review": [
            "No ethics review needed."
          ],
          "rating": "7: Accept: Technically solid paper, with high impact on at least one sub-area, or moderate-to-high impact on more than one areas, with good-to-excellent evaluation, resources, reproducibility, and no unaddressed ethical considerations.",
          "confidence": "2: You are willing to defend your assessment, but it is quite likely that you did not understand the central parts of the submission or that you are unfamiliar with some pieces of related work. Math/other details were not carefully checked.",
          "code_of_conduct": "Yes"
        },
        "invitations": [
          "NeurIPS.cc/2023/Conference/Submission1340/-/Official_Review",
          "NeurIPS.cc/2023/Conference/-/Edit"
        ],
        "domain": "NeurIPS.cc/2023/Conference",
        "license": "CC BY 4.0",
        "version": 2
      },
      {
        "id": "pp7UW8iIJC",
        "number": 4,
        "cdate": 1690092093562,
        "tcdate": 1690092093562,
        "mdate": 1702410782205,
        "tmdate": 1702410782205,
        "signatures": [
          "NeurIPS.cc/2023/Conference/Submission1340/Reviewer_q8Jc"
        ],
        "nonreaders": [],
        "readers": [
          "everyone"
        ],
        "writers": [
          "NeurIPS.cc/2023/Conference",
          "NeurIPS.cc/2023/Conference/Submission1340/Reviewer_q8Jc"
        ],
        "forum": "0ORqsMY6OL",
        "replyto": "0ORqsMY6OL",
        "content": {
          "summary": "The work proposed a new algorithm for federated policy optimization. The proposed work uses prima-dual update to replace the primal update of FedNPG, so that the communication cost reduces from $d^2$ to $d$. The proposed work enjoys same rate of convergence as FedNPG under certain assumptions, and numerical experiments were proposed to show the efficacy of the algorithm.",
          "soundness": "3 good",
          "presentation": "3 good",
          "contribution": "2 fair",
          "strengths": "The paper is well-rounded and the presentation is clear. The proposed method clearly enjoys the supremacy in terms of communication error. The numerical experiments were proposed to show the efficacy of the algorithm. ",
          "weaknesses": "(Please reply to the Questions section directly) The motivation of the proposed algorithm seems a bit less significant. Moreover, the convergence theory requires policy gradient bounded, which seems quite strong. In the numerical experiments, more results could be included to further show the efficiency of the proposed algorithm.",
          "questions": "Here are the my questions and suggestions:\n\n1. Concerns on the motivations: the idea of combining reinforcement learning and federated learning is interesting, which is also largely un-explored in the literature. It is good to see the exploration on this direction. An intriguing question is that can we consider existing works on reformulating the TRPO, such as the KL-penalitzed objective in [1], to federated setting? Since if we get rid of the constraint, we don’t need to communicate the Hessian in the first place (and FedAvg-type algorithm may also enjoys similar rate of convergence in theory). In summary, the authors propose to study the policy optimization in federated setting, but eventually ended up at a less significant improvement over FedNPG (and this improvement comes from essentially the constrained federated learning, not from RL or policy optimization), which makes me feel less confident about the contribution in the RL field;\n\n2. In terms of the assumptions for convergence analysis, the authors proposed bounded policy gradient and Lipschitz continuous (Assumption 4.1) and claimed that they are fairly standard in the existing literature. I’m actually not very sure about the boundedness of the policy gradient. Could the authors just include the specific assumptions in the existing literatures? Same question for Assumption 4.2.\n\n3. The penalty parameter $\\rho$ is the penalty to make sure that each local $y_i$ consensus with the global $y$. In the experiment $\\rho$ is simply a small number as 0.1 or 0.01. My concern is that during the update, is $y_i - y\\rightarrow 0$ true or not? The authors could also plot the consensus errors.\n\n4. In the experiments, for example Figure 2 and 3, FedNPG-ADMM seems not better than FedNPG in terms of the rewards. It would be interesting to see why this is the case. I know that the main claim of FedNPG-ADMM is its commutation efficiency, and I think the authors could also plot the curves wrt the CPU times.\n\nReferences:\n\n[1] Schulman, John, et al. \"Proximal policy optimization algorithms.\" arXiv preprint arXiv:1707.06347 (2017).",
          "limitations": "The limitation is well stated in weakness and question sections. The authors also include the discussions in limitations at the end of the work.\n\nI’m not aware of any potential negative social impact of this work.",
          "flag_for_ethics_review": [
            "No ethics review needed."
          ],
          "rating": "6: Weak Accept: Technically solid, moderate-to-high impact paper, with no major concerns with respect to evaluation, resources, reproducibility, ethical considerations.",
          "confidence": "4: You are confident in your assessment, but not absolutely certain. It is unlikely, but not impossible, that you did not understand some parts of the submission or that you are unfamiliar with some pieces of related work.",
          "code_of_conduct": "Yes"
        },
        "invitations": [
          "NeurIPS.cc/2023/Conference/Submission1340/-/Official_Review",
          "NeurIPS.cc/2023/Conference/-/Edit"
        ],
        "domain": "NeurIPS.cc/2023/Conference",
        "license": "CC BY 4.0",
        "version": 2
      },
      {
        "id": "zaGWQHu6Ki",
        "number": 1,
        "cdate": 1691613396141,
        "tcdate": 1691613396141,
        "mdate": 1703016690725,
        "tmdate": 1703016690725,
        "signatures": [
          "NeurIPS.cc/2023/Conference/Submission1340/Authors"
        ],
        "readers": [
          "everyone"
        ],
        "writers": [
          "NeurIPS.cc/2023/Conference",
          "NeurIPS.cc/2023/Conference/Submission1340/Authors"
        ],
        "forum": "0ORqsMY6OL",
        "replyto": "pp7UW8iIJC",
        "content": {
          "rebuttal": "**Q1**. This is a thoughtful suggestion. We had the same thought at the beginning. However, local updates in the FedAvg-type might not bring advantages compared to gradient aggregation [46, 43]. On the other hand, unlike supervised learning, local updates in RL bring different **local policies**. We do not think it is a good idea to use **on-policy** algorithms for samples collected by different local policies.\n\nSecond, although the soft penalty approach has simpler forms, it might bring worse performances than the constraint methods, e.g., on the Swimmer [37] and Humanoid [10] tasks in MuJoCo environments. With a hard constraint, the NPG enjoys stable training performances and has solid theoretical guarantees [2, 22]. In Figure 3, our experiments also verify that FedPPO has worse performances.\n\nThird, as for the first-order PG, [22] thoroughly compares the convergence performances of PG and NPG. Furthermore, recent works have demonstrated that the convergence guarantees of NPG with KL divergence constraints are superior to those of PG [20, 22], motivating closer inspection for practical use. \n\nIn summary, this work makes the second-order methods have the same communication complexities as the first-order methods per iteration, and achieve stable and higher rewards in the federated setting.\n\n**Q2**. The bounded score function assumption is used in Assumption 4.1 [47], Assumption 5.1 [48], Assumption 4.1 [45], Assumption 4.2 [22], and Assumption 3 [49]. The positive definite assumption is used in Assumption 2.1 [22]. The continuity assumption is used in Assumption 4.1 [47], Assumption 5.1 [48], Assumption 4.1 [45], Assumption 4.2 [22], Assumption 2 [49], and Assumption 6.4 [2] (and the following lemmas). The above assumptions are verified for simple policy parameterizations such as Gaussian policies [47, 50, 51].\n\n**Q3**. True. We test the averaged differences $\\frac{\\sum_{i=1}^{N}\\lVert y_i - y \\rVert^2}{N}$ with respect to the number of iterations. The differences gradually decrease to $0$. Over the course of training, policies are more deterministic and less random. It is not surprising that $y_i - y \\rightarrow 0$ as policies become stable.\n\n**Q4**. In the experiments, we run each task ten times with random seeds from $0$ to $9$. Sometimes FedNPG-ADMM achieves higher rewards than FedNPG, while the averaged results slightly drop in the Humanoid task. As the ADMM approach is, in fact, an approximation of the exact aggregation, it is not surprising that the ADMM approach sometimes drops a little. In any way, they generally have the same convergence rate and similar performances in these tasks. We thank the reviewer for the computing time suggestion. However, communication time dominates the cost in federated learning [3, 15, 52]. To make the comparisons more clear, with reference to the comments of two other reviewers, we add the communication overhead of each method in Figure 4. The communication time (byte transmission) is reduced by $4$ orders of magnitude in the Swimmer-v4 task and about $6$ orders of magnitude in the Humanoid-v4 task."
        },
        "invitations": [
          "NeurIPS.cc/2023/Conference/Submission1340/Reviewer_q8Jc/-/Rebuttal",
          "NeurIPS.cc/2023/Conference/-/Edit"
        ],
        "domain": "NeurIPS.cc/2023/Conference",
        "license": "CC BY 4.0",
        "version": 2
      },
      {
        "id": "we2LXORjSm",
        "number": 1,
        "cdate": 1691613686987,
        "tcdate": 1691613686987,
        "mdate": 1703016690596,
        "tmdate": 1703016690596,
        "signatures": [
          "NeurIPS.cc/2023/Conference/Submission1340/Authors"
        ],
        "readers": [
          "everyone"
        ],
        "writers": [
          "NeurIPS.cc/2023/Conference",
          "NeurIPS.cc/2023/Conference/Submission1340/Authors"
        ],
        "forum": "0ORqsMY6OL",
        "replyto": "YurdiGxIyL",
        "content": {
          "rebuttal": "**Q1**. Thank you for these constructive suggestions.  We will add PG in the main content and communication comparisons are added in Figure 4 (see added pdf), where communication overhead is measured by the number of transmitted parameters with double precision in each agent. FedNPG-ADMM keeps the communication overhead as the first-order methods, while FedNPG has much higher costs. The ADMM method reduces the cost by $4$ orders of magnitude in the Swimmer-v4 task and about $6$ orders of magnitude in the Humanoid-v4 task."
        },
        "invitations": [
          "NeurIPS.cc/2023/Conference/Submission1340/Reviewer_GLbD/-/Rebuttal",
          "NeurIPS.cc/2023/Conference/-/Edit"
        ],
        "domain": "NeurIPS.cc/2023/Conference",
        "license": "CC BY 4.0",
        "version": 2
      },
      {
        "id": "CXJ19lU411",
        "number": 1,
        "cdate": 1691614478405,
        "tcdate": 1691614478405,
        "mdate": 1703016690508,
        "tmdate": 1703016690508,
        "signatures": [
          "NeurIPS.cc/2023/Conference/Submission1340/Authors"
        ],
        "readers": [
          "everyone"
        ],
        "writers": [
          "NeurIPS.cc/2023/Conference",
          "NeurIPS.cc/2023/Conference/Submission1340/Authors"
        ],
        "forum": "0ORqsMY6OL",
        "replyto": "nTW5QiLfQo",
        "content": {
          "rebuttal": "**Q1.a**. Yes, data heterogeneity is a key issue in FL. However, this issue only exists in model aggregation methods (with local updates). As proven in [43], gradient aggregation methods are *immune* to whether collected data is i.i.d., or not. In summary, data heterogeneity will not influence our results, as they are based on gradient aggregation.\n\n**Q1.b**. This can be taken as the same question in Q1.a. FL is a problem and it can be solved in several ways. The key difference between distributed learning and centralized federated learning is the star network [52] in federated learning, where there is a parameter server that collects the updates and broadcasts information to all agents. In the classical distributed learning, clients usually can communicate with each other, while they cannot in the federated setting. \n\nLocal updates (FedAvg [24]) are proposed for model aggregation methods.  The argument between local updates and gradient aggregations (called local SGD and minibatch SGD, respectively, in the distributed optimization community) has been going on for years. Proven in [43], gradient aggregation methods are *immune* to whether collected data is i.i.d., or not. [46] also compares the convergence rates between these two paradigms, and the local SGD is actually not better. As the gradient aggregation method is not generally worse than the local update method and is immune to data heterogeneity, we decide to use it. This paper does not aim to argue the differences between them, but to find an efficient way for gradient aggregation in RL.\n\nIt is worthwhile to mention that these well-known FL algorithms FedNL [34] and FedPD [62] also use one-step updates. Our algorithm can be extended to multiple local steps. However, multiple local steps may slow down the convergence, as mentioned in the standard FL literature [52]. In this case, it becomes unclear whether FedNPG-ADMM can further reduce the communication cost while maintaining the same convergence. This is a good question and could be future work.\n\n**Q2**. Our original figures follow the conventional settings with the number of iterations as the x-axis. We thank the reviewer for the valuable suggestion. It is indeed better if we have direct communication comparisons as they are the main contributions. Thus, communication comparisons are added in Figure 4 (see added pdf), where communication overhead is measured by the number of transmitted parameters with double precision in each agent. FedNPG-ADMM keeps the communication overhead as the first-order methods, while FedNPG has much larger costs. The ADMM method reduces the cost by $4$ orders of magnitude in the Swimmer-v4 task and about $6$ orders of magnitude in the Humanoid-v4 task."
        },
        "invitations": [
          "NeurIPS.cc/2023/Conference/Submission1340/Reviewer_ZDkh/-/Rebuttal",
          "NeurIPS.cc/2023/Conference/-/Edit"
        ],
        "domain": "NeurIPS.cc/2023/Conference",
        "license": "CC BY 4.0",
        "version": 2
      },
      {
        "id": "zcpNKYz8jA",
        "number": 1,
        "cdate": 1691618002762,
        "tcdate": 1691618002762,
        "mdate": 1703016690562,
        "tmdate": 1703016690562,
        "signatures": [
          "NeurIPS.cc/2023/Conference/Submission1340/Authors"
        ],
        "readers": [
          "everyone"
        ],
        "writers": [
          "NeurIPS.cc/2023/Conference",
          "NeurIPS.cc/2023/Conference/Submission1340/Authors"
        ],
        "forum": "0ORqsMY6OL",
        "replyto": "y4B7DUSn0R",
        "content": {
          "rebuttal": "**W1**. This is actually an important bottleneck for the following reasons. Generally, if one method can reach a large scale, it means that its complexity is at most $O(n)$ [53]. Thus, the $O(n^2)$ complexity in the naive method is not acceptable in large-scale FL. In DRL, a policy is approximated by NNs, and the sizes of NNs are generally large. For toy tasks in MuJoCo [54] or language agents [55], the parameter sizes can reach $10^6$ level, and the sizes of Hessains are ${12}$ orders. In practice, the sizes of NNs in RL are getting larger and larger. With transformers, parameter sizes reach $2.2\\times 10^{10}$ [56], and its square is $4.8\\times 10^{20}$ ($4$ zettabyte with double-precision). Transmitting these large amounts of data from each agent in each iteration is not realistic.\n\n**W2&Q1**. First, our paper is not a direct extension of central RL. Compared to the central setting, the first critical bottleneck is a limited communication budget in FL [17, 52]. It is necessary to design FedRL that leverages communication costs and learning performances. Our FedNPG-ADMM utilizes the 2nd-order information but only requires its approximation without sending Hessians. As NPG (2nd-order) is more stable and converges faster than PG (1st-order), we rigorously prove the convergence of FedNPG-ADMM.\n\nSecond, we agree that fault tolerance is important in distributed systems. However, FedRL is a new and emerging field with a limited number of theoretical publications at this moment. The adaptation of centralized RL algorithms to FL while achieving a balance between communication cost and learning efficiency remains a challenging task, and it is the first step. Our paper thoroughly solved this problem. The fault-tolerance theory is a good direction for the next step. Noticeably, our method is orthogonal to several malicious detection methods, e.g., the attack stealth [57]. To expand our work, we add experiments with agent selection in Figure 5. In the Swimmer task, we randomly select $75\\%$ and $50\\%$ of agents in each iteration, and the performances only drop slightly (final rewards drop less than $6\\%$). Thus, our proposed method is robust for agents with disconnection in practice.\n\n**W3&Q4**. We thank the reviewer for pointing out the valuable work (FedBR) [58], and will add it to our introduction. However, this approach is designed for Byzantine attacks, while we focus on reducing communication costs while maintaining performance.\n\nFirst, our algorithm converges *faster* than FedBR. FedBR focuses on PG (1st-order). Our work is NPG (2nd-order). [22] thoroughly compare the convergence performances of PG and NPG. If measured in the same metric, our convergence rate is ${O}(1/\\epsilon N)$, while ${O}(1/\\epsilon^{\\frac{5}{3}}N^{\\frac{2}{3}})$ in FedBR. Further, our method improves the communication cost in FedBR by $O(d\\epsilon^{\\frac{2}{3}}/N^{\\frac{1}{3}})$. Second, FedBR does not show the sample complexity of FedRL can be scaled linearly by the number of agents, i.e., $\\alpha =0$ in Table 1 [58]. In contrast, our paper shows that *the sample complexity is scaled linearly* by $N$, which comes from the benefit of collaboration, and in Figure 2, a thorough comparison is given to support it.\n\nIn summary, NPG updates policies according to the Riemannian metric and enjoys stable on-policy explorations. We do not think it is suitable to directly compare them, though.\n\n**W4**. In practical computation, if take an $n\\times n$ symmetric matrix with uniformly distributed entries, it will almost certainly be invertible.\n\nThe inverse expression is widely used in the original NPG (Theorem 1) [16] and TRPO (Appendix C) [35]. It can be replaced by the MP-pseudoinverse in [2, 35]. It is worth mentioning that in practice, it is expensive to solve $Ax=b$ by computing $A^{-1}$ in both space and computation. A conjugate gradient method is used in DRL to approximate the result [33].\n\n**W5&Q3**. Our assumptions are widely used and verified in previous works. See Q2 in Reviewer1 q8Jc for details.\n\nThe convergence of FedNPG-ADMM is fixed-point optimality, and our work is NPG instead of vanilla PG. In FL, even without ADMM, it is still challenging to provide a global guarantee for NPG without additional strong assumptions. The global guarantee of NPG attributes to the gradient domination property [2]. Without it, the convergence can only be assured to local optimums instead of a global one in the nonconvex setting. However, this property is limited to the centralized setting with $N=1$, which is *the reason that lots of global guarantees are established in the centralized setting*. If each function $\\\\{f_i\\\\}^N_{i=1}$ satisfies the property, the sum $\\sum_{i=1}^N f_i$ might not. We recognize the importance of a global guarantee for the ADMM approach. Finding sufficient (and then necessary) assumptions for FedNPG (even without ADMM) is a direction for future works. Practically, we verify the performances by experiments, and it shows that the FedNPG-ADMM achieves the same convergence as FedNPG.\n\n**W6**. First, we follow the standard setting in FL. In the original FL work [24], the classical image and language tasks are used. In FL research, we usually make classical tasks federated instead of designing new tasks [15, 52].\n\nSecond, FedRL is a new field and has not formed experimental baselines. There are datasets published last year for labeled images [59] and health images [60], but they are not for RL and have not formed baselines. We are more than happy to see there are open-source tasks or baselines designed for FL and widely accepted by the community. It would be better if they are designed for FedRL.\n\n**Q2**. Any 2nd-order PG can apply the ADMM method. Regarding other 2nd-order methods, there is a Hessian-aided PG attempt [61], but its conclusion still claims NPG achieves better performances. NPG itself forms a basic approach for several variants [2, 22, 35]."
        },
        "invitations": [
          "NeurIPS.cc/2023/Conference/Submission1340/Reviewer_pYuC/-/Rebuttal",
          "NeurIPS.cc/2023/Conference/-/Edit"
        ],
        "domain": "NeurIPS.cc/2023/Conference",
        "license": "CC BY 4.0",
        "version": 2
      },
      {
        "id": "hyH5s9pNnk",
        "number": 1,
        "cdate": 1691618633197,
        "tcdate": 1691618633197,
        "mdate": 1704275162689,
        "tmdate": 1704275162689,
        "signatures": [
          "NeurIPS.cc/2023/Conference/Submission1340/Authors"
        ],
        "readers": [
          "everyone"
        ],
        "writers": [
          "NeurIPS.cc/2023/Conference",
          "NeurIPS.cc/2023/Conference/Submission1340/Authors"
        ],
        "forum": "0ORqsMY6OL",
        "replyto": "0ORqsMY6OL",
        "content": {
          "rebuttal": "Dear Area Chairs and Reviewers,\n\nWe appreciate your organization and valuable feedback.\n\nIn the one-page pdf, we add communication costs in Figure 4 and agent selection in Figure 5.\n\nIn the rebuttals, references [1-45] are from the main paper, and references [46-62] are listed as follows:\n\n---\n[46] Woodworth, B., Patel, K.K., Stich, S., Dai, Z., Bullins, B., Mcmahan, B., Shamir, O., Srebro, N.: Is local SGD better than minibatch SGD? ICML (2020)\n\n[47] Papini, M., Binaghi, D., Canonaco, G., Pirotta, M., Restelli, M.: Stochastic variance-reduced policy gradient. ICML (2018)\n\n[48] Xu, P., Gao, F., Gu, Q.: An improved convergence analysis of stochastic variance-reduced policy gradient. In: Proceedings of The 35th Uncertainty in Artificial Intelligence Conference (2020)\n\n[49] Ding, D., Zhang, K., Basar, T., Jovanovic, M.: Natural policy gradient primal-dual method for constrained Markov decision processes. NeurIPS (2020)\n\n[50] Cortes, C., Mansour, Y., Mohri, M.: Learning bounds for importance weighting. NeurIPS (2010)\n\n[51] Pirotta, M., Restelli, M., Bascetta, L.: Adaptive step-size for policy gradient methods. NeurIPS (2013)\n\n[52] Li, T., et al: Federated learning: Challenges, methods, and future directions. IEEE signal processing magazine 37(3), 50–60 (2020)\n\n[53] Bottou, L., et al: Optimization methods for large-scale machine learning. SIAM Review (2018)\n\n[54] Liu, X.Y., et al: Stationary deep reinforcement learning with quantum k-spin Hamiltonian regularization. ICLR Workshop on Physics for Machine Learning (2023)\n\n[55] Zhong, V., et al: Improving policy learning via language dynamics distillation. NeurIPS (2022)\n\n[56] Dehghani, M., et al: Scaling vision transformers to 22 billion parameters. ICML (2023)\n\n[57] Bhagoji, A.N., et al: Analyzing federated learning through an adversarial lens. ICML (2019)\n\n[58] Fan, X., et al: Fault-tolerant federated reinforcement learning with theoretical guarantee. NeurIPS (2021)\n\n[59] Song, C., et al: Federated learning annotated image repository. NeurIPS (2022)\n\n[60] Ogier du Terrail, J., et al: Datasets and benchmarks for cross-silo federated learning in realistic healthcare settings. NeurIPS (2022)\n\n[61] Shen, Z., et al: Hessian aided policy gradient. ICML (2019)\n\n[62] Zhang, X., Hong, M., Dhople, S., Yin, W., Liu, Y.: FedPD: A federated learning framework with adaptivity to non-iid data. IEEE Transactions on Signal Processing 69, 6055–6070 (2021)",
          "pdf": "/pdf/dbade10f9fe3c51b8400bdd75fc94073eaff712c.pdf"
        },
        "invitations": [
          "NeurIPS.cc/2023/Conference/Submission1340/-/Author_Rebuttal",
          "NeurIPS.cc/2023/Conference/-/Edit"
        ],
        "domain": "NeurIPS.cc/2023/Conference",
        "license": "CC BY 4.0",
        "version": 2
      },
      {
        "id": "kZCeaaIPfe",
        "number": 1,
        "cdate": 1691885077471,
        "tcdate": 1691885077471,
        "mdate": 1704272867668,
        "tmdate": 1704272867668,
        "signatures": [
          "NeurIPS.cc/2023/Conference/Submission1340/Reviewer_q8Jc"
        ],
        "readers": [
          "everyone"
        ],
        "writers": [
          "NeurIPS.cc/2023/Conference",
          "NeurIPS.cc/2023/Conference/Submission1340/Reviewer_q8Jc"
        ],
        "forum": "0ORqsMY6OL",
        "replyto": "zaGWQHu6Ki",
        "content": {
          "comment": "Thank you for your detailed responses to my comments and questions. I believe that paper is useful contribution to the field and the rebuttal addressed my biggest concern. I appreciate it if the authors could modify the paper accordingly.\n\nI'll raise my evaluation to 6."
        },
        "invitations": [
          "NeurIPS.cc/2023/Conference/Submission1340/-/Official_Comment",
          "NeurIPS.cc/2023/Conference/-/Edit"
        ],
        "domain": "NeurIPS.cc/2023/Conference",
        "license": "CC BY 4.0",
        "version": 2
      },
      {
        "id": "yvlTYkNsY3",
        "number": 2,
        "cdate": 1691994713831,
        "tcdate": 1691994713831,
        "mdate": 1704272867576,
        "tmdate": 1704272867576,
        "signatures": [
          "NeurIPS.cc/2023/Conference/Submission1340/Authors"
        ],
        "readers": [
          "everyone"
        ],
        "writers": [
          "NeurIPS.cc/2023/Conference",
          "NeurIPS.cc/2023/Conference/Submission1340/Authors"
        ],
        "forum": "0ORqsMY6OL",
        "replyto": "kZCeaaIPfe",
        "content": {
          "title": "Thank you",
          "comment": "Thank you for your consideration. We will be sure to modify the paper accordingly."
        },
        "invitations": [
          "NeurIPS.cc/2023/Conference/Submission1340/-/Official_Comment",
          "NeurIPS.cc/2023/Conference/-/Edit"
        ],
        "domain": "NeurIPS.cc/2023/Conference",
        "license": "CC BY 4.0",
        "version": 2
      },
      {
        "id": "54BnJVhMWt",
        "number": 3,
        "cdate": 1692023177692,
        "tcdate": 1692023177692,
        "mdate": 1704272867529,
        "tmdate": 1704272867529,
        "signatures": [
          "NeurIPS.cc/2023/Conference/Submission1340/Reviewer_GLbD"
        ],
        "readers": [
          "everyone"
        ],
        "writers": [
          "NeurIPS.cc/2023/Conference",
          "NeurIPS.cc/2023/Conference/Submission1340/Reviewer_GLbD"
        ],
        "forum": "0ORqsMY6OL",
        "replyto": "we2LXORjSm",
        "content": {
          "comment": "Thanks for your response. Since I am not very familiar with the RL background, I will maintain my score and confidence."
        },
        "invitations": [
          "NeurIPS.cc/2023/Conference/Submission1340/-/Official_Comment",
          "NeurIPS.cc/2023/Conference/-/Edit"
        ],
        "domain": "NeurIPS.cc/2023/Conference",
        "license": "CC BY 4.0",
        "version": 2
      },
      {
        "id": "qdqqI61Clf",
        "number": 4,
        "cdate": 1692028794418,
        "tcdate": 1692028794418,
        "mdate": 1704272867509,
        "tmdate": 1704272867509,
        "signatures": [
          "NeurIPS.cc/2023/Conference/Submission1340/Reviewer_ZDkh"
        ],
        "readers": [
          "everyone"
        ],
        "writers": [
          "NeurIPS.cc/2023/Conference",
          "NeurIPS.cc/2023/Conference/Submission1340/Reviewer_ZDkh"
        ],
        "forum": "0ORqsMY6OL",
        "replyto": "CXJ19lU411",
        "content": {
          "comment": "I would like to thank the authors' rebuttal and I will keep the score."
        },
        "invitations": [
          "NeurIPS.cc/2023/Conference/Submission1340/-/Official_Comment",
          "NeurIPS.cc/2023/Conference/-/Edit"
        ],
        "domain": "NeurIPS.cc/2023/Conference",
        "license": "CC BY 4.0",
        "version": 2
      },
      {
        "id": "SRtPqD1SDe",
        "number": 7,
        "cdate": 1692394987687,
        "tcdate": 1692394987687,
        "mdate": 1704272867800,
        "tmdate": 1704272867800,
        "signatures": [
          "NeurIPS.cc/2023/Conference/Submission1340/Authors"
        ],
        "readers": [
          "everyone"
        ],
        "writers": [
          "NeurIPS.cc/2023/Conference",
          "NeurIPS.cc/2023/Conference/Submission1340/Authors"
        ],
        "forum": "0ORqsMY6OL",
        "replyto": "y4B7DUSn0R",
        "content": {
          "comment": "Dear Reviewer,\n\nWe just wanted to check again to see whether our comments have addressed your concerns. We are happy to provide any additional clarifications that may be needed. Thank you again for your time spent reviewing our paper.\n\nBest,\n\nAuthors"
        },
        "invitations": [
          "NeurIPS.cc/2023/Conference/Submission1340/-/Official_Comment",
          "NeurIPS.cc/2023/Conference/-/Edit"
        ],
        "domain": "NeurIPS.cc/2023/Conference",
        "license": "CC BY 4.0",
        "version": 2
      },
      {
        "id": "1mQ2a0cud1",
        "number": 1,
        "cdate": 1695318189859,
        "tcdate": 1695318189859,
        "mdate": 1703016441815,
        "tmdate": 1703016441815,
        "signatures": [
          "NeurIPS.cc/2023/Conference/Program_Chairs"
        ],
        "nonreaders": [],
        "readers": [
          "everyone"
        ],
        "writers": [
          "NeurIPS.cc/2023/Conference",
          "NeurIPS.cc/2023/Conference/Program_Chairs"
        ],
        "forum": "0ORqsMY6OL",
        "replyto": "0ORqsMY6OL",
        "content": {
          "title": "Paper Decision",
          "decision": "Accept (poster)",
          "comment": "This paper studies a communication efficient approach for federated reinforcement learning. Overall the reviewers are impressed by the communication savings, but are requesting more extensive numerical results to demonstrate the benefits. Further, the work is a bit incremental since it is a direct extension to the centralized case, using ADMM, and it is sort of expected that such approach will work."
        },
        "invitations": [
          "NeurIPS.cc/2023/Conference/Submission1340/-/Decision",
          "NeurIPS.cc/2023/Conference/-/Edit"
        ],
        "domain": "NeurIPS.cc/2023/Conference",
        "license": "CC BY 4.0",
        "version": 2
      }
    ],
    "directReplies": [
      {
        "id": "nTW5QiLfQo",
        "number": 1,
        "cdate": 1687873650206,
        "tcdate": 1687873650206,
        "mdate": 1702410782441,
        "tmdate": 1702410782441,
        "signatures": [
          "NeurIPS.cc/2023/Conference/Submission1340/Reviewer_ZDkh"
        ],
        "nonreaders": [],
        "readers": [
          "everyone"
        ],
        "writers": [
          "NeurIPS.cc/2023/Conference",
          "NeurIPS.cc/2023/Conference/Submission1340/Reviewer_ZDkh"
        ],
        "forum": "0ORqsMY6OL",
        "replyto": "0ORqsMY6OL",
        "content": {
          "summary": "This paper proposes a communication-efficient algorithm, FedNPG-ADMM, for federated natural policy gradient by using a reformulation of quadratic problem. It reduces the communication complexity from $\\mathcal{O}(d^2)$ to $\\mathcal{O}(d)$. The convergence analysis is provided accordingly.",
          "soundness": "3 good",
          "presentation": "3 good",
          "contribution": "3 good",
          "strengths": "1. The paper is well-written and clearly presented.\n2. The reformulation of the original quadratic problem into a distributed manner (eq 14) is a smart move.\n3. Using ADMM-based global direction estimation to reduce the communication complexity by $\\mathcal{O}(d)$.\n4. Stationary convergence in non-convex case is provided, which is the same order as the standard FedNPG.",
          "weaknesses": "As it is in the federated learning (FL) setting, I am curious about main difference between the FL setting considered in this paper and the classic distributed learning.\n1. data heterogeneity is one of the key features in FL, but how it impact the model performance does not clearly discussed in the paper, neither in theory or in experiments. \n2. To reduce the communication costs, local updates are often used within each agent for FL algorithms. But in the FedNPG-ADMM algorithm proposed in this paper, there is no local update step for each agent. Could local steps be directly applied in the FedNPG-ADMM and further reduce the communication cost while maintaining the same convergence?\nGiven above, to be precise, the setting for this paper is a distributed learning setting, rather than FL with data heterogeneity and local update.\n\nThe major contribution is the communication reduction as claimed in the paper, so I expect the experiments could have more comparison of direct communication costs.\n1. Directly comparison in terms of the communication cost should be given. In other words, the results with communication cost as the x-axis are also desired.\n2. Appreciate it if other baselines could be included other than FedNPG. I am curious about the actual communication costs among first-order methods, second-order methods (FedNPG), and approximated version of second-order methods (FedNPG-ADMM). ",
          "questions": "see above",
          "limitations": "The authors have adequately addressed the limitations.",
          "flag_for_ethics_review": [
            "No ethics review needed."
          ],
          "rating": "6: Weak Accept: Technically solid, moderate-to-high impact paper, with no major concerns with respect to evaluation, resources, reproducibility, ethical considerations.",
          "confidence": "4: You are confident in your assessment, but not absolutely certain. It is unlikely, but not impossible, that you did not understand some parts of the submission or that you are unfamiliar with some pieces of related work.",
          "code_of_conduct": "Yes"
        },
        "invitations": [
          "NeurIPS.cc/2023/Conference/Submission1340/-/Official_Review",
          "NeurIPS.cc/2023/Conference/-/Edit"
        ],
        "domain": "NeurIPS.cc/2023/Conference",
        "license": "CC BY 4.0",
        "version": 2
      },
      {
        "id": "y4B7DUSn0R",
        "number": 2,
        "cdate": 1688424403494,
        "tcdate": 1688424403494,
        "mdate": 1702410782369,
        "tmdate": 1702410782369,
        "signatures": [
          "NeurIPS.cc/2023/Conference/Submission1340/Reviewer_pYuC"
        ],
        "nonreaders": [],
        "readers": [
          "everyone"
        ],
        "writers": [
          "NeurIPS.cc/2023/Conference",
          "NeurIPS.cc/2023/Conference/Submission1340/Reviewer_pYuC"
        ],
        "forum": "0ORqsMY6OL",
        "replyto": "0ORqsMY6OL",
        "content": {
          "summary": "The paper studies how to train a global policy using distributed data in reinforcement learning. The authors propose a distributed natural policy gradient method by employing ADMM to approximately compute a natural policy gradient direction. The communication complexity is linear in the dimension of policy parameters. The authors also prove the sublinear iteration complexity for achieving a stationary point. The effectiveness of the proposed method is finally verified in MuJoCo experiments. ",
          "soundness": "2 fair",
          "presentation": "2 fair",
          "contribution": "2 fair",
          "strengths": "**originality**\n\nHigh communication complexity is a bottleneck for implementing many RL algorithms in federated training. I believe the novelty of this work lies in a new application of ADMM to a popular RL algorithm: natural policy gradient. This method achieves better communication complexity than one for the naive method. I am not aware of this method in the literature.  \n\n**quality**\n\n- The authors provide the stationary-point analysis of the proposed method in a distributed training setting.\n\n- The authors verify the use of the proposed method in experiments. \n\n**clarity**\n\nThe proposed method and theory are clearly explained.\n\n**significance**\n\n- The distributed training algorithm is important for applying RL in distributed systems. \n\n- The stationary-point convergence guarantee is provided. ",
          "weaknesses": "- The naive method of fererated natural policy gradient only has quadratic communication complexity with respect to the dimension of policy parameter. This does not seem to be a real bottleneck.\n\n- Directly extending centralized RL algorithms is not very significant, since fault-tolerance and robustness issues are more important to distributed systems. \n\n- It is important to compare communication complexity with the literature, e.g., Fault-Tolerant Federated Reinforcement Learning with Theoretical Guarantee. \n\n- Some assumptions can be strong in practice, e.g., the invertibility of Hessian. It is useful to provide examples when Hessian is invertible. \n\n- The provided convergence property can be arbitrarily sub-optimal, and it is not clear how to check all assumptions. The stationary-point analysis has a gap with the convergence rate analysis of natural policy gradient in the literature. \n\n- The experimental setting is artificial since it is not originally designed for federated learning. There are no comparable baselines in experiments. ",
          "questions": "\nSome questions are raised in Weaknesses. Here are some other questions. \n\n- Can the authors provide robustness or fault-tolerance guarantees?  \n\n- Can ADMM-based update be applied to other policy gradient methods? It is useful to discuss generalizability. \n\n- Since the global convergence exists in many policy gradient methods, can the authors strengthen the convergence guarantees? \n\n- Can the authors compare the proposed method with other baselines, e.g., Fault-Tolerant Federated Reinforcement Learning with Theoretical Guarantee?",
          "limitations": "Yes.",
          "flag_for_ethics_review": [
            "No ethics review needed."
          ],
          "rating": "4: Borderline reject: Technically solid paper where reasons to reject, e.g., limited evaluation, outweigh reasons to accept, e.g., good evaluation. Please use sparingly.",
          "confidence": "4: You are confident in your assessment, but not absolutely certain. It is unlikely, but not impossible, that you did not understand some parts of the submission or that you are unfamiliar with some pieces of related work.",
          "code_of_conduct": "Yes"
        },
        "invitations": [
          "NeurIPS.cc/2023/Conference/Submission1340/-/Official_Review",
          "NeurIPS.cc/2023/Conference/-/Edit"
        ],
        "domain": "NeurIPS.cc/2023/Conference",
        "license": "CC BY 4.0",
        "version": 2
      },
      {
        "id": "YurdiGxIyL",
        "number": 3,
        "cdate": 1688523365676,
        "tcdate": 1688523365676,
        "mdate": 1702410782285,
        "tmdate": 1702410782285,
        "signatures": [
          "NeurIPS.cc/2023/Conference/Submission1340/Reviewer_GLbD"
        ],
        "nonreaders": [],
        "readers": [
          "everyone"
        ],
        "writers": [
          "NeurIPS.cc/2023/Conference",
          "NeurIPS.cc/2023/Conference/Submission1340/Reviewer_GLbD"
        ],
        "forum": "0ORqsMY6OL",
        "replyto": "0ORqsMY6OL",
        "content": {
          "summary": "This paper applies the ADMM technique to the Fed-NPG algorithm in reinforcement learning and reduces the communication cost from $O(d^2)$ to $O(d)$ where $d$ is the number of parameters, which nearly maintains the convergence results of Fed-NPG. Empirical results verify the theoretical analysis.",
          "soundness": "3 good",
          "presentation": "3 good",
          "contribution": "3 good",
          "strengths": "The communication cost reduction is impressive since in the federated learning setting, the communication cost is one of the bottlenecks, and the convergence results are nearly the same as Fed-NPG. The idea to combine natural policy gradient with ADMM style methods (or the penalty functions) is interesting (and at least novel to me).",
          "weaknesses": "I am not very familiar with reinforcement learning, and thus may not find potential weaknesses. However, I suggest comparing with the original policy gradient methods in the empirical section and even in the main content (show that Fed-NPG-ADMM converges much fast than the policy gradient variation in federated learning) and plotting all the communication cost for Fed-NPG, Fed-NPG-ADMM, and policy gradients.",
          "questions": "See the weakness section.",
          "limitations": "n/a",
          "flag_for_ethics_review": [
            "No ethics review needed."
          ],
          "rating": "7: Accept: Technically solid paper, with high impact on at least one sub-area, or moderate-to-high impact on more than one areas, with good-to-excellent evaluation, resources, reproducibility, and no unaddressed ethical considerations.",
          "confidence": "2: You are willing to defend your assessment, but it is quite likely that you did not understand the central parts of the submission or that you are unfamiliar with some pieces of related work. Math/other details were not carefully checked.",
          "code_of_conduct": "Yes"
        },
        "invitations": [
          "NeurIPS.cc/2023/Conference/Submission1340/-/Official_Review",
          "NeurIPS.cc/2023/Conference/-/Edit"
        ],
        "domain": "NeurIPS.cc/2023/Conference",
        "license": "CC BY 4.0",
        "version": 2
      },
      {
        "id": "pp7UW8iIJC",
        "number": 4,
        "cdate": 1690092093562,
        "tcdate": 1690092093562,
        "mdate": 1702410782205,
        "tmdate": 1702410782205,
        "signatures": [
          "NeurIPS.cc/2023/Conference/Submission1340/Reviewer_q8Jc"
        ],
        "nonreaders": [],
        "readers": [
          "everyone"
        ],
        "writers": [
          "NeurIPS.cc/2023/Conference",
          "NeurIPS.cc/2023/Conference/Submission1340/Reviewer_q8Jc"
        ],
        "forum": "0ORqsMY6OL",
        "replyto": "0ORqsMY6OL",
        "content": {
          "summary": "The work proposed a new algorithm for federated policy optimization. The proposed work uses prima-dual update to replace the primal update of FedNPG, so that the communication cost reduces from $d^2$ to $d$. The proposed work enjoys same rate of convergence as FedNPG under certain assumptions, and numerical experiments were proposed to show the efficacy of the algorithm.",
          "soundness": "3 good",
          "presentation": "3 good",
          "contribution": "2 fair",
          "strengths": "The paper is well-rounded and the presentation is clear. The proposed method clearly enjoys the supremacy in terms of communication error. The numerical experiments were proposed to show the efficacy of the algorithm. ",
          "weaknesses": "(Please reply to the Questions section directly) The motivation of the proposed algorithm seems a bit less significant. Moreover, the convergence theory requires policy gradient bounded, which seems quite strong. In the numerical experiments, more results could be included to further show the efficiency of the proposed algorithm.",
          "questions": "Here are the my questions and suggestions:\n\n1. Concerns on the motivations: the idea of combining reinforcement learning and federated learning is interesting, which is also largely un-explored in the literature. It is good to see the exploration on this direction. An intriguing question is that can we consider existing works on reformulating the TRPO, such as the KL-penalitzed objective in [1], to federated setting? Since if we get rid of the constraint, we don’t need to communicate the Hessian in the first place (and FedAvg-type algorithm may also enjoys similar rate of convergence in theory). In summary, the authors propose to study the policy optimization in federated setting, but eventually ended up at a less significant improvement over FedNPG (and this improvement comes from essentially the constrained federated learning, not from RL or policy optimization), which makes me feel less confident about the contribution in the RL field;\n\n2. In terms of the assumptions for convergence analysis, the authors proposed bounded policy gradient and Lipschitz continuous (Assumption 4.1) and claimed that they are fairly standard in the existing literature. I’m actually not very sure about the boundedness of the policy gradient. Could the authors just include the specific assumptions in the existing literatures? Same question for Assumption 4.2.\n\n3. The penalty parameter $\\rho$ is the penalty to make sure that each local $y_i$ consensus with the global $y$. In the experiment $\\rho$ is simply a small number as 0.1 or 0.01. My concern is that during the update, is $y_i - y\\rightarrow 0$ true or not? The authors could also plot the consensus errors.\n\n4. In the experiments, for example Figure 2 and 3, FedNPG-ADMM seems not better than FedNPG in terms of the rewards. It would be interesting to see why this is the case. I know that the main claim of FedNPG-ADMM is its commutation efficiency, and I think the authors could also plot the curves wrt the CPU times.\n\nReferences:\n\n[1] Schulman, John, et al. \"Proximal policy optimization algorithms.\" arXiv preprint arXiv:1707.06347 (2017).",
          "limitations": "The limitation is well stated in weakness and question sections. The authors also include the discussions in limitations at the end of the work.\n\nI’m not aware of any potential negative social impact of this work.",
          "flag_for_ethics_review": [
            "No ethics review needed."
          ],
          "rating": "6: Weak Accept: Technically solid, moderate-to-high impact paper, with no major concerns with respect to evaluation, resources, reproducibility, ethical considerations.",
          "confidence": "4: You are confident in your assessment, but not absolutely certain. It is unlikely, but not impossible, that you did not understand some parts of the submission or that you are unfamiliar with some pieces of related work.",
          "code_of_conduct": "Yes"
        },
        "invitations": [
          "NeurIPS.cc/2023/Conference/Submission1340/-/Official_Review",
          "NeurIPS.cc/2023/Conference/-/Edit"
        ],
        "domain": "NeurIPS.cc/2023/Conference",
        "license": "CC BY 4.0",
        "version": 2
      },
      {
        "id": "hyH5s9pNnk",
        "number": 1,
        "cdate": 1691618633197,
        "tcdate": 1691618633197,
        "mdate": 1704275162689,
        "tmdate": 1704275162689,
        "signatures": [
          "NeurIPS.cc/2023/Conference/Submission1340/Authors"
        ],
        "readers": [
          "everyone"
        ],
        "writers": [
          "NeurIPS.cc/2023/Conference",
          "NeurIPS.cc/2023/Conference/Submission1340/Authors"
        ],
        "forum": "0ORqsMY6OL",
        "replyto": "0ORqsMY6OL",
        "content": {
          "rebuttal": "Dear Area Chairs and Reviewers,\n\nWe appreciate your organization and valuable feedback.\n\nIn the one-page pdf, we add communication costs in Figure 4 and agent selection in Figure 5.\n\nIn the rebuttals, references [1-45] are from the main paper, and references [46-62] are listed as follows:\n\n---\n[46] Woodworth, B., Patel, K.K., Stich, S., Dai, Z., Bullins, B., Mcmahan, B., Shamir, O., Srebro, N.: Is local SGD better than minibatch SGD? ICML (2020)\n\n[47] Papini, M., Binaghi, D., Canonaco, G., Pirotta, M., Restelli, M.: Stochastic variance-reduced policy gradient. ICML (2018)\n\n[48] Xu, P., Gao, F., Gu, Q.: An improved convergence analysis of stochastic variance-reduced policy gradient. In: Proceedings of The 35th Uncertainty in Artificial Intelligence Conference (2020)\n\n[49] Ding, D., Zhang, K., Basar, T., Jovanovic, M.: Natural policy gradient primal-dual method for constrained Markov decision processes. NeurIPS (2020)\n\n[50] Cortes, C., Mansour, Y., Mohri, M.: Learning bounds for importance weighting. NeurIPS (2010)\n\n[51] Pirotta, M., Restelli, M., Bascetta, L.: Adaptive step-size for policy gradient methods. NeurIPS (2013)\n\n[52] Li, T., et al: Federated learning: Challenges, methods, and future directions. IEEE signal processing magazine 37(3), 50–60 (2020)\n\n[53] Bottou, L., et al: Optimization methods for large-scale machine learning. SIAM Review (2018)\n\n[54] Liu, X.Y., et al: Stationary deep reinforcement learning with quantum k-spin Hamiltonian regularization. ICLR Workshop on Physics for Machine Learning (2023)\n\n[55] Zhong, V., et al: Improving policy learning via language dynamics distillation. NeurIPS (2022)\n\n[56] Dehghani, M., et al: Scaling vision transformers to 22 billion parameters. ICML (2023)\n\n[57] Bhagoji, A.N., et al: Analyzing federated learning through an adversarial lens. ICML (2019)\n\n[58] Fan, X., et al: Fault-tolerant federated reinforcement learning with theoretical guarantee. NeurIPS (2021)\n\n[59] Song, C., et al: Federated learning annotated image repository. NeurIPS (2022)\n\n[60] Ogier du Terrail, J., et al: Datasets and benchmarks for cross-silo federated learning in realistic healthcare settings. NeurIPS (2022)\n\n[61] Shen, Z., et al: Hessian aided policy gradient. ICML (2019)\n\n[62] Zhang, X., Hong, M., Dhople, S., Yin, W., Liu, Y.: FedPD: A federated learning framework with adaptivity to non-iid data. IEEE Transactions on Signal Processing 69, 6055–6070 (2021)",
          "pdf": "/pdf/dbade10f9fe3c51b8400bdd75fc94073eaff712c.pdf"
        },
        "invitations": [
          "NeurIPS.cc/2023/Conference/Submission1340/-/Author_Rebuttal",
          "NeurIPS.cc/2023/Conference/-/Edit"
        ],
        "domain": "NeurIPS.cc/2023/Conference",
        "license": "CC BY 4.0",
        "version": 2
      },
      {
        "id": "1mQ2a0cud1",
        "number": 1,
        "cdate": 1695318189859,
        "tcdate": 1695318189859,
        "mdate": 1703016441815,
        "tmdate": 1703016441815,
        "signatures": [
          "NeurIPS.cc/2023/Conference/Program_Chairs"
        ],
        "nonreaders": [],
        "readers": [
          "everyone"
        ],
        "writers": [
          "NeurIPS.cc/2023/Conference",
          "NeurIPS.cc/2023/Conference/Program_Chairs"
        ],
        "forum": "0ORqsMY6OL",
        "replyto": "0ORqsMY6OL",
        "content": {
          "title": "Paper Decision",
          "decision": "Accept (poster)",
          "comment": "This paper studies a communication efficient approach for federated reinforcement learning. Overall the reviewers are impressed by the communication savings, but are requesting more extensive numerical results to demonstrate the benefits. Further, the work is a bit incremental since it is a direct extension to the centralized case, using ADMM, and it is sort of expected that such approach will work."
        },
        "invitations": [
          "NeurIPS.cc/2023/Conference/Submission1340/-/Decision",
          "NeurIPS.cc/2023/Conference/-/Edit"
        ],
        "domain": "NeurIPS.cc/2023/Conference",
        "license": "CC BY 4.0",
        "version": 2
      }
    ],
    "signatures": []
  }
}