{
  "id": "39cFjnRpYm",
  "number": 3754,
  "cdate": 1683573995488,
  "tcdate": 1683573995488,
  "mdate": 1698949716512,
  "tmdate": 1698949716512,
  "signatures": [
    "NeurIPS.cc/2023/Conference/Submission3754/Authors"
  ],
  "readers": [
    "everyone"
  ],
  "writers": [
    "NeurIPS.cc/2023/Conference",
    "NeurIPS.cc/2023/Conference/Submission3754/Authors"
  ],
  "forum": "39cFjnRpYm",
  "content": {
    "title": "Time-uniform confidence bands for the CDF under nonstationarity",
    "authors": [
      "Paul Mineiro",
      "Steven R Howard"
    ],
    "authorids": [
      "~Paul_Mineiro1",
      "~Steven_R_Howard1"
    ],
    "keywords": [
      "off-policy evaluation",
      "anytime-valid"
    ],
    "TLDR": "CDF estimation when DKW doesn't apply, e.g., controlled experiments in nonstationary settings",
    "abstract": "Estimation of a complete univariate distribution from a sequence of observations is a useful primitive for both manual and automated decision making. This problem has received extensive attention in the i.i.d. setting, but the arbitrary data dependent setting remains largely unaddressed. We present computationally felicitous time-uniform and value-uniform bounds on the CDF of the running averaged conditional distribution of a sequence of real-valued random variables. Consistent with known impossibility results, our CDF bounds are always valid but sometimes trivial when the instance is too hard, and we give an instance-dependent convergence guarantee.  The importance-weighted extension is appropriate for estimating complete counterfactual distributions of rewards given data from a randomized experiment, e.g., from an A/B test or a contextual bandit.",
    "venue": "NeurIPS 2023 poster",
    "venueid": "NeurIPS.cc/2023/Conference",
    "pdf": "/pdf/15983130b4e39af469b2cc72ece34d0abf13f744.pdf",
    "supplementary_material": "/attachment/06f342a564759640f756e0132d1773d050a02a83.zip",
    "_bibtex": "@inproceedings{\nmineiro2023timeuniform,\ntitle={Time-uniform confidence bands for the {CDF} under nonstationarity},\nauthor={Paul Mineiro and Steven R Howard},\nbooktitle={Thirty-seventh Conference on Neural Information Processing Systems},\nyear={2023},\nurl={https://openreview.net/forum?id=39cFjnRpYm}\n}",
    "paperhash": "mineiro|timeuniform_confidence_bands_for_the_cdf_under_nonstationarity"
  },
  "invitations": [
    "NeurIPS.cc/2023/Conference/-/Submission",
    "NeurIPS.cc/2023/Conference/-/Post_Submission",
    "NeurIPS.cc/2023/Conference/Submission3754/-/Revision",
    "NeurIPS.cc/2023/Conference/-/Edit",
    "NeurIPS.cc/2023/Conference/Submission3754/-/Camera_Ready_Revision"
  ],
  "domain": "NeurIPS.cc/2023/Conference",
  "pdate": 1695325835424,
  "odate": 1698949716499,
  "version": 2,
  "details": {
    "writable": false,
    "tags": [],
    "replyCount": 15,
    "directReplyCount": 6,
    "replies": [
      {
        "id": "dQK1kT6I3Y",
        "number": 1,
        "cdate": 1687831547670,
        "tcdate": 1687831547670,
        "mdate": 1702410915874,
        "tmdate": 1702410915874,
        "signatures": [
          "NeurIPS.cc/2023/Conference/Submission3754/Reviewer_gyN9"
        ],
        "nonreaders": [],
        "readers": [
          "everyone"
        ],
        "writers": [
          "NeurIPS.cc/2023/Conference",
          "NeurIPS.cc/2023/Conference/Submission3754/Reviewer_gyN9"
        ],
        "forum": "39cFjnRpYm",
        "replyto": "39cFjnRpYm",
        "content": {
          "summary": "The authors propose a method for constructing time-uniform and value-uniform bounds on the CDF of the averaged historical distribution of a real valued random process. They propose a design principle AVAST (always valid and sometimes trivial), implying that their bounds always have coverage, but may converge to 0 slowly. The authors build upon the work of [Howard and Ramdas 2022], extending those results to non-stationary processes, and allowing for counterfactual estimation.",
          "soundness": "2 fair",
          "presentation": "4 excellent",
          "contribution": "3 good",
          "strengths": "1. The authors provide a new algorithm for constructing time and value uniform bounds on the CDF of the averaged historical distribution of a real valued random process in the non-stationary case. The theoretical guarantees are cleanly provided, and the proofs appear to be correct.\n2. The authors extend these results to importance-weighted random variables.\n3. The authors simulate their algorithm on several synthetic examples, showcasing its adaptive performance.",
          "weaknesses": "The one point that is not clear to me is the instance-adaptivity of Theorem 3.3. Is this a constant bound $\\xi_t$ constant for all $t$, i.e. $\\xi_t \\le \\xi$ for all $t$? If not, how is it that the bound is time-uniform while having no dependence on previous $\\xi_t$? It seems as though if $X_1,\\dots,X_{100}$ were i.i.d. $U[0,\\epsilon]$, and $X_{101}$ is independent $U[0,1]$, then the confidence interval width $U_{101}(\\epsilon/2)-L_{101}(\\epsilon/2)$ would depend critically on $\\epsilon$. Simulations would also be helpful to clarify this point.",
          "questions": "See weaknesses, the instance-adaptivity of Theorem 3.3 is unclear. This work seems polished and well-written aside from this, but this result seems like a critical part of the paper. I am leaving a score of weak reject, but if this point is clarified I would be happy to see this paper accepted.",
          "limitations": "Line 79: leveraging *the* monotonicity\nline 137: two commas after e.g.\nLine 427: For a fixed \"bet\" $\\lambda$. It is not explained why $\\lambda$ should be treated as a bet.",
          "flag_for_ethics_review": [
            "No ethics review needed."
          ],
          "rating": "6: Weak Accept: Technically solid, moderate-to-high impact paper, with no major concerns with respect to evaluation, resources, reproducibility, ethical considerations.",
          "confidence": "3: You are fairly confident in your assessment. It is possible that you did not understand some parts of the submission or that you are unfamiliar with some pieces of related work. Math/other details were not carefully checked.",
          "code_of_conduct": "Yes"
        },
        "invitations": [
          "NeurIPS.cc/2023/Conference/Submission3754/-/Official_Review",
          "NeurIPS.cc/2023/Conference/-/Edit"
        ],
        "domain": "NeurIPS.cc/2023/Conference",
        "license": "CC BY 4.0",
        "version": 2
      },
      {
        "id": "TVvnfaitnI",
        "number": 2,
        "cdate": 1688655676886,
        "tcdate": 1688655676886,
        "mdate": 1702410915796,
        "tmdate": 1702410915796,
        "signatures": [
          "NeurIPS.cc/2023/Conference/Submission3754/Reviewer_jBxN"
        ],
        "nonreaders": [],
        "readers": [
          "everyone"
        ],
        "writers": [
          "NeurIPS.cc/2023/Conference",
          "NeurIPS.cc/2023/Conference/Submission3754/Reviewer_jBxN"
        ],
        "forum": "39cFjnRpYm",
        "replyto": "39cFjnRpYm",
        "content": {
          "summary": "The paper considers the problem of estimating the CDF of a sequence of random variables obtained sequentially according to some distributions.\nMany classical results are known for this problem when the random variable sequence is obtained in an i.i.d. manner following a certain distribution, along with its confidence bands.\nOn the other hand, some impossibility results are known for the case where the random variables are dependent on each other, and their confidence bands are not sufficiently known.\nTo address this issue, the paper constructs confidence bands for CDFs with running averaged conditional distributions that are uniform in time and value.\nThe extension to importance-weighted random variables is also discussed.",
          "soundness": "3 good",
          "presentation": "2 fair",
          "contribution": "3 good",
          "strengths": "- The paper shows how to construct confidence bands in the setting where there is dependence in the sequence of random variables obtained, an important problem in practical applications. This result is further extended to the importance-weighted setting, which is frequently encountered in many online decision making problems.\n- Through a number of experimental results, the paper shows that results that are consistent with the theoretical results are obtained.",
          "weaknesses": "- The contents of the Introduction seem to be insufficient, because it is not clear what kind of problem is being solved just by following line 12 to line 27, and then the explanation of contirbutions is given immediately after that.\nSection 5 (Related Work) seems to be useful for understanding the problem the authors are trying to solve, so it would be desirable to include it earlier. Even after adding it, the explanation of background knowledge still seems insufficient, so it seems desirable to use the remaining pages to provide more explanation in the current Introduction.\n\n- Although the comparison with existing results is clearly stated, the reviewer could not tell from the text what the major technical difficulties of the problems are. Many of the proofs and contributions are included in the appendix, and it would be desirable to have an explanation of what technical difficulties were solved to obtain the main results, even if they are only sketches.\n\nMinor issues and typos:\n- The horizontal line labels in Figures 1 to 7 are too small to see.",
          "questions": "- As noted in Weaknesses, there are few specific descriptions of technical difficulties, and reviewers expect authors to address them.\n",
          "limitations": "NA",
          "flag_for_ethics_review": [
            "No ethics review needed."
          ],
          "rating": "5: Borderline accept: Technically solid paper where reasons to accept outweigh reasons to reject, e.g., limited evaluation. Please use sparingly.",
          "confidence": "2: You are willing to defend your assessment, but it is quite likely that you did not understand the central parts of the submission or that you are unfamiliar with some pieces of related work. Math/other details were not carefully checked.",
          "code_of_conduct": "Yes"
        },
        "invitations": [
          "NeurIPS.cc/2023/Conference/Submission3754/-/Official_Review",
          "NeurIPS.cc/2023/Conference/-/Edit"
        ],
        "domain": "NeurIPS.cc/2023/Conference",
        "license": "CC BY 4.0",
        "version": 2
      },
      {
        "id": "E3hMGOxWoW",
        "number": 3,
        "cdate": 1688785645693,
        "tcdate": 1688785645693,
        "mdate": 1702410915706,
        "tmdate": 1702410915706,
        "signatures": [
          "NeurIPS.cc/2023/Conference/Submission3754/Reviewer_gT4m"
        ],
        "nonreaders": [],
        "readers": [
          "everyone"
        ],
        "writers": [
          "NeurIPS.cc/2023/Conference",
          "NeurIPS.cc/2023/Conference/Submission3754/Reviewer_gT4m"
        ],
        "forum": "39cFjnRpYm",
        "replyto": "39cFjnRpYm",
        "content": {
          "summary": "This paper proposes a new construction of time-uniform confidence bands for CDF, where the standard toolkit such as Glivenko—Cantelli cannot be applied due to nonstationarity.\nAt a high level, the proposed method combines confidence sequence for a certain subset of values via a union bound.\nDespite the impossibility result from the adversarial online learning scenario, the proposed construction of confidence bands is shown to have vanishing width for a class of smooth distributions (Theorem 3.3).\nThis result holds for unbounded random variables (Section 3.3) as well as under a known distribution shift case (Section 3.4).\nThe simulations demonstrate that the proposed algorithms can be effective.\n",
          "soundness": "3 good",
          "presentation": "1 poor",
          "contribution": "3 good",
          "strengths": "The considered problem of constructing confidence bands for CDFs under nonstationarity is of great practical importance.\nThe proposed technique seems to be new and interesting. The theoretical guarantee in Theorem 3.3 is insightful as it characterizes the adaptivity.\n",
          "weaknesses": "- While I believe that the proposed method is new and novel, the writing is hard to follow, which can be much improved.\n- The paper is not very self-contained. For example, Table 1 needs to be elaborated further. For example, there is no description on “$w_{\\max}$-free” in the main text or in the caption.\n- The figures can be revised further. Legends and labels are too small and not very visible. And it might be better to put Figures 2-5 after Section 4 as these are never referred before the experimental section.\n",
          "questions": "Most of my questions are around Algorithm 1, which seems to contain the key idea of the proposed method. The authors should revise the manuscript so that the key ideas become clear.\n- Is i.i.d.ness is assumed throughout Section 3? It is never explicit except in line 80 before Section 3.4.\n- In Algorithm 1, aren’t the functions $\\epsilon(d)$ and $\\Xi_t$ also “inputs” (or “hyperparameters”) to the algorithm? If so, I think it’d better to put it in the algorithm, not in the caption. Further, I think that making Algorithm 1 illustrative by giving a concrete example of $\\epsilon$ and $\\Xi_t$ may improve readability. Since the paper is extremely notation-heavy, it is not very clear how to parse the algorithm at that abstract level.\n- In Algorithm 1, most of the readers will be confused with $W_{1:t}$, as it hasn’t been defined by then. I can search over the text and find it in Section 3.4 that it means the importance weight, but it only distracts a reader if it’s put in Algorithm 1. \n- In the caption of Figure 1, it is stated that “The algorithm searches over all d to optimize the overall bound via a provably correct early termination criterion”. What do you mean by the “provably correct early termination criterion”? In Algorithm 1, where is this corresponded? And where do you provide a provably correctness?\n\nAs the resulting estimator seems new and interesting, I am inclined to vote for accept, but only provided that the writing is greatly improved in the revision. \n",
          "limitations": "Limitations are not discussed. ",
          "flag_for_ethics_review": [
            "No ethics review needed."
          ],
          "rating": "4: Borderline reject: Technically solid paper where reasons to reject, e.g., limited evaluation, outweigh reasons to accept, e.g., good evaluation. Please use sparingly.",
          "confidence": "3: You are fairly confident in your assessment. It is possible that you did not understand some parts of the submission or that you are unfamiliar with some pieces of related work. Math/other details were not carefully checked.",
          "code_of_conduct": "Yes"
        },
        "invitations": [
          "NeurIPS.cc/2023/Conference/Submission3754/-/Official_Review",
          "NeurIPS.cc/2023/Conference/-/Edit"
        ],
        "domain": "NeurIPS.cc/2023/Conference",
        "license": "CC BY 4.0",
        "version": 2
      },
      {
        "id": "w0fMHBcE9O",
        "number": 4,
        "cdate": 1690258134529,
        "tcdate": 1690258134529,
        "mdate": 1702410915633,
        "tmdate": 1702410915633,
        "signatures": [
          "NeurIPS.cc/2023/Conference/Submission3754/Reviewer_hk3u"
        ],
        "nonreaders": [],
        "readers": [
          "everyone"
        ],
        "writers": [
          "NeurIPS.cc/2023/Conference",
          "NeurIPS.cc/2023/Conference/Submission3754/Reviewer_hk3u"
        ],
        "forum": "39cFjnRpYm",
        "replyto": "39cFjnRpYm",
        "content": {
          "summary": "The paper presents the time and value uniform bounds on the CDF of the running averaged conditional distribution of a real valued random variable. The new bounds do not require iid setting and always achieve non-asymptotic coverage. The converge speed depends on the smoothness of distribution against the reference distribution, which it is the uniform distribution. Following Howard et al (2021), a confidence sequence of a discrete time random process was employed, and a time uniform coverage property was a key to construct the uniform bounds.\nAuthors established the bounds for unit interval random variables, extended to real random variables then extended to importance weighted random variables. Algorithms for lower/upper bounds and theoretical properties are presented and simulation studies are provided. \n",
          "soundness": "2 fair",
          "presentation": "2 fair",
          "contribution": "2 fair",
          "strengths": "Reliable bounds on the CDF for dependent data setting is valuable as iid setting does not always hold. In order to deal with dependent data, the smoothness of distribution to a reference measure is assumed and the time-value uniform bounds are presented. It is examined numerically for both iid samples and nonstationary data.",
          "weaknesses": "This is not my research area and, I found the paper was hard to read and follow. I have an impression that this paper is written assuming that readers have some knowledge and, detailed explanation would be helpful.\n\n\ni) Confidence sequences Lambda and Xi have very important roles but I can’t grab what they are from the Algorithms 1 and 2 and the justification. Although the confidence sequence review is given in Appendix A, it is not straight forward to make connections to Alg 1 and the rest of paper.\n\nii) Consequently, it was difficult to follow proofs without fully understanding the confidence sequences and their theoretical properties. Where are the Eqn 12 from? Could authors derive this from the assumptions and properties of the confidence sequence? \n\niii) Authors did extensive simulation studies with iid samples although the highlight of result is dropping iid assumption. \n\niv) Some abbreviations were not defined. For example, NSM, DKW and DDRM.\n\nv) Careful edit seems to be needed. For example, there are Eqn (10)s, S_t is not defined in Appendix A. \n\n",
          "questions": "Please see the weakness section. ",
          "limitations": "Authors addressed the limitation of the new bounds. ",
          "flag_for_ethics_review": [
            "No ethics review needed."
          ],
          "rating": "4: Borderline reject: Technically solid paper where reasons to reject, e.g., limited evaluation, outweigh reasons to accept, e.g., good evaluation. Please use sparingly.",
          "confidence": "2: You are willing to defend your assessment, but it is quite likely that you did not understand the central parts of the submission or that you are unfamiliar with some pieces of related work. Math/other details were not carefully checked.",
          "code_of_conduct": "Yes"
        },
        "invitations": [
          "NeurIPS.cc/2023/Conference/Submission3754/-/Official_Review",
          "NeurIPS.cc/2023/Conference/-/Edit"
        ],
        "domain": "NeurIPS.cc/2023/Conference",
        "license": "CC BY 4.0",
        "version": 2
      },
      {
        "id": "nqqDEMiEA9",
        "number": 1,
        "cdate": 1691451855042,
        "tcdate": 1691451855042,
        "mdate": 1703017099945,
        "tmdate": 1703017099945,
        "signatures": [
          "NeurIPS.cc/2023/Conference/Submission3754/Authors"
        ],
        "readers": [
          "everyone"
        ],
        "writers": [
          "NeurIPS.cc/2023/Conference",
          "NeurIPS.cc/2023/Conference/Submission3754/Authors"
        ],
        "forum": "39cFjnRpYm",
        "replyto": "w0fMHBcE9O",
        "content": {
          "rebuttal": "> This is not my research area and, I found the paper was hard to read and follow.\n\nThanks for the honest feedback.  We are trying to promote confidence sequences within the machine learning community (they are better known within the statistics literature) and it is challenging to properly calibrate the exposition, but we feel the effort is worthwhile.\n\n> i) Confidence sequences Lambda and Xi have very important roles but I can’t grab what they are from the Algorithms 1 and 2 and the justification. Although the confidence sequence review is given in Appendix A, it is not straight forward to make connections to Alg 1 and the rest of paper.\n\nWe will expand Appendix A to better introduce confidence sequences. We will state the definition of a fixed-sample confidence interval and then make the extension to a confidence sequence as a sequence of confidence intervals satisfying a coverage guarantee which holds uniformly over time. We hope this will make the paper more self-contained.\n\n> iv) Some abbreviations were not defined. For example, NSM, DKW and DDRM.\n\nThanks for pointing this out.\n* We'll drop the usage of the acronym NSM entirely and use \"construction\" instead (NSM is a term of art from the stats community which is not helpful here.)\n* DKW is defined on line 55.\n* DDRM is itself the name of a technique; when first mentioned in the text a reference is provided, but the potential first encounter for the reader is in the caption of a figure 5, so we'll put a reference on that usage.\n\n> v) Careful edit seems to be needed. For example, there are Eqn (10)s, S_t is not defined in Appendix A.\n\nThanks for pointing that out, when we moved some material to the appendix we lost some definitions, which we will restore.\n"
        },
        "invitations": [
          "NeurIPS.cc/2023/Conference/Submission3754/Reviewer_hk3u/-/Rebuttal",
          "NeurIPS.cc/2023/Conference/-/Edit"
        ],
        "domain": "NeurIPS.cc/2023/Conference",
        "license": "CC BY 4.0",
        "version": 2
      },
      {
        "id": "xTGix9Y0bK",
        "number": 1,
        "cdate": 1691451897087,
        "tcdate": 1691451897087,
        "mdate": 1703017099837,
        "tmdate": 1703017099837,
        "signatures": [
          "NeurIPS.cc/2023/Conference/Submission3754/Authors"
        ],
        "readers": [
          "everyone"
        ],
        "writers": [
          "NeurIPS.cc/2023/Conference",
          "NeurIPS.cc/2023/Conference/Submission3754/Authors"
        ],
        "forum": "39cFjnRpYm",
        "replyto": "E3hMGOxWoW",
        "content": {
          "rebuttal": "> The paper is not very self-contained. For example, Table 1 needs to be elaborated further. For example, there is no description on &ldquo;$w_{\\max}$-free&rdquo; in the main text or in the caption.\n\nWe will expand section 5 to explicitly define the six properties we identify in the columns of Table 1, including what \"unbounded importance weights\" refers to.\n\n> The figures can be revised further. Legends and labels are too small and not very visible.\n\nThanks for pointing this out.  We will increase the sizes of all fonts.\n\n> Is i.i.d.ness is assumed throughout Section 3? It is never explicit except in line 80 before Section 3.4.\n\nThe goal of our paper is to dispense with the i.i.d. assumption, so we do not assume it for any of our results. We will be more explicit about this in the introduction. The goal of line 80 was only to point out that a previous proof method used in the i.i.d. setting appears to break down, which is why we use a different technique.\n\n> If so, I think it’d better to put it in the algorithm, not in the caption.\n\nGood suggestion, we'll make this change.\n\n> In Algorithm 1, most of the readers will be confused with, as it hasn’t been defined by then.\n\nWe will remove it.\n\n> In the caption of Figure 1, it is stated that “The algorithm searches over all d to optimize the overall bound via a provably correct early termination criterion”. What do you mean by the “provably correct early termination criterion”? In Algorithm 1, where is this corresponded? And where do you provide a provably correctness?\n\nThanks for pointing this out.  We will include an explicit proof.  The proof sketch is as follows: once the termination criterion is met, any subsequent (deeper in the tree) bounds are evaluated on the same statistics but with a worse confidence level, and hence are dominated.\n"
        },
        "invitations": [
          "NeurIPS.cc/2023/Conference/Submission3754/Reviewer_gT4m/-/Rebuttal",
          "NeurIPS.cc/2023/Conference/-/Edit"
        ],
        "domain": "NeurIPS.cc/2023/Conference",
        "license": "CC BY 4.0",
        "version": 2
      },
      {
        "id": "4dH18owcne",
        "number": 1,
        "cdate": 1691451989193,
        "tcdate": 1691451989193,
        "mdate": 1703017099809,
        "tmdate": 1703017099809,
        "signatures": [
          "NeurIPS.cc/2023/Conference/Submission3754/Authors"
        ],
        "readers": [
          "everyone"
        ],
        "writers": [
          "NeurIPS.cc/2023/Conference",
          "NeurIPS.cc/2023/Conference/Submission3754/Authors"
        ],
        "forum": "39cFjnRpYm",
        "replyto": "TVvnfaitnI",
        "content": {
          "rebuttal": "> The contents of the Introduction seem to be insufficient\n\nGreat point, the current introduction is abstract and a concrete example will be helpful.  We will discuss the scenario of continuous monitoring for software regression detection, which combines the desire to do inference beyond the mean (hence the entire CDF) with a desire to detect changes as rapidly as possible in a nonstationary environment.[[1]](https://arxiv.org/abs/2205.14762)\n\n> Many of the proofs and contributions are included in the appendix, and it would be desirable to have an explanation of what technical difficulties were solved to obtain the main results, even if they are only sketches.\n\nThanks for pointing this out.  We'll provide short sketches of the proofs within the main text.  For example, for the first two theorems:\n* Theorem 3.1 follows from the guarantees of the confidence sequences at each fixed value, the monotonicity of the CDF, and a union bound.\n* Theorem 3.3 follows by noting the bias of the discretization is bounded by the smoothness, and then propagating that through a closed-form confidence boundary.\n\n> The horizontal line labels in Figures 1 to 7 are too small to see.\n\nThanks for pointing this out.  We will increase all font sizes.\n"
        },
        "invitations": [
          "NeurIPS.cc/2023/Conference/Submission3754/Reviewer_jBxN/-/Rebuttal",
          "NeurIPS.cc/2023/Conference/-/Edit"
        ],
        "domain": "NeurIPS.cc/2023/Conference",
        "license": "CC BY 4.0",
        "version": 2
      },
      {
        "id": "bRn5QcX6dJ",
        "number": 1,
        "cdate": 1691452025981,
        "tcdate": 1691452025981,
        "mdate": 1703017099751,
        "tmdate": 1703017099751,
        "signatures": [
          "NeurIPS.cc/2023/Conference/Submission3754/Authors"
        ],
        "readers": [
          "everyone"
        ],
        "writers": [
          "NeurIPS.cc/2023/Conference",
          "NeurIPS.cc/2023/Conference/Submission3754/Authors"
        ],
        "forum": "39cFjnRpYm",
        "replyto": "dQK1kT6I3Y",
        "content": {
          "rebuttal": "> The one point that is not clear to me is the instance-adaptivity of Theorem 3.3.\n\nThanks for pointing this out, we'll add more commentary, since this is an important and desirable property of the technique which should be highlighted.\n\nThe width guarantee is dependent upon the smoothness of the averaged historical distribution up to time t, which can vary with t (as the technique adapts to the [unknown] smoothness at each timestep).  In particular the distributions can become polynomial (in t) less smooth over time and we still enjoy a 1/sqrt(t) shrinking width up to log(t) factors.  It is only when distributions are exponentially less smooth with time that our width becomes constant, which (not coincidentally) is what the impossibility construction of Block et. al. does.\n\n> For a fixed \"bet\" $\\lambda$. It is not explained why $\\lambda$ should be treated as a bet.\n\nThanks for pointing this out.  When we moved material from the main text to the appendix, we lost the definition of $S_t$ (as another reviewer pointed out).  Defining that will clarify.  Furthermore the word \"bet\" is a term of art from the confidence sequence literature which is not helpful here, so we'll switch to using the word \"parameter\".\n"
        },
        "invitations": [
          "NeurIPS.cc/2023/Conference/Submission3754/Reviewer_gyN9/-/Rebuttal",
          "NeurIPS.cc/2023/Conference/-/Edit"
        ],
        "domain": "NeurIPS.cc/2023/Conference",
        "license": "CC BY 4.0",
        "version": 2
      },
      {
        "id": "3wsqCrwpLt",
        "number": 1,
        "cdate": 1691452138021,
        "tcdate": 1691452138021,
        "mdate": 1704275157270,
        "tmdate": 1704275157270,
        "signatures": [
          "NeurIPS.cc/2023/Conference/Submission3754/Authors"
        ],
        "readers": [
          "everyone"
        ],
        "writers": [
          "NeurIPS.cc/2023/Conference",
          "NeurIPS.cc/2023/Conference/Submission3754/Authors"
        ],
        "forum": "39cFjnRpYm",
        "replyto": "39cFjnRpYm",
        "content": {
          "rebuttal": "We thank for reviewers for helping to improve the paper.\n\nTo improve the intelligibility of Algorithm 1, we propose adding the attached figure. Further, in the appendix, we will manually describe the execution of Algorithm 1 step-by-step until termination on a simple dataset of five items.",
          "pdf": "/pdf/a5844389e7640c3c730c45fc2e402349138053d0.pdf"
        },
        "invitations": [
          "NeurIPS.cc/2023/Conference/Submission3754/-/Author_Rebuttal",
          "NeurIPS.cc/2023/Conference/-/Edit"
        ],
        "domain": "NeurIPS.cc/2023/Conference",
        "license": "CC BY 4.0",
        "version": 2
      },
      {
        "id": "x5deatTxwb",
        "number": 1,
        "cdate": 1691711330656,
        "tcdate": 1691711330656,
        "mdate": 1704272809307,
        "tmdate": 1704272809307,
        "signatures": [
          "NeurIPS.cc/2023/Conference/Submission3754/Reviewer_gyN9"
        ],
        "readers": [
          "everyone"
        ],
        "writers": [
          "NeurIPS.cc/2023/Conference",
          "NeurIPS.cc/2023/Conference/Submission3754/Reviewer_gyN9"
        ],
        "forum": "39cFjnRpYm",
        "replyto": "bRn5QcX6dJ",
        "content": {
          "title": "Response",
          "comment": "Thank you for the clarification; I now realize that I had misread notation, and that $\\mathbb{P}_t$ is the $\\textit{averaged historical distribution}$, as opposed to the distribution of $X_t$ itself. My apologies. This seems to be somewhat confusing notationally, as the CDF is already defined in terms of the averaged historical distribution.\n\nIn light of this, I am increasing my score to a 6; I think this paper should be accepted, but will not champion it. The contribution of the paper is clear, the problem it tackles is interesting, and the theoretical results it provides are useful, but the writing and clarity could definitely be improved (as shown by the questions of the other reviewers)."
        },
        "invitations": [
          "NeurIPS.cc/2023/Conference/Submission3754/-/Official_Comment",
          "NeurIPS.cc/2023/Conference/-/Edit"
        ],
        "domain": "NeurIPS.cc/2023/Conference",
        "license": "CC BY 4.0",
        "version": 2
      },
      {
        "id": "zErZ6jWAAQ",
        "number": 2,
        "cdate": 1692089599359,
        "tcdate": 1692089599359,
        "mdate": 1704272809288,
        "tmdate": 1704272809288,
        "signatures": [
          "NeurIPS.cc/2023/Conference/Submission3754/Reviewer_jBxN"
        ],
        "readers": [
          "everyone"
        ],
        "writers": [
          "NeurIPS.cc/2023/Conference",
          "NeurIPS.cc/2023/Conference/Submission3754/Reviewer_jBxN"
        ],
        "forum": "39cFjnRpYm",
        "replyto": "4dH18owcne",
        "content": {
          "comment": "Thank you for your reply.\n\nI have read the rebuttal by the authors, and I will keep the current rating."
        },
        "invitations": [
          "NeurIPS.cc/2023/Conference/Submission3754/-/Official_Comment",
          "NeurIPS.cc/2023/Conference/-/Edit"
        ],
        "domain": "NeurIPS.cc/2023/Conference",
        "license": "CC BY 4.0",
        "version": 2
      },
      {
        "id": "0VxnaN2xae",
        "number": 3,
        "cdate": 1692198868020,
        "tcdate": 1692198868020,
        "mdate": 1704272809275,
        "tmdate": 1704272809275,
        "signatures": [
          "NeurIPS.cc/2023/Conference/Submission3754/Reviewer_gT4m"
        ],
        "readers": [
          "everyone"
        ],
        "writers": [
          "NeurIPS.cc/2023/Conference",
          "NeurIPS.cc/2023/Conference/Submission3754/Reviewer_gT4m"
        ],
        "forum": "39cFjnRpYm",
        "replyto": "xTGix9Y0bK",
        "content": {
          "comment": "I appreciate the authors' response and read other reviews. Though I believe that the paper has an interesting contribution, I think the manuscript needs a major rewriting which will require another round of review. Hence I will keep the score, and I hope the reviewer to revise the whole manuscript carefully so that the problem setting, assumptions, and the description of the algorithm clearer to make the manuscript well-received to a broader audience."
        },
        "invitations": [
          "NeurIPS.cc/2023/Conference/Submission3754/-/Official_Comment",
          "NeurIPS.cc/2023/Conference/-/Edit"
        ],
        "domain": "NeurIPS.cc/2023/Conference",
        "license": "CC BY 4.0",
        "version": 2
      },
      {
        "id": "iaN76D9doq",
        "number": 4,
        "cdate": 1692205750017,
        "tcdate": 1692205750017,
        "mdate": 1704272809166,
        "tmdate": 1704272809166,
        "signatures": [
          "NeurIPS.cc/2023/Conference/Submission3754/Reviewer_hk3u"
        ],
        "readers": [
          "everyone"
        ],
        "writers": [
          "NeurIPS.cc/2023/Conference",
          "NeurIPS.cc/2023/Conference/Submission3754/Reviewer_hk3u"
        ],
        "forum": "39cFjnRpYm",
        "replyto": "nqqDEMiEA9",
        "content": {
          "comment": "I appreciate the authors' response to my comments and other reviewer's comments. The paper has potential and will be in a better shape after accommodating comments. However, I think it needs a major revision and I will keep the score. "
        },
        "invitations": [
          "NeurIPS.cc/2023/Conference/Submission3754/-/Official_Comment",
          "NeurIPS.cc/2023/Conference/-/Edit"
        ],
        "domain": "NeurIPS.cc/2023/Conference",
        "license": "CC BY 4.0",
        "version": 2
      },
      {
        "id": "lrKz7YPDc0",
        "number": 5,
        "cdate": 1692208832275,
        "tcdate": 1692208832275,
        "mdate": 1704272809145,
        "tmdate": 1704272809145,
        "signatures": [
          "NeurIPS.cc/2023/Conference/Submission3754/Authors"
        ],
        "readers": [
          "everyone"
        ],
        "writers": [
          "NeurIPS.cc/2023/Conference",
          "NeurIPS.cc/2023/Conference/Submission3754/Authors"
        ],
        "forum": "39cFjnRpYm",
        "replyto": "iaN76D9doq",
        "content": {
          "title": "Actionable ideas?",
          "comment": "> However, I think it needs a major revision and I will keep the score.\n\nThanks for your honest feedback.  It doesn't sound like you object on a technical level, but rather to the presentation.  Do you have some specific suggestions on how we can better describe the concepts to this audience given the page limit?"
        },
        "invitations": [
          "NeurIPS.cc/2023/Conference/Submission3754/-/Official_Comment",
          "NeurIPS.cc/2023/Conference/-/Edit"
        ],
        "domain": "NeurIPS.cc/2023/Conference",
        "license": "CC BY 4.0",
        "version": 2
      },
      {
        "id": "NG7YbWqdNW",
        "number": 1,
        "cdate": 1695318178159,
        "tcdate": 1695318178159,
        "mdate": 1703016515334,
        "tmdate": 1703016515334,
        "signatures": [
          "NeurIPS.cc/2023/Conference/Program_Chairs"
        ],
        "nonreaders": [],
        "readers": [
          "everyone"
        ],
        "writers": [
          "NeurIPS.cc/2023/Conference",
          "NeurIPS.cc/2023/Conference/Program_Chairs"
        ],
        "forum": "39cFjnRpYm",
        "replyto": "39cFjnRpYm",
        "content": {
          "title": "Paper Decision",
          "decision": "Accept (poster)",
          "comment": "This paper is a a non-trivial extension of the Howard and Ramdas 2022 paper, to time-varying processes. This is a useful extension from the applicability perspective, and the proof techniques differ in a few important ways in order to handle non-stationarity. The most critical feedback from reviewers is on presentation. While the material may be accessible to those who have a background in the relevant literature, the authors are advised to take more care in explaining their notation, particularly by elaborating the time-averaged nature of the quantities and by making sure each concept used is defined ahead of time. The authors are also advised to provide brief proof sketches that highlight the methodology employed, to give a roadmap to the detailed proofs in the supplemental material. Please also elaborate the introduction as far as the relationship with other works goes, e.g., by making the comparisons and contrasts of Table 1 more explicit in the text and including the differences in tools used to achieve the results. The technical contributions of this work do warrant being shared with the community, however it is critical that all the clarity concerns of the reviewers and their other comments are taken into account."
        },
        "invitations": [
          "NeurIPS.cc/2023/Conference/Submission3754/-/Decision",
          "NeurIPS.cc/2023/Conference/-/Edit"
        ],
        "domain": "NeurIPS.cc/2023/Conference",
        "license": "CC BY 4.0",
        "version": 2
      }
    ],
    "directReplies": [
      {
        "id": "dQK1kT6I3Y",
        "number": 1,
        "cdate": 1687831547670,
        "tcdate": 1687831547670,
        "mdate": 1702410915874,
        "tmdate": 1702410915874,
        "signatures": [
          "NeurIPS.cc/2023/Conference/Submission3754/Reviewer_gyN9"
        ],
        "nonreaders": [],
        "readers": [
          "everyone"
        ],
        "writers": [
          "NeurIPS.cc/2023/Conference",
          "NeurIPS.cc/2023/Conference/Submission3754/Reviewer_gyN9"
        ],
        "forum": "39cFjnRpYm",
        "replyto": "39cFjnRpYm",
        "content": {
          "summary": "The authors propose a method for constructing time-uniform and value-uniform bounds on the CDF of the averaged historical distribution of a real valued random process. They propose a design principle AVAST (always valid and sometimes trivial), implying that their bounds always have coverage, but may converge to 0 slowly. The authors build upon the work of [Howard and Ramdas 2022], extending those results to non-stationary processes, and allowing for counterfactual estimation.",
          "soundness": "2 fair",
          "presentation": "4 excellent",
          "contribution": "3 good",
          "strengths": "1. The authors provide a new algorithm for constructing time and value uniform bounds on the CDF of the averaged historical distribution of a real valued random process in the non-stationary case. The theoretical guarantees are cleanly provided, and the proofs appear to be correct.\n2. The authors extend these results to importance-weighted random variables.\n3. The authors simulate their algorithm on several synthetic examples, showcasing its adaptive performance.",
          "weaknesses": "The one point that is not clear to me is the instance-adaptivity of Theorem 3.3. Is this a constant bound $\\xi_t$ constant for all $t$, i.e. $\\xi_t \\le \\xi$ for all $t$? If not, how is it that the bound is time-uniform while having no dependence on previous $\\xi_t$? It seems as though if $X_1,\\dots,X_{100}$ were i.i.d. $U[0,\\epsilon]$, and $X_{101}$ is independent $U[0,1]$, then the confidence interval width $U_{101}(\\epsilon/2)-L_{101}(\\epsilon/2)$ would depend critically on $\\epsilon$. Simulations would also be helpful to clarify this point.",
          "questions": "See weaknesses, the instance-adaptivity of Theorem 3.3 is unclear. This work seems polished and well-written aside from this, but this result seems like a critical part of the paper. I am leaving a score of weak reject, but if this point is clarified I would be happy to see this paper accepted.",
          "limitations": "Line 79: leveraging *the* monotonicity\nline 137: two commas after e.g.\nLine 427: For a fixed \"bet\" $\\lambda$. It is not explained why $\\lambda$ should be treated as a bet.",
          "flag_for_ethics_review": [
            "No ethics review needed."
          ],
          "rating": "6: Weak Accept: Technically solid, moderate-to-high impact paper, with no major concerns with respect to evaluation, resources, reproducibility, ethical considerations.",
          "confidence": "3: You are fairly confident in your assessment. It is possible that you did not understand some parts of the submission or that you are unfamiliar with some pieces of related work. Math/other details were not carefully checked.",
          "code_of_conduct": "Yes"
        },
        "invitations": [
          "NeurIPS.cc/2023/Conference/Submission3754/-/Official_Review",
          "NeurIPS.cc/2023/Conference/-/Edit"
        ],
        "domain": "NeurIPS.cc/2023/Conference",
        "license": "CC BY 4.0",
        "version": 2
      },
      {
        "id": "TVvnfaitnI",
        "number": 2,
        "cdate": 1688655676886,
        "tcdate": 1688655676886,
        "mdate": 1702410915796,
        "tmdate": 1702410915796,
        "signatures": [
          "NeurIPS.cc/2023/Conference/Submission3754/Reviewer_jBxN"
        ],
        "nonreaders": [],
        "readers": [
          "everyone"
        ],
        "writers": [
          "NeurIPS.cc/2023/Conference",
          "NeurIPS.cc/2023/Conference/Submission3754/Reviewer_jBxN"
        ],
        "forum": "39cFjnRpYm",
        "replyto": "39cFjnRpYm",
        "content": {
          "summary": "The paper considers the problem of estimating the CDF of a sequence of random variables obtained sequentially according to some distributions.\nMany classical results are known for this problem when the random variable sequence is obtained in an i.i.d. manner following a certain distribution, along with its confidence bands.\nOn the other hand, some impossibility results are known for the case where the random variables are dependent on each other, and their confidence bands are not sufficiently known.\nTo address this issue, the paper constructs confidence bands for CDFs with running averaged conditional distributions that are uniform in time and value.\nThe extension to importance-weighted random variables is also discussed.",
          "soundness": "3 good",
          "presentation": "2 fair",
          "contribution": "3 good",
          "strengths": "- The paper shows how to construct confidence bands in the setting where there is dependence in the sequence of random variables obtained, an important problem in practical applications. This result is further extended to the importance-weighted setting, which is frequently encountered in many online decision making problems.\n- Through a number of experimental results, the paper shows that results that are consistent with the theoretical results are obtained.",
          "weaknesses": "- The contents of the Introduction seem to be insufficient, because it is not clear what kind of problem is being solved just by following line 12 to line 27, and then the explanation of contirbutions is given immediately after that.\nSection 5 (Related Work) seems to be useful for understanding the problem the authors are trying to solve, so it would be desirable to include it earlier. Even after adding it, the explanation of background knowledge still seems insufficient, so it seems desirable to use the remaining pages to provide more explanation in the current Introduction.\n\n- Although the comparison with existing results is clearly stated, the reviewer could not tell from the text what the major technical difficulties of the problems are. Many of the proofs and contributions are included in the appendix, and it would be desirable to have an explanation of what technical difficulties were solved to obtain the main results, even if they are only sketches.\n\nMinor issues and typos:\n- The horizontal line labels in Figures 1 to 7 are too small to see.",
          "questions": "- As noted in Weaknesses, there are few specific descriptions of technical difficulties, and reviewers expect authors to address them.\n",
          "limitations": "NA",
          "flag_for_ethics_review": [
            "No ethics review needed."
          ],
          "rating": "5: Borderline accept: Technically solid paper where reasons to accept outweigh reasons to reject, e.g., limited evaluation. Please use sparingly.",
          "confidence": "2: You are willing to defend your assessment, but it is quite likely that you did not understand the central parts of the submission or that you are unfamiliar with some pieces of related work. Math/other details were not carefully checked.",
          "code_of_conduct": "Yes"
        },
        "invitations": [
          "NeurIPS.cc/2023/Conference/Submission3754/-/Official_Review",
          "NeurIPS.cc/2023/Conference/-/Edit"
        ],
        "domain": "NeurIPS.cc/2023/Conference",
        "license": "CC BY 4.0",
        "version": 2
      },
      {
        "id": "E3hMGOxWoW",
        "number": 3,
        "cdate": 1688785645693,
        "tcdate": 1688785645693,
        "mdate": 1702410915706,
        "tmdate": 1702410915706,
        "signatures": [
          "NeurIPS.cc/2023/Conference/Submission3754/Reviewer_gT4m"
        ],
        "nonreaders": [],
        "readers": [
          "everyone"
        ],
        "writers": [
          "NeurIPS.cc/2023/Conference",
          "NeurIPS.cc/2023/Conference/Submission3754/Reviewer_gT4m"
        ],
        "forum": "39cFjnRpYm",
        "replyto": "39cFjnRpYm",
        "content": {
          "summary": "This paper proposes a new construction of time-uniform confidence bands for CDF, where the standard toolkit such as Glivenko—Cantelli cannot be applied due to nonstationarity.\nAt a high level, the proposed method combines confidence sequence for a certain subset of values via a union bound.\nDespite the impossibility result from the adversarial online learning scenario, the proposed construction of confidence bands is shown to have vanishing width for a class of smooth distributions (Theorem 3.3).\nThis result holds for unbounded random variables (Section 3.3) as well as under a known distribution shift case (Section 3.4).\nThe simulations demonstrate that the proposed algorithms can be effective.\n",
          "soundness": "3 good",
          "presentation": "1 poor",
          "contribution": "3 good",
          "strengths": "The considered problem of constructing confidence bands for CDFs under nonstationarity is of great practical importance.\nThe proposed technique seems to be new and interesting. The theoretical guarantee in Theorem 3.3 is insightful as it characterizes the adaptivity.\n",
          "weaknesses": "- While I believe that the proposed method is new and novel, the writing is hard to follow, which can be much improved.\n- The paper is not very self-contained. For example, Table 1 needs to be elaborated further. For example, there is no description on “$w_{\\max}$-free” in the main text or in the caption.\n- The figures can be revised further. Legends and labels are too small and not very visible. And it might be better to put Figures 2-5 after Section 4 as these are never referred before the experimental section.\n",
          "questions": "Most of my questions are around Algorithm 1, which seems to contain the key idea of the proposed method. The authors should revise the manuscript so that the key ideas become clear.\n- Is i.i.d.ness is assumed throughout Section 3? It is never explicit except in line 80 before Section 3.4.\n- In Algorithm 1, aren’t the functions $\\epsilon(d)$ and $\\Xi_t$ also “inputs” (or “hyperparameters”) to the algorithm? If so, I think it’d better to put it in the algorithm, not in the caption. Further, I think that making Algorithm 1 illustrative by giving a concrete example of $\\epsilon$ and $\\Xi_t$ may improve readability. Since the paper is extremely notation-heavy, it is not very clear how to parse the algorithm at that abstract level.\n- In Algorithm 1, most of the readers will be confused with $W_{1:t}$, as it hasn’t been defined by then. I can search over the text and find it in Section 3.4 that it means the importance weight, but it only distracts a reader if it’s put in Algorithm 1. \n- In the caption of Figure 1, it is stated that “The algorithm searches over all d to optimize the overall bound via a provably correct early termination criterion”. What do you mean by the “provably correct early termination criterion”? In Algorithm 1, where is this corresponded? And where do you provide a provably correctness?\n\nAs the resulting estimator seems new and interesting, I am inclined to vote for accept, but only provided that the writing is greatly improved in the revision. \n",
          "limitations": "Limitations are not discussed. ",
          "flag_for_ethics_review": [
            "No ethics review needed."
          ],
          "rating": "4: Borderline reject: Technically solid paper where reasons to reject, e.g., limited evaluation, outweigh reasons to accept, e.g., good evaluation. Please use sparingly.",
          "confidence": "3: You are fairly confident in your assessment. It is possible that you did not understand some parts of the submission or that you are unfamiliar with some pieces of related work. Math/other details were not carefully checked.",
          "code_of_conduct": "Yes"
        },
        "invitations": [
          "NeurIPS.cc/2023/Conference/Submission3754/-/Official_Review",
          "NeurIPS.cc/2023/Conference/-/Edit"
        ],
        "domain": "NeurIPS.cc/2023/Conference",
        "license": "CC BY 4.0",
        "version": 2
      },
      {
        "id": "w0fMHBcE9O",
        "number": 4,
        "cdate": 1690258134529,
        "tcdate": 1690258134529,
        "mdate": 1702410915633,
        "tmdate": 1702410915633,
        "signatures": [
          "NeurIPS.cc/2023/Conference/Submission3754/Reviewer_hk3u"
        ],
        "nonreaders": [],
        "readers": [
          "everyone"
        ],
        "writers": [
          "NeurIPS.cc/2023/Conference",
          "NeurIPS.cc/2023/Conference/Submission3754/Reviewer_hk3u"
        ],
        "forum": "39cFjnRpYm",
        "replyto": "39cFjnRpYm",
        "content": {
          "summary": "The paper presents the time and value uniform bounds on the CDF of the running averaged conditional distribution of a real valued random variable. The new bounds do not require iid setting and always achieve non-asymptotic coverage. The converge speed depends on the smoothness of distribution against the reference distribution, which it is the uniform distribution. Following Howard et al (2021), a confidence sequence of a discrete time random process was employed, and a time uniform coverage property was a key to construct the uniform bounds.\nAuthors established the bounds for unit interval random variables, extended to real random variables then extended to importance weighted random variables. Algorithms for lower/upper bounds and theoretical properties are presented and simulation studies are provided. \n",
          "soundness": "2 fair",
          "presentation": "2 fair",
          "contribution": "2 fair",
          "strengths": "Reliable bounds on the CDF for dependent data setting is valuable as iid setting does not always hold. In order to deal with dependent data, the smoothness of distribution to a reference measure is assumed and the time-value uniform bounds are presented. It is examined numerically for both iid samples and nonstationary data.",
          "weaknesses": "This is not my research area and, I found the paper was hard to read and follow. I have an impression that this paper is written assuming that readers have some knowledge and, detailed explanation would be helpful.\n\n\ni) Confidence sequences Lambda and Xi have very important roles but I can’t grab what they are from the Algorithms 1 and 2 and the justification. Although the confidence sequence review is given in Appendix A, it is not straight forward to make connections to Alg 1 and the rest of paper.\n\nii) Consequently, it was difficult to follow proofs without fully understanding the confidence sequences and their theoretical properties. Where are the Eqn 12 from? Could authors derive this from the assumptions and properties of the confidence sequence? \n\niii) Authors did extensive simulation studies with iid samples although the highlight of result is dropping iid assumption. \n\niv) Some abbreviations were not defined. For example, NSM, DKW and DDRM.\n\nv) Careful edit seems to be needed. For example, there are Eqn (10)s, S_t is not defined in Appendix A. \n\n",
          "questions": "Please see the weakness section. ",
          "limitations": "Authors addressed the limitation of the new bounds. ",
          "flag_for_ethics_review": [
            "No ethics review needed."
          ],
          "rating": "4: Borderline reject: Technically solid paper where reasons to reject, e.g., limited evaluation, outweigh reasons to accept, e.g., good evaluation. Please use sparingly.",
          "confidence": "2: You are willing to defend your assessment, but it is quite likely that you did not understand the central parts of the submission or that you are unfamiliar with some pieces of related work. Math/other details were not carefully checked.",
          "code_of_conduct": "Yes"
        },
        "invitations": [
          "NeurIPS.cc/2023/Conference/Submission3754/-/Official_Review",
          "NeurIPS.cc/2023/Conference/-/Edit"
        ],
        "domain": "NeurIPS.cc/2023/Conference",
        "license": "CC BY 4.0",
        "version": 2
      },
      {
        "id": "3wsqCrwpLt",
        "number": 1,
        "cdate": 1691452138021,
        "tcdate": 1691452138021,
        "mdate": 1704275157270,
        "tmdate": 1704275157270,
        "signatures": [
          "NeurIPS.cc/2023/Conference/Submission3754/Authors"
        ],
        "readers": [
          "everyone"
        ],
        "writers": [
          "NeurIPS.cc/2023/Conference",
          "NeurIPS.cc/2023/Conference/Submission3754/Authors"
        ],
        "forum": "39cFjnRpYm",
        "replyto": "39cFjnRpYm",
        "content": {
          "rebuttal": "We thank for reviewers for helping to improve the paper.\n\nTo improve the intelligibility of Algorithm 1, we propose adding the attached figure. Further, in the appendix, we will manually describe the execution of Algorithm 1 step-by-step until termination on a simple dataset of five items.",
          "pdf": "/pdf/a5844389e7640c3c730c45fc2e402349138053d0.pdf"
        },
        "invitations": [
          "NeurIPS.cc/2023/Conference/Submission3754/-/Author_Rebuttal",
          "NeurIPS.cc/2023/Conference/-/Edit"
        ],
        "domain": "NeurIPS.cc/2023/Conference",
        "license": "CC BY 4.0",
        "version": 2
      },
      {
        "id": "NG7YbWqdNW",
        "number": 1,
        "cdate": 1695318178159,
        "tcdate": 1695318178159,
        "mdate": 1703016515334,
        "tmdate": 1703016515334,
        "signatures": [
          "NeurIPS.cc/2023/Conference/Program_Chairs"
        ],
        "nonreaders": [],
        "readers": [
          "everyone"
        ],
        "writers": [
          "NeurIPS.cc/2023/Conference",
          "NeurIPS.cc/2023/Conference/Program_Chairs"
        ],
        "forum": "39cFjnRpYm",
        "replyto": "39cFjnRpYm",
        "content": {
          "title": "Paper Decision",
          "decision": "Accept (poster)",
          "comment": "This paper is a a non-trivial extension of the Howard and Ramdas 2022 paper, to time-varying processes. This is a useful extension from the applicability perspective, and the proof techniques differ in a few important ways in order to handle non-stationarity. The most critical feedback from reviewers is on presentation. While the material may be accessible to those who have a background in the relevant literature, the authors are advised to take more care in explaining their notation, particularly by elaborating the time-averaged nature of the quantities and by making sure each concept used is defined ahead of time. The authors are also advised to provide brief proof sketches that highlight the methodology employed, to give a roadmap to the detailed proofs in the supplemental material. Please also elaborate the introduction as far as the relationship with other works goes, e.g., by making the comparisons and contrasts of Table 1 more explicit in the text and including the differences in tools used to achieve the results. The technical contributions of this work do warrant being shared with the community, however it is critical that all the clarity concerns of the reviewers and their other comments are taken into account."
        },
        "invitations": [
          "NeurIPS.cc/2023/Conference/Submission3754/-/Decision",
          "NeurIPS.cc/2023/Conference/-/Edit"
        ],
        "domain": "NeurIPS.cc/2023/Conference",
        "license": "CC BY 4.0",
        "version": 2
      }
    ],
    "signatures": []
  }
}