{
  "id": "3Fc9gnR0fa",
  "number": 2663,
  "cdate": 1683433728496,
  "tcdate": 1683433728496,
  "mdate": 1698949708325,
  "tmdate": 1698949708325,
  "signatures": [
    "NeurIPS.cc/2023/Conference/Submission2663/Authors"
  ],
  "readers": [
    "everyone"
  ],
  "writers": [
    "NeurIPS.cc/2023/Conference",
    "NeurIPS.cc/2023/Conference/Submission2663/Authors"
  ],
  "forum": "3Fc9gnR0fa",
  "content": {
    "title": "Neural Frailty Machine: Beyond proportional hazard assumption in neural survival regressions",
    "authors": [
      "Ruofan Wu",
      "Jiawei Qiao",
      "Mingzhe Wu",
      "Wen Yu",
      "Ming Zheng",
      "Tengfei LIU",
      "Tianyi Zhang",
      "Weiqiang Wang"
    ],
    "authorids": [
      "~Ruofan_Wu1",
      "~Jiawei_Qiao1",
      "~Mingzhe_Wu1",
      "~Wen_Yu1",
      "~Ming_Zheng1",
      "~Tengfei_LIU2",
      "~Tianyi_Zhang5",
      "~Weiqiang_Wang4"
    ],
    "keywords": [
      "Survival Analysis",
      "Theory",
      "Semiparametric statistics"
    ],
    "abstract": "We present neural frailty machine (NFM), a powerful and flexible neural modeling framework for survival regressions. The NFM framework utilizes the classical idea of multiplicative frailty in survival analysis as a principled way of extending the proportional hazard assumption, at the same time being able to leverage the strong approximation power of neural architectures for handling nonlinear covariate dependence. Two concrete models are derived under the framework that extends neural proportional hazard models and nonparametric hazard regression models. Both models allow efficient training under the likelihood objective. Theoretically, for both proposed models, we establish statistical guarantees of neural function approximation with respect to nonparametric components via characterizing their rate of convergence. Empirically, we provide synthetic experiments that verify our theoretical statements. We also conduct experimental evaluations over $6$ benchmark datasets of different scales, showing that the proposed NFM models achieve predictive performance comparable to or sometimes surpassing state-of-the-art survival models. Our code is publicly availabel at https://github.com/Rorschach1989/nfm",
    "pdf": "/pdf/5d098edfd61024018a098101da38a620aba04480.pdf",
    "supplementary_material": "/attachment/ebc2dc5dd3548fe6e2c61ba7fc63da9530d8005d.zip",
    "venue": "NeurIPS 2023 poster",
    "venueid": "NeurIPS.cc/2023/Conference",
    "_bibtex": "@inproceedings{\nwu2023neural,\ntitle={Neural Frailty Machine: Beyond proportional hazard assumption in neural survival regressions},\nauthor={Ruofan Wu and Jiawei Qiao and Mingzhe Wu and Wen Yu and Ming Zheng and Tengfei LIU and Tianyi Zhang and Weiqiang Wang},\nbooktitle={Thirty-seventh Conference on Neural Information Processing Systems},\nyear={2023},\nurl={https://openreview.net/forum?id=3Fc9gnR0fa}\n}",
    "paperhash": "wu|neural_frailty_machine_beyond_proportional_hazard_assumption_in_neural_survival_regressions"
  },
  "invitations": [
    "NeurIPS.cc/2023/Conference/-/Submission",
    "NeurIPS.cc/2023/Conference/-/Post_Submission",
    "NeurIPS.cc/2023/Conference/Submission2663/-/Revision",
    "NeurIPS.cc/2023/Conference/-/Edit",
    "NeurIPS.cc/2023/Conference/Submission2663/-/Camera_Ready_Revision"
  ],
  "domain": "NeurIPS.cc/2023/Conference",
  "pdate": 1695325801575,
  "odate": 1698949708311,
  "version": 2,
  "details": {
    "writable": false,
    "tags": [],
    "replyCount": 17,
    "directReplyCount": 7,
    "replies": [
      {
        "id": "rzwOQI2JZ4",
        "number": 1,
        "cdate": 1688086684168,
        "tcdate": 1688086684168,
        "mdate": 1702410855901,
        "tmdate": 1702410855901,
        "signatures": [
          "NeurIPS.cc/2023/Conference/Submission2663/Reviewer_nR17"
        ],
        "nonreaders": [],
        "readers": [
          "everyone"
        ],
        "writers": [
          "NeurIPS.cc/2023/Conference",
          "NeurIPS.cc/2023/Conference/Submission2663/Reviewer_nR17"
        ],
        "forum": "3Fc9gnR0fa",
        "replyto": "3Fc9gnR0fa",
        "content": {
          "summary": "The paper proposes to parametrize frailty models with neural networks and provide results on learning rates for these models.\n\nExperiments demonstrate the efficacy of the proposed models. ",
          "soundness": "2 fair",
          "presentation": "2 fair",
          "contribution": "2 fair",
          "strengths": "1. The theoretical analysis is interesting and cool.",
          "weaknesses": "1. The paper states that: \"[56] used a neural network to approximate the conditional survival function and could be thus viewed as another trivial extension of NHR.\" How is this not exactly the same idea but for frailty models, you're proposing a neural parametrization very much akin to [56]. \n",
          "questions": "1. Everything is evaluated using IBS and IBLL, non-proper scores when censoring is not independent of event-times. Can you prove that the datasets you use indeed exhibit this independence. Can you provide evaluations using the likelihood, a proper score?\n2. The objective seems computationally intensive to compute, can you provide computational comparisons with other methods?",
          "limitations": "N/A",
          "flag_for_ethics_review": [
            "No ethics review needed."
          ],
          "rating": "5: Borderline accept: Technically solid paper where reasons to accept outweigh reasons to reject, e.g., limited evaluation. Please use sparingly.",
          "confidence": "4: You are confident in your assessment, but not absolutely certain. It is unlikely, but not impossible, that you did not understand some parts of the submission or that you are unfamiliar with some pieces of related work.",
          "code_of_conduct": "Yes"
        },
        "invitations": [
          "NeurIPS.cc/2023/Conference/Submission2663/-/Official_Review",
          "NeurIPS.cc/2023/Conference/-/Edit"
        ],
        "domain": "NeurIPS.cc/2023/Conference",
        "license": "CC BY 4.0",
        "version": 2
      },
      {
        "id": "hrUpLvHXh0",
        "number": 2,
        "cdate": 1688496180141,
        "tcdate": 1688496180141,
        "mdate": 1702410855786,
        "tmdate": 1702410855786,
        "signatures": [
          "NeurIPS.cc/2023/Conference/Submission2663/Reviewer_82in"
        ],
        "nonreaders": [],
        "readers": [
          "everyone"
        ],
        "writers": [
          "NeurIPS.cc/2023/Conference",
          "NeurIPS.cc/2023/Conference/Submission2663/Reviewer_82in"
        ],
        "forum": "3Fc9gnR0fa",
        "replyto": "3Fc9gnR0fa",
        "content": {
          "summary": "The authors propose a neural architecture to estimate the survival function for observations of survival times and censored survival times. The authors describe a methodology to include heterogeneity among the population by including the frailty component. The authors then theoretically and empirically illustrate properties of their approach. The theoretical results are used to provide additional justification for why a neural network architecture is appropriate for this kind of problem. Empirical results are added to place into context the performance of the proposed methods with respect to existing methods. \n",
          "soundness": "3 good",
          "presentation": "3 good",
          "contribution": "3 good",
          "strengths": "The paper provides a thorough analysis on using neural networks for survival estimation beyond the analyses present in previous works. The authors also consider frailty which they naturally include within their modelling framework, removing some of the homogeneity assumptions of previous works. The empirical results suggest that the method performs well in the considered scenarios. I did not check the details of the proofs, but the theoretical component seems useful and original for predicting convergence rates of the estimator and applicable to other similar estimators. Finally, the writing is clear and easy to follow. ",
          "weaknesses": "The main weakness involves the empirical evaluation of the paper. None of the empirical gains are major when considering the empirical experiments. This is expected with real world data since it's difficult to estimate the counterfactual (i.e. maybe the survival time could have been much longer/shorter). I would suggest to add an empirical result that compares the methods in idealized settings where the true survival distribution is known and that the metrics can be appropriately compared. \n\nAnother potential weakness involves the theoretical guarantees. If I'm understanding correctly, the theory applies in the case where the networks are well-learned, which is still subject to the issues associated with neural network optimization. It may be good to emphasize this in the text.  ",
          "questions": "How does the empirical convergence compare with the theoretical? \n\nThe authors mention using Clenshaw-Curtis as the integrator, how does the parameters of the integrator (e.g. step size) affect the performance of the method? Is there some numerical bottleneck related to this integration?\n\nIn the theoretical results, the MLPs scale with the number of samples, is there a rigorous connection to the number of parameters in the network and the number of samples? Additionally, was this enforced in the experimental setup, I could not tell if this was the case in the hyper parameter section of the appendix?\n\nDoes the method extend to representing the joint distribution of multiple survival times? E.g. something like $P(T_1 > t_1, \\ldots, T_d > t_d \\mid Z)$? \n\nWas a nonparametric model for the frailty component examined, i.e. could $f_\\theta$ be represented by some generative model constrained to be positive? ",
          "limitations": "The authors did mention limitations in the appendix. Alongside their notes, it may be good to get a review of where the authors think that their method is appropriate and where other methods would be more appropriate. Additionally, it would be nice to see conditions where the method fails to get a better idea of the properties of the method. This could possibly come from some of the theoretical assumptions being violated (e.g. it’s unclear which ones are really necessary in practice versus for proving the theorems).\n",
          "flag_for_ethics_review": [
            "No ethics review needed."
          ],
          "rating": "7: Accept: Technically solid paper, with high impact on at least one sub-area, or moderate-to-high impact on more than one areas, with good-to-excellent evaluation, resources, reproducibility, and no unaddressed ethical considerations.",
          "confidence": "3: You are fairly confident in your assessment. It is possible that you did not understand some parts of the submission or that you are unfamiliar with some pieces of related work. Math/other details were not carefully checked.",
          "code_of_conduct": "Yes"
        },
        "invitations": [
          "NeurIPS.cc/2023/Conference/Submission2663/-/Official_Review",
          "NeurIPS.cc/2023/Conference/-/Edit"
        ],
        "domain": "NeurIPS.cc/2023/Conference",
        "license": "CC BY 4.0",
        "version": 2
      },
      {
        "id": "FASG4RRiSm",
        "number": 3,
        "cdate": 1688606794960,
        "tcdate": 1688606794960,
        "mdate": 1702410855704,
        "tmdate": 1702410855704,
        "signatures": [
          "NeurIPS.cc/2023/Conference/Submission2663/Reviewer_PAZm"
        ],
        "nonreaders": [],
        "readers": [
          "everyone"
        ],
        "writers": [
          "NeurIPS.cc/2023/Conference",
          "NeurIPS.cc/2023/Conference/Submission2663/Reviewer_PAZm"
        ],
        "forum": "3Fc9gnR0fa",
        "replyto": "3Fc9gnR0fa",
        "content": {
          "summary": "The frailty model is one of the popular models in survival analysis, and it is an extension of the classical Cox proportional hazard model.   This paper extends the frailty model by using neural networks, and this paper provides the theoretical analysis of the proposed models.",
          "soundness": "3 good",
          "presentation": "3 good",
          "contribution": "2 fair",
          "strengths": "+ This paper proposes two new models NFM-PF and NFM-PM by combining the frailty model and neural networks.\n+ This paper provides the theoretical analysis of the proposed models to show its correctness.",
          "weaknesses": "I think that the (original) frailty model is interesting, simply because it uses slightly weaker assumptions than the classical Cox model.  Even though their difference is small, the frailty model can be significantly better than the Cox model in practical prediction performance.  This is because the Cox model is essentially a linear model and therefore a slight change (i.e., using frailty) can be a huge differentiator.  However, the proposed extensions of frailty models by using neural networks are not so interesting. We already know many neural network models for survival analysis such as DeepSurv [42] and DeepEH [75], which are extensions of the Cox and AFT models.  All of the neural network models for survival analysis are flexible enough, and the advantage of using the concept of frailty in neural network models should be minimal.\n\nThe experiments are not good enough with respect to showing the practical advantage of using frailty in neural network models.  Although the proposed models were compared with many existing models, the performance differences seem coming from the differences of the neural network architectures (e.g., the network structures, the number of layers, the number of neurons in each layer, and many other implementation details) rather than the frailty.  Since the goal of the experiments is to show the advantage of using frailty in the neural network models, the authors should compare the two neural network models with and without frailty by using (almost) the same neural network architecture.\n\nMoreover, the authors should have used the right-censored log-likelihood, which is shown to be a strictly proper scoring rule in [56], as the evaluation metric instead of IBS and IBNLL in the experiments.  The statement “Both IBS and INBLL are proper scoring rules” in Line 301 is not true, and it is shown that both IBS and INBLL are not proper in [56].",
          "questions": "I have no question.",
          "limitations": "I couldn’t find any description on limitations.",
          "flag_for_ethics_review": [
            "No ethics review needed."
          ],
          "rating": "4: Borderline reject: Technically solid paper where reasons to reject, e.g., limited evaluation, outweigh reasons to accept, e.g., good evaluation. Please use sparingly.",
          "confidence": "3: You are fairly confident in your assessment. It is possible that you did not understand some parts of the submission or that you are unfamiliar with some pieces of related work. Math/other details were not carefully checked.",
          "code_of_conduct": "Yes"
        },
        "invitations": [
          "NeurIPS.cc/2023/Conference/Submission2663/-/Official_Review",
          "NeurIPS.cc/2023/Conference/-/Edit"
        ],
        "domain": "NeurIPS.cc/2023/Conference",
        "license": "CC BY 4.0",
        "version": 2
      },
      {
        "id": "X8s6RvDPRb",
        "number": 4,
        "cdate": 1689019354009,
        "tcdate": 1689019354009,
        "mdate": 1702410855566,
        "tmdate": 1702410855566,
        "signatures": [
          "NeurIPS.cc/2023/Conference/Submission2663/Reviewer_U6h7"
        ],
        "nonreaders": [],
        "readers": [
          "everyone"
        ],
        "writers": [
          "NeurIPS.cc/2023/Conference",
          "NeurIPS.cc/2023/Conference/Submission2663/Reviewer_U6h7"
        ],
        "forum": "3Fc9gnR0fa",
        "replyto": "3Fc9gnR0fa",
        "content": {
          "summary": "The authors propose a framework for survival regression called neural frailty machine. They have shown that most of the existing methods are a special case of the proposed framework. Also, they have drawn statistical convergence guarantees for the proposed model. The experiments show marginal improvement compared to existing models in terms of some metrics.",
          "soundness": "3 good",
          "presentation": "3 good",
          "contribution": "2 fair",
          "strengths": "The paper is well-written and has clear motivation. The overall approach is intuitive and makes sense (although I haven't checked the proofs). The main contributions are introducing frailty variable and the the statistical guarantees drawn for the proposed approaches.",
          "weaknesses": "The main weakness is lack of discussion/explanation around the results and the two proposed approaches (PF and FN). More on this in the next section. ",
          "questions": "- What is the intuition behind introducing PF? It is mentioned (in third page, line 127) that \"Proportional-style assumption over hazard functions has been shown to be a useful inductive bias in survival analysis\". If this type of function approximation has been already shown deployed in survival analysis, then it wouldn't be very novel.\n- Checking results, sometimes FN performs better, while PF works better other times. Why? Are there any explanations for each dataset?\n- Is it possible to report numerical results for Figure 1, so we can compare PF and FN?\n - Addition of frailty variable (w) has marginal effect (<~1%) on most of the dataset (Table 5 in Appendix) while having huge effect on one the datasets. Any explanations for this discrepancy?\n\nOverall, I think more discussion around numerical results is needed.  ",
          "limitations": "Authors discussed some the limitations in the appendix.",
          "flag_for_ethics_review": [
            "No ethics review needed."
          ],
          "rating": "4: Borderline reject: Technically solid paper where reasons to reject, e.g., limited evaluation, outweigh reasons to accept, e.g., good evaluation. Please use sparingly.",
          "confidence": "3: You are fairly confident in your assessment. It is possible that you did not understand some parts of the submission or that you are unfamiliar with some pieces of related work. Math/other details were not carefully checked.",
          "code_of_conduct": "Yes"
        },
        "invitations": [
          "NeurIPS.cc/2023/Conference/Submission2663/-/Official_Review",
          "NeurIPS.cc/2023/Conference/-/Edit"
        ],
        "domain": "NeurIPS.cc/2023/Conference",
        "license": "CC BY 4.0",
        "version": 2
      },
      {
        "id": "qdTZFcC6La",
        "number": 1,
        "cdate": 1691504467242,
        "tcdate": 1691504467242,
        "mdate": 1704275156737,
        "tmdate": 1704275156737,
        "signatures": [
          "NeurIPS.cc/2023/Conference/Submission2663/Authors"
        ],
        "readers": [
          "everyone"
        ],
        "writers": [
          "NeurIPS.cc/2023/Conference",
          "NeurIPS.cc/2023/Conference/Submission2663/Authors"
        ],
        "forum": "3Fc9gnR0fa",
        "replyto": "3Fc9gnR0fa",
        "content": {
          "rebuttal": "We'd like to thank all the reviewers for providing insightful comments, we will integrate some of the suggestions into the camera-ready version.  \nWe have found that there are several common issues raised by different reviewers:\n- The motivation of frailty and its advantage.\n- IBS/IBNLL/Cindex are not proper scoring rules in general.\n- The complexity of using Clenshaw-Curtis quadrature to compute the learning objective.\n\nDue to limited space, the first issue is postponed to the response to specific reviewers. Below we provide detailed explanations for the rest issues:\n\n## IBS/IBNLL/Cindex are not proper scoring rules in general.\nIt was pointed out by several reviewers that IBS and IBNLL are improper scoring rules when the censoring time is not marginally independent with the event time. In [1] the authors advocate using censored log-likelihood (CLL) which is a proper metric. We explain below why CLL is not adopted in our paper, and provide empirical evaluations regarding this metric:\n- **CLL might be not well-defined for a lot of survival models**: Many survival models are semiparametric with a nuisance parameter being assumed to lie in an infinite-dimensional functional space. The construction of the renowned partitial likelihood for the CoxPH model is a representative case of nonparametric maximum likelihood (NPMLE) (see [4] for the construction). It is well known in statistical literature that **without proper restriction, nonparametric likelihood can be unbounded** [3, 5]. In the construction of partial likelihood, the estimate of the cumulative hazard function is restricted to be a step function and there are no proper estimate of hazard function under NPMLE, thereby hindering the evaluation of CLL. However, most current survival baselines more or less uses the rationale of partial likelihood, including RSF, DeepSurv, Coxtime and many others. Besides, it is also tricky to apply CLL to models using pseudo likelihood like DeepEH. In [1], the authors used a finite-difference approximation to compute an approximate version of CLL that was not well-defined for models like DeepSurv or Coxtime. Therefore, we think that despite its properness, the applicability of CLL is limited for a fair comparison.\n- **A comparison in CLL with SuMo-net**: Although CLL is not a generally applicable metric for survival models as argued above, it is applicable to the NFM framework. Therefore, we provide an additional evaluation of CLL with a comparison to SuMo-net [1], the reults are summarized in table 1 in the attachment pdf. The results suggest that NFM performs on par with SuMo-net, with statistically significantly better results (under $0.05$ significance level) on 4-out-of-6 datasets.   \n\n## The complexity of using Clenshaw-Curtis quadrature to compute the learning objective.\nThe only hyperparameter involved in the computation of Clenshaw-Curtis quadrature (CCQ) is the number of discretization steps which are common to many numerical integration methods. Here we provide assessments on this hyperparameter on both computational efficiency (measured in wall clock running time) and the trade-off with model performance via comparing the model performance using different number of discretization steps. All experiments are made on the metabric dataset under the optimally tuned architecture, trained for $50$ epochs using a M1 Max MacBook Pro 2021 in its cpu version. We first report the efficiency evaluation in table 2 from the attachment pdf, where we assess three configurations with $\\text{steps} \\in \\{10, 20, 50 \\}$ and compare with SuMo-net as well as DeepEH (with a computationally identical configuration of neural function approximator). From the results we find that\n- PF is faster than FN and is less affected by increasing the number of integration steps. This stems from the fact that PF decouples the computation of $h$ and $m$, and we only need to evaluate the numerical integral of a one-dimensional function. For the FN scheme, integral of a multi-dimensional function is involved and is thus more time-consuming.\n- With a proper choice of steps (i.e., less than $20$), both NFM schemes are comparable in efficiency to SuMo-net, which is regarded as an efficient implementation that involves only a single feedforward neural network call. Besides, NFM are much more efficient then DeepEH, since the computation of DeepEH's objective involves kernel approxiamtions and is quadratic in sample size.\nOverall, **the computational cost of both NFM schemes are controllable for a moderate number of steps**. Next we study the effects on model performance. The experiments are conducted on the metabric dataset and summarized in table 3 from the attachment pdf.  We conclude from the table that even using $10$ integration steps suffices for competitive performance, and using a larger number of integration steps seems to have little extra gain. Therefore, we conclude that the additional complexity of using CCQ for evaluation of learning objective is totally affordable, especially when GPUs are deviced for parallel evaluation, the computation time might be further reduced. \n\n\n[1] Rindt, David, et al. \"Survival regression with proper scoring rules and monotonic neural networks.\" International Conference on Artificial Intelligence and Statistics. PMLR, 2022.  \n[2] Bickel, Peter J., et al. Efficient and adaptive estimation for semiparametric models. Vol. 4. Baltimore: Johns Hopkins University Press, 1993.  \n[3] Kiefer, Jack, and Jacob Wolfowitz. \"Consistency of the maximum likelihood estimator in the presence of infinitely many incidental parameters.\" The Annals of Mathematical Statistics (1956): 887-906.  \n[4] Murphy, Susan A., and Aad W. Van der Vaart. \"On profile likelihood.\" Journal of the American Statistical Association 95.450 (2000): 449-465.  \n[5] Zeng, Donglin, and D. Y. Lin. \"Efficient estimation for the accelerated failure time model.\" Journal of the American Statistical Association 102.480 (2007): 1387-1396.  ",
          "pdf": "/pdf/91689ba84dcb0d812bc06fa87bedfef0117535b3.pdf"
        },
        "invitations": [
          "NeurIPS.cc/2023/Conference/Submission2663/-/Author_Rebuttal",
          "NeurIPS.cc/2023/Conference/-/Edit"
        ],
        "domain": "NeurIPS.cc/2023/Conference",
        "license": "CC BY 4.0",
        "version": 2
      },
      {
        "id": "pi1ibsjHHy",
        "number": 1,
        "cdate": 1691504772853,
        "tcdate": 1691504772853,
        "mdate": 1703016924419,
        "tmdate": 1703016924419,
        "signatures": [
          "NeurIPS.cc/2023/Conference/Submission2663/Authors"
        ],
        "readers": [
          "everyone"
        ],
        "writers": [
          "NeurIPS.cc/2023/Conference",
          "NeurIPS.cc/2023/Conference/Submission2663/Authors"
        ],
        "forum": "3Fc9gnR0fa",
        "replyto": "X8s6RvDPRb",
        "content": {
          "rebuttal": "We thank the reviewer for providing insightful comments. Below we address your specific points  \n## Q1: The intuition of proportional frailty model\nFirstly, we would like to emphasize that random effect (called frailty), which serves as a principled tool to model *unobserved heterogeneity*, has played an important role in modern survival analysis. There has been significant and active research concerning the addition of random effect to survival models. The random effect can describe risk or frailty for distinct categories, such as individuals or famlies. There eixst literature on providing theoretical and practical motivation for frailty models by discussing the impact of heterogeneity on analyses. Below is a quote from [1]:\n> It is a basic observation of medical statistics that individuals are dissimilar ... Still, there is tendency to regard this variation as a nuisance, and not as something to be considered seriously in its own right. Statisticians are often accused of being more interested in averages, and there is some truth to this.\n\nIn the influential article [1], Aalen showed that with frailty, the population relative risk can go from r to 1/r over time, even though the true relative risk stays at r. Frailty is shown to be very useful to adjust for heterogeneity in real data. \n\nSecondly, while the algorithmic extension of incorporating frailty is straightforward, **it is highly nontrivial to establish statistical guarantees**. In this paper the goal is to introduce a rigorous statistical model with provable guarantees, which was lacked in many previous works. As was pointed out in the paper, the current theoretical developments on neural survival models rely on the fact that the loss function is well-controlled by the L2 loss [2, 3], which is not directly applicable to our model due to the flexibility in choosing the frailty transform. **In this paper, we developed a framework that further extends the proof strategy of previous works to more general losses, which we think is a significant contribution to the theoretical developments of neural survival models**.  \n\n## Q2: The benefits of frailty and the implications from empirical evaluations\nHere we answer the second and fourth question simultaneously. From an approximation point of view, FN is a more general scheme than PF. However it has been shown in recent developments of deep learning that the universality of some model does not necessarily imply its empirical effectiveness, but instead inductive bias matters, which is sometimes hard to formally quantify. At this stage we would like to argue that the additional inductive bias provided by the PF scheme may sometimes show its usefulness on specific datasets.  \nWhile the precise notion of explaining frailty seems to go beyond the scope of our paper, we conducted heuristic experiments to investigate the **strength of frailty effects** in the real-world data used in our paper. The methodology is to use the bootstrap test [4]. In particular, we construct $R=10$ bootstrap samples of each dataset, and then computes the frailty parameter estimates of each bootstrap replicate and report the means and standard deviations of bootstrap estimates. The test allows standard asymptotics if the estimate itself is asymptotically normal which is to be established in our future study. Therefore we treat the method as being heuristic. The results are summarized in the following table:\n|               |metabric |gbsg |flchain|support|mimic-iii|kkbox    |\n|---------------|---------|-----|-------|-------|---------|---------|\n|bootstrap mean |0.650    |0.569|0.678  |1.945  |0.857    |1.391    |\n|bootstrap stdev|0.017    |0.017|0.070  |0.118  |0.023    |0.066    |\n|mean/stdev     |**38.23**|33.47|9.69   |16.48  |**37.26**|21.08    |\nTable 1: bootstrap tests against the presence of frailty\n\nHere we use (bootstrap mean)/(bootstrap stdev) as an intuitive measure of the presence of frailty effect (the rationale is similar to the Z-score in standard hypothesis testing). According to the table, the effect of frailty is mostly evident in metabric and mimic-iii dataset, which is coherent with the gain of frailty reported in Table 5 in appendix D of the paper.  \n\n## Q3: Numerical evaluations of the synthetic experiments\nFollowing [5], we report the relative integrated mean squared error (RISE) of the estimated survival function against the ground truth and list the results in the following table. The reults suggest that the goodness of fit becomes better with a larger sample size. Moreover, since the true model in the simulation is generated as an PF model, we found PF to perform slightly better than FN, which is reasonable since the inductive bias of PF is more correct in this setup.\n|       |N=1000|N=5000|N=10000|\n|-------|------|------|-------|\n|NFM(PF)|0.0473|0.0145|0.0137 |\n|NFM(FN)|0.0430|0.0184|0.0165 |\n\n[1] Aalen, Odd O. \"Heterogeneity in survival analysis.\" Statistics in medicine 7.11 (1988): 1121-1137.  \n[2]. Zhong, Qixian, Jonas W. Mueller, and Jane-Ling Wang. \"Deep extended hazard models for survival analysis.\" Advances in Neural Information Processing Systems 34 (2021): 15111-15124.  \n[3]. Zhong, Qixian, Jonas Mueller, and Jane-Ling Wang. \"Deep learning for the partially linear Cox model.\" The Annals of Statistics 50.3 (2022): 1348-1375.  \n[4]. Davison, Anthony Christopher, and David Victor Hinkley. Bootstrap methods and their application. No. 1. Cambridge university press, 1997.\n[5]. Zhong, Qixian, Jonas W. Mueller, and Jane-Ling Wang. \"Deep extended hazard models for survival analysis.\" Advances in Neural Information Processing Systems 34 (2021): 15111-15124."
        },
        "invitations": [
          "NeurIPS.cc/2023/Conference/Submission2663/Reviewer_U6h7/-/Rebuttal",
          "NeurIPS.cc/2023/Conference/-/Edit"
        ],
        "domain": "NeurIPS.cc/2023/Conference",
        "license": "CC BY 4.0",
        "version": 2
      },
      {
        "id": "7TDoaE5c7s",
        "number": 1,
        "cdate": 1691505183590,
        "tcdate": 1691505183590,
        "mdate": 1703016924223,
        "tmdate": 1703016924223,
        "signatures": [
          "NeurIPS.cc/2023/Conference/Submission2663/Authors"
        ],
        "readers": [
          "everyone"
        ],
        "writers": [
          "NeurIPS.cc/2023/Conference",
          "NeurIPS.cc/2023/Conference/Submission2663/Authors"
        ],
        "forum": "3Fc9gnR0fa",
        "replyto": "FASG4RRiSm",
        "content": {
          "rebuttal": "We thank the reviewer for providing insightful comments. Below we address your specific points:\n## Q1: The motivation of frailty and its advantage\nFirstly, we would like to emphasize that random effect (called frailty), which serves as a principled tool to model *unobserved heterogeneity*, has played an important role in modern survival analysis which is beyond a simple relaxation of proportional hazard assumption. There has been significant and active research concerning the addition of random effect to survival models. The random effect can describe risk or frailty for distinct categories, such as individuals or famlies. There eixst literature on providing theoretical and practical motivation for frailty models by discussing the impact of heterogeneity on analyses. In the influential article [1], Aalen showed that with a sufficiently strong frailty the population relative risk can go from r to 1/r over time, even though the true relative risk stays at r.  As you have pointed out, DeepSurv and DeepEH are flexible models compared to CoxPH. However, DeepSurv still encodes the belief of proportional hazard, and frailty models relax this assumption and is strictly more powerful than DeepSurv.  \n\nSecondly, while the algorithmic extension of incorporating frailty is straightforward, **it is highly nontrivial to establish statistical guarantees**. In this paper the goal is to introduce a rigorous statistical model with provable guarantees, which was lacked in many previous works. As was pointed out in the paper, the current theoretical developments on neural survival models rely on the fact that the loss function is well-controlled by the L2 loss [2, 3], which is not directly applicable to our model due to the flexibility in choosing the frailty transform. **In this paper, we developed a framework that further extends the proof strategy of previous works to more general losses, which we think is a significant contribution to the theoretical developments of neural survival models**.  \n\nFinally, regarding your comments \" the authors should compare the two neural network models with and without frailty by using (almost) the same neural network architecture.\", we have provided such comparison in Table 5 in appendix D. The result shows the benefits of frailty in terms of predictive performance. Next we provide a further study on the presence of frailty:  \nWhile the precise notion of explaining frailty seems to go beyond the scope of our paper, we conducted heuristic experiments to investigate the **strength of frailty effects** in the real-world data used in our paper. The methodology is to use the bootstrap test [4]. In particular, we construct $R=10$ bootstrap samples of each dataset, and then computes the frailty parameter estimates of each bootstrap replicate and report the means and standard deviations of bootstrap estimates. The test allows standard asymptotics if the estimate itself is asymptotically normal which is to be established in our future study. We treat the method as being heuristic. The results are summarized in the following table:\n|               |metabric |gbsg |flchain|support|mimic-iii|kkbox    |\n|---------------|---------|-----|-------|-------|---------|---------|\n|bootstrap mean |0.650    |0.569|0.678  |1.945  |0.857    |1.391    |\n|bootstrap stdev|0.017    |0.017|0.070  |0.118  |0.023    |0.066    |\n|mean/stdev     |**38.23**|33.47|9.69   |16.48  |**37.26**|21.08    |\nTable 1: bootstrap tests against the presence of frailty\n\nHere we use (bootstrap mean)/(bootstrap stdev) as a intuitive measure of the presence of frailty effect (the rationale is similar to the Z-score in standard hypothesis testing). According to the table, the effect of frailty is mostly evident in metabric and mimic-iii dataset, which is coherent with the gain of frailty reported in Table 5 in appendix D of the paper.  \n\nWhile there are many off-the-shelf neural survival models that are flexible and performative, only very few of them come with formal statistical guarantees (We believe some of them actually are theoretically sound without proofs). And the existing proof strategy has its own limitations. In this paper we make contributions to the theoretical developments via adopting new proof strategies to establish statistical guarantees, and we believe the strategy could be used to derive results for other approaches.  \n\n## Q2: On evaluation with proper score metrics\nPlease kindly refer to the first part of the general response for a detailed explanation. First we would like to clarify that the statement in the paper was \"Both IBS and INBLL are proper scoring rules if the censoring times and survival times are independent\". In our opinion, while right-censored log-likelihood (CLL) is a proper metric, it is not well defined for many neural models with implicitly uses the method of nonparametric maximum likelihood (NPMLE) like DeepSurv and Coxtime, and the best thing can do is to evaluate some approximated version, with the approximation itself being not theoretically-principled. For a more thorough evaluation, we provide additional experiments comparing NFM and SuMo-net, which we find is the only baseline method that allows straightforward computation of CLL metric, and NFM is shown to perform slightly better in this metric in comparison to SuMo-net. As shown in Table 1 in the first part of the global response.\n\n[1] Aalen, Odd O. \"Heterogeneity in survival analysis.\" Statistics in medicine 7.11 (1988): 1121-1137.  \n[2]. Zhong, Qixian, Jonas W. Mueller, and Jane-Ling Wang. \"Deep extended hazard models for survival analysis.\" Advances in Neural Information Processing Systems 34 (2021): 15111-15124.  \n[3]. Zhong, Qixian, Jonas Mueller, and Jane-Ling Wang. \"Deep learning for the partially linear Cox model.\" The Annals of Statistics 50.3 (2022): 1348-1375.  \n[4]. Davison, Anthony Christopher, and David Victor Hinkley. Bootstrap methods and their application. No. 1. Cambridge university press, 1997.  "
        },
        "invitations": [
          "NeurIPS.cc/2023/Conference/Submission2663/Reviewer_PAZm/-/Rebuttal",
          "NeurIPS.cc/2023/Conference/-/Edit"
        ],
        "domain": "NeurIPS.cc/2023/Conference",
        "license": "CC BY 4.0",
        "version": 2
      },
      {
        "id": "dyE8qlPuiD",
        "number": 1,
        "cdate": 1691505243632,
        "tcdate": 1691505243632,
        "mdate": 1703016924174,
        "tmdate": 1703016924174,
        "signatures": [
          "NeurIPS.cc/2023/Conference/Submission2663/Authors"
        ],
        "readers": [
          "everyone"
        ],
        "writers": [
          "NeurIPS.cc/2023/Conference",
          "NeurIPS.cc/2023/Conference/Submission2663/Authors"
        ],
        "forum": "3Fc9gnR0fa",
        "replyto": "hrUpLvHXh0",
        "content": {
          "rebuttal": "We thank the reviewer for providing insightful comments. Below we address your specific points:\n### Q1: Evaluation of idealized settings\nAccording to our understanding, if the true surival time is always observed (i.e., no censoring effects), then the problem boils down to an ordinary regression problem and there are many appropriate metrics and learning objectives that allow a formal study of generalization. In our synthetic experiments, the true survival is known and we provided a pictorial illustration in figure 3 at appendix D that assesses the recovery of the true surival function. We also computed the relative integrated mean squared error (RISE) corresponding to different sample sizes. The results are listed in the following table, showing that the goodness of fit becomes better with a larger sample size.\n|       |N=1000|N=5000|N=10000|\n|-------|------|------|-------|\n|NFM(PF)|0.0473|0.0145|0.0137 |\n|NFM(FN)|0.0430|0.0184|0.0165 |\nTable 1. RISE for the synthetic experiments\n\n### Q2: Theoretical guarantees and optimization issues\nThis is a very good point. Throughout this paper, we rely on the empirical observation that state-of-the-art stochastic optimization algorithms like Adam produce satisfactory results for neural models, and set aside the convergence issue (in the language of optimization). A careful analysis of the optimization landscape of the NFM objective is beyond the scope of the paper, but is a valuable topic and worth future explorations. We will add a discussion in the camera-ready version of the paper.  \nBesides, regarding your comments \"..networks are well-learned..\", according to our understanding, to place ourselves in a machine learning context the issue is somewhat related to some notion of *generalization* in survival analysis, which is to our knowledge an open problem. In some recently proposed frameworks like [6] it might offer opportunities to study formal generalization in survival analysis, which is a promising future direction.\n\n### Q3: Comparison of empirical and theoretical convergence\nIn this paper, we establish statistical guarantees using the Hellinger distance which is hard to empirically evaluate [1]. Therefore we instead compute a intuitive metric RISE and reported in Table 1. We can see from the results that the goodness of fit becomes better with a larger sample size.\n\n### Q4: On the complexity of using Clenshaw-Curtis quadrature\nPlease kindly refer to the second part of the general response for a detailed explanation. We illustrate in Table 2 and Table 3 in the second part of the general response that using $10$ discretization steps in the quadrature method suffices for competitive performance, with the running time comparable to efficient methods like SuMo-net and being much faster than kernel approximation methods like DeepEH. \n\n### Q5: On the scale of the network versus sample size\nIn our theoretical analysis, we construct sieve spaces as a set of MLPs with depth and number of parameters that grow with the sample size at certain speed. This is actually the definition of sieve method [2] that construct a series of parameter spaces that eventually becomes dense in the target function space (the Holder ball defined in (8) in the paper). The construction is mostly driven by approximation-theoretic type arguments [3] and serves as a guide instead of enforcement for empirical hyperparameter choice. As you have pointed out, there are multiple additional factors that may affect the empirical results including optimization issues and training strategy. In our experiments, the final models are selected using early stopping on validation datasets.\n\n### Q6: On extension to multiple survival times\nThis is another very interesting question. Actually the frailty model is even more appropriate for scenarios where multiple surivival times are present, and we may use the powerful tool of frailty to describe the correlation structure among the individual survival times. Such extension requires carefully modeling the dependence structure [5] and will be left to further studies. See also remark 3.1 in the paper.\n\n### Q7: Is it possible for a nonparametric model of frailty?\nThis is yet another interesting and intriguing question. In general, if we allow the frailty transform to be nonparametric, it becomes statistically hard to separate the effect of the frailty transform and its input argument, as they are both infinite-dimensional and extremely expressive (see definition (3) in the paper). Therefore to study such kind of extensions we may need some extra restrictions on the generating process [5]. That said, we did try this option during our empirical evaluations and find this to perform pretty well empirically (comparable but not significantly surpassing parametric NFM). However as they are very subtle in theory, we chose not to report this line of results.\n\n[1] Sreekumar, Sreejith, and Ziv Goldfeld. \"Neural estimation of statistical divergences.\" The Journal of Machine Learning Research 23.1 (2022): 5460-5534.  \n[2] Chen, Xiaohong. \"Large sample sieve estimation of semi-nonparametric models.\" Handbook of econometrics 6 (2007): 5549-5632.  \n[3] Yarotsky, Dmitry. \"Error bounds for approximations with deep ReLU networks.\" Neural Networks 94 (2017): 103-114.  \n[4] Parner, Erik. \"Asymptotic theory for the correlated gamma-frailty model.\" The Annals of Statistics 26.1 (1998): 183-214.  \n[5] Tang, Weijing, et al. \"Survival analysis via ordinary differential equations.\" Journal of the American Statistical Association (2022): 1-16.  \n[6] Han, Xintian, et al. \"Inverse-weighted survival games.\" Advances in neural information processing systems 34 (2021): 2160-2172.\n"
        },
        "invitations": [
          "NeurIPS.cc/2023/Conference/Submission2663/Reviewer_82in/-/Rebuttal",
          "NeurIPS.cc/2023/Conference/-/Edit"
        ],
        "domain": "NeurIPS.cc/2023/Conference",
        "license": "CC BY 4.0",
        "version": 2
      },
      {
        "id": "ONh5Kyhg25",
        "number": 1,
        "cdate": 1691505349267,
        "tcdate": 1691505349267,
        "mdate": 1703016924137,
        "tmdate": 1703016924137,
        "signatures": [
          "NeurIPS.cc/2023/Conference/Submission2663/Authors"
        ],
        "readers": [
          "everyone"
        ],
        "writers": [
          "NeurIPS.cc/2023/Conference",
          "NeurIPS.cc/2023/Conference/Submission2663/Authors"
        ],
        "forum": "3Fc9gnR0fa",
        "replyto": "rzwOQI2JZ4",
        "content": {
          "rebuttal": "We thank the reviewer for providing insightful comments. Below we address your specific points:\n### Q1: On evaluation with proper score metrics\nPlease kindly refer to the first part of the general response for a detailed explanation. In our opinion, while right-censored log-likelihood (CLL) is a proper metric, it is not well defined for many neural models with implicit uses of the nonparametric maximum likelihood (NPMLE) method like DeepSurv and Coxtime as well as models using pseudo likelihood like DeepEH. To provide more intuitions, think of the Breslow 's estimate for the cumulative hazard used in proportional-hazard type models (CoxPH, DeepSurv, RSF...), the estimate is a step function and therefore there are no corresponding estimates for the hazard function and hinders the evaluation of CLL. Breslow's estimate could be regarded a by-product of the NPMLE construction of partial likelihood. \n \nNow if we still want to evaluate CLL, the best one can do is to evaluate some approximated version as done in [1], with the approximation itself being not theoretically-principled. This is the reason why we did not incorporate CLL into our evaluation in the first place.  \n\nFor a more thorough evaluation, we provide additional experiments comparing NFM and SuMo-net, which we find is the only baseline method that allows straightforward computation of CLL metric, and NFM is shown to perform slightly better in this metric in comparison to SuMo-net. As shown in Table 1 in the second part of the general response. For completeness we paste it below:\n|               | metabric         | gbsg             | flchain          | support          | mimic-iii        | kkbox            |\n|---------------|------------------|------------------|------------------|------------------|------------------|------------------|\n| SuMo-net      | -0.256(0.052)    | 0.367(0.056)     | -1.184(0.023)    | -0.673(0.023)    | -0.052(0.003)    | 0.128(0.004)     |\n| NFM(PF)       | -0.184(0.020)    | 0.378(0.054)     | -1.169(0.022)    | -0.622(0.028)    | **0.125(0.006)** | 0.647(0.003)     |\n| NFM(PF)       | **-0.148(0.027)**| 0.369(0.046)     | -1.166(0.026)    | **-0.588(0.036)**| -0.026(0.001)    | **0.786(0.009)** |\nTable 1: Comparison of NFM with SuMo-net in the CLL metric\n\n## Q2: On the computational complexity of using Clenshaw-Curtis quadrature\nPlease kindly refer to the second part of the general response for a detailed explanation. We illustrate in Table 2 and Table 3 in the second part of the general response that using $10$ discretization steps in the quadrature method suffices for competitive performance, with the running time comparable to efficient methods like SuMo-net and being much faster than kernel approximation methods like DeepEH.  For completeness we paste the results below:\n\n|dataset |          |NFM(PF)   |          |          |NFM(FN)   |          |SuMo-net|DeepEH  | \n|--------|----------|----------|----------|----------|----------|----------|--------|--------|\n|        |steps = 10|steps = 20|steps = 50|steps = 10|steps = 20|steps = 50|        |        |                \n|metabric|9.7s      | 12.5s    |17.7s     |11.4s     | 19.4s    | 36.1s    | 13.58s | 85.6s  |\nTable 2: Running time comparisons of using different number of discretization steps, along with two baselines\n\n|          |           | NFM(PF)   |           |           | NFM(FN)   |           |\n|----------|-----------|-----------|-----------|-----------|-----------|-----------|\n|          |cindex     |ibs        |inbll      |cindex     |ibs        |inbll      |\n|steps = 10|65.16(1.46)|16.28(0.76)|49.02(2.29)|66.82(1.62)|16.03(0.87)|47.96(2.53)|\n|steps = 20|65.16(1.46)|16.28(0.76)|49.02(2.29)|66.63(1.68)|16.07(0.84)|48.04(2.44)|\n|steps = 50|65.13(1.46)|16.28(0.76)|49.03(2.29)|66.79(1.49)|16.10(0.83)|48.10(2.43)|\nTable 3: Performance comparisions of using different number of discretization steps\n\n1] Rindt, David, et al. \"Survival regression with proper scoring rules and monotonic neural networks.\" International Conference on Artificial Intelligence and Statistics. PMLR, 2022."
        },
        "invitations": [
          "NeurIPS.cc/2023/Conference/Submission2663/Reviewer_nR17/-/Rebuttal",
          "NeurIPS.cc/2023/Conference/-/Edit"
        ],
        "domain": "NeurIPS.cc/2023/Conference",
        "license": "CC BY 4.0",
        "version": 2
      },
      {
        "id": "BFQYX7bX7R",
        "number": 2,
        "cdate": 1692111721770,
        "tcdate": 1692111721770,
        "mdate": 1704272807173,
        "tmdate": 1704272807173,
        "signatures": [
          "NeurIPS.cc/2023/Conference/Submission2663/Area_Chair_SB7u"
        ],
        "readers": [
          "everyone"
        ],
        "writers": [
          "NeurIPS.cc/2023/Conference",
          "NeurIPS.cc/2023/Conference/Submission2663/Area_Chair_SB7u"
        ],
        "forum": "3Fc9gnR0fa",
        "replyto": "3Fc9gnR0fa",
        "content": {
          "title": "please engage in discussion",
          "comment": "Hello reviewers.\n\nPlease read the authors' response to your reviews *and to the other reviewers' reviews*, and discuss. The authors have provided reasonably detailed rebuttals so it would be great if you engage in discussion as soon as possible, especially to indicate if your opinion of the paper has changed or if you would like any sort of additional comments or clarifications.\n\nThanks,\nArea chair"
        },
        "invitations": [
          "NeurIPS.cc/2023/Conference/Submission2663/-/Official_Comment",
          "NeurIPS.cc/2023/Conference/-/Edit"
        ],
        "domain": "NeurIPS.cc/2023/Conference",
        "license": "CC BY 4.0",
        "version": 2
      },
      {
        "id": "tbCTUCY6y5",
        "number": 3,
        "cdate": 1692149509460,
        "tcdate": 1692149509460,
        "mdate": 1704272807084,
        "tmdate": 1704272807084,
        "signatures": [
          "NeurIPS.cc/2023/Conference/Submission2663/Reviewer_nR17"
        ],
        "readers": [
          "everyone"
        ],
        "writers": [
          "NeurIPS.cc/2023/Conference",
          "NeurIPS.cc/2023/Conference/Submission2663/Reviewer_nR17"
        ],
        "forum": "3Fc9gnR0fa",
        "replyto": "ONh5Kyhg25",
        "content": {
          "title": "Re: Rebuttal",
          "comment": "Thanks for the response, raising to 5."
        },
        "invitations": [
          "NeurIPS.cc/2023/Conference/Submission2663/-/Official_Comment",
          "NeurIPS.cc/2023/Conference/-/Edit"
        ],
        "domain": "NeurIPS.cc/2023/Conference",
        "license": "CC BY 4.0",
        "version": 2
      },
      {
        "id": "kIjopQ4Fel",
        "number": 4,
        "cdate": 1692367177484,
        "tcdate": 1692367177484,
        "mdate": 1704272807021,
        "tmdate": 1704272807021,
        "signatures": [
          "NeurIPS.cc/2023/Conference/Submission2663/Reviewer_82in"
        ],
        "readers": [
          "everyone"
        ],
        "writers": [
          "NeurIPS.cc/2023/Conference",
          "NeurIPS.cc/2023/Conference/Submission2663/Reviewer_82in"
        ],
        "forum": "3Fc9gnR0fa",
        "replyto": "dyE8qlPuiD",
        "content": {
          "comment": "I thank the authors for their response. After seeing the other reviews and the response, I would like to keep my score. However, it would be good to make a statement regarding how the proposed method is more than just a straightforward extension of existing methods (e.g. highlighting the major contributions that make the frailty model more challenging than a simple extension) as well as including additional numerical results demonstrating when the method should perform well. Of course, only so much is possible during the response period, so it would be good to augment the final version of the paper with some of these additional experiments. "
        },
        "invitations": [
          "NeurIPS.cc/2023/Conference/Submission2663/-/Official_Comment",
          "NeurIPS.cc/2023/Conference/-/Edit"
        ],
        "domain": "NeurIPS.cc/2023/Conference",
        "license": "CC BY 4.0",
        "version": 2
      },
      {
        "id": "Sfv3JT2VVI",
        "number": 5,
        "cdate": 1692414459434,
        "tcdate": 1692414459434,
        "mdate": 1704272807021,
        "tmdate": 1704272807021,
        "signatures": [
          "NeurIPS.cc/2023/Conference/Submission2663/Reviewer_PAZm"
        ],
        "readers": [
          "everyone"
        ],
        "writers": [
          "NeurIPS.cc/2023/Conference",
          "NeurIPS.cc/2023/Conference/Submission2663/Reviewer_PAZm"
        ],
        "forum": "3Fc9gnR0fa",
        "replyto": "7TDoaE5c7s",
        "content": {
          "comment": "Thank you for the authors' comments.  I acknowledge that I have read all of the four reviews and the authors' comments.  Having read the comments, I keep my score (i.e., I'm on borderline and I'm inclined to rejection), because I'm not convinced why the proposed methods *significantly* outperform the prior methods in the experiments even though the technical difference between the proposed methods and the prior methods is so small (i.e., using frailty).\n\nI would suggest clarifying all the hyper parameters (both for the proposed methods and the prior methods) and other details (e.g., python version) used in your experiments so that researchers can reproduce your experimental results.  Note: I'm *not* requesting additional comments/experiments in this rebuttal phase, but I would suggest adding the information in the camera-ready version (if this paper is accepted) or the future manuscript (if this paper is rejected)."
        },
        "invitations": [
          "NeurIPS.cc/2023/Conference/Submission2663/-/Official_Comment",
          "NeurIPS.cc/2023/Conference/-/Edit"
        ],
        "domain": "NeurIPS.cc/2023/Conference",
        "license": "CC BY 4.0",
        "version": 2
      },
      {
        "id": "QEyIeYYcOt",
        "number": 6,
        "cdate": 1692436136723,
        "tcdate": 1692436136723,
        "mdate": 1704272807090,
        "tmdate": 1704272807090,
        "signatures": [
          "NeurIPS.cc/2023/Conference/Submission2663/Authors"
        ],
        "readers": [
          "everyone"
        ],
        "writers": [
          "NeurIPS.cc/2023/Conference",
          "NeurIPS.cc/2023/Conference/Submission2663/Authors"
        ],
        "forum": "3Fc9gnR0fa",
        "replyto": "Sfv3JT2VVI",
        "content": {
          "title": "Some further clarifications",
          "comment": "Thank you for the response. We will incorporate your suggestions in revised versions of the paper. Additionally, we provided experiment details in appendix C.3 of the paper regarding the tuning of hyper-parameters.  \n\nMoreover, we would like to point out that **we did not make the conclusion that NFM is significantly better than previous SOTA, but mostly comparable and sometimes slightly surpassing** regarding the benchmark datasets which we used. So far as we have noticed, the empirical results on the chosen datasets rarely exhibit large performance gaps: Even compared to the vanilla CoxPH, the current SOTA methods (considering the best performing one) only shows statistically significant advantage (at level 0.05) on 4 out of 6 datasets.  \n\nFinally, frailty is a flexible framework has many possible parameterizations which we elaborate in appendix A of the paper. Could you tell us a little bit more on why you insist that the difference between frailty formulations and previous approaches is \"so small\"?"
        },
        "invitations": [
          "NeurIPS.cc/2023/Conference/Submission2663/-/Official_Comment",
          "NeurIPS.cc/2023/Conference/-/Edit"
        ],
        "domain": "NeurIPS.cc/2023/Conference",
        "license": "CC BY 4.0",
        "version": 2
      },
      {
        "id": "w9VbvhwNib",
        "number": 7,
        "cdate": 1692556785577,
        "tcdate": 1692556785577,
        "mdate": 1704272806966,
        "tmdate": 1704272806966,
        "signatures": [
          "NeurIPS.cc/2023/Conference/Submission2663/Reviewer_U6h7"
        ],
        "readers": [
          "everyone"
        ],
        "writers": [
          "NeurIPS.cc/2023/Conference",
          "NeurIPS.cc/2023/Conference/Submission2663/Reviewer_U6h7"
        ],
        "forum": "3Fc9gnR0fa",
        "replyto": "pi1ibsjHHy",
        "content": {
          "comment": "Thanks authors for the response. Regarding Q2 results, it doesn't seem that the proposed score shows the level frailty (maybe only presence of frailty?). Because, It is not aligned with the table 5 in appendix. MIMIC-III shows significantly higher improvement while having a comparable level of frailty estimate to metabric (or gbsg)."
        },
        "invitations": [
          "NeurIPS.cc/2023/Conference/Submission2663/-/Official_Comment",
          "NeurIPS.cc/2023/Conference/-/Edit"
        ],
        "domain": "NeurIPS.cc/2023/Conference",
        "license": "CC BY 4.0",
        "version": 2
      },
      {
        "id": "BX6kern6jJ",
        "number": 8,
        "cdate": 1692585088040,
        "tcdate": 1692585088040,
        "mdate": 1704272806901,
        "tmdate": 1704272806901,
        "signatures": [
          "NeurIPS.cc/2023/Conference/Submission2663/Authors"
        ],
        "readers": [
          "everyone"
        ],
        "writers": [
          "NeurIPS.cc/2023/Conference",
          "NeurIPS.cc/2023/Conference/Submission2663/Authors"
        ],
        "forum": "3Fc9gnR0fa",
        "replyto": "w9VbvhwNib",
        "content": {
          "title": "Some further clarifications",
          "comment": "Thanks for the response. Perhaps there are some misunderstandings and misinterpretations regarding the results in table 1 in the rebuttal thread. We would like to make a few clarifications:\n- Speaking in a statistical context, the meaning in the frailty parameter is usually related to the variance of the random effect. In the additional experiments related to those results in table 1, we are primarily interested in assessing the presence of frailty (as you have also pointed out in the response), which is mostly reflected through the surrogate Z-score (third row of table 1).  According to table 1, the presence of frailty is mostly significant in metabric and mimic-iii, which is coherent with table 5 in the appendix.  Here we would like to re-emphasize that this is merely empirical observations.\n- As far as we can tell, the mean value of the frailty parameter has no explicit connection with how NFM performs regarding the predictive metrics like Cindex, IBS and INBLL. It might be somewhat misleading of using the term **strength of frailty effects**, which we want to correct here."
        },
        "invitations": [
          "NeurIPS.cc/2023/Conference/Submission2663/-/Official_Comment",
          "NeurIPS.cc/2023/Conference/-/Edit"
        ],
        "domain": "NeurIPS.cc/2023/Conference",
        "license": "CC BY 4.0",
        "version": 2
      },
      {
        "id": "hADODbYS0n",
        "number": 1,
        "cdate": 1695318177708,
        "tcdate": 1695318177708,
        "mdate": 1703016475883,
        "tmdate": 1703016475883,
        "signatures": [
          "NeurIPS.cc/2023/Conference/Program_Chairs"
        ],
        "nonreaders": [],
        "readers": [
          "everyone"
        ],
        "writers": [
          "NeurIPS.cc/2023/Conference",
          "NeurIPS.cc/2023/Conference/Program_Chairs"
        ],
        "forum": "3Fc9gnR0fa",
        "replyto": "3Fc9gnR0fa",
        "content": {
          "title": "Paper Decision",
          "decision": "Accept (poster)",
          "comment": "The authors provided fairly detailed responses to the reviewers that I think sufficiently address reviewer concerns. Note that of the four reviewers, two leaned toward acceptance. Among the two reviewers who were negative (both voting for \"borderline reject\"), the main concerns appear to be on experimental results roughly in terms of two aspects: (i) how to know when we would benefit from modeling frailty, and (ii) how the proposed methods compare to non-frailty-based methods. The authors have in their rebuttal as well as their discussions with reviewers addressed these aspects to some extent, where I realize that fully addressing them can be quite challenging (especially for the real datasets considered, I agree with what the authors said in that even for SOTA methods, the performance gaps are often not large). The experimental results are informative even though the proposed methods do not always work the best (they work reasonably well though). That the experimental results (including the newly added ones during the author-reviewer discussion period) are not amazing does not detract from the main strength of this work which is on the theoretical development of modeling frailty with neural nets (including statistical guarantees), which I think is a valuable contribution."
        },
        "invitations": [
          "NeurIPS.cc/2023/Conference/Submission2663/-/Decision",
          "NeurIPS.cc/2023/Conference/-/Edit"
        ],
        "domain": "NeurIPS.cc/2023/Conference",
        "license": "CC BY 4.0",
        "version": 2
      }
    ],
    "directReplies": [
      {
        "id": "rzwOQI2JZ4",
        "number": 1,
        "cdate": 1688086684168,
        "tcdate": 1688086684168,
        "mdate": 1702410855901,
        "tmdate": 1702410855901,
        "signatures": [
          "NeurIPS.cc/2023/Conference/Submission2663/Reviewer_nR17"
        ],
        "nonreaders": [],
        "readers": [
          "everyone"
        ],
        "writers": [
          "NeurIPS.cc/2023/Conference",
          "NeurIPS.cc/2023/Conference/Submission2663/Reviewer_nR17"
        ],
        "forum": "3Fc9gnR0fa",
        "replyto": "3Fc9gnR0fa",
        "content": {
          "summary": "The paper proposes to parametrize frailty models with neural networks and provide results on learning rates for these models.\n\nExperiments demonstrate the efficacy of the proposed models. ",
          "soundness": "2 fair",
          "presentation": "2 fair",
          "contribution": "2 fair",
          "strengths": "1. The theoretical analysis is interesting and cool.",
          "weaknesses": "1. The paper states that: \"[56] used a neural network to approximate the conditional survival function and could be thus viewed as another trivial extension of NHR.\" How is this not exactly the same idea but for frailty models, you're proposing a neural parametrization very much akin to [56]. \n",
          "questions": "1. Everything is evaluated using IBS and IBLL, non-proper scores when censoring is not independent of event-times. Can you prove that the datasets you use indeed exhibit this independence. Can you provide evaluations using the likelihood, a proper score?\n2. The objective seems computationally intensive to compute, can you provide computational comparisons with other methods?",
          "limitations": "N/A",
          "flag_for_ethics_review": [
            "No ethics review needed."
          ],
          "rating": "5: Borderline accept: Technically solid paper where reasons to accept outweigh reasons to reject, e.g., limited evaluation. Please use sparingly.",
          "confidence": "4: You are confident in your assessment, but not absolutely certain. It is unlikely, but not impossible, that you did not understand some parts of the submission or that you are unfamiliar with some pieces of related work.",
          "code_of_conduct": "Yes"
        },
        "invitations": [
          "NeurIPS.cc/2023/Conference/Submission2663/-/Official_Review",
          "NeurIPS.cc/2023/Conference/-/Edit"
        ],
        "domain": "NeurIPS.cc/2023/Conference",
        "license": "CC BY 4.0",
        "version": 2
      },
      {
        "id": "hrUpLvHXh0",
        "number": 2,
        "cdate": 1688496180141,
        "tcdate": 1688496180141,
        "mdate": 1702410855786,
        "tmdate": 1702410855786,
        "signatures": [
          "NeurIPS.cc/2023/Conference/Submission2663/Reviewer_82in"
        ],
        "nonreaders": [],
        "readers": [
          "everyone"
        ],
        "writers": [
          "NeurIPS.cc/2023/Conference",
          "NeurIPS.cc/2023/Conference/Submission2663/Reviewer_82in"
        ],
        "forum": "3Fc9gnR0fa",
        "replyto": "3Fc9gnR0fa",
        "content": {
          "summary": "The authors propose a neural architecture to estimate the survival function for observations of survival times and censored survival times. The authors describe a methodology to include heterogeneity among the population by including the frailty component. The authors then theoretically and empirically illustrate properties of their approach. The theoretical results are used to provide additional justification for why a neural network architecture is appropriate for this kind of problem. Empirical results are added to place into context the performance of the proposed methods with respect to existing methods. \n",
          "soundness": "3 good",
          "presentation": "3 good",
          "contribution": "3 good",
          "strengths": "The paper provides a thorough analysis on using neural networks for survival estimation beyond the analyses present in previous works. The authors also consider frailty which they naturally include within their modelling framework, removing some of the homogeneity assumptions of previous works. The empirical results suggest that the method performs well in the considered scenarios. I did not check the details of the proofs, but the theoretical component seems useful and original for predicting convergence rates of the estimator and applicable to other similar estimators. Finally, the writing is clear and easy to follow. ",
          "weaknesses": "The main weakness involves the empirical evaluation of the paper. None of the empirical gains are major when considering the empirical experiments. This is expected with real world data since it's difficult to estimate the counterfactual (i.e. maybe the survival time could have been much longer/shorter). I would suggest to add an empirical result that compares the methods in idealized settings where the true survival distribution is known and that the metrics can be appropriately compared. \n\nAnother potential weakness involves the theoretical guarantees. If I'm understanding correctly, the theory applies in the case where the networks are well-learned, which is still subject to the issues associated with neural network optimization. It may be good to emphasize this in the text.  ",
          "questions": "How does the empirical convergence compare with the theoretical? \n\nThe authors mention using Clenshaw-Curtis as the integrator, how does the parameters of the integrator (e.g. step size) affect the performance of the method? Is there some numerical bottleneck related to this integration?\n\nIn the theoretical results, the MLPs scale with the number of samples, is there a rigorous connection to the number of parameters in the network and the number of samples? Additionally, was this enforced in the experimental setup, I could not tell if this was the case in the hyper parameter section of the appendix?\n\nDoes the method extend to representing the joint distribution of multiple survival times? E.g. something like $P(T_1 > t_1, \\ldots, T_d > t_d \\mid Z)$? \n\nWas a nonparametric model for the frailty component examined, i.e. could $f_\\theta$ be represented by some generative model constrained to be positive? ",
          "limitations": "The authors did mention limitations in the appendix. Alongside their notes, it may be good to get a review of where the authors think that their method is appropriate and where other methods would be more appropriate. Additionally, it would be nice to see conditions where the method fails to get a better idea of the properties of the method. This could possibly come from some of the theoretical assumptions being violated (e.g. it’s unclear which ones are really necessary in practice versus for proving the theorems).\n",
          "flag_for_ethics_review": [
            "No ethics review needed."
          ],
          "rating": "7: Accept: Technically solid paper, with high impact on at least one sub-area, or moderate-to-high impact on more than one areas, with good-to-excellent evaluation, resources, reproducibility, and no unaddressed ethical considerations.",
          "confidence": "3: You are fairly confident in your assessment. It is possible that you did not understand some parts of the submission or that you are unfamiliar with some pieces of related work. Math/other details were not carefully checked.",
          "code_of_conduct": "Yes"
        },
        "invitations": [
          "NeurIPS.cc/2023/Conference/Submission2663/-/Official_Review",
          "NeurIPS.cc/2023/Conference/-/Edit"
        ],
        "domain": "NeurIPS.cc/2023/Conference",
        "license": "CC BY 4.0",
        "version": 2
      },
      {
        "id": "FASG4RRiSm",
        "number": 3,
        "cdate": 1688606794960,
        "tcdate": 1688606794960,
        "mdate": 1702410855704,
        "tmdate": 1702410855704,
        "signatures": [
          "NeurIPS.cc/2023/Conference/Submission2663/Reviewer_PAZm"
        ],
        "nonreaders": [],
        "readers": [
          "everyone"
        ],
        "writers": [
          "NeurIPS.cc/2023/Conference",
          "NeurIPS.cc/2023/Conference/Submission2663/Reviewer_PAZm"
        ],
        "forum": "3Fc9gnR0fa",
        "replyto": "3Fc9gnR0fa",
        "content": {
          "summary": "The frailty model is one of the popular models in survival analysis, and it is an extension of the classical Cox proportional hazard model.   This paper extends the frailty model by using neural networks, and this paper provides the theoretical analysis of the proposed models.",
          "soundness": "3 good",
          "presentation": "3 good",
          "contribution": "2 fair",
          "strengths": "+ This paper proposes two new models NFM-PF and NFM-PM by combining the frailty model and neural networks.\n+ This paper provides the theoretical analysis of the proposed models to show its correctness.",
          "weaknesses": "I think that the (original) frailty model is interesting, simply because it uses slightly weaker assumptions than the classical Cox model.  Even though their difference is small, the frailty model can be significantly better than the Cox model in practical prediction performance.  This is because the Cox model is essentially a linear model and therefore a slight change (i.e., using frailty) can be a huge differentiator.  However, the proposed extensions of frailty models by using neural networks are not so interesting. We already know many neural network models for survival analysis such as DeepSurv [42] and DeepEH [75], which are extensions of the Cox and AFT models.  All of the neural network models for survival analysis are flexible enough, and the advantage of using the concept of frailty in neural network models should be minimal.\n\nThe experiments are not good enough with respect to showing the practical advantage of using frailty in neural network models.  Although the proposed models were compared with many existing models, the performance differences seem coming from the differences of the neural network architectures (e.g., the network structures, the number of layers, the number of neurons in each layer, and many other implementation details) rather than the frailty.  Since the goal of the experiments is to show the advantage of using frailty in the neural network models, the authors should compare the two neural network models with and without frailty by using (almost) the same neural network architecture.\n\nMoreover, the authors should have used the right-censored log-likelihood, which is shown to be a strictly proper scoring rule in [56], as the evaluation metric instead of IBS and IBNLL in the experiments.  The statement “Both IBS and INBLL are proper scoring rules” in Line 301 is not true, and it is shown that both IBS and INBLL are not proper in [56].",
          "questions": "I have no question.",
          "limitations": "I couldn’t find any description on limitations.",
          "flag_for_ethics_review": [
            "No ethics review needed."
          ],
          "rating": "4: Borderline reject: Technically solid paper where reasons to reject, e.g., limited evaluation, outweigh reasons to accept, e.g., good evaluation. Please use sparingly.",
          "confidence": "3: You are fairly confident in your assessment. It is possible that you did not understand some parts of the submission or that you are unfamiliar with some pieces of related work. Math/other details were not carefully checked.",
          "code_of_conduct": "Yes"
        },
        "invitations": [
          "NeurIPS.cc/2023/Conference/Submission2663/-/Official_Review",
          "NeurIPS.cc/2023/Conference/-/Edit"
        ],
        "domain": "NeurIPS.cc/2023/Conference",
        "license": "CC BY 4.0",
        "version": 2
      },
      {
        "id": "X8s6RvDPRb",
        "number": 4,
        "cdate": 1689019354009,
        "tcdate": 1689019354009,
        "mdate": 1702410855566,
        "tmdate": 1702410855566,
        "signatures": [
          "NeurIPS.cc/2023/Conference/Submission2663/Reviewer_U6h7"
        ],
        "nonreaders": [],
        "readers": [
          "everyone"
        ],
        "writers": [
          "NeurIPS.cc/2023/Conference",
          "NeurIPS.cc/2023/Conference/Submission2663/Reviewer_U6h7"
        ],
        "forum": "3Fc9gnR0fa",
        "replyto": "3Fc9gnR0fa",
        "content": {
          "summary": "The authors propose a framework for survival regression called neural frailty machine. They have shown that most of the existing methods are a special case of the proposed framework. Also, they have drawn statistical convergence guarantees for the proposed model. The experiments show marginal improvement compared to existing models in terms of some metrics.",
          "soundness": "3 good",
          "presentation": "3 good",
          "contribution": "2 fair",
          "strengths": "The paper is well-written and has clear motivation. The overall approach is intuitive and makes sense (although I haven't checked the proofs). The main contributions are introducing frailty variable and the the statistical guarantees drawn for the proposed approaches.",
          "weaknesses": "The main weakness is lack of discussion/explanation around the results and the two proposed approaches (PF and FN). More on this in the next section. ",
          "questions": "- What is the intuition behind introducing PF? It is mentioned (in third page, line 127) that \"Proportional-style assumption over hazard functions has been shown to be a useful inductive bias in survival analysis\". If this type of function approximation has been already shown deployed in survival analysis, then it wouldn't be very novel.\n- Checking results, sometimes FN performs better, while PF works better other times. Why? Are there any explanations for each dataset?\n- Is it possible to report numerical results for Figure 1, so we can compare PF and FN?\n - Addition of frailty variable (w) has marginal effect (<~1%) on most of the dataset (Table 5 in Appendix) while having huge effect on one the datasets. Any explanations for this discrepancy?\n\nOverall, I think more discussion around numerical results is needed.  ",
          "limitations": "Authors discussed some the limitations in the appendix.",
          "flag_for_ethics_review": [
            "No ethics review needed."
          ],
          "rating": "4: Borderline reject: Technically solid paper where reasons to reject, e.g., limited evaluation, outweigh reasons to accept, e.g., good evaluation. Please use sparingly.",
          "confidence": "3: You are fairly confident in your assessment. It is possible that you did not understand some parts of the submission or that you are unfamiliar with some pieces of related work. Math/other details were not carefully checked.",
          "code_of_conduct": "Yes"
        },
        "invitations": [
          "NeurIPS.cc/2023/Conference/Submission2663/-/Official_Review",
          "NeurIPS.cc/2023/Conference/-/Edit"
        ],
        "domain": "NeurIPS.cc/2023/Conference",
        "license": "CC BY 4.0",
        "version": 2
      },
      {
        "id": "qdTZFcC6La",
        "number": 1,
        "cdate": 1691504467242,
        "tcdate": 1691504467242,
        "mdate": 1704275156737,
        "tmdate": 1704275156737,
        "signatures": [
          "NeurIPS.cc/2023/Conference/Submission2663/Authors"
        ],
        "readers": [
          "everyone"
        ],
        "writers": [
          "NeurIPS.cc/2023/Conference",
          "NeurIPS.cc/2023/Conference/Submission2663/Authors"
        ],
        "forum": "3Fc9gnR0fa",
        "replyto": "3Fc9gnR0fa",
        "content": {
          "rebuttal": "We'd like to thank all the reviewers for providing insightful comments, we will integrate some of the suggestions into the camera-ready version.  \nWe have found that there are several common issues raised by different reviewers:\n- The motivation of frailty and its advantage.\n- IBS/IBNLL/Cindex are not proper scoring rules in general.\n- The complexity of using Clenshaw-Curtis quadrature to compute the learning objective.\n\nDue to limited space, the first issue is postponed to the response to specific reviewers. Below we provide detailed explanations for the rest issues:\n\n## IBS/IBNLL/Cindex are not proper scoring rules in general.\nIt was pointed out by several reviewers that IBS and IBNLL are improper scoring rules when the censoring time is not marginally independent with the event time. In [1] the authors advocate using censored log-likelihood (CLL) which is a proper metric. We explain below why CLL is not adopted in our paper, and provide empirical evaluations regarding this metric:\n- **CLL might be not well-defined for a lot of survival models**: Many survival models are semiparametric with a nuisance parameter being assumed to lie in an infinite-dimensional functional space. The construction of the renowned partitial likelihood for the CoxPH model is a representative case of nonparametric maximum likelihood (NPMLE) (see [4] for the construction). It is well known in statistical literature that **without proper restriction, nonparametric likelihood can be unbounded** [3, 5]. In the construction of partial likelihood, the estimate of the cumulative hazard function is restricted to be a step function and there are no proper estimate of hazard function under NPMLE, thereby hindering the evaluation of CLL. However, most current survival baselines more or less uses the rationale of partial likelihood, including RSF, DeepSurv, Coxtime and many others. Besides, it is also tricky to apply CLL to models using pseudo likelihood like DeepEH. In [1], the authors used a finite-difference approximation to compute an approximate version of CLL that was not well-defined for models like DeepSurv or Coxtime. Therefore, we think that despite its properness, the applicability of CLL is limited for a fair comparison.\n- **A comparison in CLL with SuMo-net**: Although CLL is not a generally applicable metric for survival models as argued above, it is applicable to the NFM framework. Therefore, we provide an additional evaluation of CLL with a comparison to SuMo-net [1], the reults are summarized in table 1 in the attachment pdf. The results suggest that NFM performs on par with SuMo-net, with statistically significantly better results (under $0.05$ significance level) on 4-out-of-6 datasets.   \n\n## The complexity of using Clenshaw-Curtis quadrature to compute the learning objective.\nThe only hyperparameter involved in the computation of Clenshaw-Curtis quadrature (CCQ) is the number of discretization steps which are common to many numerical integration methods. Here we provide assessments on this hyperparameter on both computational efficiency (measured in wall clock running time) and the trade-off with model performance via comparing the model performance using different number of discretization steps. All experiments are made on the metabric dataset under the optimally tuned architecture, trained for $50$ epochs using a M1 Max MacBook Pro 2021 in its cpu version. We first report the efficiency evaluation in table 2 from the attachment pdf, where we assess three configurations with $\\text{steps} \\in \\{10, 20, 50 \\}$ and compare with SuMo-net as well as DeepEH (with a computationally identical configuration of neural function approximator). From the results we find that\n- PF is faster than FN and is less affected by increasing the number of integration steps. This stems from the fact that PF decouples the computation of $h$ and $m$, and we only need to evaluate the numerical integral of a one-dimensional function. For the FN scheme, integral of a multi-dimensional function is involved and is thus more time-consuming.\n- With a proper choice of steps (i.e., less than $20$), both NFM schemes are comparable in efficiency to SuMo-net, which is regarded as an efficient implementation that involves only a single feedforward neural network call. Besides, NFM are much more efficient then DeepEH, since the computation of DeepEH's objective involves kernel approxiamtions and is quadratic in sample size.\nOverall, **the computational cost of both NFM schemes are controllable for a moderate number of steps**. Next we study the effects on model performance. The experiments are conducted on the metabric dataset and summarized in table 3 from the attachment pdf.  We conclude from the table that even using $10$ integration steps suffices for competitive performance, and using a larger number of integration steps seems to have little extra gain. Therefore, we conclude that the additional complexity of using CCQ for evaluation of learning objective is totally affordable, especially when GPUs are deviced for parallel evaluation, the computation time might be further reduced. \n\n\n[1] Rindt, David, et al. \"Survival regression with proper scoring rules and monotonic neural networks.\" International Conference on Artificial Intelligence and Statistics. PMLR, 2022.  \n[2] Bickel, Peter J., et al. Efficient and adaptive estimation for semiparametric models. Vol. 4. Baltimore: Johns Hopkins University Press, 1993.  \n[3] Kiefer, Jack, and Jacob Wolfowitz. \"Consistency of the maximum likelihood estimator in the presence of infinitely many incidental parameters.\" The Annals of Mathematical Statistics (1956): 887-906.  \n[4] Murphy, Susan A., and Aad W. Van der Vaart. \"On profile likelihood.\" Journal of the American Statistical Association 95.450 (2000): 449-465.  \n[5] Zeng, Donglin, and D. Y. Lin. \"Efficient estimation for the accelerated failure time model.\" Journal of the American Statistical Association 102.480 (2007): 1387-1396.  ",
          "pdf": "/pdf/91689ba84dcb0d812bc06fa87bedfef0117535b3.pdf"
        },
        "invitations": [
          "NeurIPS.cc/2023/Conference/Submission2663/-/Author_Rebuttal",
          "NeurIPS.cc/2023/Conference/-/Edit"
        ],
        "domain": "NeurIPS.cc/2023/Conference",
        "license": "CC BY 4.0",
        "version": 2
      },
      {
        "id": "BFQYX7bX7R",
        "number": 2,
        "cdate": 1692111721770,
        "tcdate": 1692111721770,
        "mdate": 1704272807173,
        "tmdate": 1704272807173,
        "signatures": [
          "NeurIPS.cc/2023/Conference/Submission2663/Area_Chair_SB7u"
        ],
        "readers": [
          "everyone"
        ],
        "writers": [
          "NeurIPS.cc/2023/Conference",
          "NeurIPS.cc/2023/Conference/Submission2663/Area_Chair_SB7u"
        ],
        "forum": "3Fc9gnR0fa",
        "replyto": "3Fc9gnR0fa",
        "content": {
          "title": "please engage in discussion",
          "comment": "Hello reviewers.\n\nPlease read the authors' response to your reviews *and to the other reviewers' reviews*, and discuss. The authors have provided reasonably detailed rebuttals so it would be great if you engage in discussion as soon as possible, especially to indicate if your opinion of the paper has changed or if you would like any sort of additional comments or clarifications.\n\nThanks,\nArea chair"
        },
        "invitations": [
          "NeurIPS.cc/2023/Conference/Submission2663/-/Official_Comment",
          "NeurIPS.cc/2023/Conference/-/Edit"
        ],
        "domain": "NeurIPS.cc/2023/Conference",
        "license": "CC BY 4.0",
        "version": 2
      },
      {
        "id": "hADODbYS0n",
        "number": 1,
        "cdate": 1695318177708,
        "tcdate": 1695318177708,
        "mdate": 1703016475883,
        "tmdate": 1703016475883,
        "signatures": [
          "NeurIPS.cc/2023/Conference/Program_Chairs"
        ],
        "nonreaders": [],
        "readers": [
          "everyone"
        ],
        "writers": [
          "NeurIPS.cc/2023/Conference",
          "NeurIPS.cc/2023/Conference/Program_Chairs"
        ],
        "forum": "3Fc9gnR0fa",
        "replyto": "3Fc9gnR0fa",
        "content": {
          "title": "Paper Decision",
          "decision": "Accept (poster)",
          "comment": "The authors provided fairly detailed responses to the reviewers that I think sufficiently address reviewer concerns. Note that of the four reviewers, two leaned toward acceptance. Among the two reviewers who were negative (both voting for \"borderline reject\"), the main concerns appear to be on experimental results roughly in terms of two aspects: (i) how to know when we would benefit from modeling frailty, and (ii) how the proposed methods compare to non-frailty-based methods. The authors have in their rebuttal as well as their discussions with reviewers addressed these aspects to some extent, where I realize that fully addressing them can be quite challenging (especially for the real datasets considered, I agree with what the authors said in that even for SOTA methods, the performance gaps are often not large). The experimental results are informative even though the proposed methods do not always work the best (they work reasonably well though). That the experimental results (including the newly added ones during the author-reviewer discussion period) are not amazing does not detract from the main strength of this work which is on the theoretical development of modeling frailty with neural nets (including statistical guarantees), which I think is a valuable contribution."
        },
        "invitations": [
          "NeurIPS.cc/2023/Conference/Submission2663/-/Decision",
          "NeurIPS.cc/2023/Conference/-/Edit"
        ],
        "domain": "NeurIPS.cc/2023/Conference",
        "license": "CC BY 4.0",
        "version": 2
      }
    ],
    "signatures": []
  }
}