{
  "id": "5MG5C5aS6m",
  "number": 2595,
  "cdate": 1683410773329,
  "tcdate": 1683410773329,
  "mdate": 1698949707817,
  "tmdate": 1698949707817,
  "signatures": [
    "NeurIPS.cc/2023/Conference/Submission2595/Authors"
  ],
  "readers": [
    "everyone"
  ],
  "writers": [
    "NeurIPS.cc/2023/Conference",
    "NeurIPS.cc/2023/Conference/Submission2595/Authors"
  ],
  "forum": "5MG5C5aS6m",
  "content": {
    "title": "Global Optimality in Bivariate Gradient-based DAG Learning",
    "authors": [
      "Chang Deng",
      "Kevin Bello",
      "Pradeep Kumar Ravikumar",
      "Bryon Aragam"
    ],
    "authorids": [
      "~Chang_Deng1",
      "~Kevin_Bello1",
      "~Pradeep_Kumar_Ravikumar1",
      "~Bryon_Aragam1"
    ],
    "keywords": [
      "global optimization",
      "nonconvex optimization",
      "graphical models",
      "directed acyclic graphs",
      "structure learning"
    ],
    "abstract": "Recently, a new class of non-convex optimization problems motivated by the statistical problem of learning an acyclic directed graphical model from data has attracted significant interest. While existing work uses standard first-order optimization schemes to solve this problem, proving the global optimality of such approaches has proven elusive. The difficulty lies in the fact that unlike other non-convex problems in the literature, this problem is not \"benign\", and possesses multiple spurious solutions that standard approaches can easily get trapped in. In this paper, we prove that a simple path-following optimization scheme globally converges to the global minimum of the population loss in the bivariate setting.",
    "venue": "NeurIPS 2023 poster",
    "venueid": "NeurIPS.cc/2023/Conference",
    "TLDR": "We prove that a simple path-following optimization scheme globally converges to the global minimum of the population loss in the bivariate setting of DAG Learning.",
    "pdf": "/pdf/e000a1d7691fa8adecc1d8e47bebb6339eefc116.pdf",
    "supplementary_material": "/attachment/36550b5b61964e3513ffa6ba842f23c30fa5f738.zip",
    "_bibtex": "@inproceedings{\ndeng2023global,\ntitle={Global Optimality in Bivariate Gradient-based {DAG} Learning},\nauthor={Chang Deng and Kevin Bello and Pradeep Kumar Ravikumar and Bryon Aragam},\nbooktitle={Thirty-seventh Conference on Neural Information Processing Systems},\nyear={2023},\nurl={https://openreview.net/forum?id=5MG5C5aS6m}\n}",
    "paperhash": "deng|global_optimality_in_bivariate_gradientbased_dag_learning"
  },
  "invitations": [
    "NeurIPS.cc/2023/Conference/-/Submission",
    "NeurIPS.cc/2023/Conference/-/Post_Submission",
    "NeurIPS.cc/2023/Conference/Submission2595/-/Revision",
    "NeurIPS.cc/2023/Conference/Submission2595/-/Supplementary_Material_Revision",
    "NeurIPS.cc/2023/Conference/-/Edit",
    "NeurIPS.cc/2023/Conference/Submission2595/-/Camera_Ready_Revision"
  ],
  "domain": "NeurIPS.cc/2023/Conference",
  "pdate": 1695325799302,
  "odate": 1698949707795,
  "version": 2,
  "details": {
    "writable": false,
    "tags": [],
    "replyCount": 11,
    "directReplyCount": 6,
    "replies": [
      {
        "id": "UIuIl6S2ap",
        "number": 1,
        "cdate": 1687439698072,
        "tcdate": 1687439698072,
        "mdate": 1702410843220,
        "tmdate": 1702410843220,
        "signatures": [
          "NeurIPS.cc/2023/Conference/Submission2595/Reviewer_u4D3"
        ],
        "nonreaders": [],
        "readers": [
          "everyone"
        ],
        "writers": [
          "NeurIPS.cc/2023/Conference",
          "NeurIPS.cc/2023/Conference/Submission2595/Reviewer_u4D3"
        ],
        "forum": "5MG5C5aS6m",
        "replyto": "5MG5C5aS6m",
        "content": {
          "summary": "The authors give a simple optimization algorithm for DAG-learning-inspired optimization problems that avoids the limitations of known techniques.",
          "soundness": "3 good",
          "presentation": "4 excellent",
          "contribution": "3 good",
          "strengths": "Originality:\nWork is original.\nI particularly liked the reduction from a combinatorial problem to a non-convex optimization one.\n\nQuality:\nSimple and strong paper.\n\nClarity:\nClear writing, which can be improved; see questions.\n\nSignificance:\nSignificant topic/contributions.",
          "weaknesses": "No significant weaknesses found.",
          "questions": "Discussion around Equation (1) is very clean.\n\nLine 49:\nCan you please explain Equation (2) a bit more?\n\nLine 64:\nIs it really easy to see? :)\n\nLine 90:\nPlease explain \"homotopy.\"\n\nRemark 2:\nCan you please further explain the difficulties that you mention here?\n\nCan you please elaborate on Equation (7)?\n\nLine 217:\nCan you please elaborate on bounding $a$?\n\nPlease add more details in the caption of Figure 2.\n\nLine 235:\nWhy is the interesting regime the one where $\\mu < \\tau$?\n\nLine 258:\nNot clear!\n\nLine 261:\n\"we know\" instead of \"we known.\"",
          "limitations": "Yes.",
          "flag_for_ethics_review": [
            "No ethics review needed."
          ],
          "rating": "8: Strong Accept: Technically strong paper, with novel ideas, excellent impact on at least one area, or high-to-excellent impact on multiple areas, with excellent evaluation, resources, and reproducibility, and no unaddressed ethical considerations.",
          "confidence": "3: You are fairly confident in your assessment. It is possible that you did not understand some parts of the submission or that you are unfamiliar with some pieces of related work. Math/other details were not carefully checked.",
          "code_of_conduct": "Yes"
        },
        "invitations": [
          "NeurIPS.cc/2023/Conference/Submission2595/-/Official_Review",
          "NeurIPS.cc/2023/Conference/-/Edit"
        ],
        "domain": "NeurIPS.cc/2023/Conference",
        "license": "CC BY 4.0",
        "version": 2
      },
      {
        "id": "bIrup6CSIV",
        "number": 2,
        "cdate": 1688140359323,
        "tcdate": 1688140359323,
        "mdate": 1702410843150,
        "tmdate": 1702410843150,
        "signatures": [
          "NeurIPS.cc/2023/Conference/Submission2595/Reviewer_Y11K"
        ],
        "nonreaders": [],
        "readers": [
          "everyone"
        ],
        "writers": [
          "NeurIPS.cc/2023/Conference",
          "NeurIPS.cc/2023/Conference/Submission2595/Reviewer_Y11K"
        ],
        "forum": "5MG5C5aS6m",
        "replyto": "5MG5C5aS6m",
        "content": {
          "summary": "This paper studies the problem of learning the correct Directed Acyclic Graph (DAG) that describes the data using continuous optimization. The connection of this problem with continuous methods comes from a prior work of Zheng et al., where they introduce a differentiable function $h$ whose level set at 0 exactly characterizes DAGs. The problem then becomes to optimize a score function of the data subject to the constraint that h is 0. This is a non-convex problem, since h is non-convex. The standard way of solving it is by converting it to an unconstrained problem and penalizing the solutions with high values of h. This paper provides a way of solving a sequence of these problems with varying penalty parameters, so that the final output provably converges to the true solution, when we have two nodes in the DAG.  The model is analyzed in the population case, i.e. when we have access to infinite data.  The authors first show that for sufficiently small values of the penalty parameter, the loss landscape is not benign, as there exists a saddle point and a spurious local minimum in addition to the global minimum. Using this observation, they show a way to pick a sequence of penalty parameters, which provides a solution path that avoids the local minima and converges provably to the true model asymptotically. Their main result is phrased in terms of gradient flow, but they also provide a finite step analysis for gradient descent. ",
          "soundness": "4 excellent",
          "presentation": "4 excellent",
          "contribution": "3 good",
          "strengths": "Consider the optimization problem \n\\begin{equation}\\label{eq1}\n\\min_\\Theta g_\\mu(\\Theta) := \\mu f(\\Theta) + h(W(\\Theta))\n\\end{equation}\nwhere $f$ is the least squares loss, $\\mu$ is the penalty parameter, $\\Theta$ represents the model parameters and $W(\\Theta)$ represents the adjacency matrix of the DAG. $f$ is a function that was introduced in prior work, which is $0$ if and only if $W(\\Theta)$ corresponds to a DAG. \nThis paper is the first that provides theoretical guarantees about the optimization landscape of this unconstrained problem for various values of $\\mu$, in the case of $2$ nodes. It is worth noting that this is actually the method that is used in practice to learn DAGs, since enumeration methods quickly become intractable when the number of nodes in the DAG increases.\nThe authors establish interesting properties of the solutions space, namely that if $\\mu$ is sufficiently small, the loss is not benign. \nAlso, the idea of successively solving different optimization problems and using the solution of the last as a starting point for the next is an intriguing one and could have applications beyond this work. The proof strategy is also very intuitive and elegant, by choosing $\\mu$ so that the optimizer of $g_\\mu$ lies in the basin of attraction of the global minimum of the next problem. \nAll arguments are very clearly explained, which makes this paper enjoyable to read. ",
          "weaknesses": "-The result is only proven for $d=2$ nodes in the DAG. This makes most calculations tractable, since there is a closed form for the loss $g_\\mu$ (a quadratic polynomial in two variables). Hence, while the proof strategy is elegant and novel, the technical arguments required to establish the claims do not have significant innovation. \n  ",
          "questions": "-It would be interesting to see whether similar results hold for higher values of $d$. Have the authors tried to run simulations for $d=3$ or $4$ and observe similar solution landscapes? What about other choices of loss function or penalty?\n-Is it always true that there is a unique DAG that describes the data? For example, for two nodes, suppose we have $X_2 = X_1 + \\epsilon$, where $\\epsilon\\sim \\mathcal{N}(0,1)$. Then, clearly it is also true that $X_1 = X_2 + \\epsilon'$, where $\\epsilon' \\sim \\mathcal{N}(0,1)$. In that case, it seems that we have two solutions $x=1,y=0$ and $x=0,y=1$. I'm curious where would this come up in the analysis. ",
          "limitations": "Yes",
          "flag_for_ethics_review": [
            "No ethics review needed."
          ],
          "rating": "7: Accept: Technically solid paper, with high impact on at least one sub-area, or moderate-to-high impact on more than one areas, with good-to-excellent evaluation, resources, reproducibility, and no unaddressed ethical considerations.",
          "confidence": "3: You are fairly confident in your assessment. It is possible that you did not understand some parts of the submission or that you are unfamiliar with some pieces of related work. Math/other details were not carefully checked.",
          "code_of_conduct": "Yes"
        },
        "invitations": [
          "NeurIPS.cc/2023/Conference/Submission2595/-/Official_Review",
          "NeurIPS.cc/2023/Conference/-/Edit"
        ],
        "domain": "NeurIPS.cc/2023/Conference",
        "license": "CC BY 4.0",
        "version": 2
      },
      {
        "id": "K7aRaZfQNE",
        "number": 3,
        "cdate": 1689439066114,
        "tcdate": 1689439066114,
        "mdate": 1702410843018,
        "tmdate": 1702410843018,
        "signatures": [
          "NeurIPS.cc/2023/Conference/Submission2595/Reviewer_xJpx"
        ],
        "nonreaders": [],
        "readers": [
          "everyone"
        ],
        "writers": [
          "NeurIPS.cc/2023/Conference",
          "NeurIPS.cc/2023/Conference/Submission2595/Reviewer_xJpx"
        ],
        "forum": "5MG5C5aS6m",
        "replyto": "5MG5C5aS6m",
        "content": {
          "summary": "This paper presents a novel approach to the non-convex optimization problems associated with learning the structure of a structural equation model (SEM) or Bayesian network. Considering the equivalent penalty form, the authors propose a homotopy-based optimization scheme that finds global minimizers of the problem by iteratively decreasing the penalty coefficient according to a given schedule. They prove that this algorithm converges globally to the global minimum, regardless of the initialization for W. The authors also demonstrate that the non-convex program is non-benign, meaning that naïve implementation of black-box solvers are likely to get trapped in a bad local minimum.",
          "soundness": "2 fair",
          "presentation": "3 good",
          "contribution": "2 fair",
          "strengths": "\nI am not an expert in this field. But the paper's findings seems to have significant implications in the context of learning the structure of SEMs or Bayesian networks.  The paper is well-structured and the authors clearly explain their methodology and findings. They also provide a clear visualization of the non-convex landscape and the solution trajectory.\n\n",
          "weaknesses": "The authors' approach is primarily focused on the bivariate case, which may limit its applicability in more complex settings. Some numerical study on large-scale problems is desirable. ",
          "questions": "\n\nHow does the landscape look like in high dimensional setting?  Can you provide any experiments to more than two variables?\n\n",
          "limitations": "Does not apply",
          "flag_for_ethics_review": [
            "No ethics review needed."
          ],
          "rating": "5: Borderline accept: Technically solid paper where reasons to accept outweigh reasons to reject, e.g., limited evaluation. Please use sparingly.",
          "confidence": "1: Your assessment is an educated guess. The submission is not in your area or the submission was difficult to understand. Math/other details were not carefully checked.",
          "code_of_conduct": "Yes"
        },
        "invitations": [
          "NeurIPS.cc/2023/Conference/Submission2595/-/Official_Review",
          "NeurIPS.cc/2023/Conference/-/Edit"
        ],
        "domain": "NeurIPS.cc/2023/Conference",
        "license": "CC BY 4.0",
        "version": 2
      },
      {
        "id": "8VABV1Tu6W",
        "number": 4,
        "cdate": 1690837467335,
        "tcdate": 1690837467335,
        "mdate": 1702410842950,
        "tmdate": 1702410842950,
        "signatures": [
          "NeurIPS.cc/2023/Conference/Submission2595/Reviewer_NK3q"
        ],
        "nonreaders": [],
        "readers": [
          "everyone"
        ],
        "writers": [
          "NeurIPS.cc/2023/Conference",
          "NeurIPS.cc/2023/Conference/Submission2595/Reviewer_NK3q"
        ],
        "forum": "5MG5C5aS6m",
        "replyto": "5MG5C5aS6m",
        "content": {
          "summary": "the paper provides a theoretical study on the loss landscape and convergence in gradient-based DAG learning framework. By focusing on linear functions with the number of variable d = 2, They provide a homotopy-based optimization scheme to guarantee the global optimality. Some numerical validations are provided.",
          "soundness": "3 good",
          "presentation": "2 fair",
          "contribution": "2 fair",
          "strengths": "the paper focuses on the theoretical study on the global optimality and convergence. This is an important but difficult questions. The theoretical results mainly shows the initialization regime as requirements for convergence, which makes sense given the nonconvex nature, although I did not check the proof in details (given its length).\n\nIllustrative examples and results are provided. ",
          "weaknesses": "Unfortunately, the current results are only applicable to d=2 and linear functions (understandably, of course). No discussions on how nonlinear or  a large number of variables would affect the loss landscape, and/or how the homotopy algorithm would be affected.\n\nWould be more interesting if the insights of the theoretical results can be used in practical algorithms.  \n\n",
          "questions": "- \"...bears a resemblance to the success of training deep models, which started with AlexNet for image classification\": First of all, modern deep models have success before alexnet on imagenet, so this is not accurate. Second, such a statement is over the top and should be removed.\n- L82: indeed only two DAGs are in the entire search space yet the analysis is quite complex. There is no indication on how such analysis and approach would scale or behave with an increasing number of variables, hence it is hard to judge the usefulness of these analysis yet. In comparison, although the combinatorial search is not used, its expected performance is the same with larger d. \n- Eq 4: x is already used to represent data, and should avoid using it as parameter (lack of notation clarity).\n- Eq 5: while re-ordering variable to obtain such a upper triangular structure is not an issue here yet, in datasets W* would generally not be so. How does a non-upper triangular structure impact analysis, for example a's usage afterward?\n- Some derivation are not given fully. For example, f(W) and h(W) skips many steps in between.\n- L199: what is k here?\n- the regime of initialization for \\mu: very interesting observation.\n- optimization landscape with nonlinear functions: current analysis focuses on linear function. How would it change for nonlinear functions (such neural networks), even for d=2? Given the nonlinear nature, one can imagine it would make the analysis even hard, given two layers of neural networks are the most complex cases that has some theoretical understanding. \n- can the homotopy-based optimization scheme be used to improve convergence of NOTEARS related algorithms?",
          "limitations": "not discussed but not needed.",
          "flag_for_ethics_review": [
            "No ethics review needed."
          ],
          "rating": "5: Borderline accept: Technically solid paper where reasons to accept outweigh reasons to reject, e.g., limited evaluation. Please use sparingly.",
          "confidence": "3: You are fairly confident in your assessment. It is possible that you did not understand some parts of the submission or that you are unfamiliar with some pieces of related work. Math/other details were not carefully checked.",
          "code_of_conduct": "Yes"
        },
        "invitations": [
          "NeurIPS.cc/2023/Conference/Submission2595/-/Official_Review",
          "NeurIPS.cc/2023/Conference/-/Edit"
        ],
        "domain": "NeurIPS.cc/2023/Conference",
        "license": "CC BY 4.0",
        "version": 2
      },
      {
        "id": "ze2upuGSpe",
        "number": 1,
        "cdate": 1691628828762,
        "tcdate": 1691628828762,
        "mdate": 1703016910346,
        "tmdate": 1703016910346,
        "signatures": [
          "NeurIPS.cc/2023/Conference/Submission2595/Authors"
        ],
        "readers": [
          "everyone"
        ],
        "writers": [
          "NeurIPS.cc/2023/Conference",
          "NeurIPS.cc/2023/Conference/Submission2595/Authors"
        ],
        "forum": "5MG5C5aS6m",
        "replyto": "8VABV1Tu6W",
        "content": {
          "rebuttal": "We would like to express our gratitude to the reviewer for their time, effort, and valuable suggestions.\n\n> No discussions on how nonlinear or a large number of variables would affect the loss landscape, and/or how the homotopy algorithm would be affected.\n> \n\nThanks for this insightful question! See **Common Concern I**.\n\n> Would be more interesting … be used in practical algorithms.\n> \n\nIt’s excellent point!  We go deeper into this in the discussion below.\n\n> can the homotopy-based optimization scheme be used to improve convergence of NOTEARS related algorithms?\n> \n\nIndeed, our homotopy-based scheme is proposed precisely because it is what is used in practice [1][4]! Thus, our theory provides guarantee that homotopy methods are indeed a viable approach in practice. Concretely, our results show that tuning the penalty schedule is important, and that global initialization is possible if the signal strength is sufficiently large. When done properly, convergence is very fast (exponential).\n\nIn more detail: When considering both Algorithm 2 and Algorithm 3, any given initialization can converge towards the global optimum, consequently, there's no need to prioritize specific initializations. Furthermore, note that any initial penalty parameter, $\\mu_0$, fall into a specific range can achieve this, negating the need to set $\\mu_0$ to an exceedingly large value to ensure a favorable landscape for $g_{\\mu}(\\Theta)$(i.e., one that only possesses a singular stationary point), as a result, reducing the number of outer iterations in Algorithms 2 and 3. As for the decay rate of $\\mu_k$, it can be quite rapid -  in specific terms, an exponential decay. Our analysis offers clarity on the explicit dependence between convergence rates and various parameters, e.g. Theorem 2 in the paper and Theorem 4 in appendix for details. In principle, this knowledge can be used to accelerate NOTEARS-related algorithms, which is an important direction for future work. To illustrate, a greater weight in $W_*$ can allow for a more progressive decay of $\\mu_k$ and accommodate a smaller initialization for $\\mu_0$, as a result, faster convergence. Empirically, these theoretical conclusions are aligned with our experimental findings (arbitrary initialization, and convergence in a few iterations.) The experiments detailed in [1] confirm this – they begin with a zero initialization point and achieve their objectives in a mere four iterations, utilizing $\\mu$ values set at $\\{1,0.1,0.001,0\\}$, even for hundreds and thousands of nodes.\n\n> \"...bears a resemblance … over the top and should be removed.\n> \n\nThanks for flagging this. in hindsight we see how this is a bit over the top. We will take out this comment in the final version.\n\n> L82: indeed only two DAGs … the same with larger d.\n> \n\nWe appreciate the reviewer's insightful question. See **Common Concern II** for more details.\n\n> Eq 5: while re-ordering … for example a's usage afterward?\n> \n\nThank you for the insightful observation! Absolutely, in a broader context, $W_*$ could be neither an upper nor a lower triangular matrix, posing a considerable challenge for analysis. Determining how this affects our analysis is an interesting future direction. Nonetheless, there is another finding that could be useful. The underlying structure decides the nature of the analysis. For instance, for a three-node system with variables *$X_1, X_2, X_3$,* the analysis for a chain structure like $X_1\\rightarrow X_2\\rightarrow X_3$ should mirror that of $X_2\\rightarrow X_1\\rightarrow X_3$, given their similar structure in essence. Conversely, the analysis would be different if we compare the former chain with a collider structure like $X_1\\rightarrow X_2\\leftarrow X_3$. Yet, when we constrain the dimensions to $d=2$, the two choices are $X_1\\rightarrow X_2$ or $X_2\\rightarrow X_1$, thus, $W_*$ will either be an upper or lower triangular matrix. Consequently, the scenarios become equivalent, suggesting that our analysis for one suffices for both. \n\n> the regime of initialization for $\\mu$: very interesting observation.\n> \n\nThanks for acknowledging this interesting observation. This is based on our analysis of $g_{\\mu}(\\Theta)$, and such regime yields several compelling implications. First, as $a$ increases, the regime typically expands, suggesting the problem get easier when the underlying structure has stronger signal (e.g. $a$ in Equation (5)). Second, any initial penalty parameter, $\\mu_0$, fall into a specific range can achieve this, negating the need to set $\\mu_0$ to an exceedingly large value to ensure a favorable landscape for $g_{\\mu}(\\Theta)$. Finally, it is essential to notice that such regime is the key for us to figure out an universal initialization $\\mu_0 = \\frac{1}{27}$ for Algorithm 3, since $\\frac{a^2}{4(a^2+1)^3}$ is upper bounded by $\\frac{1}{27}$.\n\n> optimization landscape with nonlinear functions… theoretical understanding.\n> \n\nThis is a very good question! When neural networks are introduced into the mix, the loss function $g_{\\mu}(\\Theta) = \\mu f(\\Theta )+h(W(\\Theta))$ inherits a dual-layer complexity. The first layer arises from the inherent nonconvexity of the neural network as seen in the loss $f(\\Theta)$, while the second stems from the nonconvexity of the DAG constraint present in $h(W(\\Theta))$. Such compounded intricacies can be expected to substantially alter the landscape of $g_{\\mu}(\\Theta)$, potentially introducing numerous local optima and saddle points. Although we currently are uncertain on this matter, it's an interesting direction to explore how advancements in the study of two-layer neural networks can be integrated with the techniques we employed, such as the Lyapunov asymptotic stability theorem and the implicit function theorem, to better understand the theoretical facets of DAG learning using neural networks.\n\n[4] Ng, Lachapelle, Ke, Julien, and Zhang. \"On the convergence of continuous constrained optimization for structure learning.\" 2022."
        },
        "invitations": [
          "NeurIPS.cc/2023/Conference/Submission2595/Reviewer_NK3q/-/Rebuttal",
          "NeurIPS.cc/2023/Conference/-/Edit"
        ],
        "domain": "NeurIPS.cc/2023/Conference",
        "license": "CC BY 4.0",
        "version": 2
      },
      {
        "id": "g5eQ3p398q",
        "number": 1,
        "cdate": 1691629413037,
        "tcdate": 1691629413037,
        "mdate": 1703016910267,
        "tmdate": 1703016910267,
        "signatures": [
          "NeurIPS.cc/2023/Conference/Submission2595/Authors"
        ],
        "readers": [
          "everyone"
        ],
        "writers": [
          "NeurIPS.cc/2023/Conference",
          "NeurIPS.cc/2023/Conference/Submission2595/Authors"
        ],
        "forum": "5MG5C5aS6m",
        "replyto": "K7aRaZfQNE",
        "content": {
          "rebuttal": "We sincerely thank the reviewer for the insightful critiques and comprehensive understanding of our work, and for providing such useful feedback. We will try our best to address the reviewer’s concern.\n\n> The authors' approach is primarily focused on the bivariate case, which may limit its applicability in more complex settings. Some numerical study on large-scale problems is desirable.\n> \n\nWe appreciate the reviewer's insightful question about the scalability of the Homotopy method on large-scale problems. Indeed, this is exactly what is done in practice on large-scale problems (see discussion in Line 84-87). Since this point is closely related to your follow-up questions, please see below for more details.\n\n> Can you provide any experiments to more than two variables?\n> \n\nMany existing papers show that the Homotopy method can perform well empirically, even with hundreds or thousands of nodes.  For example, the study presented in [1] employs the Homotopy method to solve Equation (1) and has achieved state-of-the-art results, as demonstrated in Figures 4, 5, and 6 in [1], and further elaborated in their appendix. The experiments, encompassing both linear and nonlinear models, offer compelling evidence in support of the homotopy method's effectiveness in practice. Furthermore, while [2] and [3] don't adopt the Homotopy algorithm in its exact form, their approaches share a similar spirit of the homotopy algorithm, solving Equation (2) repeatedly with previous solutions. For more empirical results, see Figure 1 and Appendix H in [2], and Figure 3,7,8 in [3]. More discussions can be found in **Common Concern II**.\n\n> How does the landscape look like in high dimensional setting?\n> \n\nThanks for this insightful question. In higher-dimensional settings, the landscape remains non-benign (e.g. even for $d = 3$, experiments indicate that multiple local optima and saddle points persist), however, existing work [1,3] has shown that the homotopy method is still very effective at finding good (in some cases, near optimal) solutions. This is in fact part of the motivation for our study. Extending our results to higher dimensions is an important direction for future work, and it is worth pointing out that our techniques are indeed generalizable in principle: The main tools we use (the implicit function theorem and the Lyapunov asymptotic stability theorem) possess broad applicability, extending beyond two dimensions. While the direct translation of our findings to other contexts remains challenging, they undeniably pave the way for future explorations. More discussions can be found in **Common Concern I**."
        },
        "invitations": [
          "NeurIPS.cc/2023/Conference/Submission2595/Reviewer_xJpx/-/Rebuttal",
          "NeurIPS.cc/2023/Conference/-/Edit"
        ],
        "domain": "NeurIPS.cc/2023/Conference",
        "license": "CC BY 4.0",
        "version": 2
      },
      {
        "id": "qsxcwhZZee",
        "number": 1,
        "cdate": 1691630232231,
        "tcdate": 1691630232231,
        "mdate": 1703016910139,
        "tmdate": 1703016910139,
        "signatures": [
          "NeurIPS.cc/2023/Conference/Submission2595/Authors"
        ],
        "readers": [
          "everyone"
        ],
        "writers": [
          "NeurIPS.cc/2023/Conference",
          "NeurIPS.cc/2023/Conference/Submission2595/Authors"
        ],
        "forum": "5MG5C5aS6m",
        "replyto": "bIrup6CSIV",
        "content": {
          "rebuttal": "We thank the reviewer for the time and effort into carefully reviewing our paper and provide such valuable feedback. \n\n> The result is only proven for $d = 2$ nodes in the DAG. This makes most calculations tractable, since there is a closed form for the loss  (a quadratic polynomial in two variables). Hence, while the proof strategy is elegant and novel, the technical arguments required to establish the claims do not have significant innovation.\n> \n\nWe appreciate reviewer for acknowledging the analysis is elegant and novel! See discussion in **Common Concern II**.\n\n> It would be interesting to see whether similar results hold for higher values of $d$. Have the authors tried to run simulations for $d = 3$ or $d = 4$ and observe similar solution landscapes?\n> \n\nThanks for the keen question! Please refer to **Common Concern I** for more details.\n\n> What about other choices of loss function or penalty?\n> \n\nWe appreciate this interesting question! \n\nCrucially, the proof techniques in our work are notably general. Specifically, the implicit function theorem offers a means to trace the trajectory of stationary points, and the Lyapunov asymptotic stability theorem consistently can be used to identify the basin of attraction. These techniques clearly generalize to more general loss functions, which is an intriguing feature of our results. Extending our analysis in this way is an important future direction. Furthermore, it is worth emphasizing that under our model, the least squares loss is the most appropriate loss function: This is because its global minimizer is unique and equals the underlying matrix $W_*$.\n\nIn relation to alternative penalties, we explored the matrix exponential $h_{\\text{expm}}(W) = \\operatorname{tr}(e^{W\\circ W}) - d$  as described in [3] and the log-det formulation $h_{\\text{ldet}}(W) = -\\operatorname{logdet}(sI-W\\circ W) +d\\log s$ where $\\rho(W\\circ W)<s$(with $\\rho$  representing the spectral radius) from [1]. Firstly, all these penalties are designed to enforce the DAG constraint on $W$. They are largely equivalent in application, implying that understanding one offers insights into the others. This equivalence is evident in experimental results; for instance, the loss landscapes are similar to each other. When $\\mu$ falls below a certain threshold, the presence of local optima and saddle points for  $g_{\\mu}(\\Theta)$ remains consistent irrespective of whether $h_{\\text{expm}}(W)$ or $h_{\\text{ldet}}(W)$ is employed. However, incorporating $h_{\\text{expm}}(W)$ or $h_{\\text{ldet}}(W)$ introduces exponential or logarithmic terms to $g_{\\mu}(W)$, adding layers of complexity to the analysis, as well as additional constraints in the case of $h_{\\text{ldet}}$ since its validity rests on the condition $\\rho(W\\circ W)< s$. \n\n> Is it always true that there is a unique DAG that describes the data?\n> \n\nWe appreciate your important question.  This is the identification problem in the DAG learning literature. In essence, the model is identifiable if different DAGs cannot generate the same distribution. In our setting, a linear model with equal (or known) error variances is identifiable (this is well-known, e.g. [5,6]). Therefore, solving Equation (6) will yield a unique DAG that accurately generates the data distribution. Although identifiability is not universal for all models, many have been confirmed as identifiable, e.g. [4,5,6,7,8]. Extending our techniques to these models is an important direction for future work. We hope this clarifies your question.\n\n> For example, for two nodes, suppose we have $X_2 = X_1 +\\epsilon$, where $\\epsilon \\sim N(0,1)$. Then, clearly it is also true that $X_1 = X_2 +\\epsilon'$ , where $\\epsilon'\\sim N(0,1)$. In that case, it seems that we have two solutions $x = 1,y = 0$  and $x = 0,y = 1$. I'm curious where would this come up in the analysis.\n> \n\nThis is a great question! The issue boils down to independence of the noise terms (see L154), which is violated by your example (see below for details). Another way to interpret this assumption is that $N_2$ is independent of $X_1$, or more generally, that each noise term is independent of the parents in the structural equation model. See [5] or [6] for more discussion.\n\nDetails: Your two models are (a)  $X_2 = X_1 +\\epsilon$ and (b) $X_1 = X_2 +\\epsilon'$ with $\\epsilon'=-\\epsilon$. Recalling our model assumptions that $(N_1,N_2)$ are independent and after transcribing the notation, in (a) this is equivalent to $X_1$ independent of $\\epsilon$. Clearly, $X_2$ is not independent of $\\epsilon$. But then in (b), $\\epsilon'$ cannot be independent of $X_2$, which violates our model assumptions. So, there is only one model with independent noise terms. In fact, this argument generalizes quite substantially to LinGAM and additive noise models. In the Gaussian case there are some subtleties, but see [5-7] for details on this case.\n\nThis fact does not explicitly come up in our analysis, but is implicit in the fact that only (a) will minimize the LS loss, a fact which follows from known results such as [5] or [6].\n\n[4] Peters, Jonas, Joris M. Mooij, Dominik Janzing, and Bernhard Schölkopf. \"Causal discovery with continuous additive noise models.\" (2014).\n\n[5] Loh, Po-Ling, and Peter Bühlmann. \"High-dimensional learning of linear causal networks via inverse covariance estimation.\" *The Journal of Machine Learning Research* 15, no. 1 (2014): 3065-3105.\n\n[6] Peters, Jonas, and Peter Bühlmann. \"Identifiability of Gaussian structural equation models with equal error variances.\" *Biometrika* 101, no. 1 (2014): 219-228.\n\n[7] Aragam, Bryon, and Qing Zhou. \"Concave penalized estimation of sparse Gaussian Bayesian networks.\" *The Journal of Machine Learning Research* 16, no. 1 (2015): 2273-2328.\n\n[8] Shimizu, Shohei, Patrik O. Hoyer, Aapo Hyvärinen, Antti Kerminen, and Michael Jordan. \"A linear non-Gaussian acyclic model for causal discovery.\" *Journal of Machine Learning Research* 7, no. 10 (2006)."
        },
        "invitations": [
          "NeurIPS.cc/2023/Conference/Submission2595/Reviewer_Y11K/-/Rebuttal",
          "NeurIPS.cc/2023/Conference/-/Edit"
        ],
        "domain": "NeurIPS.cc/2023/Conference",
        "license": "CC BY 4.0",
        "version": 2
      },
      {
        "id": "LhNl19yS8L",
        "number": 1,
        "cdate": 1691632044429,
        "tcdate": 1691632044429,
        "mdate": 1703016910069,
        "tmdate": 1703016910069,
        "signatures": [
          "NeurIPS.cc/2023/Conference/Submission2595/Authors"
        ],
        "readers": [
          "everyone"
        ],
        "writers": [
          "NeurIPS.cc/2023/Conference",
          "NeurIPS.cc/2023/Conference/Submission2595/Authors"
        ],
        "forum": "5MG5C5aS6m",
        "replyto": "UIuIl6S2ap",
        "content": {
          "rebuttal": "We would like to express our gratitude to the reviewer for acknowledging the value of our contributions and our clear presentation.\n\n> Line 49: Can you please explain Equation (2) a bit more?\n> \n\nEquation (2) is a penalized version of Equation (1), where $h(W(\\Theta))$ acts as a penalty. This change turns the initial constrained problem into a set of simpler unconstrained problems. The role of $\\mu_k$ in Equation (2) is to control the magnitude of constraint violation by penalty. When $\\mu_k$ is large, $f(\\Theta)$ takes priority, so the solution minimizes this but may not meet the constraint $h(W(\\Theta)) = 0$. By decreasing $\\mu_k$, we give more weight to the penalty. As we approach $\\mu_k = 0$, the solution focuses more on satisfying $h(W(\\Theta))=0$.\n\n> Line 64: Is it really easy to see? :)\n> \n\nWe will be sure to expand on this in the final version. Intuitively, let's recall that $f(\\Theta)$ is presumed to be a convex function in our study. When $\\mu_k$ is large, $f(\\Theta)$ dominates in Equation (2). Consequently, $g_{\\mu_k}(\\Theta)$ behaves similarly to $f(\\Theta)$ as a \"convex\" function, implying a benign loss landscape for $g_{\\mu_k}(\\Theta)$ when $\\mu_k$ is large. This can be formally established as long as $f(\\Theta)$ is a strongly convex function, which our population LS loss is.\n\n> Line 90: Please explain \"homotopy.\"\n> \n\n“homotopy optimization\", also known as \"continuation optimization\" [1, 2], is a strategy for finding solutions to complex optimization problems. The term \"homotopy\" is borrowed from topology (a branch of mathematics), which is a continuous transformation from one function to another. This concept is applied to optimization to form a bridge from a problem with a known or easy-to-find solution to a more complex problem. In our content, resolving $g_{\\mu_k}(\\Theta)$ becomes straightforward with larger values of  $\\mu_k,$ while it becomes challenging when $\\mu_k$ is small.\n\n> Remark 2: Can you please further explain the difficulties that you mention here?\n> \n\nThe main challenge lies in the increasing complexity of the loss landscape of $g_{\\mu}(\\Theta)$ as the model dimensions increase. As a result, analyzing the basin of attraction for the global minimum of $g_{\\mu}(\\Theta)$ becomes increasingly difficult. Moreover, the penalty is an order-$d$ matrix polynomial, which becomes more complex as $d$ increases.\n\n> Can you please elaborate on Equation (7)?\n> \n\nEquation (7) is a detailed version of Equation (2). In the context of our study, we focus on the bivariate case, where the loss function is represented by the expected least square, given by $f(x,y) = \\frac{1}{2}((1-ay)^2+y^2+(a-x)^2+1)$. The constraint function is denoted by $h(x,y) = \\frac{x^2y^2}{2}.$ \n\nTherefore, we can express $g_{\\mu}(x,y) = \\mu f(x,y)+h(x,y)=\\frac{\\mu}{2}((1-ay)^2+y^2+(a-x)^2+1)+\\frac{x^2y^2}{2}$. The function $g_{\\mu}(x,y)$ is used recurrently in our Algorithm 2 or 3, so our principal interest lies in understanding its properties.\n\n> Line 217: Can you please elaborate on bounding $a$?\n> \n\nThanks for bringing it up! The lower bound on $a$ is indeed a standard and sensible assumption. One can view the magnitude of $a$ as a measure of problem difficulty, with $a$ essentially behaving like the “signal strength\" of the underlying structure, larger $a$ indicates the structure is easier to learn. For a more direct insight, consider Equation (6)'s local optimal solution, namely $(x_1^*,y_1^*) = (0,\\frac{a}{a^2+1})$. The corresponding loss is  $\\frac{1}{2}(a^2+1+\\frac{1}{a^2+1})$. Now, the global optimal solution is $(x_0^*,y_0^*) = (a,0)$, with loss $f(x^*_0,y^*_0) = 1$. The loss difference between the local and global optima is therefore $\\frac{1}{2}(a^2+1+\\frac{1}{a^2+1}) - 1$, an increasing function of $a$. As $a$ enlarges, both the loss difference and the basin of attraction for the global optimum increase in general, making the optimization easier.\n\n> Please add more details in the caption of Figure 2.\n> \n\nThanks for the suggestion. Here, for $\\mu>\\tau,$ there exists a single solution to $r(y;\\mu) = 0$, which implies there is one stationary point in Equation (7). When $\\mu=\\tau,$ two solutions are found for $r(y;\\mu) = 0$, suggesting that there are two stationary points in Equation (7). Conversely, when $\\mu<\\tau,$ we observe three solutions for $r(y;\\mu) = 0$, indicating that there are three stationary points in Equation (7)-  a local optimum, a saddle point, and a global optimum.\n\n> Line 235: Why is the interesting regime the one where $\\mu<\\tau$?\n> \n\nThanks for bringing up this point! In this regime where multiple stationary points exist in $g_{\\mu}(\\Theta)$ - a local optimum, a saddle point, and a global optimum, as described in Lemma 1, the usage of gradient descent for $g_{\\mu}(\\Theta)$ may result in trap within the local optimal solution. This scenario is precisely what our methodology aims to avoid, our updating scheme of $\\mu_k$ in Algorithm 2 or 3 can do the job. Conversely, when $\\mu>\\tau,$ only a single stationary point is observed. As demonstrated in Theorem 3 (Appendix), gradient descent invariably converges to this point, which consistently represents the global optimum. Hence, in such conditions, there are no concerns to be addressed.\n\n> Line 258: Not clear!\n> \n\nWe are happy to explain this in a more accessible way. The fundamental idea is to identify the basin of attraction for the global optimum solution$(x^*_{\\mu_{k+1}},y^*_{\\mu_{k+1}})$ of $g_{\\mu_{k+1}}(\\Theta)$, and make sure previous initialization point $(x^*_{\\mu_{k}},y^*_{\\mu_{k}})$ fall into such region. We then use gradient descent or flow to converge towards $(x^*_{\\mu_{k+1}},y^*_{\\mu_{k+1}})$. This proof aligns with this reasoning and affirms that our updating scheme for $\\mu_k$ can make it happen!\n\n[1] Lin, Yang, Zhang, and Zhang. \"Continuation Path Learning for Homotopy Optimization.\" 2023.\n\n[2] Hazan, Levy, and Shalev-Shwartz. \"On graduated optimization for stochastic non-convex problems.\" 2016."
        },
        "invitations": [
          "NeurIPS.cc/2023/Conference/Submission2595/Reviewer_u4D3/-/Rebuttal",
          "NeurIPS.cc/2023/Conference/-/Edit"
        ],
        "domain": "NeurIPS.cc/2023/Conference",
        "license": "CC BY 4.0",
        "version": 2
      },
      {
        "id": "bLWx81vl9D",
        "number": 1,
        "cdate": 1691632179935,
        "tcdate": 1691632179935,
        "mdate": 1704275151882,
        "tmdate": 1704275151882,
        "signatures": [
          "NeurIPS.cc/2023/Conference/Submission2595/Authors"
        ],
        "readers": [
          "everyone"
        ],
        "writers": [
          "NeurIPS.cc/2023/Conference",
          "NeurIPS.cc/2023/Conference/Submission2595/Authors"
        ],
        "forum": "5MG5C5aS6m",
        "replyto": "5MG5C5aS6m",
        "content": {
          "rebuttal": "To all reviewers,\n\nWe thank all reviewers for their time put into reading our work and their valuable comments. We appreciate the consensus that our paper is well-written and theoretical contributions are delivered clearly. Finally, we appreciate Reviewer Y11K acknowledging our analysis elegant and novel. We next respond to the common concerns.\n\n*Due to character limits, any minor concerns omitted will certainly be addressed based on the reviewers' suggestions in the final version.*\n\n*Regarding the other major concerns raised, we will respond to each reviewer individually.* \n\n\n**Common Concern I**\n\n> How landscape is affected for high dimensional setting and how the homotopy algorithm would be affected.\n> \n\nThis is a very insightful question. In higher-dimensional settings, the landscape remains challenging, however, previous work has convincingly demonstrated the utility and applicability of homotopy-based approaches in practice. Indeed, the original NOTEARS implementation as well as more recent advances use some form of homotopy algorithm. See [1,2,3] for details. Although homotopy methods generally faces challenges with getting trapped in local optima, there are certain scenarios where this can be potentially circumvented. Based on our own experiments, global convergence remains feasible in these instances:\n\n- Increasing the signal strength (e.g. $a$ in Equation (5)) appears to prevent the Homotopy method from being trapped into local optima. This weight can be seen as the signal strength of the underlying structure, and enhancing it could also alleviate the \"trapping into local optimum\" issue. This aligns with our findings in the case of $d = 2$; when $a > \\sqrt{5/27}$, there exists a universal updating scheme for $\\mu_k$ that functions effectively, and global convergence is guaranteed as stated in Corollary 1.\n- Enhancing the sparsity of the underlying structure indeed seems to mitigate the risk of the Homotopy method getting trapped into local optima. This intriguing observation coincides with prior experimental results in [1][2][3], which indicate that sparse graphs are generally easier to learn. As such, this important discovery further reinforces the value of investigating sparsity as a potential direction for future work.\n\nIn higher-dimensional settings, the landscape remains non-benign. For instance, even when $d = 3$, experiments indicate the presence of multiple local optima and saddle points. Determining how to incorporate sparsity structure and signal strength into the analysis to ensure global convergence of the homotopy method is an important direction for future work.\n\n**Common Concern II**\n\n> How such analysis and approach would scale or behave with an increasing number of variables?\n> \n\nThis is really insightful point!\n\n- Firstly, many existing papers suggest that the Homotopy method can perform well empirically, even with hundreds or thousands of nodes. This is described in our paper (specifically, Remark 1, L84-87). The study presented in [1] employs the Homotopy method to solve Equation (1) and has achieved state-of-the-art results, as demonstrated in Figures 4, 5, and 6 in [1], and further elaborated in their appendix. Furthermore, while [2] and [3] don't adopt the Homotopy algorithm in its exact form, their approaches share the similar spirit of homotopy algorithm, solving Equation (2) repeatedly with previous solutions. It is essential to note, however, that a theoretical understanding of the convergence dynamics and the loss landscape of $g_{\\mu}(\\Theta)$ remains largely unexplored. Our investigation into the bivariate scenario aspires to address this gap, offering a theoretical framework to explain and improve these known empirical findings.\n- Secondly, we would like to emphasize that the current analysis is intuitive but far from trivial and has the potential to inform more complex settings. Initially, we delineate the conditions leading to multiple stationary points of $g_{\\mu}(\\Theta)$ as evidenced by Theorems 5, 6(v) – a process that relies heavily on a clever analysis of two related objectives $r(y_{\\text{ub}};\\mu)$ and $t(x_{\\text{lb}};\\mu)$ , especially given the absence of explicit formula for the solutions to $r(y;\\mu) = 0$  and $t(x;\\mu) = 0$ (see proof of Theorems 5,6 in appendix). Subsequently, we leverage the implicit function theorem to identify the evolving trajectories of these stationary points as a function of $\\mu$ (see Theorem 5, 6(vi)), pinpointing the precise trajectory to pursue. Finally, our use of the Lyapunov asymptotic stability theorem allows us to define the basin of attraction for the correct stationary point, detailed in the proof of Lemma 7. Each of these components not only presents an intuitive understanding but can also serve as foundational blocks for more intricate cases. It's noteworthy that tools like the implicit function theorem and the Lyapunov asymptotic stability theorem possess broad applicability, extending beyond the confines of linear models. While the direct translation of our findings to other contexts remains challenging, they undeniably pave the way for future explorations.\n\n[1] Bello, Kevin, Bryon Aragam, and Pradeep Ravikumar. \"Dagma: Learning dags via m-matrices and a log-determinant acyclicity characterization.\" *Advances in Neural Information Processing Systems* 35 (2022): 8226-8239.\n\n[2] Ng, Ignavier, AmirEmad Ghassami, and Kun Zhang. \"On the role of sparsity and dag constraints for learning linear dags.\" *Advances in Neural Information Processing Systems* 33 (2020): 17943-17954.\n\n[3] Zheng, Xun, Bryon Aragam, Pradeep K. Ravikumar, and Eric P. Xing. \"Dags with no tears: Continuous optimization for structure learning.\" *Advances in neural information processing systems* 31 (2018)."
        },
        "invitations": [
          "NeurIPS.cc/2023/Conference/Submission2595/-/Author_Rebuttal",
          "NeurIPS.cc/2023/Conference/-/Edit"
        ],
        "domain": "NeurIPS.cc/2023/Conference",
        "license": "CC BY 4.0",
        "version": 2
      },
      {
        "id": "o5bxSNVk6s",
        "number": 1,
        "cdate": 1692460739665,
        "tcdate": 1692460739665,
        "mdate": 1704272767257,
        "tmdate": 1704272767257,
        "signatures": [
          "NeurIPS.cc/2023/Conference/Submission2595/Reviewer_xJpx"
        ],
        "readers": [
          "everyone"
        ],
        "writers": [
          "NeurIPS.cc/2023/Conference",
          "NeurIPS.cc/2023/Conference/Submission2595/Reviewer_xJpx"
        ],
        "forum": "5MG5C5aS6m",
        "replyto": "g5eQ3p398q",
        "content": {
          "comment": "Thank you for the clarification. There could be some interesting future directions to pursue, but my concern about the limitation of this current paper is not fully addressed. I will keep my score."
        },
        "invitations": [
          "NeurIPS.cc/2023/Conference/Submission2595/-/Official_Comment",
          "NeurIPS.cc/2023/Conference/-/Edit"
        ],
        "domain": "NeurIPS.cc/2023/Conference",
        "license": "CC BY 4.0",
        "version": 2
      },
      {
        "id": "4DTiU1Dydk",
        "number": 1,
        "cdate": 1695318168955,
        "tcdate": 1695318168955,
        "mdate": 1703016473821,
        "tmdate": 1703016473821,
        "signatures": [
          "NeurIPS.cc/2023/Conference/Program_Chairs"
        ],
        "nonreaders": [],
        "readers": [
          "everyone"
        ],
        "writers": [
          "NeurIPS.cc/2023/Conference",
          "NeurIPS.cc/2023/Conference/Program_Chairs"
        ],
        "forum": "5MG5C5aS6m",
        "replyto": "5MG5C5aS6m",
        "content": {
          "title": "Paper Decision",
          "decision": "Accept (poster)",
          "comment": "This work addresses the DAG learning problem. Despite being a nonconvex optimization problem with the possibility of multiple spurious solutions, the authors claim that their proposed algorithm can find the global optimal solution for the population loss but only in the bivariate setting. However, it's important to note that the theoretical result is limited to cases where $d=2$, which is not practical in most real-world scenarios.\n\nAll reviewers have generally provided positive feedback. While the work is interesting and may have some scientific impact, it currently lacks practical usability."
        },
        "invitations": [
          "NeurIPS.cc/2023/Conference/Submission2595/-/Decision",
          "NeurIPS.cc/2023/Conference/-/Edit"
        ],
        "domain": "NeurIPS.cc/2023/Conference",
        "license": "CC BY 4.0",
        "version": 2
      }
    ],
    "directReplies": [
      {
        "id": "UIuIl6S2ap",
        "number": 1,
        "cdate": 1687439698072,
        "tcdate": 1687439698072,
        "mdate": 1702410843220,
        "tmdate": 1702410843220,
        "signatures": [
          "NeurIPS.cc/2023/Conference/Submission2595/Reviewer_u4D3"
        ],
        "nonreaders": [],
        "readers": [
          "everyone"
        ],
        "writers": [
          "NeurIPS.cc/2023/Conference",
          "NeurIPS.cc/2023/Conference/Submission2595/Reviewer_u4D3"
        ],
        "forum": "5MG5C5aS6m",
        "replyto": "5MG5C5aS6m",
        "content": {
          "summary": "The authors give a simple optimization algorithm for DAG-learning-inspired optimization problems that avoids the limitations of known techniques.",
          "soundness": "3 good",
          "presentation": "4 excellent",
          "contribution": "3 good",
          "strengths": "Originality:\nWork is original.\nI particularly liked the reduction from a combinatorial problem to a non-convex optimization one.\n\nQuality:\nSimple and strong paper.\n\nClarity:\nClear writing, which can be improved; see questions.\n\nSignificance:\nSignificant topic/contributions.",
          "weaknesses": "No significant weaknesses found.",
          "questions": "Discussion around Equation (1) is very clean.\n\nLine 49:\nCan you please explain Equation (2) a bit more?\n\nLine 64:\nIs it really easy to see? :)\n\nLine 90:\nPlease explain \"homotopy.\"\n\nRemark 2:\nCan you please further explain the difficulties that you mention here?\n\nCan you please elaborate on Equation (7)?\n\nLine 217:\nCan you please elaborate on bounding $a$?\n\nPlease add more details in the caption of Figure 2.\n\nLine 235:\nWhy is the interesting regime the one where $\\mu < \\tau$?\n\nLine 258:\nNot clear!\n\nLine 261:\n\"we know\" instead of \"we known.\"",
          "limitations": "Yes.",
          "flag_for_ethics_review": [
            "No ethics review needed."
          ],
          "rating": "8: Strong Accept: Technically strong paper, with novel ideas, excellent impact on at least one area, or high-to-excellent impact on multiple areas, with excellent evaluation, resources, and reproducibility, and no unaddressed ethical considerations.",
          "confidence": "3: You are fairly confident in your assessment. It is possible that you did not understand some parts of the submission or that you are unfamiliar with some pieces of related work. Math/other details were not carefully checked.",
          "code_of_conduct": "Yes"
        },
        "invitations": [
          "NeurIPS.cc/2023/Conference/Submission2595/-/Official_Review",
          "NeurIPS.cc/2023/Conference/-/Edit"
        ],
        "domain": "NeurIPS.cc/2023/Conference",
        "license": "CC BY 4.0",
        "version": 2
      },
      {
        "id": "bIrup6CSIV",
        "number": 2,
        "cdate": 1688140359323,
        "tcdate": 1688140359323,
        "mdate": 1702410843150,
        "tmdate": 1702410843150,
        "signatures": [
          "NeurIPS.cc/2023/Conference/Submission2595/Reviewer_Y11K"
        ],
        "nonreaders": [],
        "readers": [
          "everyone"
        ],
        "writers": [
          "NeurIPS.cc/2023/Conference",
          "NeurIPS.cc/2023/Conference/Submission2595/Reviewer_Y11K"
        ],
        "forum": "5MG5C5aS6m",
        "replyto": "5MG5C5aS6m",
        "content": {
          "summary": "This paper studies the problem of learning the correct Directed Acyclic Graph (DAG) that describes the data using continuous optimization. The connection of this problem with continuous methods comes from a prior work of Zheng et al., where they introduce a differentiable function $h$ whose level set at 0 exactly characterizes DAGs. The problem then becomes to optimize a score function of the data subject to the constraint that h is 0. This is a non-convex problem, since h is non-convex. The standard way of solving it is by converting it to an unconstrained problem and penalizing the solutions with high values of h. This paper provides a way of solving a sequence of these problems with varying penalty parameters, so that the final output provably converges to the true solution, when we have two nodes in the DAG.  The model is analyzed in the population case, i.e. when we have access to infinite data.  The authors first show that for sufficiently small values of the penalty parameter, the loss landscape is not benign, as there exists a saddle point and a spurious local minimum in addition to the global minimum. Using this observation, they show a way to pick a sequence of penalty parameters, which provides a solution path that avoids the local minima and converges provably to the true model asymptotically. Their main result is phrased in terms of gradient flow, but they also provide a finite step analysis for gradient descent. ",
          "soundness": "4 excellent",
          "presentation": "4 excellent",
          "contribution": "3 good",
          "strengths": "Consider the optimization problem \n\\begin{equation}\\label{eq1}\n\\min_\\Theta g_\\mu(\\Theta) := \\mu f(\\Theta) + h(W(\\Theta))\n\\end{equation}\nwhere $f$ is the least squares loss, $\\mu$ is the penalty parameter, $\\Theta$ represents the model parameters and $W(\\Theta)$ represents the adjacency matrix of the DAG. $f$ is a function that was introduced in prior work, which is $0$ if and only if $W(\\Theta)$ corresponds to a DAG. \nThis paper is the first that provides theoretical guarantees about the optimization landscape of this unconstrained problem for various values of $\\mu$, in the case of $2$ nodes. It is worth noting that this is actually the method that is used in practice to learn DAGs, since enumeration methods quickly become intractable when the number of nodes in the DAG increases.\nThe authors establish interesting properties of the solutions space, namely that if $\\mu$ is sufficiently small, the loss is not benign. \nAlso, the idea of successively solving different optimization problems and using the solution of the last as a starting point for the next is an intriguing one and could have applications beyond this work. The proof strategy is also very intuitive and elegant, by choosing $\\mu$ so that the optimizer of $g_\\mu$ lies in the basin of attraction of the global minimum of the next problem. \nAll arguments are very clearly explained, which makes this paper enjoyable to read. ",
          "weaknesses": "-The result is only proven for $d=2$ nodes in the DAG. This makes most calculations tractable, since there is a closed form for the loss $g_\\mu$ (a quadratic polynomial in two variables). Hence, while the proof strategy is elegant and novel, the technical arguments required to establish the claims do not have significant innovation. \n  ",
          "questions": "-It would be interesting to see whether similar results hold for higher values of $d$. Have the authors tried to run simulations for $d=3$ or $4$ and observe similar solution landscapes? What about other choices of loss function or penalty?\n-Is it always true that there is a unique DAG that describes the data? For example, for two nodes, suppose we have $X_2 = X_1 + \\epsilon$, where $\\epsilon\\sim \\mathcal{N}(0,1)$. Then, clearly it is also true that $X_1 = X_2 + \\epsilon'$, where $\\epsilon' \\sim \\mathcal{N}(0,1)$. In that case, it seems that we have two solutions $x=1,y=0$ and $x=0,y=1$. I'm curious where would this come up in the analysis. ",
          "limitations": "Yes",
          "flag_for_ethics_review": [
            "No ethics review needed."
          ],
          "rating": "7: Accept: Technically solid paper, with high impact on at least one sub-area, or moderate-to-high impact on more than one areas, with good-to-excellent evaluation, resources, reproducibility, and no unaddressed ethical considerations.",
          "confidence": "3: You are fairly confident in your assessment. It is possible that you did not understand some parts of the submission or that you are unfamiliar with some pieces of related work. Math/other details were not carefully checked.",
          "code_of_conduct": "Yes"
        },
        "invitations": [
          "NeurIPS.cc/2023/Conference/Submission2595/-/Official_Review",
          "NeurIPS.cc/2023/Conference/-/Edit"
        ],
        "domain": "NeurIPS.cc/2023/Conference",
        "license": "CC BY 4.0",
        "version": 2
      },
      {
        "id": "K7aRaZfQNE",
        "number": 3,
        "cdate": 1689439066114,
        "tcdate": 1689439066114,
        "mdate": 1702410843018,
        "tmdate": 1702410843018,
        "signatures": [
          "NeurIPS.cc/2023/Conference/Submission2595/Reviewer_xJpx"
        ],
        "nonreaders": [],
        "readers": [
          "everyone"
        ],
        "writers": [
          "NeurIPS.cc/2023/Conference",
          "NeurIPS.cc/2023/Conference/Submission2595/Reviewer_xJpx"
        ],
        "forum": "5MG5C5aS6m",
        "replyto": "5MG5C5aS6m",
        "content": {
          "summary": "This paper presents a novel approach to the non-convex optimization problems associated with learning the structure of a structural equation model (SEM) or Bayesian network. Considering the equivalent penalty form, the authors propose a homotopy-based optimization scheme that finds global minimizers of the problem by iteratively decreasing the penalty coefficient according to a given schedule. They prove that this algorithm converges globally to the global minimum, regardless of the initialization for W. The authors also demonstrate that the non-convex program is non-benign, meaning that naïve implementation of black-box solvers are likely to get trapped in a bad local minimum.",
          "soundness": "2 fair",
          "presentation": "3 good",
          "contribution": "2 fair",
          "strengths": "\nI am not an expert in this field. But the paper's findings seems to have significant implications in the context of learning the structure of SEMs or Bayesian networks.  The paper is well-structured and the authors clearly explain their methodology and findings. They also provide a clear visualization of the non-convex landscape and the solution trajectory.\n\n",
          "weaknesses": "The authors' approach is primarily focused on the bivariate case, which may limit its applicability in more complex settings. Some numerical study on large-scale problems is desirable. ",
          "questions": "\n\nHow does the landscape look like in high dimensional setting?  Can you provide any experiments to more than two variables?\n\n",
          "limitations": "Does not apply",
          "flag_for_ethics_review": [
            "No ethics review needed."
          ],
          "rating": "5: Borderline accept: Technically solid paper where reasons to accept outweigh reasons to reject, e.g., limited evaluation. Please use sparingly.",
          "confidence": "1: Your assessment is an educated guess. The submission is not in your area or the submission was difficult to understand. Math/other details were not carefully checked.",
          "code_of_conduct": "Yes"
        },
        "invitations": [
          "NeurIPS.cc/2023/Conference/Submission2595/-/Official_Review",
          "NeurIPS.cc/2023/Conference/-/Edit"
        ],
        "domain": "NeurIPS.cc/2023/Conference",
        "license": "CC BY 4.0",
        "version": 2
      },
      {
        "id": "8VABV1Tu6W",
        "number": 4,
        "cdate": 1690837467335,
        "tcdate": 1690837467335,
        "mdate": 1702410842950,
        "tmdate": 1702410842950,
        "signatures": [
          "NeurIPS.cc/2023/Conference/Submission2595/Reviewer_NK3q"
        ],
        "nonreaders": [],
        "readers": [
          "everyone"
        ],
        "writers": [
          "NeurIPS.cc/2023/Conference",
          "NeurIPS.cc/2023/Conference/Submission2595/Reviewer_NK3q"
        ],
        "forum": "5MG5C5aS6m",
        "replyto": "5MG5C5aS6m",
        "content": {
          "summary": "the paper provides a theoretical study on the loss landscape and convergence in gradient-based DAG learning framework. By focusing on linear functions with the number of variable d = 2, They provide a homotopy-based optimization scheme to guarantee the global optimality. Some numerical validations are provided.",
          "soundness": "3 good",
          "presentation": "2 fair",
          "contribution": "2 fair",
          "strengths": "the paper focuses on the theoretical study on the global optimality and convergence. This is an important but difficult questions. The theoretical results mainly shows the initialization regime as requirements for convergence, which makes sense given the nonconvex nature, although I did not check the proof in details (given its length).\n\nIllustrative examples and results are provided. ",
          "weaknesses": "Unfortunately, the current results are only applicable to d=2 and linear functions (understandably, of course). No discussions on how nonlinear or  a large number of variables would affect the loss landscape, and/or how the homotopy algorithm would be affected.\n\nWould be more interesting if the insights of the theoretical results can be used in practical algorithms.  \n\n",
          "questions": "- \"...bears a resemblance to the success of training deep models, which started with AlexNet for image classification\": First of all, modern deep models have success before alexnet on imagenet, so this is not accurate. Second, such a statement is over the top and should be removed.\n- L82: indeed only two DAGs are in the entire search space yet the analysis is quite complex. There is no indication on how such analysis and approach would scale or behave with an increasing number of variables, hence it is hard to judge the usefulness of these analysis yet. In comparison, although the combinatorial search is not used, its expected performance is the same with larger d. \n- Eq 4: x is already used to represent data, and should avoid using it as parameter (lack of notation clarity).\n- Eq 5: while re-ordering variable to obtain such a upper triangular structure is not an issue here yet, in datasets W* would generally not be so. How does a non-upper triangular structure impact analysis, for example a's usage afterward?\n- Some derivation are not given fully. For example, f(W) and h(W) skips many steps in between.\n- L199: what is k here?\n- the regime of initialization for \\mu: very interesting observation.\n- optimization landscape with nonlinear functions: current analysis focuses on linear function. How would it change for nonlinear functions (such neural networks), even for d=2? Given the nonlinear nature, one can imagine it would make the analysis even hard, given two layers of neural networks are the most complex cases that has some theoretical understanding. \n- can the homotopy-based optimization scheme be used to improve convergence of NOTEARS related algorithms?",
          "limitations": "not discussed but not needed.",
          "flag_for_ethics_review": [
            "No ethics review needed."
          ],
          "rating": "5: Borderline accept: Technically solid paper where reasons to accept outweigh reasons to reject, e.g., limited evaluation. Please use sparingly.",
          "confidence": "3: You are fairly confident in your assessment. It is possible that you did not understand some parts of the submission or that you are unfamiliar with some pieces of related work. Math/other details were not carefully checked.",
          "code_of_conduct": "Yes"
        },
        "invitations": [
          "NeurIPS.cc/2023/Conference/Submission2595/-/Official_Review",
          "NeurIPS.cc/2023/Conference/-/Edit"
        ],
        "domain": "NeurIPS.cc/2023/Conference",
        "license": "CC BY 4.0",
        "version": 2
      },
      {
        "id": "bLWx81vl9D",
        "number": 1,
        "cdate": 1691632179935,
        "tcdate": 1691632179935,
        "mdate": 1704275151882,
        "tmdate": 1704275151882,
        "signatures": [
          "NeurIPS.cc/2023/Conference/Submission2595/Authors"
        ],
        "readers": [
          "everyone"
        ],
        "writers": [
          "NeurIPS.cc/2023/Conference",
          "NeurIPS.cc/2023/Conference/Submission2595/Authors"
        ],
        "forum": "5MG5C5aS6m",
        "replyto": "5MG5C5aS6m",
        "content": {
          "rebuttal": "To all reviewers,\n\nWe thank all reviewers for their time put into reading our work and their valuable comments. We appreciate the consensus that our paper is well-written and theoretical contributions are delivered clearly. Finally, we appreciate Reviewer Y11K acknowledging our analysis elegant and novel. We next respond to the common concerns.\n\n*Due to character limits, any minor concerns omitted will certainly be addressed based on the reviewers' suggestions in the final version.*\n\n*Regarding the other major concerns raised, we will respond to each reviewer individually.* \n\n\n**Common Concern I**\n\n> How landscape is affected for high dimensional setting and how the homotopy algorithm would be affected.\n> \n\nThis is a very insightful question. In higher-dimensional settings, the landscape remains challenging, however, previous work has convincingly demonstrated the utility and applicability of homotopy-based approaches in practice. Indeed, the original NOTEARS implementation as well as more recent advances use some form of homotopy algorithm. See [1,2,3] for details. Although homotopy methods generally faces challenges with getting trapped in local optima, there are certain scenarios where this can be potentially circumvented. Based on our own experiments, global convergence remains feasible in these instances:\n\n- Increasing the signal strength (e.g. $a$ in Equation (5)) appears to prevent the Homotopy method from being trapped into local optima. This weight can be seen as the signal strength of the underlying structure, and enhancing it could also alleviate the \"trapping into local optimum\" issue. This aligns with our findings in the case of $d = 2$; when $a > \\sqrt{5/27}$, there exists a universal updating scheme for $\\mu_k$ that functions effectively, and global convergence is guaranteed as stated in Corollary 1.\n- Enhancing the sparsity of the underlying structure indeed seems to mitigate the risk of the Homotopy method getting trapped into local optima. This intriguing observation coincides with prior experimental results in [1][2][3], which indicate that sparse graphs are generally easier to learn. As such, this important discovery further reinforces the value of investigating sparsity as a potential direction for future work.\n\nIn higher-dimensional settings, the landscape remains non-benign. For instance, even when $d = 3$, experiments indicate the presence of multiple local optima and saddle points. Determining how to incorporate sparsity structure and signal strength into the analysis to ensure global convergence of the homotopy method is an important direction for future work.\n\n**Common Concern II**\n\n> How such analysis and approach would scale or behave with an increasing number of variables?\n> \n\nThis is really insightful point!\n\n- Firstly, many existing papers suggest that the Homotopy method can perform well empirically, even with hundreds or thousands of nodes. This is described in our paper (specifically, Remark 1, L84-87). The study presented in [1] employs the Homotopy method to solve Equation (1) and has achieved state-of-the-art results, as demonstrated in Figures 4, 5, and 6 in [1], and further elaborated in their appendix. Furthermore, while [2] and [3] don't adopt the Homotopy algorithm in its exact form, their approaches share the similar spirit of homotopy algorithm, solving Equation (2) repeatedly with previous solutions. It is essential to note, however, that a theoretical understanding of the convergence dynamics and the loss landscape of $g_{\\mu}(\\Theta)$ remains largely unexplored. Our investigation into the bivariate scenario aspires to address this gap, offering a theoretical framework to explain and improve these known empirical findings.\n- Secondly, we would like to emphasize that the current analysis is intuitive but far from trivial and has the potential to inform more complex settings. Initially, we delineate the conditions leading to multiple stationary points of $g_{\\mu}(\\Theta)$ as evidenced by Theorems 5, 6(v) – a process that relies heavily on a clever analysis of two related objectives $r(y_{\\text{ub}};\\mu)$ and $t(x_{\\text{lb}};\\mu)$ , especially given the absence of explicit formula for the solutions to $r(y;\\mu) = 0$  and $t(x;\\mu) = 0$ (see proof of Theorems 5,6 in appendix). Subsequently, we leverage the implicit function theorem to identify the evolving trajectories of these stationary points as a function of $\\mu$ (see Theorem 5, 6(vi)), pinpointing the precise trajectory to pursue. Finally, our use of the Lyapunov asymptotic stability theorem allows us to define the basin of attraction for the correct stationary point, detailed in the proof of Lemma 7. Each of these components not only presents an intuitive understanding but can also serve as foundational blocks for more intricate cases. It's noteworthy that tools like the implicit function theorem and the Lyapunov asymptotic stability theorem possess broad applicability, extending beyond the confines of linear models. While the direct translation of our findings to other contexts remains challenging, they undeniably pave the way for future explorations.\n\n[1] Bello, Kevin, Bryon Aragam, and Pradeep Ravikumar. \"Dagma: Learning dags via m-matrices and a log-determinant acyclicity characterization.\" *Advances in Neural Information Processing Systems* 35 (2022): 8226-8239.\n\n[2] Ng, Ignavier, AmirEmad Ghassami, and Kun Zhang. \"On the role of sparsity and dag constraints for learning linear dags.\" *Advances in Neural Information Processing Systems* 33 (2020): 17943-17954.\n\n[3] Zheng, Xun, Bryon Aragam, Pradeep K. Ravikumar, and Eric P. Xing. \"Dags with no tears: Continuous optimization for structure learning.\" *Advances in neural information processing systems* 31 (2018)."
        },
        "invitations": [
          "NeurIPS.cc/2023/Conference/Submission2595/-/Author_Rebuttal",
          "NeurIPS.cc/2023/Conference/-/Edit"
        ],
        "domain": "NeurIPS.cc/2023/Conference",
        "license": "CC BY 4.0",
        "version": 2
      },
      {
        "id": "4DTiU1Dydk",
        "number": 1,
        "cdate": 1695318168955,
        "tcdate": 1695318168955,
        "mdate": 1703016473821,
        "tmdate": 1703016473821,
        "signatures": [
          "NeurIPS.cc/2023/Conference/Program_Chairs"
        ],
        "nonreaders": [],
        "readers": [
          "everyone"
        ],
        "writers": [
          "NeurIPS.cc/2023/Conference",
          "NeurIPS.cc/2023/Conference/Program_Chairs"
        ],
        "forum": "5MG5C5aS6m",
        "replyto": "5MG5C5aS6m",
        "content": {
          "title": "Paper Decision",
          "decision": "Accept (poster)",
          "comment": "This work addresses the DAG learning problem. Despite being a nonconvex optimization problem with the possibility of multiple spurious solutions, the authors claim that their proposed algorithm can find the global optimal solution for the population loss but only in the bivariate setting. However, it's important to note that the theoretical result is limited to cases where $d=2$, which is not practical in most real-world scenarios.\n\nAll reviewers have generally provided positive feedback. While the work is interesting and may have some scientific impact, it currently lacks practical usability."
        },
        "invitations": [
          "NeurIPS.cc/2023/Conference/Submission2595/-/Decision",
          "NeurIPS.cc/2023/Conference/-/Edit"
        ],
        "domain": "NeurIPS.cc/2023/Conference",
        "license": "CC BY 4.0",
        "version": 2
      }
    ],
    "signatures": []
  }
}