{
  "id": "6kINNTYQcm",
  "number": 9557,
  "cdate": 1683771157345,
  "tcdate": 1683771157345,
  "mdate": 1698949757716,
  "tmdate": 1698949757716,
  "signatures": [
    "NeurIPS.cc/2023/Conference/Submission9557/Authors"
  ],
  "readers": [
    "everyone"
  ],
  "writers": [
    "NeurIPS.cc/2023/Conference",
    "NeurIPS.cc/2023/Conference/Submission9557/Authors"
  ],
  "forum": "6kINNTYQcm",
  "content": {
    "title": "Adversarially Robust Distributed Count Tracking via Partial Differential Privacy",
    "authors": [
      "Zhongzheng Xiong",
      "Xiaoyi Zhu",
      "Zengfeng Huang"
    ],
    "authorids": [
      "~Zhongzheng_Xiong1",
      "~Xiaoyi_Zhu1",
      "~Zengfeng_Huang1"
    ],
    "keywords": [
      "Distributed Tracking",
      "Adaptive Robustness",
      "Differential Privacy",
      "Generalization"
    ],
    "abstract": "We study the distributed tracking model, also known as distributed functional monitoring. This model involves $k$ sites each receiving a stream of items and communicating with the central server. The server's task is to track a function of all items received thus far continuously, with minimum communication cost. For count tracking, it is known that there is a $\\sqrt{k}$ gap in communication between deterministic and randomized algorithms. However, existing randomized algorithms assume an \"oblivious adversary\" who constructs the entire input streams before the algorithm starts. Here we consider adaptive adversaries who can choose new items based on previous answers from the algorithm. Deterministic algorithms are trivially robust to adaptive adversaries, while randomized ones may not. Therefore, we investigate whether the $\\sqrt{k}$ advantage of randomized algorithms is from randomness itself or the oblivious adversary assumption. We provide an affirmative answer to this question by giving a robust algorithm with optimal communication. Existing robustification techniques do not yield optimal bounds due to the inherent challenges of the distributed nature of the problem. To address this, we extend the differential privacy framework by introducing \"partial differential privacy\" and proving a new generalization theorem. This theorem may have broader applications beyond robust count tracking, making it of independent interest.",
    "venue": "NeurIPS 2023 poster",
    "venueid": "NeurIPS.cc/2023/Conference",
    "pdf": "/pdf/92e94e51f3348c890f066479ed37359c341c7f0e.pdf",
    "supplementary_material": "/attachment/371047854a89aac6f7ab812eabd4022b4d4d46e2.pdf",
    "_bibtex": "@inproceedings{\nxiong2023adversarially,\ntitle={Adversarially Robust Distributed Count Tracking via Partial Differential Privacy},\nauthor={Zhongzheng Xiong and Xiaoyi Zhu and Zengfeng Huang},\nbooktitle={Thirty-seventh Conference on Neural Information Processing Systems},\nyear={2023},\nurl={https://openreview.net/forum?id=6kINNTYQcm}\n}",
    "paperhash": "xiong|adversarially_robust_distributed_count_tracking_via_partial_differential_privacy"
  },
  "invitations": [
    "NeurIPS.cc/2023/Conference/-/Submission",
    "NeurIPS.cc/2023/Conference/-/Post_Submission",
    "NeurIPS.cc/2023/Conference/Submission9557/-/Revision",
    "NeurIPS.cc/2023/Conference/Submission9557/-/Supplementary_Material_Revision",
    "NeurIPS.cc/2023/Conference/-/Edit",
    "NeurIPS.cc/2023/Conference/Submission9557/-/Camera_Ready_Revision"
  ],
  "domain": "NeurIPS.cc/2023/Conference",
  "pdate": 1695326021505,
  "odate": 1698949757701,
  "version": 2,
  "details": {
    "writable": false,
    "tags": [],
    "replyCount": 12,
    "directReplyCount": 5,
    "replies": [
      {
        "id": "qsRAdQ5sk3",
        "number": 1,
        "cdate": 1686815662954,
        "tcdate": 1686815662954,
        "mdate": 1702411238918,
        "tmdate": 1702411238918,
        "signatures": [
          "NeurIPS.cc/2023/Conference/Submission9557/Reviewer_MMAV"
        ],
        "nonreaders": [],
        "readers": [
          "everyone"
        ],
        "writers": [
          "NeurIPS.cc/2023/Conference",
          "NeurIPS.cc/2023/Conference/Submission9557/Reviewer_MMAV"
        ],
        "forum": "6kINNTYQcm",
        "replyto": "6kINNTYQcm",
        "content": {
          "summary": "This paper studies adversarial robustness for the problem of counting on distributed streams, where the input may be adaptive based on previous outputs by a protocol across $k$ sites and the objective is for a central server to output an additive $\\alpha m$ approximation to the stream of length $m$. When the input is oblivious, there is a randomized protocol that uses $\\tilde{O}(\\sqrt{k}/\\alpha)$ communication, which improves upon a deterministic protocol using $\\tilde{O}(k/\\alpha)$ communication. However, it is not clear how the protocol behaves when the input is adaptive. This paper gives a protocol that uses $\\tilde{O}(\\sqrt{k}/\\alpha)$ communication, showing there is essentially no overhead for adversarial inputs.\n\nThe algorithm works by having each site split its input into blocks and notify the central server if its number of updates within a server block surpasses a certain randomized threshold. Whereas a previous work in adversarially robust streaming used sparse vector technique and differential privacy to protect the internal randomness of the algorithm, the challenge is that distributed streams are event based, and so sparse vector technique will not work. Instead, this paper proposes a new notion of partial differential privacy and shows that not only does it handle generalization with respect to the sample accuracy, but also the distributional accuracy. Thus the output is close to its expectation, which circumvents a complicated analysis of the estimator.",
          "soundness": "3 good",
          "presentation": "3 good",
          "contribution": "4 excellent",
          "strengths": "There are multiple solid contributions by this paper. \n- Firstly, it introduces the problem of adversarial robustness to distributed streams. \n- Secondly, it gives an algorithm that shows there is no overhead for the counting problem, which is not clear at all a priori. \n- Thirdly, the paper introduces the concept of partial differential privacy and proves interesting generalization properties of partial differential privacy. The paper notes that partial differential privacy may be of independent interest. \n- There is a good summary of related work for adversarial robustness, the central techniques in those works, and why they do not apply in this setting. \n- Adversarial robustness on streams is a relevant topic for both the machine learning and theory communities.",
          "weaknesses": "- The communication cost is actually $O(k+\\sqrt{k}(\\log N)/\\alpha)$ rather than $O(\\sqrt{k}(\\log N)/\\alpha)$, so the regime of improvement is for $k>\\frac{1}{\\alpha^2}$, though it should be noted that this same weakness is also present in previous work [13] on oblivious distributed streams. Nevertheless this should be corrected in the formal guarantees.\n\n- While there is a good summary of related work for adversarial robustness and why they do not apply in this setting, it is not clear why natural modifications to the techniques of [13] would not work. \n\nMinor comments:\n\n- It should be noted that $\\tilde{O}$ is being used to suppress polylogarithmic terms in $N$, rather than $\\tilde{O}(f)=O(f)\\cdot\\text{polylog(f)}$, due to the notation $\\tilde{\\sqrt{k}/\\alpha}$ to mean $O(\\sqrt{k}(\\log N)/\\alpha)$. \n\n- [18] is \"Hassidim\" rather than \"Hasidim\" (note the correct spelling in [21])\n\n- Line 294: \"the the\"",
          "questions": "Is it possible to think of partial differential privacy to protect a certain set of elements in the manner of carefully distributing the privacy budget as in [20]?\n\nEDIT: I acknowledge receipt of the author response and am currently choosing to maintain my score.",
          "limitations": "N/A",
          "flag_for_ethics_review": [
            "No ethics review needed."
          ],
          "rating": "8: Strong Accept: Technically strong paper, with novel ideas, excellent impact on at least one area, or high-to-excellent impact on multiple areas, with excellent evaluation, resources, and reproducibility, and no unaddressed ethical considerations.",
          "confidence": "4: You are confident in your assessment, but not absolutely certain. It is unlikely, but not impossible, that you did not understand some parts of the submission or that you are unfamiliar with some pieces of related work.",
          "code_of_conduct": "Yes"
        },
        "invitations": [
          "NeurIPS.cc/2023/Conference/Submission9557/-/Official_Review",
          "NeurIPS.cc/2023/Conference/-/Edit"
        ],
        "domain": "NeurIPS.cc/2023/Conference",
        "license": "CC BY 4.0",
        "version": 2
      },
      {
        "id": "ipwQNBBc1i",
        "number": 2,
        "cdate": 1688711824616,
        "tcdate": 1688711824616,
        "mdate": 1702411238822,
        "tmdate": 1702411238822,
        "signatures": [
          "NeurIPS.cc/2023/Conference/Submission9557/Reviewer_W7US"
        ],
        "nonreaders": [],
        "readers": [
          "everyone"
        ],
        "writers": [
          "NeurIPS.cc/2023/Conference",
          "NeurIPS.cc/2023/Conference/Submission9557/Reviewer_W7US"
        ],
        "forum": "6kINNTYQcm",
        "replyto": "6kINNTYQcm",
        "content": {
          "summary": "The paper provides an algorithm or the distributed count tracking that both enjoys the communication advantage from randomization and is robust to adaptive adversaries. Another contribution of the paper is that it introduces a new *partial differential privacy* definition and completes related generalization theorem that can have potential broader implications.",
          "soundness": "3 good",
          "presentation": "4 excellent",
          "contribution": "4 excellent",
          "strengths": "**Originality** The proposed method is novel by creatively designing a new privacy criteria and randomizing the communication to account for adaptive adversaries.\nThe new definition *partial DP* and the generalization theorem will be useful for other stream data setting.\n\n**Quality**  The theoretical analysis looks sound; the authors can verify the efficient tradeoffs among privacy, accuracy, and communication of the proposed method.\n\n**Clarity** The problem is well-defined and clearly stated. The method and the analysis are connected smoothly.\n\n**Significance** The problem being solved is important. The new DP definition can have broader impact for other private ML tasks.",
          "weaknesses": "**No experiments** Could you please justify why you think experiments are not needed in your paper? Because you claim your proposed method is the first robust tracking algorithm in the domain, it seems important to offer some baseline experiments to help future work.",
          "questions": "1. I am curious what are potential scenarios that your newly proposed partial DP may be important? It would be helpful to suggest some.\n\n2. Do you think it would be a great idea to briefly mention how the algorithm you propose can be easily adapted for other robust distributed tracking beyond the count tracking?",
          "limitations": "The authors do not discuss the limitations. \n",
          "flag_for_ethics_review": [
            "No ethics review needed."
          ],
          "rating": "7: Accept: Technically solid paper, with high impact on at least one sub-area, or moderate-to-high impact on more than one areas, with good-to-excellent evaluation, resources, reproducibility, and no unaddressed ethical considerations.",
          "confidence": "2: You are willing to defend your assessment, but it is quite likely that you did not understand the central parts of the submission or that you are unfamiliar with some pieces of related work. Math/other details were not carefully checked.",
          "code_of_conduct": "Yes"
        },
        "invitations": [
          "NeurIPS.cc/2023/Conference/Submission9557/-/Official_Review",
          "NeurIPS.cc/2023/Conference/-/Edit"
        ],
        "domain": "NeurIPS.cc/2023/Conference",
        "license": "CC BY 4.0",
        "version": 2
      },
      {
        "id": "BZScAB9K5Y",
        "number": 3,
        "cdate": 1688876379444,
        "tcdate": 1688876379444,
        "mdate": 1702411238714,
        "tmdate": 1702411238714,
        "signatures": [
          "NeurIPS.cc/2023/Conference/Submission9557/Reviewer_8gDd"
        ],
        "nonreaders": [],
        "readers": [
          "everyone"
        ],
        "writers": [
          "NeurIPS.cc/2023/Conference",
          "NeurIPS.cc/2023/Conference/Submission9557/Reviewer_8gDd"
        ],
        "forum": "6kINNTYQcm",
        "replyto": "6kINNTYQcm",
        "content": {
          "summary": "This work studies adversarially robust count tracking in a distributed computation setting. In particular the work considers a setting with an adaptive adversary that can choose future inputs based on the outputs produced by the server so far. This is in contrast to prior work on distributed count tracking that considers only oblivious adversaries that must choose the entire input stream before the session begins. \n\nThis is the first work to consider robustness against active adversaries in the distributed setting. However, prior work in the central model [18] proves that a differentially private algorithm can be used to extend obliviously robust algorithms to ones that are robust against active adversaries while retaining similar accuracy guarantees. Taking inspiration from [18], this work uses a notion related to differential privacy, and a distributed algorithm that is robust against oblivious adversaries, to construct a distributed algorithm that is robust against active adversaries. Instead of a general black box reduction like in [18] (one that can be applied to any robust algorithm), this work directly modifies some oblivious algorithms to obtain algorithms that are robust against active adversaries. The work additionally argues that the communication complexity of their algorithms is near optimal.",
          "soundness": "3 good",
          "presentation": "2 fair",
          "contribution": "2 fair",
          "strengths": "Like the authors mention in their manuscript, and support with a clear discussion: it is very important to study the robustness of streaming algorithms in the presence of  active adversaries since this is a more realistic model of the settings in which these algorithms operate. \n\nThis work provides a distributed count tracking algorithm that is robust against active adversaries while also achieving near optimal communication complexity and accuracy.",
          "weaknesses": "This work states that the event driven nature of distributed tracking algorithms prevents them from protecting randomness in the DP sense. However, they do not provide a concrete claim or any formal proof  of this fact. The only explanation of this claim is a brief paragraph on page 4 of the manuscript, making it difficult to understand what exactly the authors mean by the statement and also making it difficult to verify if their claim is true. Given that this claim is the central motivation for defining partial differential privacy, I would have hoped for a more thorough treatment of the claim. They also do not define differential privacy against adaptive attackers in the distributed setting.\n\nThis paper doesn’t provide a discussion of the privacy consequences of using their partial DP notion to provide privacy in distributed settings. Since this work defines a new notion that they call privacy, I believe it is essential to provide at least some discussion of:\n- the limitations of this new notion \n\n- whether the definition should be expected to provide real world privacy for computations\n\nMinor comments:\n- Despite switching between discussions of additive and multiplicative error throughout the manuscript, this work does not define accuracy anywhere and often uses the phrase accuracy without an ‘additive’ or ‘multiplicative’ quantifier.\n\n- This work often states that they use ‘differential privacy’ to achieve robustness against active adversaries in the distributed setting, therefore conflating differential privacy with the weaker notion defined in this work.\n\n- The way that the authors phrase the statement that their algorithm does not treat existing oblivious algorithms as a black-box is somewhat misleading. The statement seems to imply that a non black-box use of prior algorithms is generally desirable; However, while a non black-box use of algorithms is sometimes necessary to achieve optimal guarantees – a black-box use of prior algorithms often leads to a more generalizable result.",
          "questions": "Regarding the claim: “the event driven nature of distributed tracking algorithms prevents them from protecting randomness in the DP sense.”\n\n - [With respect to the discussion on pg 4] Why does the fact that the server can update the output only after it receives an input imply that you cannot provide privacy against active attackers in the distributed setting? Why should we expect this to be different than in the central setting? \n\n- In the above claim, are you considering adaptive differential privacy as in  https://arxiv.org/abs/2112.00828? \n\n- Could you explain,  formally, what exactly your claim is?",
          "limitations": "This paper doesn’t provide a discussion of the privacy consequences of using their partial DP notion to provide privacy in distributed settings. Since this work defines a new notion that they call privacy, I believe it is essential to provide at least some discussion of:\n- the limitations of this new notion \n\n- whether the definition should be expected to provide real world privacy for computations\n\nFinally, if this notion does not indeed provide intuitive individual or group privacy in the setting the authors consider, this should be made very clear – perhaps by calling the notion something other than ’privacy’.",
          "flag_for_ethics_review": [
            "No ethics review needed."
          ],
          "rating": "6: Weak Accept: Technically solid, moderate-to-high impact paper, with no major concerns with respect to evaluation, resources, reproducibility, ethical considerations.",
          "confidence": "3: You are fairly confident in your assessment. It is possible that you did not understand some parts of the submission or that you are unfamiliar with some pieces of related work. Math/other details were not carefully checked.",
          "code_of_conduct": "Yes"
        },
        "invitations": [
          "NeurIPS.cc/2023/Conference/Submission9557/-/Official_Review",
          "NeurIPS.cc/2023/Conference/-/Edit"
        ],
        "domain": "NeurIPS.cc/2023/Conference",
        "license": "CC BY 4.0",
        "version": 2
      },
      {
        "id": "bQDZRnI5tq",
        "number": 4,
        "cdate": 1688936499231,
        "tcdate": 1688936499231,
        "mdate": 1702411238637,
        "tmdate": 1702411238637,
        "signatures": [
          "NeurIPS.cc/2023/Conference/Submission9557/Reviewer_5Raw"
        ],
        "nonreaders": [],
        "readers": [
          "everyone"
        ],
        "writers": [
          "NeurIPS.cc/2023/Conference",
          "NeurIPS.cc/2023/Conference/Submission9557/Reviewer_5Raw"
        ],
        "forum": "6kINNTYQcm",
        "replyto": "6kINNTYQcm",
        "content": {
          "summary": "The paper considers a distributed count tracking problem introduced at PODS 2012: k parties receive (possibly adversarial) updates to a common counter, and need to communicate with a server to maintain an approximation of the total number of updates received. The goal is to minimize communication from the parties to the server. In PODS 2012 it was shown that communication proportional to $\\sqrt{k}$ is sufficient, improving on a simple deterministic algorithm for which communication is proportional to $k$. The $\\sqrt{k}$ bound was also shown optimal up to polylogarithmic factors. However, the upper bound crucially assumes an oblivious adversary, such that the inputs to the parties may not depend on the estimates reported so far. The present paper shows that this assumption can be removed. The idea is to use techniques from differential privacy, but existing techniques do not apply, so the paper proposes a new version of these techniques that is applicable in the distributed setting.\n\nUPDATE: After reading the review of MMAV and the corresponding rebuttal I am increasing my score slightly.",
          "soundness": "4 excellent",
          "presentation": "3 good",
          "contribution": "3 good",
          "strengths": "- Resolves a decade-old open problem regarding one of the most natural problems in distributed functional monitoring\n- Introduces interesting new techniques for dealing with adaptive, adversarial inputs, which should arguably be the standard model for any dynamic algorithm claiming to be robust\n",
          "weaknesses": "- The paper does not really try to argue for relevance to machine learning. Unless this is addressed, it would probably be of interest to only a small fraction of NeurIPS attendees.\n- Though adversarial robustness and the connection to differential privacy has been studied in NeurIPS before, this has been in the context of streaming algorithms, which are probably closer to machine learning applications. The paper feels more like a database theory paper than a NeurIPS paper.",
          "questions": "- Can you elaborate on why the results of the paper are of interest for a machine learning audience? Are there, for example, potential implications for federated learning?\n",
          "limitations": "I would have liked the model to be described more clearly. If my understanding is correct, only communication from sites to the server is counted, while the server is able to broadcast estimates \"for free\" to the sites. It is unclear in what settings this kind of asymmetry in accounting for communication is a good model.",
          "flag_for_ethics_review": [
            "No ethics review needed."
          ],
          "rating": "5: Borderline accept: Technically solid paper where reasons to accept outweigh reasons to reject, e.g., limited evaluation. Please use sparingly.",
          "confidence": "3: You are fairly confident in your assessment. It is possible that you did not understand some parts of the submission or that you are unfamiliar with some pieces of related work. Math/other details were not carefully checked.",
          "code_of_conduct": "Yes"
        },
        "invitations": [
          "NeurIPS.cc/2023/Conference/Submission9557/-/Official_Review",
          "NeurIPS.cc/2023/Conference/-/Edit"
        ],
        "domain": "NeurIPS.cc/2023/Conference",
        "license": "CC BY 4.0",
        "version": 2
      },
      {
        "id": "GiHLLvgLBv",
        "number": 1,
        "cdate": 1691605907267,
        "tcdate": 1691605907267,
        "mdate": 1703017948393,
        "tmdate": 1703017948393,
        "signatures": [
          "NeurIPS.cc/2023/Conference/Submission9557/Authors"
        ],
        "readers": [
          "everyone"
        ],
        "writers": [
          "NeurIPS.cc/2023/Conference",
          "NeurIPS.cc/2023/Conference/Submission9557/Authors"
        ],
        "forum": "6kINNTYQcm",
        "replyto": "bQDZRnI5tq",
        "content": {
          "rebuttal": "1. The paper does not really try to argue for relevance to machine learning.  Can you elaborate on why the results of the paper are of interest for a machine learning audience?\n    * First, as we have repeatedly emphasized in our paper, a key contribution of this paper is introducing a new notion of differential privacy and proving a new generalization theorem, which are both highly relevant topics in machine learning. In particular, as we all know, the study of generalization is a central topic in machine learning research. \n     * Second, as another reviewer said, adversarial robustness on streams is a relevant topic for the machine learning community. Recently, a lot of research papers, e.g., [1, 2, 3], on this topic have been published in machine learning conferences like NeurIPS and ICML. We extend centralized streaming to the distributed streaming setting, which is no less relevant, since many real world machine learning scenarios are inherently distributed and the data are received as multiple streams. Moreover, the counting problem studied in this paper is even more basic and ubiquitous than many other problems studied in prior work.\n\n   [1] Hassidim A, Kaplan H, Mansour Y, et al. Adversarially robust streaming algorithms via differential privacy[J]. Advances in Neural Information Processing Systems, 2020, 33: 147-158.\n\n   [2] Cherapanamjeri Y, Nelson J. On adaptive distance estimation[J]. Advances in Neural Information Processing Systems, 2020, 33: 11178-11190.\n\n   [3] Cohen E, Lyu X, Nelson J, et al. On the robustness of countsketch to adaptive inputs[C]//International Conference on Machine Learning. PMLR, 2022: 4112-4140.\n\n2. Only communication from sites to the server is counted. while the server is able to broadcast estimates 'for free' to the sites. \n   \n   * We do count the communication from the server. The communication cost is defined in Section 1.1 (Problem Definitions and Previous Results), which is the **total communication cost between the the server and all sites** (line 88). In fact, we only assume there is a point-to-point communication channel between each site and the server (line 73), so each broadcast is counted as $k$ point-to-point messages, which incur a cost of $O(k)$.\n\n   * Our algorithm has $O(\\log N/\\alpha \\sqrt{k})$ rounds (see section 4.2 Accuracy and Communication , line 334), and there is only one broadcast in each round (see Algorithm 2, line 10), and thus the total communication cost for broadcasting is also $O(\\sqrt{k}\\log N)/\\alpha$, which is bounded by the total communication cost we claimed. We will add explicit explanations in the future version to make this clearer. Thanks for pointing it out.\n"
        },
        "invitations": [
          "NeurIPS.cc/2023/Conference/Submission9557/Reviewer_5Raw/-/Rebuttal",
          "NeurIPS.cc/2023/Conference/-/Edit"
        ],
        "domain": "NeurIPS.cc/2023/Conference",
        "license": "CC BY 4.0",
        "version": 2
      },
      {
        "id": "PgjPUuhop7",
        "number": 1,
        "cdate": 1691606344940,
        "tcdate": 1691606344940,
        "mdate": 1703017948353,
        "tmdate": 1703017948353,
        "signatures": [
          "NeurIPS.cc/2023/Conference/Submission9557/Authors"
        ],
        "readers": [
          "everyone"
        ],
        "writers": [
          "NeurIPS.cc/2023/Conference",
          "NeurIPS.cc/2023/Conference/Submission9557/Authors"
        ],
        "forum": "6kINNTYQcm",
        "replyto": "BZScAB9K5Y",
        "content": {
          "rebuttal": "1. This paper doesn’t provide a discussion of the privacy consequences of using their partial DP notion to provide privacy in distributed settings. Since this work defines a new notion that they call privacy, I believe it is essential to provide at least some discussion of: the limitations of this new notion? whether the definition should be expected to provide real world privacy for computations?\n\n   * We emphasize that the robust tracking problem studied is not a privacy protection problem per se: we only want to track the answer accurately against an adaptive adversary, and there is *no* privacy concern. According to the framework of [1], what we really need is to prove the algorithm satisfies a generalization result; and informally speaking, DP implies generalization [1], which is the reason why DP is used. A key contribution of this paper is that we show DP is actually not necessary for this purpose, and a relaxed version, namely partial DP, is sufficient. \n\n\n   * So, whether partial DP is a good notion to provide privacy and what are its limitations in privacy sensitive applications are not so relevant to the theme of the paper, since we only care about its generalization performance, for which we provide a rigorous proof. One can call the new notion another name without using the word privacy, but we feel partial DP is appropriate because of its intimate connection to DP.\n\n   \n\n2. About the event driven claim: Why does the fact that the server can update the output only after it receives an input imply that you cannot provide privacy against active attackers in the distributed setting? Why should we expect this to be different than in the central setting?\n\n   * We only claim that, due to the event driven nature, running a centralized DP algorithm on the server does not necessarily provide DP guarantee for all sites; the paragraph on page 4 provide a counterexample. So the framework in [1] is not immediately applicable. However, we do not make a claim that \"this imply that you cannot provide privacy against active attackers in the distributed setting\". In fact, as we have discussed on page 4, sites can protect privacy by adding noise locally, except that this results in a bigger error. \n   * Basically, we provide intuitive reasons why achieving full DP and the same error as in the oblivious setting simultaneously is difficult. In line 171 of page 4, the statement is \"there is a fundamental challenge...\", where we do not claim that this is theoretically impossible; it could be achievable but seems extremely challenging. \n   * On the other hand, we show that partial DP with optimal error is achievable, and more importantly, partial DP has the same robustness guarantee as DP, and thus the fundamental challenge mentioned above is circumvented. To sum up, it is difficult, if not impossible, to apply the old method [1] in our setting (but we have never made this a mathematical statement); The contribution of this paper is that we provide a new method which circumvents this difficulty and solves the problem optimally.\n  \n3. Are you considering adaptive differential privacy as in https://arxiv.org/abs/2112.00828?\n   \n   No. The difference is twofold. First, in their setting, the sensitive dataset is received in a streaming fashion, while in our problem, the actual dataset we want to protect is the random bits used in the randomized tracking algorithm (not the data streams), which are all given in the beginning. Second, they only consider the centralized setting, which is quite different from our distributed setting.\n\n4. Multiplicative or additive error?\n\n   In Section 1.1 (line 86) of our paper, we introduce the objective of our problem, which is to output an estimate within $(1\\pm \\alpha)$ multiplicative error. Our analysis consider each round separately. In each round the count N increase by at most a factor of 2 (see line 273), and thus an $(1\\pm \\alpha)$ multiplicative error is equivalent to an $O(\\alpha) N$ additive error in this round. So we focus on additive error in each round, which is easier to analyze. We appreciate the feedback and will make this clearer in the revised version.\n\n5. Conflating differential privacy with the weaker notion. \n\n   Thanks for pointing it out. We will try to rephrase these statements to avoid such misunderstandings.\n\n6. Statements about non black-box use. \n\n   Sorry for the misunderstandings. We point out the non black-box use is only to emphasize that the techniques and analyses used in our work are very different from existing ones with black-box use.  We agree that a block-box use of priors algorithms is more generalizable. We will try to rephrase these statements in order to mitigate any potential misunderstandings.\n\n\n[1] Hassidim A, Kaplan H, Mansour Y, et al. Adversarially robust streaming algorithms via differential privacy[J]. Advances in Neural Information Processing Systems, 2020, 33: 147-158."
        },
        "invitations": [
          "NeurIPS.cc/2023/Conference/Submission9557/Reviewer_8gDd/-/Rebuttal",
          "NeurIPS.cc/2023/Conference/-/Edit"
        ],
        "domain": "NeurIPS.cc/2023/Conference",
        "license": "CC BY 4.0",
        "version": 2
      },
      {
        "id": "BNeOupTA2J",
        "number": 1,
        "cdate": 1691606476222,
        "tcdate": 1691606476222,
        "mdate": 1703017948242,
        "tmdate": 1703017948242,
        "signatures": [
          "NeurIPS.cc/2023/Conference/Submission9557/Authors"
        ],
        "readers": [
          "everyone"
        ],
        "writers": [
          "NeurIPS.cc/2023/Conference",
          "NeurIPS.cc/2023/Conference/Submission9557/Authors"
        ],
        "forum": "6kINNTYQcm",
        "replyto": "ipwQNBBc1i",
        "content": {
          "rebuttal": "1. No experiments.\n\n   Our primary focus is on the theoretical aspects of the problem. Since the robustness of an algorithm against all possible adversaries, which is a desirable property, can only be established by theoretical proofs, we think a thorough theoretical study is of higher priority. However, we acknowledge the value of incorporating experimental studies as a complementary perspective to our theoretical findings. We will make efforts to conduct experimental studies and make the code available to facilitate future work. \n\n2. What are the potential scenarios that your newly proposed partial DP may be important?\n\n   * Firstly, partial DP should be an important tool for designing robust distributed tracking algorithms, as the event-driven nature poses challenges in achieving differential privacy with a moderate level of noise. Even in the centralized streaming setting, where DP is achievable, partial DP could potentially simplify the design and analysis of robust algorithms, since it is always easier to satisfy partial DP than DP.\n  \n   * From a broader perspective, we believe that the generalization property of partial DP can find wider applications beyond robust algorithms design. In any application using the generalization property of differential privacy, one can consider replacing DP with the less stringent partial DP.  \n\n3. Do you think it would be a great idea to briefly mention how the algorithm you propose can be easily adapted for other robust tracking beyond the count tracking ?\n\n   Thank you for the suggestion. Count tracking is a key building block for tracking heavy hitters and quantiles [1], so we think by combining techniques from [1], it is not difficult to adapt our algorithm for such problems. On the other hand, many other tracking problems can differ significantly , it remains a good research problem whether the algorithm in this work can be directly applied to other tracking problems. However, the challenge of privacy protection posed by the event-driven nature is inherent in all tracking problems, and thus we believe that the generalization theorem of partial differential privacy developed in this work can be a helpful tool in general. We will provide a briefly discussion on this in the revision.\n\n[1] Zengfeng Huang, Ke Yi, and Qin Zhang. Randomized algorithms for tracking distributed count,\nfrequencies, and ranks. \n"
        },
        "invitations": [
          "NeurIPS.cc/2023/Conference/Submission9557/Reviewer_W7US/-/Rebuttal",
          "NeurIPS.cc/2023/Conference/-/Edit"
        ],
        "domain": "NeurIPS.cc/2023/Conference",
        "license": "CC BY 4.0",
        "version": 2
      },
      {
        "id": "zdL84sRXMl",
        "number": 1,
        "cdate": 1691606742451,
        "tcdate": 1691606742451,
        "mdate": 1703017948197,
        "tmdate": 1703017948197,
        "signatures": [
          "NeurIPS.cc/2023/Conference/Submission9557/Authors"
        ],
        "readers": [
          "everyone"
        ],
        "writers": [
          "NeurIPS.cc/2023/Conference",
          "NeurIPS.cc/2023/Conference/Submission9557/Authors"
        ],
        "forum": "6kINNTYQcm",
        "replyto": "qsRAdQ5sk3",
        "content": {
          "rebuttal": "\n1. The communication cost is actually $O(k+ \\sqrt{k}(\\log⁡ N)/\\alpha)$ rather than $O(\\sqrt{k}(\\log⁡ N)/\\alpha)$,  so the regime of improvement is for $k > 1/\\alpha^2$, though it should be noted that this same weakness is also present in previous work [13] on oblivious distributed streams. Nevertheless this should be corrected in the formal guarantees.\n\n   It is true that the communication cost is $O(k\\log N + \\sqrt{k}\\log N/\\alpha )$; thanks for pointing this out and we will make this clear in the revision. However, $O(k\\log N + \\sqrt{k}\\log N/\\alpha )$ is still always better than $O({k}\\log N/\\alpha)$, which is the deterministic bound.\n\n2. While there is a good summary of related work for adversarial robustness and why they do not apply in this setting, it is not clear why natural modifications to the techniques of [13] would not work.\n\n   Thanks for the question. It is not impossible to obtain robust algorithms by applying natural modifications to oblivious algorithms. However, to prove such modifications actually achieve robustness can be very challenging, since we need to rule out all adaptive adversarial strategies and the posterior distribution of the random bits after adaptive interactions can be extremely difficult to analyze. This is a common challenge in both distributed and centralized streaming settings and is the main motivation behind techniques such as the DP framework, which provide analytical tools for proving robustness. \n\n3. Minor comments.\n\n   Thanks for your comments. We will correct them in the revision.\n\n4. Is it possible to think of partial differential privacy to protect a certain set of elements in the manner of carefully distributing the privacy budget as in [20]?\n\n   There are similarities between the two techniques. However, they are quite different in several aspects. First of all, the overall framework in [20] still require full DP to apply the \"DP to generalization\" theorem. On the contrary, our partial DP notion is a strict relaxation on that. The relaxation is essential, since it is difficult, if not impossible, to achieve full DP without sacrificing communication in our setting, due to the event-driven nature. \n\n   More technically, [20] applies the revised sparse vector technique of [KMS]: it removes data points participating in too many \"meaningful queries\" to protect their privacy. However, in our problem the privacy budget of each data point is not \"smooth\": a single query can make it completely revealed; and we cannot anticipate such events beforehand and remove the data before it is revealed. This motivates us to define partial DP which allows privacy leakage on a small subset. In some sense, the privacy leaked set plays the same role as the deleted set in their framework, except that the deleted set in their framework is still private while the privacy leaked set is not. \n\n   For applications of DP where only their generalization is concerned, partial DP can be an alternative tool to the revised sparse vector technique of [KMS]. It is easier to use since it doesn't need to do privacy budget control explicitly and there is no need to track which data points are compromised. For example, we may simply apply the standard sparse vector technique without removing data points and prove that it satisfies partial DP. This can potentially simplified the design and analysis of robust algorithms. \n\n\n [HKM+] Avinatan Hassidim, Haim Kaplan, Yishay Mansour, Yossi Matias, Uri Stemmer. Adversarially robust streaming algorithms via differential privacy.\n\n[KMS] Haim Kaplan, Yishay Mansour, Uri Stemmer, The Sparse Vector Technique, Revisited."
        },
        "invitations": [
          "NeurIPS.cc/2023/Conference/Submission9557/Reviewer_MMAV/-/Rebuttal",
          "NeurIPS.cc/2023/Conference/-/Edit"
        ],
        "domain": "NeurIPS.cc/2023/Conference",
        "license": "CC BY 4.0",
        "version": 2
      },
      {
        "id": "Jplp4Tg66O",
        "number": 4,
        "cdate": 1691705557396,
        "tcdate": 1691705557396,
        "mdate": 1704272745278,
        "tmdate": 1704272745278,
        "signatures": [
          "NeurIPS.cc/2023/Conference/Submission9557/Reviewer_5Raw"
        ],
        "readers": [
          "everyone"
        ],
        "writers": [
          "NeurIPS.cc/2023/Conference",
          "NeurIPS.cc/2023/Conference/Submission9557/Reviewer_5Raw"
        ],
        "forum": "6kINNTYQcm",
        "replyto": "GiHLLvgLBv",
        "content": {
          "title": "Follow-up questions to rebuttal",
          "comment": "Thanks for clarifying the model, which has made it easier to understand the results. Part of my confusion has to do with parameter restrictions. When you say that the protocol has $O(\\log N/\\alpha\\sqrt{k})$ rounds you implicitly assume that $k = O(\\log^2(N) \\alpha^2)$. Since $N$ is increasing, if $k$ is fixed this condition does not seem to hold initially, so it would seem that you need an additive term to cover the part of the protocol for which $N$ is not large enough to make the condition hold?\n\nI acknowledge that related problems have appeared in ML venues, but I still feel that the problem studied here is a step further away from ML applications than these works."
        },
        "invitations": [
          "NeurIPS.cc/2023/Conference/Submission9557/-/Official_Comment",
          "NeurIPS.cc/2023/Conference/-/Edit"
        ],
        "domain": "NeurIPS.cc/2023/Conference",
        "license": "CC BY 4.0",
        "version": 2
      },
      {
        "id": "UV9L0hWeoL",
        "number": 5,
        "cdate": 1692104804364,
        "tcdate": 1692104804364,
        "mdate": 1704272745232,
        "tmdate": 1704272745232,
        "signatures": [
          "NeurIPS.cc/2023/Conference/Submission9557/Authors"
        ],
        "readers": [
          "everyone"
        ],
        "writers": [
          "NeurIPS.cc/2023/Conference",
          "NeurIPS.cc/2023/Conference/Submission9557/Authors"
        ],
        "forum": "6kINNTYQcm",
        "replyto": "Jplp4Tg66O",
        "content": {
          "title": "The condition on k",
          "comment": "Thanks for the reply. We didn't make it very clear in the submission. Here are some details on the number of rounds. \n\nIn each round the number of items increases by roughly a factor of $(1+\\alpha \\sqrt{k})$. Thus, to count the number of rounds we consider two cases: 1. $\\alpha \\sqrt{k}<0.5$ and 2. $\\alpha \\sqrt{k}\\ge 0.5$. For case 1, we have $k< 0.25/\\alpha^2$ and the number of rounds is $O(\\log N/\\alpha \\sqrt{k})$. For case 2, the number of rounds is $O(\\log N)$. In both cases, the number of rounds is well-defined and thus there is no restrictions on the value of $k$. The communication cost per round is $O(Ck)$, and therefore the total cost is always bounded by $O((Ck+C\\sqrt{k}/\\alpha)\\log N)$. We will clarify this in the revision."
        },
        "invitations": [
          "NeurIPS.cc/2023/Conference/Submission9557/-/Official_Comment",
          "NeurIPS.cc/2023/Conference/-/Edit"
        ],
        "domain": "NeurIPS.cc/2023/Conference",
        "license": "CC BY 4.0",
        "version": 2
      },
      {
        "id": "IG86P00Dof",
        "number": 6,
        "cdate": 1692401359589,
        "tcdate": 1692401359589,
        "mdate": 1704272745157,
        "tmdate": 1704272745157,
        "signatures": [
          "NeurIPS.cc/2023/Conference/Submission9557/Reviewer_8gDd"
        ],
        "readers": [
          "everyone"
        ],
        "writers": [
          "NeurIPS.cc/2023/Conference",
          "NeurIPS.cc/2023/Conference/Submission9557/Reviewer_8gDd"
        ],
        "forum": "6kINNTYQcm",
        "replyto": "PgjPUuhop7",
        "content": {
          "comment": "I thank the authors for their responses! I have a better understanding of the work and have updated my review accordingly."
        },
        "invitations": [
          "NeurIPS.cc/2023/Conference/Submission9557/-/Official_Comment",
          "NeurIPS.cc/2023/Conference/-/Edit"
        ],
        "domain": "NeurIPS.cc/2023/Conference",
        "license": "CC BY 4.0",
        "version": 2
      },
      {
        "id": "lqhPZHqM7D",
        "number": 1,
        "cdate": 1695318163480,
        "tcdate": 1695318163480,
        "mdate": 1703016721762,
        "tmdate": 1703016721762,
        "signatures": [
          "NeurIPS.cc/2023/Conference/Program_Chairs"
        ],
        "nonreaders": [],
        "readers": [
          "everyone"
        ],
        "writers": [
          "NeurIPS.cc/2023/Conference",
          "NeurIPS.cc/2023/Conference/Program_Chairs"
        ],
        "forum": "6kINNTYQcm",
        "replyto": "6kINNTYQcm",
        "content": {
          "title": "Paper Decision",
          "decision": "Accept (poster)",
          "comment": "This paper studies adversarial robustness for the problem of counting on $k$ distributed streams, where the input may be adaptive based on previous outputs by a protocol across the streams sites and the objective is for a central server to output an additive approximation\nPrior work handles the case when the adversary is oblivious. This paper gives a protocol for the adaptive adversary that uses $\\tilde O(\\sqrt{k})$ communication communication, matching the rate known for the oblivious case. This resolves a problem open since 2012. The analysis relies on techniques from differential privacy that have been introduced in the context of adaptive data analysis. In particular, it proposes a new notion of partial differential privacy and shows that not only does it handle generalization with respect to the sample accuracy, but also the distributional accuracy."
        },
        "invitations": [
          "NeurIPS.cc/2023/Conference/Submission9557/-/Decision",
          "NeurIPS.cc/2023/Conference/-/Edit"
        ],
        "domain": "NeurIPS.cc/2023/Conference",
        "license": "CC BY 4.0",
        "version": 2
      }
    ],
    "directReplies": [
      {
        "id": "qsRAdQ5sk3",
        "number": 1,
        "cdate": 1686815662954,
        "tcdate": 1686815662954,
        "mdate": 1702411238918,
        "tmdate": 1702411238918,
        "signatures": [
          "NeurIPS.cc/2023/Conference/Submission9557/Reviewer_MMAV"
        ],
        "nonreaders": [],
        "readers": [
          "everyone"
        ],
        "writers": [
          "NeurIPS.cc/2023/Conference",
          "NeurIPS.cc/2023/Conference/Submission9557/Reviewer_MMAV"
        ],
        "forum": "6kINNTYQcm",
        "replyto": "6kINNTYQcm",
        "content": {
          "summary": "This paper studies adversarial robustness for the problem of counting on distributed streams, where the input may be adaptive based on previous outputs by a protocol across $k$ sites and the objective is for a central server to output an additive $\\alpha m$ approximation to the stream of length $m$. When the input is oblivious, there is a randomized protocol that uses $\\tilde{O}(\\sqrt{k}/\\alpha)$ communication, which improves upon a deterministic protocol using $\\tilde{O}(k/\\alpha)$ communication. However, it is not clear how the protocol behaves when the input is adaptive. This paper gives a protocol that uses $\\tilde{O}(\\sqrt{k}/\\alpha)$ communication, showing there is essentially no overhead for adversarial inputs.\n\nThe algorithm works by having each site split its input into blocks and notify the central server if its number of updates within a server block surpasses a certain randomized threshold. Whereas a previous work in adversarially robust streaming used sparse vector technique and differential privacy to protect the internal randomness of the algorithm, the challenge is that distributed streams are event based, and so sparse vector technique will not work. Instead, this paper proposes a new notion of partial differential privacy and shows that not only does it handle generalization with respect to the sample accuracy, but also the distributional accuracy. Thus the output is close to its expectation, which circumvents a complicated analysis of the estimator.",
          "soundness": "3 good",
          "presentation": "3 good",
          "contribution": "4 excellent",
          "strengths": "There are multiple solid contributions by this paper. \n- Firstly, it introduces the problem of adversarial robustness to distributed streams. \n- Secondly, it gives an algorithm that shows there is no overhead for the counting problem, which is not clear at all a priori. \n- Thirdly, the paper introduces the concept of partial differential privacy and proves interesting generalization properties of partial differential privacy. The paper notes that partial differential privacy may be of independent interest. \n- There is a good summary of related work for adversarial robustness, the central techniques in those works, and why they do not apply in this setting. \n- Adversarial robustness on streams is a relevant topic for both the machine learning and theory communities.",
          "weaknesses": "- The communication cost is actually $O(k+\\sqrt{k}(\\log N)/\\alpha)$ rather than $O(\\sqrt{k}(\\log N)/\\alpha)$, so the regime of improvement is for $k>\\frac{1}{\\alpha^2}$, though it should be noted that this same weakness is also present in previous work [13] on oblivious distributed streams. Nevertheless this should be corrected in the formal guarantees.\n\n- While there is a good summary of related work for adversarial robustness and why they do not apply in this setting, it is not clear why natural modifications to the techniques of [13] would not work. \n\nMinor comments:\n\n- It should be noted that $\\tilde{O}$ is being used to suppress polylogarithmic terms in $N$, rather than $\\tilde{O}(f)=O(f)\\cdot\\text{polylog(f)}$, due to the notation $\\tilde{\\sqrt{k}/\\alpha}$ to mean $O(\\sqrt{k}(\\log N)/\\alpha)$. \n\n- [18] is \"Hassidim\" rather than \"Hasidim\" (note the correct spelling in [21])\n\n- Line 294: \"the the\"",
          "questions": "Is it possible to think of partial differential privacy to protect a certain set of elements in the manner of carefully distributing the privacy budget as in [20]?\n\nEDIT: I acknowledge receipt of the author response and am currently choosing to maintain my score.",
          "limitations": "N/A",
          "flag_for_ethics_review": [
            "No ethics review needed."
          ],
          "rating": "8: Strong Accept: Technically strong paper, with novel ideas, excellent impact on at least one area, or high-to-excellent impact on multiple areas, with excellent evaluation, resources, and reproducibility, and no unaddressed ethical considerations.",
          "confidence": "4: You are confident in your assessment, but not absolutely certain. It is unlikely, but not impossible, that you did not understand some parts of the submission or that you are unfamiliar with some pieces of related work.",
          "code_of_conduct": "Yes"
        },
        "invitations": [
          "NeurIPS.cc/2023/Conference/Submission9557/-/Official_Review",
          "NeurIPS.cc/2023/Conference/-/Edit"
        ],
        "domain": "NeurIPS.cc/2023/Conference",
        "license": "CC BY 4.0",
        "version": 2
      },
      {
        "id": "ipwQNBBc1i",
        "number": 2,
        "cdate": 1688711824616,
        "tcdate": 1688711824616,
        "mdate": 1702411238822,
        "tmdate": 1702411238822,
        "signatures": [
          "NeurIPS.cc/2023/Conference/Submission9557/Reviewer_W7US"
        ],
        "nonreaders": [],
        "readers": [
          "everyone"
        ],
        "writers": [
          "NeurIPS.cc/2023/Conference",
          "NeurIPS.cc/2023/Conference/Submission9557/Reviewer_W7US"
        ],
        "forum": "6kINNTYQcm",
        "replyto": "6kINNTYQcm",
        "content": {
          "summary": "The paper provides an algorithm or the distributed count tracking that both enjoys the communication advantage from randomization and is robust to adaptive adversaries. Another contribution of the paper is that it introduces a new *partial differential privacy* definition and completes related generalization theorem that can have potential broader implications.",
          "soundness": "3 good",
          "presentation": "4 excellent",
          "contribution": "4 excellent",
          "strengths": "**Originality** The proposed method is novel by creatively designing a new privacy criteria and randomizing the communication to account for adaptive adversaries.\nThe new definition *partial DP* and the generalization theorem will be useful for other stream data setting.\n\n**Quality**  The theoretical analysis looks sound; the authors can verify the efficient tradeoffs among privacy, accuracy, and communication of the proposed method.\n\n**Clarity** The problem is well-defined and clearly stated. The method and the analysis are connected smoothly.\n\n**Significance** The problem being solved is important. The new DP definition can have broader impact for other private ML tasks.",
          "weaknesses": "**No experiments** Could you please justify why you think experiments are not needed in your paper? Because you claim your proposed method is the first robust tracking algorithm in the domain, it seems important to offer some baseline experiments to help future work.",
          "questions": "1. I am curious what are potential scenarios that your newly proposed partial DP may be important? It would be helpful to suggest some.\n\n2. Do you think it would be a great idea to briefly mention how the algorithm you propose can be easily adapted for other robust distributed tracking beyond the count tracking?",
          "limitations": "The authors do not discuss the limitations. \n",
          "flag_for_ethics_review": [
            "No ethics review needed."
          ],
          "rating": "7: Accept: Technically solid paper, with high impact on at least one sub-area, or moderate-to-high impact on more than one areas, with good-to-excellent evaluation, resources, reproducibility, and no unaddressed ethical considerations.",
          "confidence": "2: You are willing to defend your assessment, but it is quite likely that you did not understand the central parts of the submission or that you are unfamiliar with some pieces of related work. Math/other details were not carefully checked.",
          "code_of_conduct": "Yes"
        },
        "invitations": [
          "NeurIPS.cc/2023/Conference/Submission9557/-/Official_Review",
          "NeurIPS.cc/2023/Conference/-/Edit"
        ],
        "domain": "NeurIPS.cc/2023/Conference",
        "license": "CC BY 4.0",
        "version": 2
      },
      {
        "id": "BZScAB9K5Y",
        "number": 3,
        "cdate": 1688876379444,
        "tcdate": 1688876379444,
        "mdate": 1702411238714,
        "tmdate": 1702411238714,
        "signatures": [
          "NeurIPS.cc/2023/Conference/Submission9557/Reviewer_8gDd"
        ],
        "nonreaders": [],
        "readers": [
          "everyone"
        ],
        "writers": [
          "NeurIPS.cc/2023/Conference",
          "NeurIPS.cc/2023/Conference/Submission9557/Reviewer_8gDd"
        ],
        "forum": "6kINNTYQcm",
        "replyto": "6kINNTYQcm",
        "content": {
          "summary": "This work studies adversarially robust count tracking in a distributed computation setting. In particular the work considers a setting with an adaptive adversary that can choose future inputs based on the outputs produced by the server so far. This is in contrast to prior work on distributed count tracking that considers only oblivious adversaries that must choose the entire input stream before the session begins. \n\nThis is the first work to consider robustness against active adversaries in the distributed setting. However, prior work in the central model [18] proves that a differentially private algorithm can be used to extend obliviously robust algorithms to ones that are robust against active adversaries while retaining similar accuracy guarantees. Taking inspiration from [18], this work uses a notion related to differential privacy, and a distributed algorithm that is robust against oblivious adversaries, to construct a distributed algorithm that is robust against active adversaries. Instead of a general black box reduction like in [18] (one that can be applied to any robust algorithm), this work directly modifies some oblivious algorithms to obtain algorithms that are robust against active adversaries. The work additionally argues that the communication complexity of their algorithms is near optimal.",
          "soundness": "3 good",
          "presentation": "2 fair",
          "contribution": "2 fair",
          "strengths": "Like the authors mention in their manuscript, and support with a clear discussion: it is very important to study the robustness of streaming algorithms in the presence of  active adversaries since this is a more realistic model of the settings in which these algorithms operate. \n\nThis work provides a distributed count tracking algorithm that is robust against active adversaries while also achieving near optimal communication complexity and accuracy.",
          "weaknesses": "This work states that the event driven nature of distributed tracking algorithms prevents them from protecting randomness in the DP sense. However, they do not provide a concrete claim or any formal proof  of this fact. The only explanation of this claim is a brief paragraph on page 4 of the manuscript, making it difficult to understand what exactly the authors mean by the statement and also making it difficult to verify if their claim is true. Given that this claim is the central motivation for defining partial differential privacy, I would have hoped for a more thorough treatment of the claim. They also do not define differential privacy against adaptive attackers in the distributed setting.\n\nThis paper doesn’t provide a discussion of the privacy consequences of using their partial DP notion to provide privacy in distributed settings. Since this work defines a new notion that they call privacy, I believe it is essential to provide at least some discussion of:\n- the limitations of this new notion \n\n- whether the definition should be expected to provide real world privacy for computations\n\nMinor comments:\n- Despite switching between discussions of additive and multiplicative error throughout the manuscript, this work does not define accuracy anywhere and often uses the phrase accuracy without an ‘additive’ or ‘multiplicative’ quantifier.\n\n- This work often states that they use ‘differential privacy’ to achieve robustness against active adversaries in the distributed setting, therefore conflating differential privacy with the weaker notion defined in this work.\n\n- The way that the authors phrase the statement that their algorithm does not treat existing oblivious algorithms as a black-box is somewhat misleading. The statement seems to imply that a non black-box use of prior algorithms is generally desirable; However, while a non black-box use of algorithms is sometimes necessary to achieve optimal guarantees – a black-box use of prior algorithms often leads to a more generalizable result.",
          "questions": "Regarding the claim: “the event driven nature of distributed tracking algorithms prevents them from protecting randomness in the DP sense.”\n\n - [With respect to the discussion on pg 4] Why does the fact that the server can update the output only after it receives an input imply that you cannot provide privacy against active attackers in the distributed setting? Why should we expect this to be different than in the central setting? \n\n- In the above claim, are you considering adaptive differential privacy as in  https://arxiv.org/abs/2112.00828? \n\n- Could you explain,  formally, what exactly your claim is?",
          "limitations": "This paper doesn’t provide a discussion of the privacy consequences of using their partial DP notion to provide privacy in distributed settings. Since this work defines a new notion that they call privacy, I believe it is essential to provide at least some discussion of:\n- the limitations of this new notion \n\n- whether the definition should be expected to provide real world privacy for computations\n\nFinally, if this notion does not indeed provide intuitive individual or group privacy in the setting the authors consider, this should be made very clear – perhaps by calling the notion something other than ’privacy’.",
          "flag_for_ethics_review": [
            "No ethics review needed."
          ],
          "rating": "6: Weak Accept: Technically solid, moderate-to-high impact paper, with no major concerns with respect to evaluation, resources, reproducibility, ethical considerations.",
          "confidence": "3: You are fairly confident in your assessment. It is possible that you did not understand some parts of the submission or that you are unfamiliar with some pieces of related work. Math/other details were not carefully checked.",
          "code_of_conduct": "Yes"
        },
        "invitations": [
          "NeurIPS.cc/2023/Conference/Submission9557/-/Official_Review",
          "NeurIPS.cc/2023/Conference/-/Edit"
        ],
        "domain": "NeurIPS.cc/2023/Conference",
        "license": "CC BY 4.0",
        "version": 2
      },
      {
        "id": "bQDZRnI5tq",
        "number": 4,
        "cdate": 1688936499231,
        "tcdate": 1688936499231,
        "mdate": 1702411238637,
        "tmdate": 1702411238637,
        "signatures": [
          "NeurIPS.cc/2023/Conference/Submission9557/Reviewer_5Raw"
        ],
        "nonreaders": [],
        "readers": [
          "everyone"
        ],
        "writers": [
          "NeurIPS.cc/2023/Conference",
          "NeurIPS.cc/2023/Conference/Submission9557/Reviewer_5Raw"
        ],
        "forum": "6kINNTYQcm",
        "replyto": "6kINNTYQcm",
        "content": {
          "summary": "The paper considers a distributed count tracking problem introduced at PODS 2012: k parties receive (possibly adversarial) updates to a common counter, and need to communicate with a server to maintain an approximation of the total number of updates received. The goal is to minimize communication from the parties to the server. In PODS 2012 it was shown that communication proportional to $\\sqrt{k}$ is sufficient, improving on a simple deterministic algorithm for which communication is proportional to $k$. The $\\sqrt{k}$ bound was also shown optimal up to polylogarithmic factors. However, the upper bound crucially assumes an oblivious adversary, such that the inputs to the parties may not depend on the estimates reported so far. The present paper shows that this assumption can be removed. The idea is to use techniques from differential privacy, but existing techniques do not apply, so the paper proposes a new version of these techniques that is applicable in the distributed setting.\n\nUPDATE: After reading the review of MMAV and the corresponding rebuttal I am increasing my score slightly.",
          "soundness": "4 excellent",
          "presentation": "3 good",
          "contribution": "3 good",
          "strengths": "- Resolves a decade-old open problem regarding one of the most natural problems in distributed functional monitoring\n- Introduces interesting new techniques for dealing with adaptive, adversarial inputs, which should arguably be the standard model for any dynamic algorithm claiming to be robust\n",
          "weaknesses": "- The paper does not really try to argue for relevance to machine learning. Unless this is addressed, it would probably be of interest to only a small fraction of NeurIPS attendees.\n- Though adversarial robustness and the connection to differential privacy has been studied in NeurIPS before, this has been in the context of streaming algorithms, which are probably closer to machine learning applications. The paper feels more like a database theory paper than a NeurIPS paper.",
          "questions": "- Can you elaborate on why the results of the paper are of interest for a machine learning audience? Are there, for example, potential implications for federated learning?\n",
          "limitations": "I would have liked the model to be described more clearly. If my understanding is correct, only communication from sites to the server is counted, while the server is able to broadcast estimates \"for free\" to the sites. It is unclear in what settings this kind of asymmetry in accounting for communication is a good model.",
          "flag_for_ethics_review": [
            "No ethics review needed."
          ],
          "rating": "5: Borderline accept: Technically solid paper where reasons to accept outweigh reasons to reject, e.g., limited evaluation. Please use sparingly.",
          "confidence": "3: You are fairly confident in your assessment. It is possible that you did not understand some parts of the submission or that you are unfamiliar with some pieces of related work. Math/other details were not carefully checked.",
          "code_of_conduct": "Yes"
        },
        "invitations": [
          "NeurIPS.cc/2023/Conference/Submission9557/-/Official_Review",
          "NeurIPS.cc/2023/Conference/-/Edit"
        ],
        "domain": "NeurIPS.cc/2023/Conference",
        "license": "CC BY 4.0",
        "version": 2
      },
      {
        "id": "lqhPZHqM7D",
        "number": 1,
        "cdate": 1695318163480,
        "tcdate": 1695318163480,
        "mdate": 1703016721762,
        "tmdate": 1703016721762,
        "signatures": [
          "NeurIPS.cc/2023/Conference/Program_Chairs"
        ],
        "nonreaders": [],
        "readers": [
          "everyone"
        ],
        "writers": [
          "NeurIPS.cc/2023/Conference",
          "NeurIPS.cc/2023/Conference/Program_Chairs"
        ],
        "forum": "6kINNTYQcm",
        "replyto": "6kINNTYQcm",
        "content": {
          "title": "Paper Decision",
          "decision": "Accept (poster)",
          "comment": "This paper studies adversarial robustness for the problem of counting on $k$ distributed streams, where the input may be adaptive based on previous outputs by a protocol across the streams sites and the objective is for a central server to output an additive approximation\nPrior work handles the case when the adversary is oblivious. This paper gives a protocol for the adaptive adversary that uses $\\tilde O(\\sqrt{k})$ communication communication, matching the rate known for the oblivious case. This resolves a problem open since 2012. The analysis relies on techniques from differential privacy that have been introduced in the context of adaptive data analysis. In particular, it proposes a new notion of partial differential privacy and shows that not only does it handle generalization with respect to the sample accuracy, but also the distributional accuracy."
        },
        "invitations": [
          "NeurIPS.cc/2023/Conference/Submission9557/-/Decision",
          "NeurIPS.cc/2023/Conference/-/Edit"
        ],
        "domain": "NeurIPS.cc/2023/Conference",
        "license": "CC BY 4.0",
        "version": 2
      }
    ],
    "signatures": []
  }
}