{
  "id": "8BPzLxF9p5",
  "number": 1181,
  "cdate": 1682864280089,
  "tcdate": 1682864280089,
  "mdate": 1698949697798,
  "tmdate": 1698949697798,
  "signatures": [
    "NeurIPS.cc/2023/Conference/Submission1181/Authors"
  ],
  "readers": [
    "everyone"
  ],
  "writers": [
    "NeurIPS.cc/2023/Conference",
    "NeurIPS.cc/2023/Conference/Submission1181/Authors"
  ],
  "forum": "8BPzLxF9p5",
  "content": {
    "title": "Label-efficient Segmentation via Affinity Propagation",
    "authors": [
      "Wentong Li",
      "Yuqian Yuan",
      "Song Wang",
      "Wenyu Liu",
      "Dongqi Tang",
      "Jian liu",
      "Jianke Zhu",
      "Lei Zhang"
    ],
    "authorids": [
      "~Wentong_Li2",
      "~Yuqian_Yuan1",
      "~Song_Wang11",
      "~Wenyu_Liu4",
      "~Dongqi_Tang2",
      "~Jian_liu8",
      "~Jianke_Zhu1",
      "~Lei_Zhang2"
    ],
    "keywords": [
      "Computer Vision",
      "Segmentation",
      "Weakly-supervised Learning"
    ],
    "abstract": "Weakly-supervised segmentation with label-efficient sparse annotations has attracted increasing research attention to reduce the cost of laborious pixel-wise labeling process, while the pairwise affinity modeling techniques play an essential role in this task. Most of the existing approaches focus on using the local appearance kernel to model the neighboring pairwise potentials. However, such a local operation fails to capture the long-range dependencies and ignores the  topology of objects. In this work, we formulate the affinity modeling as an affinity propagation process, and propose a local and a global pairwise affinity terms to generate accurate soft pseudo labels. An efficient algorithm is also developed to reduce significantly the computational cost. The proposed approach can be conveniently plugged into existing segmentation networks. Experiments on three typical label-efficient segmentation tasks, i.e. box-supervised instance segmentation, point/scribble-supervised semantic segmentation and CLIP-guided semantic segmentation, demonstrate the superior performance of the proposed approach.",
    "venue": "NeurIPS 2023 poster",
    "venueid": "NeurIPS.cc/2023/Conference",
    "pdf": "/pdf/7ffb091d0d79856596a113b0a6140da03073fe50.pdf",
    "supplementary_material": "/attachment/b5bb72e048daa9e4ffb502f12970e6f363cf608a.pdf",
    "_bibtex": "@inproceedings{\nli2023labelefficient,\ntitle={Label-efficient Segmentation via Affinity Propagation},\nauthor={Wentong Li and Yuqian Yuan and Song Wang and Wenyu Liu and Dongqi Tang and Jian liu and Jianke Zhu and Lei Zhang},\nbooktitle={Thirty-seventh Conference on Neural Information Processing Systems},\nyear={2023},\nurl={https://openreview.net/forum?id=8BPzLxF9p5}\n}",
    "TLDR": "A novel universal component for weakly-supervised segmentation.",
    "paperhash": "li|labelefficient_segmentation_via_affinity_propagation"
  },
  "invitations": [
    "NeurIPS.cc/2023/Conference/-/Submission",
    "NeurIPS.cc/2023/Conference/-/Post_Submission",
    "NeurIPS.cc/2023/Conference/Submission1181/-/Revision",
    "NeurIPS.cc/2023/Conference/-/PC_Revision",
    "NeurIPS.cc/2023/Conference/Submission1181/-/Supplementary_Material_Revision",
    "NeurIPS.cc/2023/Conference/-/Edit",
    "NeurIPS.cc/2023/Conference/Submission1181/-/Camera_Ready_Revision"
  ],
  "domain": "NeurIPS.cc/2023/Conference",
  "pdate": 1695325751507,
  "odate": 1698949697785,
  "version": 2,
  "details": {
    "writable": false,
    "tags": [],
    "replyCount": 18,
    "directReplyCount": 7,
    "replies": [
      {
        "id": "hgsP7j2rl1",
        "number": 1,
        "cdate": 1688479383839,
        "tcdate": 1688479383839,
        "mdate": 1702410774035,
        "tmdate": 1702410774035,
        "signatures": [
          "NeurIPS.cc/2023/Conference/Submission1181/Reviewer_bNsh"
        ],
        "nonreaders": [],
        "readers": [
          "everyone"
        ],
        "writers": [
          "NeurIPS.cc/2023/Conference",
          "NeurIPS.cc/2023/Conference/Submission1181/Reviewer_bNsh"
        ],
        "forum": "8BPzLxF9p5",
        "replyto": "8BPzLxF9p5",
        "content": {
          "summary": "This paper proposes a novel universal component for weakly-supervised segmentation by formulating it as an affinity propagation process. It simultaneously utilizes a global and a local pairwise affinity term to generate soft pseudo labels. An efficient algorithm is also developed to reduce the computational cost. Experiments on three label-efficient segmentation tasks demonstrate the effectiveness of the proposed method.",
          "soundness": "3 good",
          "presentation": "2 fair",
          "contribution": "3 good",
          "strengths": "1. The proposed framework uses both global and local pairwise affinity term and achieves superior performance.\n2. The efficient implementation of global affinity propagation can greatly reduce computational cost.\n3. The proposed approach can be conveniently plugged into existing segmentation networks.\n4. The experiments are abundant, covering many label-efficient segmentation tasks.",
          "weaknesses": "1. This approach seems parameter-sensitive. The slight variation of $\\zeta_s$, $\\zeta_g$ may lead to notable fluctuation of segmentation performance. Is there consistency in the parameters used across different tasks and datasets?\n2. The efficiency of the whole framework is not intuitive. By introducing both global and local pairwise affinity term, is there a significant decrease in efficiency? It would be helpful if authors could present the change of training time with/without APro.\n",
          "questions": "1. How to determine the number of iterations?\n2. The runtime details in Table 7 are not clear, such as iterations, batch size, device...\n3. In MaskCLIP, key smoothing and prompt denoising are proposed to refine the pseudo masks. The key smoothing also aims to realize global affinity propagation based on the similarity of key features (not used in the MaskCLIP+ setting). It would be helpful to explore their effects.\n",
          "limitations": "Please refer to the Weaknesses part.",
          "flag_for_ethics_review": [
            "No ethics review needed."
          ],
          "rating": "5: Borderline accept: Technically solid paper where reasons to accept outweigh reasons to reject, e.g., limited evaluation. Please use sparingly.",
          "confidence": "3: You are fairly confident in your assessment. It is possible that you did not understand some parts of the submission or that you are unfamiliar with some pieces of related work. Math/other details were not carefully checked.",
          "code_of_conduct": "Yes"
        },
        "invitations": [
          "NeurIPS.cc/2023/Conference/Submission1181/-/Official_Review",
          "NeurIPS.cc/2023/Conference/-/Edit"
        ],
        "domain": "NeurIPS.cc/2023/Conference",
        "license": "CC BY 4.0",
        "version": 2
      },
      {
        "id": "YIl8lEuwoh",
        "number": 2,
        "cdate": 1688504047708,
        "tcdate": 1688504047708,
        "mdate": 1702410773970,
        "tmdate": 1702410773970,
        "signatures": [
          "NeurIPS.cc/2023/Conference/Submission1181/Reviewer_8pug"
        ],
        "nonreaders": [],
        "readers": [
          "everyone"
        ],
        "writers": [
          "NeurIPS.cc/2023/Conference",
          "NeurIPS.cc/2023/Conference/Submission1181/Reviewer_8pug"
        ],
        "forum": "8BPzLxF9p5",
        "replyto": "8BPzLxF9p5",
        "content": {
          "summary": "This paper proposes an affinity propagation algorithm for weakly supervised segmentation. Given image segmentation data with only sparse box/point/scribbles annotations, the proposed method propagates these annotations to other pixels as pseudo masks for training. Global affinity and local affinity are proposed to capture global pairwise potential and local connectivity respectively. The authors propose an efficient implementation for the propagation of these two types of affinity which makes training practical. The final model performs better than prior works in PASCAL VOC and COCO with partial annotations. ",
          "soundness": "3 good",
          "presentation": "3 good",
          "contribution": "3 good",
          "strengths": "- The proposed framework is simple and effective. Both global and local affinity propagation are intuitive, and the resultant method achieves strong performance compared to existing works without bells and whistles. This shows the effectiveness of the proposed affinity propagation mechanism.\n\n- The authors propose an efficient implementation for the affinity propagation algorithm which is crucial for making training with this method practical. The authors claim that it is five times faster than mean-field [29]. This fast algorithm is also potentially useful for future work in other directions.\n",
          "weaknesses": "- The affinities are defined on pixel intensity which can be limiting as it is sensitive to lighting and low-level noises. It might help to incorporate deep features from self-supervised, pre-trained networks (e.g., MAE).\n\n- Another direction for segmentation is open-vocabulary segmentation which can benefit from scaling and data engines (e.g., SAM). The proposed method does not seem to be scalable as the affinity is fixed to low-level color differences.\n\n- Missing related work and discussion: Learning Pixel-level Semantic Affinity with Image-level Supervision for Weakly Supervised Semantic Segmentation, CVPR 2018\n",
          "questions": "- Will the code be released? I see no mention of this in the paper. It would help the community if an open-source version is available, especially for the non-trivial GPU implementation of affinity propagation.\n\n- When comparing speed with mean-field [29], are both algorithms running on GPU?\n",
          "limitations": "Limitations are mentioned in Section D in the supplementary material. The authors mention that the use of only image intensity to compute affinity is a limitation which I agree with.",
          "flag_for_ethics_review": [
            "No ethics review needed."
          ],
          "rating": "5: Borderline accept: Technically solid paper where reasons to accept outweigh reasons to reject, e.g., limited evaluation. Please use sparingly.",
          "confidence": "3: You are fairly confident in your assessment. It is possible that you did not understand some parts of the submission or that you are unfamiliar with some pieces of related work. Math/other details were not carefully checked.",
          "code_of_conduct": "Yes"
        },
        "invitations": [
          "NeurIPS.cc/2023/Conference/Submission1181/-/Official_Review",
          "NeurIPS.cc/2023/Conference/-/Edit"
        ],
        "domain": "NeurIPS.cc/2023/Conference",
        "license": "CC BY 4.0",
        "version": 2
      },
      {
        "id": "ZcC3jr918b",
        "number": 3,
        "cdate": 1688508370446,
        "tcdate": 1688508370446,
        "mdate": 1702410773902,
        "tmdate": 1702410773902,
        "signatures": [
          "NeurIPS.cc/2023/Conference/Submission1181/Reviewer_acqT"
        ],
        "nonreaders": [],
        "readers": [
          "everyone"
        ],
        "writers": [
          "NeurIPS.cc/2023/Conference",
          "NeurIPS.cc/2023/Conference/Submission1181/Reviewer_acqT"
        ],
        "forum": "8BPzLxF9p5",
        "replyto": "8BPzLxF9p5",
        "content": {
          "summary": "This paper develops a weakly-supervised segmentation framework based on affinity propagation. It overcomes the drawback of simply modeling neighboring pairwise potentials and proposes both global and local affinity terms to generate pseudo labels. The authors demonstrate the effectiveness of the proposed method in box-supervised instance segmentation, point/scribble-supervised semantic segmentation, and CLIP-guided semantic segmentation tasks. ",
          "soundness": "3 good",
          "presentation": "2 fair",
          "contribution": "3 good",
          "strengths": "Originality: The paper proposes two kinds of pairwise affinity propagation which are novel for weakly-supervised image segmentation settings. The global affinity propagation employs a minimum spanning tree to remove the edge with a large distance to obtain the tree-based sparse graph, which explicitly captures long-range dependency, while local affinity propagation leverages the conventional Gaussian kernel.  The combination of the two enhances the performances based on Table 4. \n\nQuality: The paper itself is self-contained and includes sufficient experimental setup and details. \n\nClarity: The paper is well-written but it might be hard to follow. It would be hard to understand the context of the proposed method for my initial reading and still creates some confusion after repeated reading. Figures are suggested to enhance the clarity of certain concepts developed in this paper. \n\nSignificance: I give high significance to this paper, as it proposes an effective and convincing method for a well-known and challenging problem.  \n",
          "weaknesses": "Personally, the biggest concern of this paper is the clarification. Basically, the authors devised two affinity scheme to create long-range and short-distance dependencies and both of them uses the same framework as described in Equ. 2. However, it would be very hard to understand the details of the global one. Authors are suggested to make a graphical illustration to demonstrate the idea.  Also, it still remains confusion about the method, as will be asked in the next section.\n",
          "questions": "It would be appreciated if the authors can kindly reply to my questions and concerns. I will consider raising my evaluation. \n\n- The whole framework of affination is defined on the classic CRF model, as cited in line 110. However, it is noted that in [33], the energy function is the sum of unaries and the sum of pairwise potentials. The CRF model in Equ. 2 turns out to be the sum of products between unary and pairwise terms. If understand correctly, this formulation can be interpreted as the weighted sum of unaries defined on neighbor pixels, with weights calculated from pairwise terms. I am wondering how the authors draw an equivalence between the two formulations. \n\n- What is the $\\mathcal{L}_{g}$ used in Equ. 1? is it a partial cross-entropy? how is it defined with non-annotated pixels? The unary used in Equ. 2 is then the output distribution of only labeled pixels or all pixels?\n\n- In 3.2.1, the node in line 127 is defined as a pixel right? why the set of edges can have N-1 elements, as defined in line 132\n\n- How do authors set the degree of similarity defined on line 143? is it unique for all nodes?\n\n- Can the authors explain why the tree-based model preserves topology?\n\n- For the local affinity propagation, I always consider Equ. 6 as a sum of neighbor pixels weighted by the intensities, similar to the conventional CRF model [33]. However, in [33], a spatial smoothness term is added. The authors want to explain how their method preserves spatial smoothness. \n\n- Based on Equ.6  I don't see any necessity of iterating it (there are even no iterative parameters inside). What does it mean by saying iterating local affinity leads to better performance? \n\n- what is the transmission cost? \n\n\n- In 3.2.1 and 3.2.1, the authors then obtain two sets of pseudo labels, $y^{g}$ and $y^{s}$. How do they exactly train the network with these two sets of labels? How to merge them when using them together?\n\n\n",
          "limitations": "The authors adequately addressed the limitations.",
          "flag_for_ethics_review": [
            "No ethics review needed."
          ],
          "rating": "5: Borderline accept: Technically solid paper where reasons to accept outweigh reasons to reject, e.g., limited evaluation. Please use sparingly.",
          "confidence": "4: You are confident in your assessment, but not absolutely certain. It is unlikely, but not impossible, that you did not understand some parts of the submission or that you are unfamiliar with some pieces of related work.",
          "code_of_conduct": "Yes"
        },
        "invitations": [
          "NeurIPS.cc/2023/Conference/Submission1181/-/Official_Review",
          "NeurIPS.cc/2023/Conference/-/Edit"
        ],
        "domain": "NeurIPS.cc/2023/Conference",
        "license": "CC BY 4.0",
        "version": 2
      },
      {
        "id": "XCX0Zj17Dw",
        "number": 4,
        "cdate": 1689255795870,
        "tcdate": 1689255795870,
        "mdate": 1702410773825,
        "tmdate": 1702410773825,
        "signatures": [
          "NeurIPS.cc/2023/Conference/Submission1181/Reviewer_4J6P"
        ],
        "nonreaders": [],
        "readers": [
          "everyone"
        ],
        "writers": [
          "NeurIPS.cc/2023/Conference",
          "NeurIPS.cc/2023/Conference/Submission1181/Reviewer_4J6P"
        ],
        "forum": "8BPzLxF9p5",
        "replyto": "8BPzLxF9p5",
        "content": {
          "summary": "This paper proposes an affinity propagation method within local and global perspectives to improve the pseudo labels generated by the model for the parts without GT masks. Meanwhile, they then propose an efficient implementation to solve the heavy computation by graph modeling.  The authors conduct experiments on several benchmarks to showcase their improvements on point/scribble/bbox-level weakly-supervised semantic segmentation, acting as a plug-in module to enhance their segmentation performance. And competitive performances are obtained naturally.",
          "soundness": "3 good",
          "presentation": "3 good",
          "contribution": "2 fair",
          "strengths": "1. The writing of this paper is easy to follow.\n2. Extensive experiments are studied and analyzed to present the proposed method.\n3. The final performances are competitive.",
          "weaknesses": "1. To my concern, affinity propagation exploration has been studied widely in the weakly-supervised learning community, such as [1]. The overall novelty of this paper sounds limited because their method has a lot of overlappings with previous method, though the author adapt a graph modeling to analyze and model the propagation procedure. It is important to demonstrate the main differences from the proposed method with others.\n\n    [1] Learning Affinity from Attention: End-to-End Weakly-Supervised Semantic Segmentation with Transformers, CVPR2022\n\n2. From the eq3 and eq5, it is hard to get the point, of how they define the global and local respectively since the main differences lie in that a max operation is performed in eq3 and the points-set in eq5 is local but not detailed clearly.\n\n3. The motivation for adapting Gaussian to model the local part in this paper should present more reasonably, for example, by giving some experiments directly to see that the Gaussian methods indeed capture the local receptive features.\n\n4. Despite the point/scribble/bbox-level weakly supervised semantic segmentation, how about the results when performing on semi-/image-level supervised semantic segmentation tasks to validate that the proposed method indeed helps to improve the soft-pseudo label for the unlabeled pixels?\n\n5. Some important references are missing below while these methods may discuss in the paper too.\n\n    [2] Reducing Information Bottleneck for Weakly Supervised Semantic Segmentation, NeurIPS 2021\n\n    [3] Expansion and Shrinkage of Localization for Weakly-Supervised Semantic Segmentation, NeurIPS 2022\n\n    [4] Revisiting Weak-to-Strong Consistency in Semi-Supervised Semantic Segmentation, CVPR2023\n\n    [5] Semi-Supervised Semantic Segmentation With Error Localization Network, CVPR2022",
          "questions": "Please refer to the weakness part.",
          "limitations": "Despite the limited novelty in this phase, this paper can be stronger when the authors well address my questions above.",
          "flag_for_ethics_review": [
            "No ethics review needed."
          ],
          "rating": "5: Borderline accept: Technically solid paper where reasons to accept outweigh reasons to reject, e.g., limited evaluation. Please use sparingly.",
          "confidence": "4: You are confident in your assessment, but not absolutely certain. It is unlikely, but not impossible, that you did not understand some parts of the submission or that you are unfamiliar with some pieces of related work.",
          "code_of_conduct": "Yes"
        },
        "invitations": [
          "NeurIPS.cc/2023/Conference/Submission1181/-/Official_Review",
          "NeurIPS.cc/2023/Conference/-/Edit"
        ],
        "domain": "NeurIPS.cc/2023/Conference",
        "license": "CC BY 4.0",
        "version": 2
      },
      {
        "id": "WzOU7KPRpZ",
        "number": 5,
        "cdate": 1690021983440,
        "tcdate": 1690021983440,
        "mdate": 1702410773759,
        "tmdate": 1702410773759,
        "signatures": [
          "NeurIPS.cc/2023/Conference/Submission1181/Reviewer_bFj5"
        ],
        "nonreaders": [],
        "readers": [
          "everyone"
        ],
        "writers": [
          "NeurIPS.cc/2023/Conference",
          "NeurIPS.cc/2023/Conference/Submission1181/Reviewer_bFj5"
        ],
        "forum": "8BPzLxF9p5",
        "replyto": "8BPzLxF9p5",
        "content": {
          "summary": "This paper utilizes local and global pairwise affinity terms to generate accurate soft pseudo labels and incorporates an efficient algorithm to reduce computational costs. Experimental results demonstrate the approach's superior performance in various segmentation tasks.",
          "soundness": "3 good",
          "presentation": "3 good",
          "contribution": "2 fair",
          "strengths": "Experimental results demonstrate the approach's superior performance in various segmentation tasks.\nThe paper is easy to understand.",
          "weaknesses": "The affinity methods are commonly used in weakly supervised segmentation tasks, such as 'Learning Affinity from Attention: End-to-End Weakly-Supervised SemanticSegmentation with Transformers\nAffinity Attention Graph Neural Network for Weakly Supervised Semantic Segmentation.\nLearning Pixel-level Semantic Affinity with Image-level Supervision for Weakly Supervised Semantic Segmentation\nWeakly Supervised Learning of Instance Segmentation with Inter-pixel Relations.'\n\nThe novelty of their method might be limited compared to existing affinity-based approaches. To stand out, the author should clearly highlight the differences between their method and the mentioned ones. It could be in terms of the formulation of the affinity modeling task, the incorporation of local and global pairwise affinity terms, the generation of accurate soft pseudo labels, or the development of an efficient algorithm to reduce computational costs.\n\nProviding a thorough comparison with these existing methods would help readers understand the unique contributions of the proposed approach and its advantages over previous approaches. By highlighting these differences, the paper can demonstrate why their method is valuable and relevant in the context of weakly supervised segmentation tasks.",
          "questions": "To make their contribution more apparent, the author should provide a comprehensive comparison of the proposed method's performance with previous approaches of the generated pseudo ground truth. This comparison would highlight the advantages and improvements of their approach over existing methods in terms of accuracy, efficiency, and other relevant metrics.\n\nBy including a thorough analysis of the pseudo ground truth performance, readers can better understand the strengths of the proposed approach and how it outperforms or complements existing techniques. ",
          "limitations": "See Weaknesses",
          "flag_for_ethics_review": [
            "No ethics review needed."
          ],
          "rating": "4: Borderline reject: Technically solid paper where reasons to reject, e.g., limited evaluation, outweigh reasons to accept, e.g., good evaluation. Please use sparingly.",
          "confidence": "4: You are confident in your assessment, but not absolutely certain. It is unlikely, but not impossible, that you did not understand some parts of the submission or that you are unfamiliar with some pieces of related work.",
          "code_of_conduct": "Yes"
        },
        "invitations": [
          "NeurIPS.cc/2023/Conference/Submission1181/-/Official_Review",
          "NeurIPS.cc/2023/Conference/-/Edit"
        ],
        "domain": "NeurIPS.cc/2023/Conference",
        "license": "CC BY 4.0",
        "version": 2
      },
      {
        "id": "MQ0FCj6LcL",
        "number": 1,
        "cdate": 1691598254771,
        "tcdate": 1691598254771,
        "mdate": 1703016663931,
        "tmdate": 1703016663931,
        "signatures": [
          "NeurIPS.cc/2023/Conference/Submission1181/Authors"
        ],
        "readers": [
          "everyone"
        ],
        "writers": [
          "NeurIPS.cc/2023/Conference",
          "NeurIPS.cc/2023/Conference/Submission1181/Authors"
        ],
        "forum": "8BPzLxF9p5",
        "replyto": "WzOU7KPRpZ",
        "content": {
          "rebuttal": "Thank you so much for the constructive comments. Please find what below our itemized responses.\n\n**Q1. The comprehensive analysis and comparisons with the existing affinity-based methods.**\n\nR:  Previous works [1-4] involve affinity modeling, and our proposed approach is largely different from them in formulation and pipeline.  Specifically,  [1] adopts the random walk and local pixel-adaptive refinement (PAR) to propagate the affinity. [2] introduces the Affinity CNN to convert images into graphs, using a GNN-based affinity attention module for affinity modeling. [3,4] leverage the random walk to capture long-range affinity with local operations. While they struggle with fine-grained global semantic affinity, hindering the generation of accurate pseudo-mask labels. As noted in [3], detailed global affinity modeling requires substantial computational costs. \n\nIn contrast, we present the unified affinity propagation formulation for both global and local affinity modeling. The global affinity utilizes the acyclic Minimum Spanning Tree to perform fine-grained affinity propagation, which considers all nodes for a comprehensive context understanding with object topology. On the other hand, the local term employs the kernel-based propagation in a complementary role, which focuses on the nearby area to attain spatial smoothness. To efficiently perform this procedure, we deliberately design a Lazy Propagation scheme for fast implementation, which avoids excessive computations.\n\nFurthermore, we devise a general plug-in module for various label-efficient segmentation tasks, which does not require any modification of the network itself. In comparison, the previous works[1][2][3][4] are mainly designed for single weakly-supervised segmentation tasks with some customized designs.\n\nTo demonstrate the effectiveness of our method, we further conduct detailed performance comparisons with the recent works [1][2].\nFirstly, we implement our method based on the AFA[1] framework for image-level supervised semantic segmentation on Pascal VOC 2012. The experimental settings are the same as [1] for fair comparison. The results are reported below.\n|&nbsp;&nbsp;&nbsp;Methods | dataset | $\\quad$&nbsp;&nbsp;&nbsp; mIoU |\n|:-:| :-: |:-:| \n|  AFA[1] | VOC2012 | 62.6 |\n| +APro(Ours) | VOC2012 | $\\qquad$64.1($\\uparrow$1.5) |\n\n\nWe notice that the local pixel-adaptive refinement (PAR) in AFA [1] is similar to our proposed local affinity term (LP). Both of them are kernel-based methods based on the input image, however, their formulations and implementations are different. In particular, we compare our method with PAR [1] in weakly box-supervised instance segmentation settings on VOC2012 and COCO. \n|  $\\qquad$ Methods | &nbsp;&nbsp;dataset | $\\quad$&nbsp;&nbsp;AP| $\\quad$AP_50 | $\\quad$AP_75  |\n|:--: | :--: | :--: | :--: | :--: | \n|Baseline +PAR[1]| VOC2012| 34.6 | 63.6| 33.9 |\n|Baseline + LP(Ours)| VOC2012| 36.0 ($\\uparrow$1.4) | 64.3($\\uparrow$0.7) | 35.6 ($\\uparrow$1.7)|\n|Baseline + APro(Ours)| VOC2012| 38.1 ($\\uparrow$3.5) | 66.1 ($\\uparrow$2.5)| 39.1 ($\\uparrow$5.2) |\n|Baseline + PAR[1] | COCO| 30.5 | 53.1 | 30.6 |\n|Baseline + LP(Ours) | COCO|  31.6 ($\\uparrow$1.1)  |  53.2 ($\\uparrow$0.1)  |   32.2 ($\\uparrow$1.6) |\n|Baseline + APro(Ours) | COCO| 33.0 ($\\uparrow$2.5)| 55.2 ($\\uparrow$2.1) | 33.6 ($\\uparrow$3.0)|\n\nCompared with PAR [1], our approach obtains consistent performance gains.\n\nSecondly, we compare our method with A$^2$GNN[2] under its designed point/scribble-supervised semantic segmentation and box-supervised instance segmentation settings.  \n\nMethods | backbone |Supervision|Multi-stage | CRF | mIOU |\n|:----: | :----: | :----: | :----: | :----: | :----: |\n|A$^2$GNN[2] | DeeplabV2 | Point| √  | √ | 66.8 | \n|APro(Ours)| Tree-FCN | Point| x  |  x  | 67.7 |    \n|A$^2$GNN[2]| Tree-FCN | Scrrible| √ |  √  | 76.2 | \n|APro(Ours)| Tree-FCN | Scrrible| x  |  x  | 76.6 |   \n\nThough A$^2$GNN has achieved competitive results, it needs multi-stage training and CRF refinement in the post-processing to yield accurate mask predictions. In contrast, our method is an end-to-end training framework without the CRF post-processing.\n\nRegarding the weakly box-supervised instance segmentation task,  our APro outperforms A$^2$GNN by a large margin, with +15.3\\% AP_75 on VOC2012 and +13.4\\% AP on the large-scale COCO dataset.\n| Methods | dataset | backbone | AP| AP_50 | AP_75  |\n|:----: | :----: | :----: | :----: | :----: | :----: | \n| A$^2$GNN[2] | VOC2012 | r101  |  -  |  59.1  | 27.4 |\n| APro(Ours) | VOC2012 | r50 |  38.1 | 66.1 | 39.1 |\n| APro(Ours) | VOC2012 |r101 |  **40.6** | **68.5**| **42.7** |                                \n| A$^2$GNN[2] | COCO |  r101 | 20.9|43.9 |17.8|\n| APro(Ours) | COCO |  r50 |33.0|55.2|33.6|\n| APro(Ours) | COCO |  r101 |**34.3**|**57.0**|**35.3**|\n\nThe above results indicate that our method is able to model the fine-grained affinity and obtain accurate mask predictions across different label-efficient segmentation tasks. \n\nWe will incorporate the above discussions in our revised manuscript.\n\n&emsp;\n\n[1] Learning Affinity from Attention: End-to-End Weakly-Supervised Semantic Segmentation with Transformers, CVPR2022. \n\n[2] Affinity Attention Graph Neural Network for Weakly Supervised Semantic Segmentation, TPAMI2021.\n\n[3] Learning Pixel-level Semantic Affinity with Image-level Supervision for Weakly Supervised Semantic Segmentation, CVPR2018.\n\n[4] Weakly Supervised Learning of Instance Segmentation with Inter-pixel Relations, CVPR2019."
        },
        "invitations": [
          "NeurIPS.cc/2023/Conference/Submission1181/Reviewer_bFj5/-/Rebuttal",
          "NeurIPS.cc/2023/Conference/-/Edit"
        ],
        "domain": "NeurIPS.cc/2023/Conference",
        "license": "CC BY 4.0",
        "version": 2
      },
      {
        "id": "xrvy25gEa1",
        "number": 1,
        "cdate": 1691598335622,
        "tcdate": 1691598335622,
        "mdate": 1703016663642,
        "tmdate": 1703016663642,
        "signatures": [
          "NeurIPS.cc/2023/Conference/Submission1181/Authors"
        ],
        "readers": [
          "everyone"
        ],
        "writers": [
          "NeurIPS.cc/2023/Conference",
          "NeurIPS.cc/2023/Conference/Submission1181/Authors"
        ],
        "forum": "8BPzLxF9p5",
        "replyto": "ZcC3jr918b",
        "content": {
          "rebuttal": "Thank you so much for acknowledging the strength of our method. We have tried our best to clarify each issue.  Please find what below our itemized responses.\n\n**Q1. The details of the global one and making a graphical illustration.**\n\nR: To facilitate comprehension, we provide a detailed graphical illustration **(Figure 2 in the PDF)** to describe our global affinity propagation process. \n\nInitially, an input image is represented as a 4-connected planar graph. Subsequently, the Minimum Spanning Tree (MST) is constructed based on the edge weights to obtain the tree-based graph $\\mathcal{G}\\_T$. $\\psi_g(x_i,x_j)$ is calculated as $exp(-d)$,  where $d$ is the maximum value along the path $E_{i,j}$ from node $x_i$ to node $x_j$. This pairwise similarity $\\psi_g(x_i,x_j)$  is then multiplied by the unary term $\\phi(x_j)$ to obtain soft pseudo predictions  $y_i^g$.\n\nNote that Figure 2 serves purely as a visual illustration to understand our method. In the implementation, it is unnecessary to compute $\\psi_g$ explicitly. As detailed in Section 3.3, we alternatively design a lazy propagation scheme to efficiently update these values.\n\n**Q2.  About the formulations of Equ.2 and the classic CRF model.**\n\nR: Yes, you are right. Our definition of the affinity propagation process does not strictly adhere to the classic CRF model[29]. The energy function in [29] consists of the sum of unary terms and pairwise potential; however, the problem solving process is rather complex. As our aim is to obtain a refined pseudo label, we adopt the general concept of unary and pairwise terms, with the intention of integrating their benefits in a more accessible and straightforward manner.\n\n**Q3.  About the  $\\mathcal{L}_g$ used in Equ.1 and the unary used in Equ.2.**\n\nR: The definition of $\\mathcal{L}_g$ depends on the form of supervision. For point or scribble forms, the sparsely labeled region lies in the object, which is suitable for partial cross-entropy loss. It has no impact on non-annotated pixels. While, for labeled bounding box supervision, it is uncertain whether the pixels within the box truly belong to the object. So we adopt box projection loss, which constraints the predictions within the labeled box. In our paper, we listed the loss function for each unary term in the section of Implementation Details (lines 210, 245-248) for different weakly-supervised tasks. \n\nMoreover, the unary term used in Equ. 2 is the network prediction of all pixels.\n\nWe will make our revision clearer.\n\n**Q4. About node in line 127 and N-1 edges.**\n\nR: Yes, the node corresponds to a pixel. The constructed MST is an acyclic subgraph of the original 4-connected planar graph that includes all vertices.  A spanning tree connects all nodes of an image, and there is a unique and simple path between any two nodes. Therefore, the MST-based graph with N vertices requires N-1 edges to maintain connectivity without cycles. **Figure 2 in the PDF** also gives a simple illustration of a constructed MST.\n\n**Q5. About the degree of similarity defined in line 143.**\n\nR: The degree of similarity $\\zeta_g$ is a hyper-parameter in our approach. We conduct ablation study on it in Table A1 of the supplementary material and select $\\zeta_g$ = 0.07, which remains constant for all nodes.\n\n**Q6. Explain why the tree-based model preserves topology.**\n\nR: Our approach initially represents an image as a 4-connected planar graph with pixel similarity measured via the edge weight of adjacent nodes. The MST is constructed by edge pruning, which preferentially preserves edges of smaller weight, i.e., adjacent vertices with higher pixel similarity.\n\nSimilar pixels are usually located inside or on the surface of an object, whereas larger pixel differences appear across distinct objects. In other words, there are more edges within an object and fewer edges connecting different objects.  Thus, the MST can capture an image's topological structure. For better comprehension, we provide two visual examples in **Figure 4 of the PDF**.\n\n**Q7.  How the local affinity propagation preserves spatial smoothness?**\n\nR: In the conventional CRF model, the pairwise potentials involve relationships between each pixel and all the other pixels, necessitating the inclusion of a spatial smoothness term to maintain spatial coherence. While our local affinity propagation method applies pairwise affinity within a local region surrounding each pixel, such as a 3x3 or 5x5 kernel. This consideration of local domain pixels implicitly signifies spatial smoothness, indicating that nearby pixels likely belong to the same class. The detailed experimental comparison is provided below. Incorporating Spatial Position into our LP yields no performance improvement while bringing an additional hyperparameter.\n\n|$\\qquad$Method|AP|\n|:-:|:-:| \n|LP|36.0| \n|LP + Spatial Position|34.8|\n\n**Q8. About the iteration of the local affinity.**\n\nR: Thanks for pointing out this issue. Upon obtaining the refined pseudo label $y_i^s$, we treat it as a new unary term $\\phi(x)$ to iterate it. Table 6 in the main paper demonstrates the effectiveness of the iterating process. \n\n**Q9. What is the transmission cost?**\n\nR: In Section 3.3, we define the maximum $w$ of the path through any two nodes in the tree-based graph as the transmission cost $C$.  For example, in the green dashed box of **Figure 2 in the PDF**, the transmission cost of $x_0$ and $x_3$ is 3*${\\zeta_g}^2$. Section A.1 in our Supplementary Material also provides detailed proof of transmission cost.\n\n**Q10. How to train the network with labels $y^g$ and $y^s$?**\n\nR:  We assign each $y_i$ from GP and LP to the network prediction $p_i$, and employ the distance measurement function as the objective for unlabeled regions $\\Omega _u$. Simple L1 distance is empirically adopted in our implementation.   \n\nWe described it in Section 3.1 (line122-line124) of the main paper. We will make it clearer in the revision. "
        },
        "invitations": [
          "NeurIPS.cc/2023/Conference/Submission1181/Reviewer_acqT/-/Rebuttal",
          "NeurIPS.cc/2023/Conference/-/Edit"
        ],
        "domain": "NeurIPS.cc/2023/Conference",
        "license": "CC BY 4.0",
        "version": 2
      },
      {
        "id": "RPXIROdeWA",
        "number": 1,
        "cdate": 1691600153842,
        "tcdate": 1691600153842,
        "mdate": 1704275143379,
        "tmdate": 1704275143379,
        "signatures": [
          "NeurIPS.cc/2023/Conference/Submission1181/Authors"
        ],
        "readers": [
          "everyone"
        ],
        "writers": [
          "NeurIPS.cc/2023/Conference",
          "NeurIPS.cc/2023/Conference/Submission1181/Authors"
        ],
        "forum": "8BPzLxF9p5",
        "replyto": "8BPzLxF9p5",
        "content": {
          "rebuttal": "**General Response**\n\nWe express our gratitude to all reviewers for their insightful comments, which significantly strengthen our paper. We will revise our manuscript accordingly. \n\nAs three out of the five reviewers concern the differences between our work and some existing works[1-3], we'd like to first clarify that our formulation and process are different from them. The works in [1,3] are based on the random walk and local operation, and [2] utilizes the sparsely weighted graphs with a GNN-based affinity attention module. In contrast to them, our presented method models the semantic affinity through the formulated affinity propagation processes, which takes advantage of both the global affinity model using the Minimum Spanning Tree as well as the complementary local one with Gaussian kernel.  \n\nBesides, our work aims to devise a general and efficient plug-in module for various label-efficient segmentation tasks without the need to modify the network itself.  Compared with the existing methods, our approach is able to capture fine-grained affinity to generate accurate mask labels. For a detailed discussion and performance comparisons, please kindly refer to our **Response to Reviewer bFj5**.\n\nTo reproduce our results, we will release the full source code of our presented affinity propagation with efficient implementation for each label-efficient task.\n\nIn the following, we address the specific concerns point by point. The corresponding figures and captions are included in **the submitted PDF file**. Please feel free to check. \n\n&emsp;\n\n[1] Learning Affinity from Attention: End-to-End Weakly-Supervised Semantic Segmentation with Transformers, CVPR2022. \n\n[2] Affinity Attention Graph Neural Network for Weakly Supervised Semantic Segmentation, TPAMI2021.\n\n[3] Learning Pixel-level Semantic Affinity with Image-level Supervision for Weakly Supervised Semantic Segmentation, CVPR2018.",
          "pdf": "/pdf/d7ba95e953b81a7e40d234152a3cb8ce8f69de3f.pdf"
        },
        "invitations": [
          "NeurIPS.cc/2023/Conference/Submission1181/-/Author_Rebuttal",
          "NeurIPS.cc/2023/Conference/-/Edit"
        ],
        "domain": "NeurIPS.cc/2023/Conference",
        "license": "CC BY 4.0",
        "version": 2
      },
      {
        "id": "OUfVi65DUB",
        "number": 1,
        "cdate": 1691601944664,
        "tcdate": 1691601944664,
        "mdate": 1703016663801,
        "tmdate": 1703016663801,
        "signatures": [
          "NeurIPS.cc/2023/Conference/Submission1181/Authors"
        ],
        "readers": [
          "everyone"
        ],
        "writers": [
          "NeurIPS.cc/2023/Conference",
          "NeurIPS.cc/2023/Conference/Submission1181/Authors"
        ],
        "forum": "8BPzLxF9p5",
        "replyto": "XCX0Zj17Dw",
        "content": {
          "rebuttal": "Thank you so much for the thoughtful comments.  Please find what below our itemized responses.\n\n**Q1. Main differences with the existing approaches.**\n\nR: Different from the existing approaches, our method considers object topology and captures fine-grained global affinity through an efficient implementation. Unfortunately, the existing methods fall short in achieving such an objective. \n\nBesides, our method is a general plug-in module for various label-efficient segmentation tasks, which does not require any modification on the network itself. Extensive experiments demonstrate the effectiveness of our approach in generating high-quality pseudo mask predictions across different tasks and datasets.\n\nPlease kindly refer to **our responses to reviewer bFj5** for more comprehensive analyses on the existing methods, including AFA [1].\n\n[1] Learning Affinity from Attention: End-to-End Weakly-Supervised Semantic Segmentation with Transformers, CVPR2022. \n\n**Q2. About the differences between the global and local  in Eq.3 and Eq.5.**\n\nR: The formulations of global (Eq.3) and local (Eq.5)  have the similar form, while they are defined in different scopes. In detail, their receptive fields for affinity propagation are totally different.\n\nThe global pairwise term contains all the nodes $ \\mathcal{V}$ through the tree-based graph $\\mathcal{G}_T$, which are implemented by the Minimum Spanning Tree. In contrast, the local pairwise term is limited to a local area, such as 3x3 or 5x5, which is implemented by the Gaussian kernel.\n\nTo better illustrate the detailed process of the global and local operations, we provide **Figure 1 in the PDF**. For visual comparisons of pairwise affinity maps, Figure 3 in the main paper also shows the global and local affinity maps, denoted as \"GP\" and \"LP\", respectively. \n\nIn calculating the global pairwise term, we present the distance-insensitive max affinity function to ensure that the similarity does not diminish abruptly with the increase of distance along the path of the spanning tree (see **Figure 2 in the PDF** for the details). \n\n**Q3. The motivation for adapting Gaussian to model the local part should present more reasonably. Giving some experiments directly to see.**\n\nR:  Spatially adjacent pixels are more likely to share the same label, which inspired us to define the local Gaussian kernel within a fixed window, such as 3x3 or 5x5. Such a neighboring receptive field allows the focus to be placed on local texture and shape features rather than global ones. Intuitively, we present the visualizations in **Figure 3 in the PDF** to demonstrate the effectiveness of this local pairwise term.\n\nOne can see that the predictions become smoother after local affinity propagation (LP), indicating an enhancement in local consistency by capturing the local receptive characteristics.\n\n**Q4. How about the performance on semi-/image-level supervised semantic segmentation?**\n\nR: Thanks for your suggestions. We have conducted the image-level semantic segmentation task on Pascal VOC2012 dataset based on the framework of AFA [1]. The comparison results are shown below. Our method can further obtain +1.5\\% mIoU gain over AFA[1].\n|&nbsp;&nbsp;&nbsp;Method | dataset | $\\quad$&nbsp;&nbsp;&nbsp; mIoU |\n|:-:| :-: |:-:| \n|  AFA[1] | VOC2012 | 62.6 |\n| +APro(Ours) | VOC2012 | $\\qquad$64.1($\\uparrow$1.5) |\n\nWe will perform more experiments on recent image-level methods, such as ESOL(NIPS2022) and ToCo(CVPR2023),  as well as semi-supervised approaches [4][5], and add the results into the revised manuscript to further show the effectiveness of our method.\n\n**Q5. Some important references are missing below while these methods may discuss in the paper too.**\n\nR: Thanks for your suggestions.  Methods [2] and [3] are about image-level supervised semantic segmentation methods, while [4] and [5] are related to semi-supervised semantic segmentation. Specifically, RIB [2] adopts the information bottleneck principle to interpret the partial localization issue in trained classifier. ESOL[3] proposed a new training pipeline,  with a \"Divide-and-Conquer\" manner to address the partial localization issue of the CAM method by introducing a deformable transformation operation. It is worth noting that we have already cited [3] in our manuscript. On the other hand, ELN [5] aims to deal with errors on pseudo labels and UniMatch [4] presents the weak-to-strong consistency regularization framework from FixMatch.\n\nWe will cite and discuss these works in our revised manuscript.\n\n&emsp;\n\n[2] Reducing Information Bottleneck for Weakly Supervised Semantic Segmentation, NeurIPS 2021.\n\n[3] Expansion and Shrinkage of Localization for Weakly-Supervised Semantic Segmentation, NeurIPS 2022.\n\n[4] Revisiting Weak-to-Strong Consistency in Semi-Supervised Semantic Segmentation, CVPR2023.\n\n[5] Semi-Supervised Semantic Segmentation With Error Localization Network, CVPR2022."
        },
        "invitations": [
          "NeurIPS.cc/2023/Conference/Submission1181/Reviewer_4J6P/-/Rebuttal",
          "NeurIPS.cc/2023/Conference/-/Edit"
        ],
        "domain": "NeurIPS.cc/2023/Conference",
        "license": "CC BY 4.0",
        "version": 2
      },
      {
        "id": "yh2cScDySD",
        "number": 1,
        "cdate": 1691602791697,
        "tcdate": 1691602791697,
        "mdate": 1703016663576,
        "tmdate": 1703016663576,
        "signatures": [
          "NeurIPS.cc/2023/Conference/Submission1181/Authors"
        ],
        "readers": [
          "everyone"
        ],
        "writers": [
          "NeurIPS.cc/2023/Conference",
          "NeurIPS.cc/2023/Conference/Submission1181/Authors"
        ],
        "forum": "8BPzLxF9p5",
        "replyto": "YIl8lEuwoh",
        "content": {
          "rebuttal": "Thank you so much for the constructive and insightful comments.  Please find what below our itemized responses.\n\n**Q1. About incorporating deep features from self-supervised, pre-trained networks (e.g. MAE).**\n\nR: We have tested the incorporation with the deep features of the network during training. It is unstable to achieve reasonable performance in our experiments. In the future work,  we will consider to incorporate deep features from the pre-trained MAE, DINO/DINO-V2  models, as you mentioned. These pre-trained models have exhibited strong generalization capability, and we believe they could make our method more powerful.\n\n**Q2. For open-vocabulary segmentation, the proposed method does not seem to be scalable as the affinity is fixed to low-level color differences.**\n\nR: Yes, our approach may not perform well in the task of open-vocabulary segmentation. As you suggested,  we could incorporate the pre-trained models such as DINO/DINOv2, MAE, CLIP or Stabel diffusion to improve the scalability of our method.\n\nIn addition, our method can be extended to multimodality-based affinities, i.e., between vision and language, to achieve more accurate vision-language alignment for VL tasks. This is an interesting research direction for our further work. \n\n**Q3. Missing related  work and discussion of the CVPR2018 work.**\n\nR: The work [1] (CVPR2018) also involves affinity modeling operations, while the formulations and pipelines of them are different from our approach. Especially, the work [1] adopts the sparse random walk for long-range operations, which relies on the affinity transition probability. Different from it, our method constructs the Minimum Spanning Tree (MST) on the whole image and performs the formulated affinity propagation process. To reduce the computation cost, we deliberately devise a Lazy Propagation scheme for fast implementation. Please kindly refer to our **responses to Reviewer bFj5** for more comprehensive analyses and comparisons with the other existing methods. \n\n[1]  Learning Pixel-level Semantic Affinity with Image-level Supervision for Weakly Supervised Semantic Segmentation, CVPR 2018.\n\n**Q4. Will the code be released?**  \n\nR: For sure, we will release our full source code to make contributions to the community, including the GPU implementation of affinity propagation and complete codes on each task, so that peers can easily reproduce our results.\n\n**Q5. When comparing speed with mean-filed, are both algorithms running on GPU.**\n\nR: Yes, both methods are performed on the GPU device. The original mean-field [29] is based on the pixels of the whole image, and we compare the GPU version [4] of mean-filed with local kernel under the same settings. We will make it clearer in the revision."
        },
        "invitations": [
          "NeurIPS.cc/2023/Conference/Submission1181/Reviewer_8pug/-/Rebuttal",
          "NeurIPS.cc/2023/Conference/-/Edit"
        ],
        "domain": "NeurIPS.cc/2023/Conference",
        "license": "CC BY 4.0",
        "version": 2
      },
      {
        "id": "ws7l32YLBS",
        "number": 1,
        "cdate": 1691604442232,
        "tcdate": 1691604442232,
        "mdate": 1703016663503,
        "tmdate": 1703016663503,
        "signatures": [
          "NeurIPS.cc/2023/Conference/Submission1181/Authors"
        ],
        "readers": [
          "everyone"
        ],
        "writers": [
          "NeurIPS.cc/2023/Conference",
          "NeurIPS.cc/2023/Conference/Submission1181/Authors"
        ],
        "forum": "8BPzLxF9p5",
        "replyto": "hgsP7j2rl1",
        "content": {
          "rebuttal": "Thank you so much for the careful and thoughtful reviews. Please find what below our itemized responses.\n\n**Q1.  Whether parameters ${\\zeta_s}$, ${\\zeta_g}$ are consistent across different tasks and datasets.**\n\nR: The parameters ${\\zeta_s}$ and ${\\zeta_g}$ control the sensitivity to variations in pixel values, and they will impact the segmentation performance. While meticulous tuning of these parameters on different datasets and tasks could lead to improved results, we utilize the same values of them across all tasks and datasets: ${\\zeta_s}$ = 0.15, ${\\zeta_g}$ = 0.07. The details are shown in Tables A1 and A2 in the Supplementary Material.\n\n**Q2. By introducing both global and local pairwise affinity terms, is there a significant decrease in efficiency?  Presenting the change of training time with/without APro.**\n\nR:  We report the detailed training time below. We conduct the ablation studies on the box-supervised instance segmentation on Pascal VOC. \n|$\\quad$Method | Training Time  | &nbsp;&nbsp;AP |\n|:----: | :----: | :----: | \n|Baseline | 3h | 25.9  |\n| +LP | 3.5h | 36.0 |\n| +GP | 4.5h | 37.0 | \n| APro (LP+GP) | 5.2h | 38.1 |\n\nThe baseline model without our APro method needs 3h to train. When adding the local operation LP and global operation GP individually,  0.5h and 1.5h additional training time are needed, respectively. When adding both of them, it costs 2.2h additional training time with our efficient implementation. However, without our efficient implementation, the training time would be unbearable.\n\nWe will make it clearer in our revision.\n\n**Q3. How to determine the number of iterations?**\n\nR: We perform ablation studies to determine the number of iterations. Our goal is to implement the formulated affinity propagation process efficiently with fewer iterations. The detailed ablation experiments on the impact of varying iteration is provided in Table 6 of our main paper.\n\n**Q4. The runtime details in Table 7 are not clear, such as iterations, batch size, device...**\n\nR: Thanks for your careful comments. The batch size is set to 1, and the experiment is conducted on a single GeForce RTX 3090. The reported runtime represents the average time for one GP process testing duration of an epoch on the Pascal VOC dataset. We perform the runtime comparison under the same settings. We will make it clearer in the revision.\n\n**Q5. Explore the effects of Key Smoothing and Prompt Denosing in MaskCLIP.**\n\nR: Yes, the  Key Smoothing (KS) also aims to realize the global affinity propagation. To better explore their efforts,  we conduct detailed comparisons between the KS and our APro method based on MaskCLIP. The experimental results are shown in the Table below. \n\n|  $\\qquad$Method   |  CLIP Model  | Context | COCO  |\n| :------------: | :----------: | :-----: | :---: |\n|    MaskCLIP    |  ResNet-50   |  18.46  | 10.17 |\n|      +KS       |  ResNet-50   |  21.0   | 12.42 |\n| **+APro(Ours)**   |  ResNet-50   |  **21.67**  | **12.70**  |\n|    MaskCLIP    | ResNet-50x16 |  21.57  | 13.55 |\n|      +KS       | ResNet-50x16 |  22.65  | 15.50  |\n|  **+APro(Ours)**   | ResNet-50x16 |  **24.03**  | **16.30**  |\n|    MaskCLIP    |    ViT16     |  21.68  | 12.51 |\n|      +KS       |    ViT16     |  23.87  | 13.79 |\n|     +KS+PD     |    ViT16     |  25.45  | 14.62 |\n|  **+APro(Ours)**   |    ViT16     |  **28.91**  | **16.69** |\n| **+APro(Ours)+PD** |    ViT16     |  **29.42**  | **16.71** |\n\nBoth KS and our APro method bring performance gains. Compared with KS, our APro achieves better performance with different CLIP-based models. Especially, for ViT16-based model, our approach outperforms KS by +5.04\\% mIoU on Pascal Context and +2.90\\% mIoU on COCO, repectively. Equipped with Prompt Denoising (PD),  the models could achieve further improvements.\n\nWe have the following further discussions:\nKey Smoothing relies on the calculation of key feature similarities, which predominantly stems from high-level features of CLIP and computes pairwise terms within each pair of patches. Compared with KeySmoothing of MaskCLIP,  our method is built on a tree-based graph derived from lower-level images, which is capable of reflecting finer topological details. Furthermore, we design an efficient implementation that eliminates the need to compute similarities individually, significantly reducing time complexity.\n\nWe will add the above discussions in our revision, and strengthen our introduction and experimental sections."
        },
        "invitations": [
          "NeurIPS.cc/2023/Conference/Submission1181/Reviewer_bNsh/-/Rebuttal",
          "NeurIPS.cc/2023/Conference/-/Edit"
        ],
        "domain": "NeurIPS.cc/2023/Conference",
        "license": "CC BY 4.0",
        "version": 2
      },
      {
        "id": "byYgaIFytk",
        "number": 1,
        "cdate": 1691700949769,
        "tcdate": 1691700949769,
        "mdate": 1704272714193,
        "tmdate": 1704272714193,
        "signatures": [
          "NeurIPS.cc/2023/Conference/Submission1181/Reviewer_8pug"
        ],
        "readers": [
          "everyone"
        ],
        "writers": [
          "NeurIPS.cc/2023/Conference",
          "NeurIPS.cc/2023/Conference/Submission1181/Reviewer_8pug"
        ],
        "forum": "8BPzLxF9p5",
        "replyto": "yh2cScDySD",
        "content": {
          "comment": "Thank you for the response. It addressed my concerns and I have no further questions."
        },
        "invitations": [
          "NeurIPS.cc/2023/Conference/Submission1181/-/Official_Comment",
          "NeurIPS.cc/2023/Conference/-/Edit"
        ],
        "domain": "NeurIPS.cc/2023/Conference",
        "license": "CC BY 4.0",
        "version": 2
      },
      {
        "id": "EEIfoMuDC3",
        "number": 2,
        "cdate": 1691730112432,
        "tcdate": 1691730112432,
        "mdate": 1704272714171,
        "tmdate": 1704272714171,
        "signatures": [
          "NeurIPS.cc/2023/Conference/Submission1181/Authors"
        ],
        "readers": [
          "everyone"
        ],
        "writers": [
          "NeurIPS.cc/2023/Conference",
          "NeurIPS.cc/2023/Conference/Submission1181/Authors"
        ],
        "forum": "8BPzLxF9p5",
        "replyto": "byYgaIFytk",
        "content": {
          "title": "Thanks for your response",
          "comment": "Dear Reviewer 8pug,\n\nThanks very much for your confirmation and your time!\n\n"
        },
        "invitations": [
          "NeurIPS.cc/2023/Conference/Submission1181/-/Official_Comment",
          "NeurIPS.cc/2023/Conference/-/Edit"
        ],
        "domain": "NeurIPS.cc/2023/Conference",
        "license": "CC BY 4.0",
        "version": 2
      },
      {
        "id": "83Ne0efGXS",
        "number": 3,
        "cdate": 1691813973911,
        "tcdate": 1691813973911,
        "mdate": 1704272714164,
        "tmdate": 1704272714164,
        "signatures": [
          "NeurIPS.cc/2023/Conference/Submission1181/Reviewer_bNsh"
        ],
        "readers": [
          "everyone"
        ],
        "writers": [
          "NeurIPS.cc/2023/Conference",
          "NeurIPS.cc/2023/Conference/Submission1181/Reviewer_bNsh"
        ],
        "forum": "8BPzLxF9p5",
        "replyto": "ws7l32YLBS",
        "content": {
          "comment": "Thanks for your rebuttal. The rebuttal has addressed most of my concerns and the discussion is instructive. I will keep my original rating."
        },
        "invitations": [
          "NeurIPS.cc/2023/Conference/Submission1181/-/Official_Comment",
          "NeurIPS.cc/2023/Conference/-/Edit"
        ],
        "domain": "NeurIPS.cc/2023/Conference",
        "license": "CC BY 4.0",
        "version": 2
      },
      {
        "id": "Sj9gGPaZ5H",
        "number": 4,
        "cdate": 1691836986032,
        "tcdate": 1691836986032,
        "mdate": 1704272714086,
        "tmdate": 1704272714086,
        "signatures": [
          "NeurIPS.cc/2023/Conference/Submission1181/Authors"
        ],
        "readers": [
          "everyone"
        ],
        "writers": [
          "NeurIPS.cc/2023/Conference",
          "NeurIPS.cc/2023/Conference/Submission1181/Authors"
        ],
        "forum": "8BPzLxF9p5",
        "replyto": "83Ne0efGXS",
        "content": {
          "title": "Thanks for your response",
          "comment": "Dear Reviewer bNsh,\n\nThanks very much for your confirmation and your time."
        },
        "invitations": [
          "NeurIPS.cc/2023/Conference/Submission1181/-/Official_Comment",
          "NeurIPS.cc/2023/Conference/-/Edit"
        ],
        "domain": "NeurIPS.cc/2023/Conference",
        "license": "CC BY 4.0",
        "version": 2
      },
      {
        "id": "9ZbEUgQN6x",
        "number": 5,
        "cdate": 1692350249735,
        "tcdate": 1692350249735,
        "mdate": 1704272714080,
        "tmdate": 1704272714080,
        "signatures": [
          "NeurIPS.cc/2023/Conference/Submission1181/Reviewer_4J6P"
        ],
        "readers": [
          "everyone"
        ],
        "writers": [
          "NeurIPS.cc/2023/Conference",
          "NeurIPS.cc/2023/Conference/Submission1181/Reviewer_4J6P"
        ],
        "forum": "8BPzLxF9p5",
        "replyto": "OUfVi65DUB",
        "content": {
          "title": "Rebuttal Response",
          "comment": "I would like to thank the authors' detailed response and more explanation. To my perspective, most of my concerns are well addressed. And I would like to suggest that the authors conduct more convincing results on other segmentation-related tasks to further enhance their plug-in role. Overall, I will raise up my initial score to 'borderline accept' and suggest acceptance."
        },
        "invitations": [
          "NeurIPS.cc/2023/Conference/Submission1181/-/Official_Comment",
          "NeurIPS.cc/2023/Conference/-/Edit"
        ],
        "domain": "NeurIPS.cc/2023/Conference",
        "license": "CC BY 4.0",
        "version": 2
      },
      {
        "id": "aCQ8DjLRqn",
        "number": 6,
        "cdate": 1692357265735,
        "tcdate": 1692357265735,
        "mdate": 1704272714023,
        "tmdate": 1704272714023,
        "signatures": [
          "NeurIPS.cc/2023/Conference/Submission1181/Authors"
        ],
        "readers": [
          "everyone"
        ],
        "writers": [
          "NeurIPS.cc/2023/Conference",
          "NeurIPS.cc/2023/Conference/Submission1181/Authors"
        ],
        "forum": "8BPzLxF9p5",
        "replyto": "9ZbEUgQN6x",
        "content": {
          "title": "Thanks for your response",
          "comment": "Dear Reviewer 4J6P,\n\nThanks very much for your positive feedback and further suggestions!  We'll include more convincing results in our revision as you suggested."
        },
        "invitations": [
          "NeurIPS.cc/2023/Conference/Submission1181/-/Official_Comment",
          "NeurIPS.cc/2023/Conference/-/Edit"
        ],
        "domain": "NeurIPS.cc/2023/Conference",
        "license": "CC BY 4.0",
        "version": 2
      },
      {
        "id": "WI0tM0k5Ur",
        "number": 1,
        "cdate": 1695318157181,
        "tcdate": 1695318157181,
        "mdate": 1703016437656,
        "tmdate": 1703016437656,
        "signatures": [
          "NeurIPS.cc/2023/Conference/Program_Chairs"
        ],
        "nonreaders": [],
        "readers": [
          "everyone"
        ],
        "writers": [
          "NeurIPS.cc/2023/Conference",
          "NeurIPS.cc/2023/Conference/Program_Chairs"
        ],
        "forum": "8BPzLxF9p5",
        "replyto": "8BPzLxF9p5",
        "content": {
          "title": "Paper Decision",
          "decision": "Accept (poster)",
          "comment": "This paper received four Borderline Accept recommendations and one Borderline Reject (no update after the initial rating).\n\nThis work presents a semi-supervised learning approach for image segmentation with efficient label propagation has been proposed.\n\nOne main concern is about the significance in novelty as label propagation has been widely adopted in semi-supervised learning. The authors claimed to have presented new algorithms with efficient global and local affinity maps.\n\nFrom a historical view, the weakly-supervised setting typically refers to the setting where the image-level labels are given without the pixel-level supervision.\n\nVezhnevets, A., Buhmann, J.M., \"Towards weakly supervised semantic segmentation by means of multiple instance and multitask learning\", CVPR 2010.\nD. Pathak, E. Shelhamer, J. Long, and T. Darrell, “Fully convolutional multi-class multiple instance learning,” arXiv:1412.7144, 2014.\nD. Pathak, P. Kr€ahenbuhl, and T. Darrell, “Constrained convolutional neural networks for weakly supervised segmentation,” ICCV, 2015.\nP. O. Pinheiro and R. Collobert, “From image-level to pixel-level labeling with convolutional networks,” ICCV 2015.\nG. Papandreou, L.-C. Chen, K. Murphy, and A. L. Yuille, “Weakly- and semi-supervised learning of a DCNN for semantic image segmentation,”\nICCV, 2015.\n\nLabel propagation has been widely initiated in the semi-supervised learning setting. It is unfortunate that the many of the recent deep learning papers fail to trace back to origins of the literature. For example, the work by Xiaojin Zhu is important but has been ignored:\n\"Semi-supervised learning literature survey\", Xiaojin Zhu.\n\"Semi-supervised learning using gaussian fields and harmonic functions\", X Zhu, Z Ghahramani, JD Lafferty, ICML 2003.\n\nIn some of the related works, the term of \"weak-supervised\" has been extended to include what was traditionally considered as \"semi-supervised\". This creates confusion in the literature. The authors are recommended to make the definition clear in the revision by better connecting to the literature."
        },
        "invitations": [
          "NeurIPS.cc/2023/Conference/Submission1181/-/Decision",
          "NeurIPS.cc/2023/Conference/-/Edit"
        ],
        "domain": "NeurIPS.cc/2023/Conference",
        "license": "CC BY 4.0",
        "version": 2
      }
    ],
    "directReplies": [
      {
        "id": "hgsP7j2rl1",
        "number": 1,
        "cdate": 1688479383839,
        "tcdate": 1688479383839,
        "mdate": 1702410774035,
        "tmdate": 1702410774035,
        "signatures": [
          "NeurIPS.cc/2023/Conference/Submission1181/Reviewer_bNsh"
        ],
        "nonreaders": [],
        "readers": [
          "everyone"
        ],
        "writers": [
          "NeurIPS.cc/2023/Conference",
          "NeurIPS.cc/2023/Conference/Submission1181/Reviewer_bNsh"
        ],
        "forum": "8BPzLxF9p5",
        "replyto": "8BPzLxF9p5",
        "content": {
          "summary": "This paper proposes a novel universal component for weakly-supervised segmentation by formulating it as an affinity propagation process. It simultaneously utilizes a global and a local pairwise affinity term to generate soft pseudo labels. An efficient algorithm is also developed to reduce the computational cost. Experiments on three label-efficient segmentation tasks demonstrate the effectiveness of the proposed method.",
          "soundness": "3 good",
          "presentation": "2 fair",
          "contribution": "3 good",
          "strengths": "1. The proposed framework uses both global and local pairwise affinity term and achieves superior performance.\n2. The efficient implementation of global affinity propagation can greatly reduce computational cost.\n3. The proposed approach can be conveniently plugged into existing segmentation networks.\n4. The experiments are abundant, covering many label-efficient segmentation tasks.",
          "weaknesses": "1. This approach seems parameter-sensitive. The slight variation of $\\zeta_s$, $\\zeta_g$ may lead to notable fluctuation of segmentation performance. Is there consistency in the parameters used across different tasks and datasets?\n2. The efficiency of the whole framework is not intuitive. By introducing both global and local pairwise affinity term, is there a significant decrease in efficiency? It would be helpful if authors could present the change of training time with/without APro.\n",
          "questions": "1. How to determine the number of iterations?\n2. The runtime details in Table 7 are not clear, such as iterations, batch size, device...\n3. In MaskCLIP, key smoothing and prompt denoising are proposed to refine the pseudo masks. The key smoothing also aims to realize global affinity propagation based on the similarity of key features (not used in the MaskCLIP+ setting). It would be helpful to explore their effects.\n",
          "limitations": "Please refer to the Weaknesses part.",
          "flag_for_ethics_review": [
            "No ethics review needed."
          ],
          "rating": "5: Borderline accept: Technically solid paper where reasons to accept outweigh reasons to reject, e.g., limited evaluation. Please use sparingly.",
          "confidence": "3: You are fairly confident in your assessment. It is possible that you did not understand some parts of the submission or that you are unfamiliar with some pieces of related work. Math/other details were not carefully checked.",
          "code_of_conduct": "Yes"
        },
        "invitations": [
          "NeurIPS.cc/2023/Conference/Submission1181/-/Official_Review",
          "NeurIPS.cc/2023/Conference/-/Edit"
        ],
        "domain": "NeurIPS.cc/2023/Conference",
        "license": "CC BY 4.0",
        "version": 2
      },
      {
        "id": "YIl8lEuwoh",
        "number": 2,
        "cdate": 1688504047708,
        "tcdate": 1688504047708,
        "mdate": 1702410773970,
        "tmdate": 1702410773970,
        "signatures": [
          "NeurIPS.cc/2023/Conference/Submission1181/Reviewer_8pug"
        ],
        "nonreaders": [],
        "readers": [
          "everyone"
        ],
        "writers": [
          "NeurIPS.cc/2023/Conference",
          "NeurIPS.cc/2023/Conference/Submission1181/Reviewer_8pug"
        ],
        "forum": "8BPzLxF9p5",
        "replyto": "8BPzLxF9p5",
        "content": {
          "summary": "This paper proposes an affinity propagation algorithm for weakly supervised segmentation. Given image segmentation data with only sparse box/point/scribbles annotations, the proposed method propagates these annotations to other pixels as pseudo masks for training. Global affinity and local affinity are proposed to capture global pairwise potential and local connectivity respectively. The authors propose an efficient implementation for the propagation of these two types of affinity which makes training practical. The final model performs better than prior works in PASCAL VOC and COCO with partial annotations. ",
          "soundness": "3 good",
          "presentation": "3 good",
          "contribution": "3 good",
          "strengths": "- The proposed framework is simple and effective. Both global and local affinity propagation are intuitive, and the resultant method achieves strong performance compared to existing works without bells and whistles. This shows the effectiveness of the proposed affinity propagation mechanism.\n\n- The authors propose an efficient implementation for the affinity propagation algorithm which is crucial for making training with this method practical. The authors claim that it is five times faster than mean-field [29]. This fast algorithm is also potentially useful for future work in other directions.\n",
          "weaknesses": "- The affinities are defined on pixel intensity which can be limiting as it is sensitive to lighting and low-level noises. It might help to incorporate deep features from self-supervised, pre-trained networks (e.g., MAE).\n\n- Another direction for segmentation is open-vocabulary segmentation which can benefit from scaling and data engines (e.g., SAM). The proposed method does not seem to be scalable as the affinity is fixed to low-level color differences.\n\n- Missing related work and discussion: Learning Pixel-level Semantic Affinity with Image-level Supervision for Weakly Supervised Semantic Segmentation, CVPR 2018\n",
          "questions": "- Will the code be released? I see no mention of this in the paper. It would help the community if an open-source version is available, especially for the non-trivial GPU implementation of affinity propagation.\n\n- When comparing speed with mean-field [29], are both algorithms running on GPU?\n",
          "limitations": "Limitations are mentioned in Section D in the supplementary material. The authors mention that the use of only image intensity to compute affinity is a limitation which I agree with.",
          "flag_for_ethics_review": [
            "No ethics review needed."
          ],
          "rating": "5: Borderline accept: Technically solid paper where reasons to accept outweigh reasons to reject, e.g., limited evaluation. Please use sparingly.",
          "confidence": "3: You are fairly confident in your assessment. It is possible that you did not understand some parts of the submission or that you are unfamiliar with some pieces of related work. Math/other details were not carefully checked.",
          "code_of_conduct": "Yes"
        },
        "invitations": [
          "NeurIPS.cc/2023/Conference/Submission1181/-/Official_Review",
          "NeurIPS.cc/2023/Conference/-/Edit"
        ],
        "domain": "NeurIPS.cc/2023/Conference",
        "license": "CC BY 4.0",
        "version": 2
      },
      {
        "id": "ZcC3jr918b",
        "number": 3,
        "cdate": 1688508370446,
        "tcdate": 1688508370446,
        "mdate": 1702410773902,
        "tmdate": 1702410773902,
        "signatures": [
          "NeurIPS.cc/2023/Conference/Submission1181/Reviewer_acqT"
        ],
        "nonreaders": [],
        "readers": [
          "everyone"
        ],
        "writers": [
          "NeurIPS.cc/2023/Conference",
          "NeurIPS.cc/2023/Conference/Submission1181/Reviewer_acqT"
        ],
        "forum": "8BPzLxF9p5",
        "replyto": "8BPzLxF9p5",
        "content": {
          "summary": "This paper develops a weakly-supervised segmentation framework based on affinity propagation. It overcomes the drawback of simply modeling neighboring pairwise potentials and proposes both global and local affinity terms to generate pseudo labels. The authors demonstrate the effectiveness of the proposed method in box-supervised instance segmentation, point/scribble-supervised semantic segmentation, and CLIP-guided semantic segmentation tasks. ",
          "soundness": "3 good",
          "presentation": "2 fair",
          "contribution": "3 good",
          "strengths": "Originality: The paper proposes two kinds of pairwise affinity propagation which are novel for weakly-supervised image segmentation settings. The global affinity propagation employs a minimum spanning tree to remove the edge with a large distance to obtain the tree-based sparse graph, which explicitly captures long-range dependency, while local affinity propagation leverages the conventional Gaussian kernel.  The combination of the two enhances the performances based on Table 4. \n\nQuality: The paper itself is self-contained and includes sufficient experimental setup and details. \n\nClarity: The paper is well-written but it might be hard to follow. It would be hard to understand the context of the proposed method for my initial reading and still creates some confusion after repeated reading. Figures are suggested to enhance the clarity of certain concepts developed in this paper. \n\nSignificance: I give high significance to this paper, as it proposes an effective and convincing method for a well-known and challenging problem.  \n",
          "weaknesses": "Personally, the biggest concern of this paper is the clarification. Basically, the authors devised two affinity scheme to create long-range and short-distance dependencies and both of them uses the same framework as described in Equ. 2. However, it would be very hard to understand the details of the global one. Authors are suggested to make a graphical illustration to demonstrate the idea.  Also, it still remains confusion about the method, as will be asked in the next section.\n",
          "questions": "It would be appreciated if the authors can kindly reply to my questions and concerns. I will consider raising my evaluation. \n\n- The whole framework of affination is defined on the classic CRF model, as cited in line 110. However, it is noted that in [33], the energy function is the sum of unaries and the sum of pairwise potentials. The CRF model in Equ. 2 turns out to be the sum of products between unary and pairwise terms. If understand correctly, this formulation can be interpreted as the weighted sum of unaries defined on neighbor pixels, with weights calculated from pairwise terms. I am wondering how the authors draw an equivalence between the two formulations. \n\n- What is the $\\mathcal{L}_{g}$ used in Equ. 1? is it a partial cross-entropy? how is it defined with non-annotated pixels? The unary used in Equ. 2 is then the output distribution of only labeled pixels or all pixels?\n\n- In 3.2.1, the node in line 127 is defined as a pixel right? why the set of edges can have N-1 elements, as defined in line 132\n\n- How do authors set the degree of similarity defined on line 143? is it unique for all nodes?\n\n- Can the authors explain why the tree-based model preserves topology?\n\n- For the local affinity propagation, I always consider Equ. 6 as a sum of neighbor pixels weighted by the intensities, similar to the conventional CRF model [33]. However, in [33], a spatial smoothness term is added. The authors want to explain how their method preserves spatial smoothness. \n\n- Based on Equ.6  I don't see any necessity of iterating it (there are even no iterative parameters inside). What does it mean by saying iterating local affinity leads to better performance? \n\n- what is the transmission cost? \n\n\n- In 3.2.1 and 3.2.1, the authors then obtain two sets of pseudo labels, $y^{g}$ and $y^{s}$. How do they exactly train the network with these two sets of labels? How to merge them when using them together?\n\n\n",
          "limitations": "The authors adequately addressed the limitations.",
          "flag_for_ethics_review": [
            "No ethics review needed."
          ],
          "rating": "5: Borderline accept: Technically solid paper where reasons to accept outweigh reasons to reject, e.g., limited evaluation. Please use sparingly.",
          "confidence": "4: You are confident in your assessment, but not absolutely certain. It is unlikely, but not impossible, that you did not understand some parts of the submission or that you are unfamiliar with some pieces of related work.",
          "code_of_conduct": "Yes"
        },
        "invitations": [
          "NeurIPS.cc/2023/Conference/Submission1181/-/Official_Review",
          "NeurIPS.cc/2023/Conference/-/Edit"
        ],
        "domain": "NeurIPS.cc/2023/Conference",
        "license": "CC BY 4.0",
        "version": 2
      },
      {
        "id": "XCX0Zj17Dw",
        "number": 4,
        "cdate": 1689255795870,
        "tcdate": 1689255795870,
        "mdate": 1702410773825,
        "tmdate": 1702410773825,
        "signatures": [
          "NeurIPS.cc/2023/Conference/Submission1181/Reviewer_4J6P"
        ],
        "nonreaders": [],
        "readers": [
          "everyone"
        ],
        "writers": [
          "NeurIPS.cc/2023/Conference",
          "NeurIPS.cc/2023/Conference/Submission1181/Reviewer_4J6P"
        ],
        "forum": "8BPzLxF9p5",
        "replyto": "8BPzLxF9p5",
        "content": {
          "summary": "This paper proposes an affinity propagation method within local and global perspectives to improve the pseudo labels generated by the model for the parts without GT masks. Meanwhile, they then propose an efficient implementation to solve the heavy computation by graph modeling.  The authors conduct experiments on several benchmarks to showcase their improvements on point/scribble/bbox-level weakly-supervised semantic segmentation, acting as a plug-in module to enhance their segmentation performance. And competitive performances are obtained naturally.",
          "soundness": "3 good",
          "presentation": "3 good",
          "contribution": "2 fair",
          "strengths": "1. The writing of this paper is easy to follow.\n2. Extensive experiments are studied and analyzed to present the proposed method.\n3. The final performances are competitive.",
          "weaknesses": "1. To my concern, affinity propagation exploration has been studied widely in the weakly-supervised learning community, such as [1]. The overall novelty of this paper sounds limited because their method has a lot of overlappings with previous method, though the author adapt a graph modeling to analyze and model the propagation procedure. It is important to demonstrate the main differences from the proposed method with others.\n\n    [1] Learning Affinity from Attention: End-to-End Weakly-Supervised Semantic Segmentation with Transformers, CVPR2022\n\n2. From the eq3 and eq5, it is hard to get the point, of how they define the global and local respectively since the main differences lie in that a max operation is performed in eq3 and the points-set in eq5 is local but not detailed clearly.\n\n3. The motivation for adapting Gaussian to model the local part in this paper should present more reasonably, for example, by giving some experiments directly to see that the Gaussian methods indeed capture the local receptive features.\n\n4. Despite the point/scribble/bbox-level weakly supervised semantic segmentation, how about the results when performing on semi-/image-level supervised semantic segmentation tasks to validate that the proposed method indeed helps to improve the soft-pseudo label for the unlabeled pixels?\n\n5. Some important references are missing below while these methods may discuss in the paper too.\n\n    [2] Reducing Information Bottleneck for Weakly Supervised Semantic Segmentation, NeurIPS 2021\n\n    [3] Expansion and Shrinkage of Localization for Weakly-Supervised Semantic Segmentation, NeurIPS 2022\n\n    [4] Revisiting Weak-to-Strong Consistency in Semi-Supervised Semantic Segmentation, CVPR2023\n\n    [5] Semi-Supervised Semantic Segmentation With Error Localization Network, CVPR2022",
          "questions": "Please refer to the weakness part.",
          "limitations": "Despite the limited novelty in this phase, this paper can be stronger when the authors well address my questions above.",
          "flag_for_ethics_review": [
            "No ethics review needed."
          ],
          "rating": "5: Borderline accept: Technically solid paper where reasons to accept outweigh reasons to reject, e.g., limited evaluation. Please use sparingly.",
          "confidence": "4: You are confident in your assessment, but not absolutely certain. It is unlikely, but not impossible, that you did not understand some parts of the submission or that you are unfamiliar with some pieces of related work.",
          "code_of_conduct": "Yes"
        },
        "invitations": [
          "NeurIPS.cc/2023/Conference/Submission1181/-/Official_Review",
          "NeurIPS.cc/2023/Conference/-/Edit"
        ],
        "domain": "NeurIPS.cc/2023/Conference",
        "license": "CC BY 4.0",
        "version": 2
      },
      {
        "id": "WzOU7KPRpZ",
        "number": 5,
        "cdate": 1690021983440,
        "tcdate": 1690021983440,
        "mdate": 1702410773759,
        "tmdate": 1702410773759,
        "signatures": [
          "NeurIPS.cc/2023/Conference/Submission1181/Reviewer_bFj5"
        ],
        "nonreaders": [],
        "readers": [
          "everyone"
        ],
        "writers": [
          "NeurIPS.cc/2023/Conference",
          "NeurIPS.cc/2023/Conference/Submission1181/Reviewer_bFj5"
        ],
        "forum": "8BPzLxF9p5",
        "replyto": "8BPzLxF9p5",
        "content": {
          "summary": "This paper utilizes local and global pairwise affinity terms to generate accurate soft pseudo labels and incorporates an efficient algorithm to reduce computational costs. Experimental results demonstrate the approach's superior performance in various segmentation tasks.",
          "soundness": "3 good",
          "presentation": "3 good",
          "contribution": "2 fair",
          "strengths": "Experimental results demonstrate the approach's superior performance in various segmentation tasks.\nThe paper is easy to understand.",
          "weaknesses": "The affinity methods are commonly used in weakly supervised segmentation tasks, such as 'Learning Affinity from Attention: End-to-End Weakly-Supervised SemanticSegmentation with Transformers\nAffinity Attention Graph Neural Network for Weakly Supervised Semantic Segmentation.\nLearning Pixel-level Semantic Affinity with Image-level Supervision for Weakly Supervised Semantic Segmentation\nWeakly Supervised Learning of Instance Segmentation with Inter-pixel Relations.'\n\nThe novelty of their method might be limited compared to existing affinity-based approaches. To stand out, the author should clearly highlight the differences between their method and the mentioned ones. It could be in terms of the formulation of the affinity modeling task, the incorporation of local and global pairwise affinity terms, the generation of accurate soft pseudo labels, or the development of an efficient algorithm to reduce computational costs.\n\nProviding a thorough comparison with these existing methods would help readers understand the unique contributions of the proposed approach and its advantages over previous approaches. By highlighting these differences, the paper can demonstrate why their method is valuable and relevant in the context of weakly supervised segmentation tasks.",
          "questions": "To make their contribution more apparent, the author should provide a comprehensive comparison of the proposed method's performance with previous approaches of the generated pseudo ground truth. This comparison would highlight the advantages and improvements of their approach over existing methods in terms of accuracy, efficiency, and other relevant metrics.\n\nBy including a thorough analysis of the pseudo ground truth performance, readers can better understand the strengths of the proposed approach and how it outperforms or complements existing techniques. ",
          "limitations": "See Weaknesses",
          "flag_for_ethics_review": [
            "No ethics review needed."
          ],
          "rating": "4: Borderline reject: Technically solid paper where reasons to reject, e.g., limited evaluation, outweigh reasons to accept, e.g., good evaluation. Please use sparingly.",
          "confidence": "4: You are confident in your assessment, but not absolutely certain. It is unlikely, but not impossible, that you did not understand some parts of the submission or that you are unfamiliar with some pieces of related work.",
          "code_of_conduct": "Yes"
        },
        "invitations": [
          "NeurIPS.cc/2023/Conference/Submission1181/-/Official_Review",
          "NeurIPS.cc/2023/Conference/-/Edit"
        ],
        "domain": "NeurIPS.cc/2023/Conference",
        "license": "CC BY 4.0",
        "version": 2
      },
      {
        "id": "RPXIROdeWA",
        "number": 1,
        "cdate": 1691600153842,
        "tcdate": 1691600153842,
        "mdate": 1704275143379,
        "tmdate": 1704275143379,
        "signatures": [
          "NeurIPS.cc/2023/Conference/Submission1181/Authors"
        ],
        "readers": [
          "everyone"
        ],
        "writers": [
          "NeurIPS.cc/2023/Conference",
          "NeurIPS.cc/2023/Conference/Submission1181/Authors"
        ],
        "forum": "8BPzLxF9p5",
        "replyto": "8BPzLxF9p5",
        "content": {
          "rebuttal": "**General Response**\n\nWe express our gratitude to all reviewers for their insightful comments, which significantly strengthen our paper. We will revise our manuscript accordingly. \n\nAs three out of the five reviewers concern the differences between our work and some existing works[1-3], we'd like to first clarify that our formulation and process are different from them. The works in [1,3] are based on the random walk and local operation, and [2] utilizes the sparsely weighted graphs with a GNN-based affinity attention module. In contrast to them, our presented method models the semantic affinity through the formulated affinity propagation processes, which takes advantage of both the global affinity model using the Minimum Spanning Tree as well as the complementary local one with Gaussian kernel.  \n\nBesides, our work aims to devise a general and efficient plug-in module for various label-efficient segmentation tasks without the need to modify the network itself.  Compared with the existing methods, our approach is able to capture fine-grained affinity to generate accurate mask labels. For a detailed discussion and performance comparisons, please kindly refer to our **Response to Reviewer bFj5**.\n\nTo reproduce our results, we will release the full source code of our presented affinity propagation with efficient implementation for each label-efficient task.\n\nIn the following, we address the specific concerns point by point. The corresponding figures and captions are included in **the submitted PDF file**. Please feel free to check. \n\n&emsp;\n\n[1] Learning Affinity from Attention: End-to-End Weakly-Supervised Semantic Segmentation with Transformers, CVPR2022. \n\n[2] Affinity Attention Graph Neural Network for Weakly Supervised Semantic Segmentation, TPAMI2021.\n\n[3] Learning Pixel-level Semantic Affinity with Image-level Supervision for Weakly Supervised Semantic Segmentation, CVPR2018.",
          "pdf": "/pdf/d7ba95e953b81a7e40d234152a3cb8ce8f69de3f.pdf"
        },
        "invitations": [
          "NeurIPS.cc/2023/Conference/Submission1181/-/Author_Rebuttal",
          "NeurIPS.cc/2023/Conference/-/Edit"
        ],
        "domain": "NeurIPS.cc/2023/Conference",
        "license": "CC BY 4.0",
        "version": 2
      },
      {
        "id": "WI0tM0k5Ur",
        "number": 1,
        "cdate": 1695318157181,
        "tcdate": 1695318157181,
        "mdate": 1703016437656,
        "tmdate": 1703016437656,
        "signatures": [
          "NeurIPS.cc/2023/Conference/Program_Chairs"
        ],
        "nonreaders": [],
        "readers": [
          "everyone"
        ],
        "writers": [
          "NeurIPS.cc/2023/Conference",
          "NeurIPS.cc/2023/Conference/Program_Chairs"
        ],
        "forum": "8BPzLxF9p5",
        "replyto": "8BPzLxF9p5",
        "content": {
          "title": "Paper Decision",
          "decision": "Accept (poster)",
          "comment": "This paper received four Borderline Accept recommendations and one Borderline Reject (no update after the initial rating).\n\nThis work presents a semi-supervised learning approach for image segmentation with efficient label propagation has been proposed.\n\nOne main concern is about the significance in novelty as label propagation has been widely adopted in semi-supervised learning. The authors claimed to have presented new algorithms with efficient global and local affinity maps.\n\nFrom a historical view, the weakly-supervised setting typically refers to the setting where the image-level labels are given without the pixel-level supervision.\n\nVezhnevets, A., Buhmann, J.M., \"Towards weakly supervised semantic segmentation by means of multiple instance and multitask learning\", CVPR 2010.\nD. Pathak, E. Shelhamer, J. Long, and T. Darrell, “Fully convolutional multi-class multiple instance learning,” arXiv:1412.7144, 2014.\nD. Pathak, P. Kr€ahenbuhl, and T. Darrell, “Constrained convolutional neural networks for weakly supervised segmentation,” ICCV, 2015.\nP. O. Pinheiro and R. Collobert, “From image-level to pixel-level labeling with convolutional networks,” ICCV 2015.\nG. Papandreou, L.-C. Chen, K. Murphy, and A. L. Yuille, “Weakly- and semi-supervised learning of a DCNN for semantic image segmentation,”\nICCV, 2015.\n\nLabel propagation has been widely initiated in the semi-supervised learning setting. It is unfortunate that the many of the recent deep learning papers fail to trace back to origins of the literature. For example, the work by Xiaojin Zhu is important but has been ignored:\n\"Semi-supervised learning literature survey\", Xiaojin Zhu.\n\"Semi-supervised learning using gaussian fields and harmonic functions\", X Zhu, Z Ghahramani, JD Lafferty, ICML 2003.\n\nIn some of the related works, the term of \"weak-supervised\" has been extended to include what was traditionally considered as \"semi-supervised\". This creates confusion in the literature. The authors are recommended to make the definition clear in the revision by better connecting to the literature."
        },
        "invitations": [
          "NeurIPS.cc/2023/Conference/Submission1181/-/Decision",
          "NeurIPS.cc/2023/Conference/-/Edit"
        ],
        "domain": "NeurIPS.cc/2023/Conference",
        "license": "CC BY 4.0",
        "version": 2
      }
    ],
    "signatures": []
  }
}