{
  "id": "8S9Fbee743",
  "number": 15169,
  "cdate": 1683832196028,
  "tcdate": 1683832196028,
  "mdate": 1698949792396,
  "tmdate": 1698949792396,
  "signatures": [
    "NeurIPS.cc/2023/Conference/Submission15169/Authors"
  ],
  "readers": [
    "everyone"
  ],
  "writers": [
    "NeurIPS.cc/2023/Conference",
    "NeurIPS.cc/2023/Conference/Submission15169/Authors"
  ],
  "forum": "8S9Fbee743",
  "content": {
    "title": "Data-driven Optimal Filtering for Linear Systems with Unknown Noise Covariances",
    "authors": [
      "Shahriar Talebi",
      "Amirhossein Taghvaei",
      "Mehran Mesbahi"
    ],
    "authorids": [
      "~Shahriar_Talebi2",
      "~Amirhossein_Taghvaei1",
      "~Mehran_Mesbahi1"
    ],
    "keywords": [
      "Optimal filtering",
      "data-driven control",
      "stochastic optimization",
      "learning"
    ],
    "abstract": "This paper examines learning the optimal filtering policy, known as the Kalman gain, for a linear system with unknown noise covariance matrices using noisy output data. The learning problem is formulated as a stochastic policy optimiza- tion problem, aiming to minimize the output prediction error. This formulation provides a direct bridge between data-driven optimal control and, its dual, op- timal filtering. Our contributions are twofold. Firstly, we conduct a thorough convergence analysis of the stochastic gradient descent algorithm, adopted for the filtering problem, accounting for biased gradients and stability constraints. Secondly, we carefully leverage a combination of tools from linear system theory and high-dimensional statistics to derive bias-variance error bounds that scale logarithmically with problem dimension, and, in contrast to subspace methods, the length of output trajectories only affects the bias term.",
    "venue": "NeurIPS 2023 poster",
    "venueid": "NeurIPS.cc/2023/Conference",
    "pdf": "/pdf/7204d5f7a4da78215a74993f32b1d9a51ff29ab4.pdf",
    "supplementary_material": "/attachment/696354b5c73cbd3bdc5513f36d3bd4b23345a051.zip",
    "_bibtex": "@inproceedings{\ntalebi2023datadriven,\ntitle={Data-driven Optimal Filtering for Linear Systems with Unknown Noise Covariances},\nauthor={Shahriar Talebi and Amirhossein Taghvaei and Mehran Mesbahi},\nbooktitle={Thirty-seventh Conference on Neural Information Processing Systems},\nyear={2023},\nurl={https://openreview.net/forum?id=8S9Fbee743}\n}",
    "paperhash": "talebi|datadriven_optimal_filtering_for_linear_systems_with_unknown_noise_covariances"
  },
  "invitations": [
    "NeurIPS.cc/2023/Conference/-/Submission",
    "NeurIPS.cc/2023/Conference/-/Post_Submission",
    "NeurIPS.cc/2023/Conference/-/PC_Revision",
    "NeurIPS.cc/2023/Conference/Submission15169/-/Revision",
    "NeurIPS.cc/2023/Conference/Submission15169/-/Supplementary_Material_Revision",
    "NeurIPS.cc/2023/Conference/-/Edit",
    "NeurIPS.cc/2023/Conference/Submission15169/-/Camera_Ready_Revision"
  ],
  "domain": "NeurIPS.cc/2023/Conference",
  "pdate": 1695326172092,
  "odate": 1698949792378,
  "version": 2,
  "details": {
    "writable": false,
    "tags": [],
    "replyCount": 13,
    "directReplyCount": 6,
    "replies": [
      {
        "id": "MQGSiFrQp3",
        "number": 1,
        "cdate": 1688242877315,
        "tcdate": 1688242877315,
        "mdate": 1702411509540,
        "tmdate": 1702411509540,
        "signatures": [
          "NeurIPS.cc/2023/Conference/Submission15169/Reviewer_4EhD"
        ],
        "nonreaders": [],
        "readers": [
          "everyone"
        ],
        "writers": [
          "NeurIPS.cc/2023/Conference",
          "NeurIPS.cc/2023/Conference/Submission15169/Reviewer_4EhD"
        ],
        "forum": "8S9Fbee743",
        "replyto": "8S9Fbee743",
        "content": {
          "summary": "The paper builds on the duality between estimation and control, in order to develop an online data-driven method for MSE-optimal filtering of linear systems with linear observations. Process and observation noise covariances are considered unknown, but stochastic states are assumed to be bounded.  The paper proposes using SGD in the space of steady-state  stabilizing gains, claims asymptotic convergence to the optimal gain, and provides an asymptotic probabilistic bound on the deviation from optimal error.",
          "soundness": "3 good",
          "presentation": "2 fair",
          "contribution": "3 good",
          "strengths": "Although the use of online optimization for controlling linear-quadratic settings is not new (e.g. [r1]), exploiting the duality between control and filtering problems is novel and interesting in this context. The concentration and error bounds are not trivial and useful, as concentration bound is non-asymptotic in the series length T.\nProof of SGD convergence and error bounds are novel as well, even if derived under very strong assumptions.\n\n[r1] Cohen A. et al., \"Online Linear Quadratic Control\", 2018 \n\n",
          "weaknesses": "Overall, I believe the authors did their best that the paper will be well-organized and clear (as it can be for a rather technical manuscript). The explanations and given outlines before each section are indeed helpful.  However, it is still very hard to follow the assumptions and constant definitions, and some of the conclusions. Writing becomes very laconic at some crucial points (e.g. Thm. 2, Remark 7).\n\nParticularly, Thm.2 and it's proof are not clear hence it is hard to get convinced in their soundness.  Furthermore, In the introduction it is stated that convergence is guaranteed from every initial policy, but according to Theorem 2 the policy cannot enter (or start in) a class of policies where gradient is smaller than some constant. I didn't find any discussion about when trajectories enter this region. My impression is that this is a good paper, and I might be missing something. I will be willing to raise my score when given a more detailed proof and this clarification.\n",
          "questions": "I ask for a more detailed proof for Thm. 2 (see above).\n\nIn addition, a summary of all assumptions, results and notations can be very useful.\n\n\n\nMinor typos:\n\nl. 249 't' should be replaced by $\\gamma$.\n\nl. 276 I think i should go between 1 and T-1.\n\nl. 309 quite.\n",
          "limitations": "The online method uses a surrogate loss using the observations, this is a reasonable choice due to lack of ground-truth states and the observability, which is a strong assumption. The paper should discuss the implications of using this loss with more general (i.e. non observable) systems.\n\n",
          "flag_for_ethics_review": [
            "No ethics review needed."
          ],
          "rating": "8: Strong Accept: Technically strong paper, with novel ideas, excellent impact on at least one area, or high-to-excellent impact on multiple areas, with excellent evaluation, resources, and reproducibility, and no unaddressed ethical considerations.",
          "confidence": "3: You are fairly confident in your assessment. It is possible that you did not understand some parts of the submission or that you are unfamiliar with some pieces of related work. Math/other details were not carefully checked.",
          "code_of_conduct": "Yes"
        },
        "invitations": [
          "NeurIPS.cc/2023/Conference/Submission15169/-/Official_Review",
          "NeurIPS.cc/2023/Conference/-/Edit"
        ],
        "domain": "NeurIPS.cc/2023/Conference",
        "license": "CC BY 4.0",
        "version": 2
      },
      {
        "id": "JjANrZRKii",
        "number": 2,
        "cdate": 1688286255654,
        "tcdate": 1688286255654,
        "mdate": 1702411509383,
        "tmdate": 1702411509383,
        "signatures": [
          "NeurIPS.cc/2023/Conference/Submission15169/Reviewer_yyZM"
        ],
        "nonreaders": [],
        "readers": [
          "everyone"
        ],
        "writers": [
          "NeurIPS.cc/2023/Conference",
          "NeurIPS.cc/2023/Conference/Submission15169/Reviewer_yyZM"
        ],
        "forum": "8S9Fbee743",
        "replyto": "8S9Fbee743",
        "content": {
          "summary": "This submission examines the learning of the Kalman filter gain for linear systems with unknown covariance matrices using noisy output data. Similar to learning the linear quadratic regulators for unknown linear systems, the learning problem here is posed as a stochastic policy optimization problem which minimizes the expected output prediction error. Bridging together the learning of kalman gain and the optimal control gain, the paper provides an interesting convergence analysis of stochastic gradient descent for the policy optimization problem, and bias-variance error bounds of the learning problem by employing a set of tools from linear systems and stochastic geometry. ",
          "soundness": "3 good",
          "presentation": "4 excellent",
          "contribution": "3 good",
          "strengths": "+) The learning of the Kalman gain as a stochastic policy optimization problem which is amendable to results and studies of learning linear quadratic regulators in the literature;\n+) the dual of learning the Kalman gain and the optimal control gain in the data-driven setting;\n+) biased gradients and stability constraints are strategically handled when learning the Kalman gain, along with the bias-variance error bounds.",
          "weaknesses": "-) The setup is not very practical as the system matrices are assumed perfectlt known but only the covariance matrices are unknown; even in e.g., the stated application aircraft wign dynamics where only approximate models are known, one would assume imperfect knowledge of both the system matrices and covariance matrices; or identifying them via data-driven method first. \n-) For the learning problem described in lines 106-108, it is unclear whether the problem is well-posed in the sense that given these information (data), wheher one is able to learn the steady -state Kalman gain L_\\infinity, or at least how large the horizon T shall be such that one will be able to have a unique L_\\infty?\n-) In (1), are uncorrelated random vectors enough for deriving the optimal Kalman filter without mutually independent random noise vectors? Also in the formulation of (5), what are random quantities and do we have any condition expectations or not?\n",
          "questions": "It would be great if the results can be compared with more related works on learning the Kalman filter under different settings; Zheng, Y. et al. Sample complexity of linear quadratic gaussian (LQG) control for output feedback systems. In Learning for dynamics and control (pp. 559-570). PMLR. Zhang, X. et al. Learning the Kalman filter with fine-grained sample complexity. arXiv preprint arXiv:2301.12624. In the behavioral theory literature, results are available for learning the Kalman filter for unknown linear systems by using data, although seemingly in addition to the noisy output data and also the pure state data, in e.g., Liu, W. et al. Learning Robust Data-based LQG Controllers from Noisy Data. arXiv preprint arXiv:2305.01417. ",
          "limitations": "NA",
          "flag_for_ethics_review": [
            "No ethics review needed."
          ],
          "rating": "6: Weak Accept: Technically solid, moderate-to-high impact paper, with no major concerns with respect to evaluation, resources, reproducibility, ethical considerations.",
          "confidence": "4: You are confident in your assessment, but not absolutely certain. It is unlikely, but not impossible, that you did not understand some parts of the submission or that you are unfamiliar with some pieces of related work.",
          "code_of_conduct": "Yes"
        },
        "invitations": [
          "NeurIPS.cc/2023/Conference/Submission15169/-/Official_Review",
          "NeurIPS.cc/2023/Conference/-/Edit"
        ],
        "domain": "NeurIPS.cc/2023/Conference",
        "license": "CC BY 4.0",
        "version": 2
      },
      {
        "id": "M17rWh2PhQ",
        "number": 3,
        "cdate": 1689079897386,
        "tcdate": 1689079897386,
        "mdate": 1702411509279,
        "tmdate": 1702411509279,
        "signatures": [
          "NeurIPS.cc/2023/Conference/Submission15169/Reviewer_aTTt"
        ],
        "nonreaders": [],
        "readers": [
          "everyone"
        ],
        "writers": [
          "NeurIPS.cc/2023/Conference",
          "NeurIPS.cc/2023/Conference/Submission15169/Reviewer_aTTt"
        ],
        "forum": "8S9Fbee743",
        "replyto": "8S9Fbee743",
        "content": {
          "summary": "This paper focuses on learning the optimal filtering policy (Kalman gain) in a linear system with known system matrices and unknown covariance matrices of noise. The paper considers a proxy objective to avoid learning with hidden variables and characterizes a dual form of the objective, optimized subsequently using SGD. Convergence analysis and finite-time error bounds are provided.",
          "soundness": "3 good",
          "presentation": "3 good",
          "contribution": "2 fair",
          "strengths": "originality: studies a traditional Kalman filtering problem with a different setting and objective. The duality theory and the proposed method of optimizing the dual objective seem original.\n\nquality: provides detailed theoretical results and analysis.\n\nclarity: clearly formulate the setting. The whole picture from the background of Kalman filtering, problem setting, duality theory, to SGD convegence analysis is well organized and easy to follow.",
          "weaknesses": "1. The paper lacks enough empirical experiments to support their idea. The only two figures appear in the supplementary materials, but the linear convergence outside a region near optimal, along with reasons why performances of the $M=20$ and $T=200$ case is different from other settings, is not presented clearly in this paper. It is suggested that:\n - the figures can be plot in the log scale to illustrate the linear convergence; also it is better to illustrate in the plot the scale of the \"no-linear-rate\" small region;\n - additional studies to demonstrate why medium hyperparameters $M=20$ and $T=200$, yield worst/best convergence rate among other hyperparameters (otherwise it is likely to think that the proposed SGD approach is not so robust to hyperparameters);\n - maybe comparison with some existing methods on real data is preferred.\n\n2. The organization of this paper can be improved. For example,\n - numerical results can be put in main paper.\n - from my view, it is more natural to first characterize the bias in estimated gradient (Sec.4.2) and then provide convergence guarantees under such biased gradient (Sec.4.1). Otherwise, it may lead to confusion on the need of convergence analysis under biased estimates (e.g. the appeared $E$ in Lemma 5 & Proposition 2).\n\n3. Some typos:\n - Eq.(3b) $P(T)$ should be $P(t).",
          "questions": "None",
          "limitations": "The main limitation of the proposed approach is that the biased gradient causes the convergence rate to be linear only outside a small region near the true optimal value. It may not seem so preferable if the region is large, thus not ensuring exact convergence to optimal value.",
          "flag_for_ethics_review": [
            "No ethics review needed."
          ],
          "rating": "4: Borderline reject: Technically solid paper where reasons to reject, e.g., limited evaluation, outweigh reasons to accept, e.g., good evaluation. Please use sparingly.",
          "confidence": "3: You are fairly confident in your assessment. It is possible that you did not understand some parts of the submission or that you are unfamiliar with some pieces of related work. Math/other details were not carefully checked.",
          "code_of_conduct": "Yes"
        },
        "invitations": [
          "NeurIPS.cc/2023/Conference/Submission15169/-/Official_Review",
          "NeurIPS.cc/2023/Conference/-/Edit"
        ],
        "domain": "NeurIPS.cc/2023/Conference",
        "license": "CC BY 4.0",
        "version": 2
      },
      {
        "id": "QEkFWZGC5j",
        "number": 4,
        "cdate": 1689562894957,
        "tcdate": 1689562894957,
        "mdate": 1702411509153,
        "tmdate": 1702411509153,
        "signatures": [
          "NeurIPS.cc/2023/Conference/Submission15169/Reviewer_LR36"
        ],
        "nonreaders": [],
        "readers": [
          "everyone"
        ],
        "writers": [
          "NeurIPS.cc/2023/Conference",
          "NeurIPS.cc/2023/Conference/Submission15169/Reviewer_LR36"
        ],
        "forum": "8S9Fbee743",
        "replyto": "8S9Fbee743",
        "content": {
          "summary": "This paper studies the learning of optimal steady-state Kalman filter gain for a linear dynamical system with known system matrices but unknown process and measurement noise covariances. In particular, the learning process involves minimizing the prediction error of the observed output using a dataset of independently realized observation sequences. Leveraging the duality between LQR control and Kalman filtering, the authors reformulate this learning problem as synthesizing an optimal control policy for an adjoint system and propose a stochastic gradient descent (SGD) algorithm algorithm to solve it. The authors also provide sample complexity and non-asymptotic error guarantees by conducting a convergence analysis of SGD accounting for biased gradients and stability constraints. In particular, they show that the bias-variance error bounds scale logarithmically in system dimension and that the variance term doe snot change with the horizon.\n\n\n\n",
          "soundness": "4 excellent",
          "presentation": "3 good",
          "contribution": "4 excellent",
          "strengths": "I think this paper is well-written. The text is easy to read and and the  technical details are mostly neatly presented. The analysis also makes sense although I didn't verify in detail. The results are fairly general and significant as the problem of unknown noise covariances in Kalman filtering should be practically relevant as well.\n",
          "weaknesses": "I don't consider these as weaknesses necessarily but here are a few things I would recommend the authors to consider:\n1. The results of remark 7 can be discussed earlier maybe within the informal theorem 1.\n2. You might find it useful to adopt $(\\kappa,\\gamma)-$stability definition by Cohen et al. 2018 in your bounds involving $\\sqrt{\\rho(A_L)}$, especially in Lemma 6.\n3.it wasn't clear to me in the first place why singularity of $H^TH$ requires a significantly different treatment than LQR case. maybe you can clarify this earlier in the text. \n4. It would be helpful to discuss possible future directions.\n",
          "questions": "I have a few questions to the authors out of curiosity.  How essential is it to assume bounded noise for propositions 4 and 5? In figure 1a, could you explain why we see that M=10 case seems like the best performing , even better than M=30?\n\n",
          "limitations": "The authors already addressed some of the limitations such as the requirement for perfect knowledge of system matrices. I would also consider the bounded noise setting one of the limitations that might be improved in the future works. ",
          "flag_for_ethics_review": [
            "No ethics review needed."
          ],
          "rating": "7: Accept: Technically solid paper, with high impact on at least one sub-area, or moderate-to-high impact on more than one areas, with good-to-excellent evaluation, resources, reproducibility, and no unaddressed ethical considerations.",
          "confidence": "4: You are confident in your assessment, but not absolutely certain. It is unlikely, but not impossible, that you did not understand some parts of the submission or that you are unfamiliar with some pieces of related work.",
          "code_of_conduct": "Yes"
        },
        "invitations": [
          "NeurIPS.cc/2023/Conference/Submission15169/-/Official_Review",
          "NeurIPS.cc/2023/Conference/-/Edit"
        ],
        "domain": "NeurIPS.cc/2023/Conference",
        "license": "CC BY 4.0",
        "version": 2
      },
      {
        "id": "LYrVkvflwG",
        "number": 1,
        "cdate": 1691601582961,
        "tcdate": 1691601582961,
        "mdate": 1704275142762,
        "tmdate": 1704275142762,
        "signatures": [
          "NeurIPS.cc/2023/Conference/Submission15169/Authors"
        ],
        "readers": [
          "everyone"
        ],
        "writers": [
          "NeurIPS.cc/2023/Conference",
          "NeurIPS.cc/2023/Conference/Submission15169/Authors"
        ],
        "forum": "8S9Fbee743",
        "replyto": "8S9Fbee743",
        "content": {
          "rebuttal": "We appreciate reviewers' feedback and suggestions that have helped improve the paper. We provide a summary of the response to the main concerns here, followed by individual responses to the reviewers. \n\n**Presentation of the technical results:** In order to improve the presentation of the technical result, we will make the following changes to the paper: \n\n- Remark 7 will be replaced with the formal statement of Theorem 1. This will include the main result and the necessary assumptions: \n\n**Theorem 1.** *Consider the linear system (1) under Assumptions 2 and 4. Suppose the SGD algorithm is implemented  with initial stabilizing gain $L_0$, the step-size $\\bar\\eta \\coloneqq \\frac{2}{9 \\ell(J(L_0))}$, for $k$ iterations,  a batch-size of $M$, and data-length $T$. Then, $\\forall \\varepsilon>0$ and with probability larger than $1-\\delta$, $J(L_k)  - J(L^\\*)\\leq \\varepsilon$ if $$T \\geq  O(\\ln(\\frac{1}{\\varepsilon})),\\quad  M \\geq  O(\\frac{1}{ \\varepsilon}\\ln(\\frac{1}{\\delta}) \\ln(\\ln(\\frac{1}{\\varepsilon}))), \\quad \\text{and}\\quad k \\geq O(\\ln(\\frac{1}{\\varepsilon})).$$*\n\n- In the beginning of Section 4, we will give a roadmap to navigate the technical results that concludes the proof of Theorem 1: \n1. Section 4.1 is concerned with the convergence analysis of the SGD algorithm under the assumption that oracle gives a gradient estimate that satisfies $\\|\\nabla\\widehat J(L) - \\nabla J(L)\\|_F \\leq s \\|\\nabla J(L)\\|_F + s_0$ whenever $\\nabla J(L) \\ge \\frac{s_0}{\\tau}$ for $s,\\tau \\in (0,1)$, and $s_0>0$. The main result of this section is Thm.2 which concludes the linear convergence of the iterates for sufficiently small $s_0$, i.e. \n$J(L_k)-J(L^\\*)\\leq \\varepsilon$, if $s_0\\leq O(\\sqrt{\\varepsilon})$ and $k>O(\\ln(\\frac{1}{\\varepsilon}))$. \n\n2. Section 4.2 is concerned with the bias-variance error analysis of the gradient estimate, summarized as the main result in Thm. 3. It gives the sufficient values for the batch-size $M$ and trajectory length $T$ that provides the desired bound on the gradient estimate error required in Thm.2 with arbitrary small $s$ and $s_0$. \n\n3. Combining the results from Thm. 2 and Thm. 3 concludes the main result Thm. 1. A proof sketch is provided at the end of this response. \n\n**Explanation of the empirical result:** Thanks for pointing out the strange nature of the empirical results which made us reexamine the code and find a mistake in computing the exact steady-state Kalman gain (the multiplication by the $A$ matrix was not included in the code). The mistake produces an error of the order $A - I = O(\\Delta t)$ which effected the relative order for different $M$. The corrected figures are produced in the accompanying pdf, which illustrates the expected order of the error curves and linear convergence regime. We also provide additional figures for the error at the final iteration, as a function of batch-size $M$ and time-horizon $T$. The numerical results serve to illustrate and validate the presented theoretical results. We leave extensive numerical experiments with real data on applications and empirical comparison with existing approaches for a separate work. \n\n**limitations of the learning setup:** We agree that the perfect knowledge of the system matrices is a strong assumption. Our perspective is to separate the two problems of  identification of system matrices and the learning of the Kalman gain. This is aligned with certain practical considerations as we explain below. The system identification procedure  occurs through the application of physical principles and collection of data from experiments in a controlled environment (e.g., in a wind tunnel). However, identifying the noise covariance matrices strongly depends on the operating environment which might be significantly different than the experimental setup. Therefore, it is common in engineering applications to use the learned system matrices and tune the Kalman gain to improve the estimation error. Please see [Ref 1] for the application of this procedure for gust load alleviation on aircraft wings and [Ref 2] for estimation in chemical reactor models.  We also emphasize that the assumed learning setup has a rich history in adaptive filtering with numerous references with a  recent survey on this topic [Ref 3]. Our plan for future research is to carry-out a robustness analysis, similar to  its LQR dual counterpart in [Ref 4, Ref 5], to study the effect of the error in system parameters on the learning accuracy. \n\n[Ref 1] Hinson KA, Morgansen KA, Livne E, ``Autocovariance least squares noise covariance estimation for a gust load alleviation test-bed,'' AIAA SCITECH 2022 Forum, 2021. \n\n[Ref 2] Odelson BJ, Lutz A, Rawlings JB. ``The autocovariance least-squares method for estimating covariances: application to model-based control of chemical reactors,'' IEEE Trans. Control Syst. Technol., 2006 \n\n[Ref 3] L. Zhang, D. Sidoti, A. Bienkowski, K. R. Pattipati, Y. Bar-Shalom, and D. L. Kleinman,\n391 ``On the identification of noise covariances and adaptive Kalman filtering: A new look at a 50\n392 year-old problem,'' IEEE Access, vol. 8, pp. 59362–59388, 2020\n\n[Ref 4] Safonov, M. G., and W. E. I. Z. H. E. N. G. Wang. ``Singular value properties of LQ regulators,'' IEEE transactions on automatic control 37.8 (1992): 1210-1211.\n\n[Ref 5] Chen, Ci, and Anthony Holohan. ``Stability robustness of linear quadratic regulators.'' International Journal of Robust and Nonlinear Control 26.9 (2016): 1817-1824.\n\n*Formal Proof of Theorem 1.* According to Thm.3, Assumption 3 holds at each iteration with probability at least $1-\\delta$, if  $T \\geq O(\\ln(1/s_0))$ and $M \\geq O(\\ln(1/\\delta)\\big/ s_0^2)$. As a result, Thm.2 is valid, hence \n$J(L_k)-J(L^\\*)\\leq \\varepsilon$, if $s< \\frac{1}{4}$, $s_0\\leq O(\\sqrt{\\varepsilon})$ and $k>O(\\ln(\\frac{1}{\\varepsilon}))$. \n Finally, the claim follows by combining the above bounds and using union bound for computing the failure probability of $k$ iterations.◻\n\n \n",
          "pdf": "/pdf/d88b34f8f50618f7f7efee9497b64e37e008c428.pdf"
        },
        "invitations": [
          "NeurIPS.cc/2023/Conference/Submission15169/-/Author_Rebuttal",
          "NeurIPS.cc/2023/Conference/-/Edit"
        ],
        "domain": "NeurIPS.cc/2023/Conference",
        "license": "CC BY 4.0",
        "version": 2
      },
      {
        "id": "W1BmHgFD3M",
        "number": 1,
        "cdate": 1691601717271,
        "tcdate": 1691601717271,
        "mdate": 1703018631478,
        "tmdate": 1703018631478,
        "signatures": [
          "NeurIPS.cc/2023/Conference/Submission15169/Authors"
        ],
        "readers": [
          "everyone"
        ],
        "writers": [
          "NeurIPS.cc/2023/Conference",
          "NeurIPS.cc/2023/Conference/Submission15169/Authors"
        ],
        "forum": "8S9Fbee743",
        "replyto": "MQGSiFrQp3",
        "content": {
          "rebuttal": "**Q**: *... However, it is still very hard to follow the assumptions...*\n\n**A**: Please see the Response to All for clarification on the technical results and the changes we made for the revision.\n\n**Q**: *...Particularly, Thm.2 and it's proof are not clear ...* \n\n**A**: We provide the following observation that clearly states the implications of Theorem 2 followed by its detailed proof:\n\n*Observation 1*. Combining Theorem 2 and the PL property (11a) results in a sample complexity for our\nalgorithm. In particular, it follows that  $J(L_k)-J(L^*)\\leq \\varepsilon$, if $s_0\\leq \\frac{\\sqrt{c_1(\\alpha) \\varepsilon}}{4}$, $s\\leq \\frac{1}{4}$, and the number of steps\n$k>\\ln(\\frac{\\varepsilon}{\\alpha})/\\ln(1-\\frac{c_1(\\alpha)}{18\\ell(\\alpha)}))$.\n\nWhile the original version of Theorem 2 is stated for any choice of $\\epsilon \\in (0,1)$, for simplicity we present its proof for the special case of $\\epsilon = 1/2$:\n\n*Proof of Theorem 2.* The first step of the proof is to show that the\nassumption of the Proposition 2 is satisfied for\n$E=\\nabla \\widehat J(L)$ for all\n$L \\in \\mathcal{S}\\_\\alpha \\setminus \\mathcal{C}\\_{\\gamma/2}$. This is\ntrue because $$\\begin{aligned}\n    \\|\\nabla \\widehat J(L) - \\nabla J(L)\\| \\leq s\\|\\nabla J(L)\\| + s_0 \\\\\n    \\leq s\\|\\nabla J(L)\\| + \\frac{\\gamma}{2} \\|\\nabla J(L)\\|\\\\\n    \\leq \\gamma \\|\\nabla J(L)\\|\n\\end{aligned}$$ where the first inequality follows from Assumption 3,\nthe second inequality follows from $L \\not \\in C_{\\gamma/2}$ (i.e.\n$s_0\\|\\nabla J(L)\\|\\geq \\gamma/2$), and the last step follows from the\nassumption $s\\leq \\gamma/2$.\\\nThe rest of the proof relies on repeated application of Proposition 2.\nIn particular, starting from\n$L_0 \\in \\mathcal{S}\\_\\alpha \\setminus \\mathcal{C}\\_{\\gamma/2}$, the\napplication of Proposition 2 implies that\n$L_1\\coloneqq L_0 - \\bar\\eta \\nabla\\widehat J(L_0)$ remains in the same\nsublevel set, i.e., $L_1 \\in \\mathcal{S}\\_{\\alpha}$, and we obtain the\nfollowing linear decay of the cost value:\n$$J(L_1) -J(L^*) \\leq \\left[1-c_1(\\alpha)\\bar\\eta{(1 - \\gamma)}/2\\right] [J(L_0)- J(L^*)].$$\nNow, if $L_1 \\in \\mathcal{C}\\_{\\gamma/2}$ then we stop; otherwise\n$L_1 \\in \\mathcal{S}\\_\\alpha \\setminus \\mathcal{C}\\_{\\gamma/2}$ and we can\nrepeat the above process to arrive at\n$$J(L_2) -J(L^*) \\leq \\left[1-c_1(\\alpha)\\bar\\eta{(1 - \\gamma)}/2\\right]^2 [J(L_0)- J(L^*)].$$\nRepeating the process generates a sequence of policies\n$L_0, L_1, L_2 ...$ with a combined linear decay of\n$$J(L_k) -J(L^*) \\leq \\left[1-c_1(\\alpha)\\bar\\eta{(1 - \\gamma)}/2\\right]^k [J(L_0)- J(L^*)],$$\nunless at some iteration $j$, we arrive at a policy $L_j$ such that\n$L_j \\in \\mathcal{C}\\_{\\gamma/2}$. This completes the proof. ◻\n\n\n\n**Q**: *...convergence is guaranteed from every initial policy, but...I might be missing something...*\n\n**A**: \nWe think the missing point here is the PL property of the cost that seems to understate the result of Theorem 2. As shown in Lemma 2 (and discussed in Remark 3), the cost maintain PL property on each sublevel set. In particular (11a) implies that on each $\\mathcal S_\\alpha$ , $\\|\\nabla J (L)\\|\\_F$ characterizes the optimality gap $J(L) - J(L^*)$ by:\n$$c_1(\\alpha) [J(L) - J(L^*)] \\leq  \\|\\nabla J(L)\\|\\_F^2$$ \nfor some constant $c_1(\\alpha)$. This implies that if we have arrived at a candidate policy $L_k$ for which the gradient is small, then the optimality gap should be small (involving the constant $c_1(\\alpha)$\nthat is independent of $L_k$).\n\nThis is the reason that in Theorem 2, it suffices to argue about the generated sequence $L_k$ to have a linear decay unless entering a small neighborhood of $L^*$ containing policies with small enough gradients (denoted by $\\mathcal{C}\\_\\tau$). In particular, if for some $j<k$, we arrive at some policy $L_j \\in \\mathcal{C}\\_\\tau$, then by (11a) we can conclude that:\n$$J(L_j)-J(L^*) \\leq \\frac{1}{c_1(\\alpha)} \\|\\nabla J(L_j)\\|\\_F^2  \\leq \\frac{s_0^2}{c_1(\\alpha) \\tau^2},$$\nwhich is directly controlled by the bias term $s_0$. This is the bound used also in the argument of Remark 7. We believe this is the missing point for causing the confusion about what happens when the trajectories enter this region.\n\nAdditionally, as stated in the introduction, every (stabilizing) initial policy $L_0$ amounts to a finite value of $J(L_0)$ and thus lies in some\nsublevel set $S_\\alpha$. So, starting from such $L_0$, Theorem 2 \nguarantees linear decay of the optimality gap till the trajectory enters\nthat small neighborhood. Finally, note that the radius of this\nneighborhood $\\mathcal{C}_\\tau$ is characterized by the bias term $s_0$\nwhich itself is exponentially decaying to zero in the trajectory length\n$T$.\n\n\n**Q:** *... a summary of all assumptions, results....*\n\n**A**: Assumption 1 sates that the linear system is detectable. This is the minimum requirement to make the estimation problem well-posed. \n\nAssumption 2 states that the linear system is observable. This stronger assumption is made in lieu\nof Assumption 1 to improve the clarity of the analysis with less system theoretic\ntechnicalities. \n\nAssumption 3 states an error bound on the gradient oracle. This is made in order to provide an independent analysis of the SGD algorithm\nfor locally Lipschitz functions in presence of gradient bias. This assumption is later verified by Thm. 3. \n\nAssumption 4 assumes bounded process and observation noise. This is made to facilitate application of matrix concentration inequalities.  \n\nFinally, we now have a complete nomenclature that is added to the supplementary materials.\n\n**Q**: *The online method uses a surrogate loss...*\n\n**A:** If the system is non-observable there is no guarantee for existence of a stabilizing policy unless the system is detectable (Assumption 1). In fact, detectability is a necessary and sufficient condition for well-posedness. While our analysis is presented for observable systems, we believe that the extension to detectable case is possible by adopting more system theoretic tools in Lemma 1."
        },
        "invitations": [
          "NeurIPS.cc/2023/Conference/Submission15169/Reviewer_4EhD/-/Rebuttal",
          "NeurIPS.cc/2023/Conference/-/Edit"
        ],
        "domain": "NeurIPS.cc/2023/Conference",
        "license": "CC BY 4.0",
        "version": 2
      },
      {
        "id": "K8HEdxLW2d",
        "number": 1,
        "cdate": 1691603988016,
        "tcdate": 1691603988016,
        "mdate": 1703018631631,
        "tmdate": 1703018631631,
        "signatures": [
          "NeurIPS.cc/2023/Conference/Submission15169/Authors"
        ],
        "readers": [
          "everyone"
        ],
        "writers": [
          "NeurIPS.cc/2023/Conference",
          "NeurIPS.cc/2023/Conference/Submission15169/Authors"
        ],
        "forum": "8S9Fbee743",
        "replyto": "JjANrZRKii",
        "content": {
          "rebuttal": "We appreciate your constructive comments, clarifications, and reference to relevant literature that will indeed improve this manuscript.\n\n**Q:** *The setup is not very practical as the system matrices are assumed perfectly known but only the covariance matrices are unknown...*\n\n**A:** Please see our response to all. \n\n**Q:** *For the learning problem described in lines 106-108, it is unclear...*\n\n**A:** Please note that lines 106-108 are not intended as precise mathematical statement of the problem, but as a formal qualitative\ndescription: given independent realizations of output data with length $T$, our goal is to learn the steady-state Kalman gain. Our result\n(formerly Remark 7, now Theorem 1) shows that in order to learn the steady-state Kalman gain up to $\\varepsilon$ accuracy, it is sufficient\nfor the time horizon to satisfy $T\\geq O(\\ln(1/\\varepsilon))$. The precise mathematical problem we intend to solve is the steady-state\noptimization problem (10).  The uniqueness of steady-state Kalman filter gain $L_\\infty$ is guaranteed under Assumption 2.\n\n**Q:** *In (1), are uncorrelated random vectors enough for deriving the optimal Kalman filter...*\n\n**A:** Yes, uncorrelated random vectors is enough to establish that Kalman filter provides the best *linear* MSE estimate of the state given the\nobservations (Thm. 2 in Kalman, 1960). The word *linear* was missing in the text, We will add this in the revision. Note that the error analysis also does not require independent noise. \n\n**Q:** *Also in the formulation of (5), what are random quantities and do we have any condition expectations or not?*\n\n**A:** The expectation in (5) is taken over all the random variables;\nconsisting of the initial state $x_0$, dynamic noise $\\xi(t)$, and\nmeasurement noise $\\omega(t)$ for $t= 0, \\cdots, T$. The conditional\nexpectation is not necessary (the estimate is constrained to be\nmeasurable with respect to the history of observation).\n\n**Q:** It would be great if the results can be compared with more related works on learning the Kalman filter under different settings; \n\n**A:** Thanks for pointing us to the relevant references that we missed\nin our literature survey. We will include these references along with\nthe summary of the following comparison in our revision.\n\n(Zheng, Y. et al. ) establishes an end-to-end sample\ncomplexity bound on learning a robust LQG controller--establishing a nice trade-off between optimality and robustness. As the system parameters are also unknown, this work only considers the *open-loop stable* systems. While our filtering design problem is based on the knowledge of system parameters, we do not require the open-loop stability\nassumption and its robustness analysis is part of our future work. Furthermore, the complexity\nbounds in (Zheng, Y. et al. ) depends on the length of trajectory and  scale as $O(1/\\sqrt{N})$ in number of trajectories whereas ours does not depend on length and scales as $O(1/N)$.\n\n(Zhang, X. et al.) considers the problem of\nlearning the steady-state Kalman gain but in a different setup: The\nmodel is assumed to be completely unknown. However, the algorithm\nrequires access to a simulator that provides noisy measurement of the\nMSE  $\\mathbb E[\\|X(t)- \\hat{X}(t)\\|^2]$ which requires generation of\nground-truth state trajectories $X(t)$ (see Assumption 3.2 in the\nreference). The proposed approaches are different: zeroth-order global\noptimization vs first-order stochastic gradient descent. Sample complexity result of our approach and their approach is similar. However, it is difficult to provide more detailed comparison as explicit dependence of the error terms on\nproblem dimension is not provided.\n\n(Liu, W. et al) considers the problem of\nsimultaneously learning the optimal Kalman filter and linear feedback\ncontrol policy in LQG setup. Their approach involves solving SDP\nproblems using input-state-output trajectories. Their result, for the\nthe case when trajectories involve noise, relies on the assumption that\nthe magnitude of the noise can be made arbitrary small. This is in\ncontrast to our setup where we only assume a bound on the noise level\nand do not require access to state trajectories."
        },
        "invitations": [
          "NeurIPS.cc/2023/Conference/Submission15169/Reviewer_yyZM/-/Rebuttal",
          "NeurIPS.cc/2023/Conference/-/Edit"
        ],
        "domain": "NeurIPS.cc/2023/Conference",
        "license": "CC BY 4.0",
        "version": 2
      },
      {
        "id": "oqbqktjKeg",
        "number": 1,
        "cdate": 1691604674609,
        "tcdate": 1691604674609,
        "mdate": 1703018631718,
        "tmdate": 1703018631718,
        "signatures": [
          "NeurIPS.cc/2023/Conference/Submission15169/Authors"
        ],
        "readers": [
          "everyone"
        ],
        "writers": [
          "NeurIPS.cc/2023/Conference",
          "NeurIPS.cc/2023/Conference/Submission15169/Authors"
        ],
        "forum": "8S9Fbee743",
        "replyto": "QEkFWZGC5j",
        "content": {
          "rebuttal": "The authors would like express their gratitude to this reviewer for their insightful comments. \n\n**Q:** *The results of remark 7 can be discussed earlier maybe within the informal theorem 1.*\n\n**A:** We are going to replace Remark 7 with a formal version of Theorem 1 that includes the necessary assumptions and the complexity bounds (See Response to All). To avoid introducing symbols in the introduction, we keep the informal version of Theorem 1 the way it is and refer to its formal version for details to avoid complications.\n\n**Q:** *You might find it useful to adopt $(\\kappa,\\gamma)-$stability definition by Cohen et al. 2018 in your bounds involving $\\sqrt{\\rho(A_L)}$, especially in Lemma 6.*\n\n**A:** Thanks for pointing out the notation convention. Indeed, we can rewrite the bound in Lemma 6 in terms of $(\\kappa,\\gamma)$ as opposed to spectral radius. We will point this out in our revision. However, we decided to also keep the explicit  appearance of spectral radius in the bound to facilitate comparison with the related literature where spectral radius appears in the respective bounds (Fazel et. al. 2018, Tsiamis & Pappas, 2023).\n\n**Q:** *It wasn't clear to me in the first place why singularity of $H^\\intercal H$ requires a significantly different treatment than LQR case. maybe you can clarify this earlier in the text*\n\n**A:** \nThe existing convergence results for the LQR problem rely on the positive-definiteness of the covariance of the initial state. For instance, the constant $\\mu = \\lambda_{\\min}(\\Sigma)$ appears in all bounds in (Fazel et. al. 2018). We hint to this difference on line 51 of Introduction and provide more details in Remark 2 after we introduce the dual LQR problem in Proposition 1. We will modify Remark 2 to further clarify the difference with the existing analysis.  \n\n**Q:** *It would be helpful to discuss possible future directions.*\n\n**A:** We will include the following directions for future research:\n- Single trajectory data: A direction for future research is to study how to adapt the proposed algorithm and error analysis for the setting when a single long trajectory is available as opposed to several independent trajectories of finite length. \n- In-accurate system matrices: An important research direction is to carry-out a robustness analysis, similar to its LQR dual counterpart, to study the effect of the error in system parameters on the policy learning accuracy. \n- Nonlinear setting:  The ultimate research goal is to use the recently introduced duality in nonlinear filtering (Kim. 2022) as a bridge to bring tools from RL to nonlinear filtering.  \n\n**Q:** *How essential is it to assume bounded noise for propositions 4 and 5?*\n\n**A:** We are using standard Matrix Bernstein Inequality which requires almost sure norm-bounded realization of the random matrices. It is possible to improve this using more advanced results on concentration inequalities which is part of our future research direction.  \n\n**Q:** *In figure 1a, could you explain why we see that $M=10$ case seems like the best performing , even better than $M=30$?*\n\n**A:** This was due to a mistake in our code. Please see the general response and the corrected figures in the accompanying pdf. "
        },
        "invitations": [
          "NeurIPS.cc/2023/Conference/Submission15169/Reviewer_LR36/-/Rebuttal",
          "NeurIPS.cc/2023/Conference/-/Edit"
        ],
        "domain": "NeurIPS.cc/2023/Conference",
        "license": "CC BY 4.0",
        "version": 2
      },
      {
        "id": "ioXrdWxaCk",
        "number": 1,
        "cdate": 1691604702742,
        "tcdate": 1691604702742,
        "mdate": 1703018631690,
        "tmdate": 1703018631690,
        "signatures": [
          "NeurIPS.cc/2023/Conference/Submission15169/Authors"
        ],
        "readers": [
          "everyone"
        ],
        "writers": [
          "NeurIPS.cc/2023/Conference",
          "NeurIPS.cc/2023/Conference/Submission15169/Authors"
        ],
        "forum": "8S9Fbee743",
        "replyto": "M17rWh2PhQ",
        "content": {
          "rebuttal": "\nThe authors would like to express their gratitude to this reviewer for\ntheir insightful comments that helped us improve the\npresentation and empirical results of this manuscript.\n\n***Q:** The paper lacks enough empirical experiments to support their\nidea. The only two figures appear in the supplementary materials, but\nthe linear convergence outside a region near optimal, along with reasons\nwhy performances of the $M=20$ and $T=200$ case is different from other\nsettings, is not presented clearly in this paper. It is suggested that:\nthe figures can be plot in the log scale to illustrate the linear\nconvergence; also it is better to illustrate in the plot the scale of\nthe \\\"no-linear-rate\\\" small region; additional studies to demonstrate\nwhy medium hyperparameters and , yield worst/best convergence rate among\nother hyperparameters (otherwise it is likely to think that the proposed\nSGD approach is not so robust to hyperparameters); maybe comparison with\nsome existing methods on real data is preferred.*\n\n**A:** Thanks for pointing out the strange nature of the empirical\nresults which made us to look closely at the code and find a mistake in\ncomputing the exact steady-state Kalman gain (the multiplication by the\n$A$ matrix is not included in the code). The mistake produces an error\nof the order $A - I = O(\\Delta t)$ which effected the relative order for\ndifferent $M$. The corrected figures are produced in the accompanying\npdf for the figures, which illustrates the expected order of the error\ncurves and linear convergence regime (the errors are averaged over $50$\nsimulations). Finally, please note that our contributions are mostly\nmethodological and theoretical: the empirical results are provided for\nillustration purposes. Extensive numerical experiments for specific\napplications and comparison with related approaches is the subject of a\nseparate work.\n\n***Q:** The organization of this paper can be improved. For example,\nnumerical results can be put in main paper. From my view, it is more\nnatural to first characterize the bias in estimated gradient (Sec.4.2)\nand then provide convergence guarantees under such biased gradient\n(Sec.4.1). Otherwise, it may lead to confusion on the need of\nconvergence analysis under biased estimates (e.g. the appeared in Lemma\n5 & Proposition 2).*\n\n**A:** Thanks for the suggestion about the organization of the paper. We\nwill move the numerical result to the main paper by moving supporting\nlemmas to the supplementary material. We will also interchange 4.1 and\n4.2 as it fits better to the the flow of the arguments.\n\n***Q:** The main limitation of the proposed approach is that the biased\ngradient causes the convergence rate to be linear only outside a small\nregion near the true optimal value. It may not seem so preferable if the\nregion is large, thus not ensuring exact convergence to optimal value.*\n\n**A:** We like to clarify that the convergence guarantee to a region\naround the optimal value is due to the finite-length of the data. The\nregion can be made arbitrary small by choosing larger length and larger batch-size. In\nparticular, to achieve $\\varepsilon$ error, we only require the length\n$T\\geq O(\\ln(1/\\varepsilon))$ and $M\\geq O(1/\\varepsilon)$. See the formal version of Theorem 1 in\nResponse to All. Also, see the newly added Fig 1 (d) illustrating that\noptimality gap at the final iteration (i.e. the radius of the small\nneighborhood around optimality) is decaying linearly as a function of\ntrajectory length $T \\leq 50$---until the variance error dominates\nbeyond $T=50$. It is clear that, increasing batch size $M$ will allow\nfurther decrease of this optimality gap beyond $T=50$."
        },
        "invitations": [
          "NeurIPS.cc/2023/Conference/Submission15169/Reviewer_aTTt/-/Rebuttal",
          "NeurIPS.cc/2023/Conference/-/Edit"
        ],
        "domain": "NeurIPS.cc/2023/Conference",
        "license": "CC BY 4.0",
        "version": 2
      },
      {
        "id": "lBgNHSvq9o",
        "number": 5,
        "cdate": 1691861980856,
        "tcdate": 1691861980856,
        "mdate": 1704272707854,
        "tmdate": 1704272707854,
        "signatures": [
          "NeurIPS.cc/2023/Conference/Submission15169/Reviewer_4EhD"
        ],
        "readers": [
          "everyone"
        ],
        "writers": [
          "NeurIPS.cc/2023/Conference",
          "NeurIPS.cc/2023/Conference/Submission15169/Reviewer_4EhD"
        ],
        "forum": "8S9Fbee743",
        "replyto": "W1BmHgFD3M",
        "content": {
          "comment": "I appreciate the time and efforts made to address my (and other reviewers) concerns. After carefully reading the response, I believe the missing points in Thm2's proof are now clear. I would recommend to clarify them in the text in order to improve readability for a broader audience. I will raise my score, accordingly."
        },
        "invitations": [
          "NeurIPS.cc/2023/Conference/Submission15169/-/Official_Comment",
          "NeurIPS.cc/2023/Conference/-/Edit"
        ],
        "domain": "NeurIPS.cc/2023/Conference",
        "license": "CC BY 4.0",
        "version": 2
      },
      {
        "id": "pywkjDY9mA",
        "number": 6,
        "cdate": 1692236460867,
        "tcdate": 1692236460867,
        "mdate": 1704272707766,
        "tmdate": 1704272707766,
        "signatures": [
          "NeurIPS.cc/2023/Conference/Submission15169/Reviewer_yyZM"
        ],
        "readers": [
          "everyone"
        ],
        "writers": [
          "NeurIPS.cc/2023/Conference",
          "NeurIPS.cc/2023/Conference/Submission15169/Reviewer_yyZM"
        ],
        "forum": "8S9Fbee743",
        "replyto": "K8HEdxLW2d",
        "content": {
          "title": "Thanks for the rebuttal!",
          "comment": "Thanks for the effort in addressing my concerns. I have read the rebuttal. I am satisfied with the response and do not have further questions. "
        },
        "invitations": [
          "NeurIPS.cc/2023/Conference/Submission15169/-/Official_Comment",
          "NeurIPS.cc/2023/Conference/-/Edit"
        ],
        "domain": "NeurIPS.cc/2023/Conference",
        "license": "CC BY 4.0",
        "version": 2
      },
      {
        "id": "IUxo7KFCAI",
        "number": 7,
        "cdate": 1692656252604,
        "tcdate": 1692656252604,
        "mdate": 1704272707672,
        "tmdate": 1704272707672,
        "signatures": [
          "NeurIPS.cc/2023/Conference/Submission15169/Reviewer_LR36"
        ],
        "readers": [
          "everyone"
        ],
        "writers": [
          "NeurIPS.cc/2023/Conference",
          "NeurIPS.cc/2023/Conference/Submission15169/Reviewer_LR36"
        ],
        "forum": "8S9Fbee743",
        "replyto": "oqbqktjKeg",
        "content": {
          "comment": "Dear authors, Thank you very much for the time and effort you spend to provide a clear and detailed response to my concerns and questions. I'm convinced by your answers and in favor of maintaining my score."
        },
        "invitations": [
          "NeurIPS.cc/2023/Conference/Submission15169/-/Official_Comment",
          "NeurIPS.cc/2023/Conference/-/Edit"
        ],
        "domain": "NeurIPS.cc/2023/Conference",
        "license": "CC BY 4.0",
        "version": 2
      },
      {
        "id": "LvqVy9xtoF",
        "number": 1,
        "cdate": 1695318156245,
        "tcdate": 1695318156245,
        "mdate": 1703016910935,
        "tmdate": 1703016910935,
        "signatures": [
          "NeurIPS.cc/2023/Conference/Program_Chairs"
        ],
        "nonreaders": [],
        "readers": [
          "everyone"
        ],
        "writers": [
          "NeurIPS.cc/2023/Conference",
          "NeurIPS.cc/2023/Conference/Program_Chairs"
        ],
        "forum": "8S9Fbee743",
        "replyto": "8S9Fbee743",
        "content": {
          "title": "Paper Decision",
          "decision": "Accept (poster)",
          "comment": "The authors consider the problem of learning the optimal (Kalman) filter for a linear system with unknown noise covariance matrices, giving a convergence analysis for SGD with bias-variance error bounds logarithmic in dimension. In discussion the authors justified the practicality of the problem setup. Reviewers found the contributions technically interesting and novel. The only reviewer giving a low rating has not acknowledged the author rebuttal, and is mainly concerned with experiments; the authors have adjusted their experiments in response, and besides, the contribution is mainly theoretical. I recommend acceptance."
        },
        "invitations": [
          "NeurIPS.cc/2023/Conference/Submission15169/-/Decision",
          "NeurIPS.cc/2023/Conference/-/Edit"
        ],
        "domain": "NeurIPS.cc/2023/Conference",
        "license": "CC BY 4.0",
        "version": 2
      }
    ],
    "directReplies": [
      {
        "id": "MQGSiFrQp3",
        "number": 1,
        "cdate": 1688242877315,
        "tcdate": 1688242877315,
        "mdate": 1702411509540,
        "tmdate": 1702411509540,
        "signatures": [
          "NeurIPS.cc/2023/Conference/Submission15169/Reviewer_4EhD"
        ],
        "nonreaders": [],
        "readers": [
          "everyone"
        ],
        "writers": [
          "NeurIPS.cc/2023/Conference",
          "NeurIPS.cc/2023/Conference/Submission15169/Reviewer_4EhD"
        ],
        "forum": "8S9Fbee743",
        "replyto": "8S9Fbee743",
        "content": {
          "summary": "The paper builds on the duality between estimation and control, in order to develop an online data-driven method for MSE-optimal filtering of linear systems with linear observations. Process and observation noise covariances are considered unknown, but stochastic states are assumed to be bounded.  The paper proposes using SGD in the space of steady-state  stabilizing gains, claims asymptotic convergence to the optimal gain, and provides an asymptotic probabilistic bound on the deviation from optimal error.",
          "soundness": "3 good",
          "presentation": "2 fair",
          "contribution": "3 good",
          "strengths": "Although the use of online optimization for controlling linear-quadratic settings is not new (e.g. [r1]), exploiting the duality between control and filtering problems is novel and interesting in this context. The concentration and error bounds are not trivial and useful, as concentration bound is non-asymptotic in the series length T.\nProof of SGD convergence and error bounds are novel as well, even if derived under very strong assumptions.\n\n[r1] Cohen A. et al., \"Online Linear Quadratic Control\", 2018 \n\n",
          "weaknesses": "Overall, I believe the authors did their best that the paper will be well-organized and clear (as it can be for a rather technical manuscript). The explanations and given outlines before each section are indeed helpful.  However, it is still very hard to follow the assumptions and constant definitions, and some of the conclusions. Writing becomes very laconic at some crucial points (e.g. Thm. 2, Remark 7).\n\nParticularly, Thm.2 and it's proof are not clear hence it is hard to get convinced in their soundness.  Furthermore, In the introduction it is stated that convergence is guaranteed from every initial policy, but according to Theorem 2 the policy cannot enter (or start in) a class of policies where gradient is smaller than some constant. I didn't find any discussion about when trajectories enter this region. My impression is that this is a good paper, and I might be missing something. I will be willing to raise my score when given a more detailed proof and this clarification.\n",
          "questions": "I ask for a more detailed proof for Thm. 2 (see above).\n\nIn addition, a summary of all assumptions, results and notations can be very useful.\n\n\n\nMinor typos:\n\nl. 249 't' should be replaced by $\\gamma$.\n\nl. 276 I think i should go between 1 and T-1.\n\nl. 309 quite.\n",
          "limitations": "The online method uses a surrogate loss using the observations, this is a reasonable choice due to lack of ground-truth states and the observability, which is a strong assumption. The paper should discuss the implications of using this loss with more general (i.e. non observable) systems.\n\n",
          "flag_for_ethics_review": [
            "No ethics review needed."
          ],
          "rating": "8: Strong Accept: Technically strong paper, with novel ideas, excellent impact on at least one area, or high-to-excellent impact on multiple areas, with excellent evaluation, resources, and reproducibility, and no unaddressed ethical considerations.",
          "confidence": "3: You are fairly confident in your assessment. It is possible that you did not understand some parts of the submission or that you are unfamiliar with some pieces of related work. Math/other details were not carefully checked.",
          "code_of_conduct": "Yes"
        },
        "invitations": [
          "NeurIPS.cc/2023/Conference/Submission15169/-/Official_Review",
          "NeurIPS.cc/2023/Conference/-/Edit"
        ],
        "domain": "NeurIPS.cc/2023/Conference",
        "license": "CC BY 4.0",
        "version": 2
      },
      {
        "id": "JjANrZRKii",
        "number": 2,
        "cdate": 1688286255654,
        "tcdate": 1688286255654,
        "mdate": 1702411509383,
        "tmdate": 1702411509383,
        "signatures": [
          "NeurIPS.cc/2023/Conference/Submission15169/Reviewer_yyZM"
        ],
        "nonreaders": [],
        "readers": [
          "everyone"
        ],
        "writers": [
          "NeurIPS.cc/2023/Conference",
          "NeurIPS.cc/2023/Conference/Submission15169/Reviewer_yyZM"
        ],
        "forum": "8S9Fbee743",
        "replyto": "8S9Fbee743",
        "content": {
          "summary": "This submission examines the learning of the Kalman filter gain for linear systems with unknown covariance matrices using noisy output data. Similar to learning the linear quadratic regulators for unknown linear systems, the learning problem here is posed as a stochastic policy optimization problem which minimizes the expected output prediction error. Bridging together the learning of kalman gain and the optimal control gain, the paper provides an interesting convergence analysis of stochastic gradient descent for the policy optimization problem, and bias-variance error bounds of the learning problem by employing a set of tools from linear systems and stochastic geometry. ",
          "soundness": "3 good",
          "presentation": "4 excellent",
          "contribution": "3 good",
          "strengths": "+) The learning of the Kalman gain as a stochastic policy optimization problem which is amendable to results and studies of learning linear quadratic regulators in the literature;\n+) the dual of learning the Kalman gain and the optimal control gain in the data-driven setting;\n+) biased gradients and stability constraints are strategically handled when learning the Kalman gain, along with the bias-variance error bounds.",
          "weaknesses": "-) The setup is not very practical as the system matrices are assumed perfectlt known but only the covariance matrices are unknown; even in e.g., the stated application aircraft wign dynamics where only approximate models are known, one would assume imperfect knowledge of both the system matrices and covariance matrices; or identifying them via data-driven method first. \n-) For the learning problem described in lines 106-108, it is unclear whether the problem is well-posed in the sense that given these information (data), wheher one is able to learn the steady -state Kalman gain L_\\infinity, or at least how large the horizon T shall be such that one will be able to have a unique L_\\infty?\n-) In (1), are uncorrelated random vectors enough for deriving the optimal Kalman filter without mutually independent random noise vectors? Also in the formulation of (5), what are random quantities and do we have any condition expectations or not?\n",
          "questions": "It would be great if the results can be compared with more related works on learning the Kalman filter under different settings; Zheng, Y. et al. Sample complexity of linear quadratic gaussian (LQG) control for output feedback systems. In Learning for dynamics and control (pp. 559-570). PMLR. Zhang, X. et al. Learning the Kalman filter with fine-grained sample complexity. arXiv preprint arXiv:2301.12624. In the behavioral theory literature, results are available for learning the Kalman filter for unknown linear systems by using data, although seemingly in addition to the noisy output data and also the pure state data, in e.g., Liu, W. et al. Learning Robust Data-based LQG Controllers from Noisy Data. arXiv preprint arXiv:2305.01417. ",
          "limitations": "NA",
          "flag_for_ethics_review": [
            "No ethics review needed."
          ],
          "rating": "6: Weak Accept: Technically solid, moderate-to-high impact paper, with no major concerns with respect to evaluation, resources, reproducibility, ethical considerations.",
          "confidence": "4: You are confident in your assessment, but not absolutely certain. It is unlikely, but not impossible, that you did not understand some parts of the submission or that you are unfamiliar with some pieces of related work.",
          "code_of_conduct": "Yes"
        },
        "invitations": [
          "NeurIPS.cc/2023/Conference/Submission15169/-/Official_Review",
          "NeurIPS.cc/2023/Conference/-/Edit"
        ],
        "domain": "NeurIPS.cc/2023/Conference",
        "license": "CC BY 4.0",
        "version": 2
      },
      {
        "id": "M17rWh2PhQ",
        "number": 3,
        "cdate": 1689079897386,
        "tcdate": 1689079897386,
        "mdate": 1702411509279,
        "tmdate": 1702411509279,
        "signatures": [
          "NeurIPS.cc/2023/Conference/Submission15169/Reviewer_aTTt"
        ],
        "nonreaders": [],
        "readers": [
          "everyone"
        ],
        "writers": [
          "NeurIPS.cc/2023/Conference",
          "NeurIPS.cc/2023/Conference/Submission15169/Reviewer_aTTt"
        ],
        "forum": "8S9Fbee743",
        "replyto": "8S9Fbee743",
        "content": {
          "summary": "This paper focuses on learning the optimal filtering policy (Kalman gain) in a linear system with known system matrices and unknown covariance matrices of noise. The paper considers a proxy objective to avoid learning with hidden variables and characterizes a dual form of the objective, optimized subsequently using SGD. Convergence analysis and finite-time error bounds are provided.",
          "soundness": "3 good",
          "presentation": "3 good",
          "contribution": "2 fair",
          "strengths": "originality: studies a traditional Kalman filtering problem with a different setting and objective. The duality theory and the proposed method of optimizing the dual objective seem original.\n\nquality: provides detailed theoretical results and analysis.\n\nclarity: clearly formulate the setting. The whole picture from the background of Kalman filtering, problem setting, duality theory, to SGD convegence analysis is well organized and easy to follow.",
          "weaknesses": "1. The paper lacks enough empirical experiments to support their idea. The only two figures appear in the supplementary materials, but the linear convergence outside a region near optimal, along with reasons why performances of the $M=20$ and $T=200$ case is different from other settings, is not presented clearly in this paper. It is suggested that:\n - the figures can be plot in the log scale to illustrate the linear convergence; also it is better to illustrate in the plot the scale of the \"no-linear-rate\" small region;\n - additional studies to demonstrate why medium hyperparameters $M=20$ and $T=200$, yield worst/best convergence rate among other hyperparameters (otherwise it is likely to think that the proposed SGD approach is not so robust to hyperparameters);\n - maybe comparison with some existing methods on real data is preferred.\n\n2. The organization of this paper can be improved. For example,\n - numerical results can be put in main paper.\n - from my view, it is more natural to first characterize the bias in estimated gradient (Sec.4.2) and then provide convergence guarantees under such biased gradient (Sec.4.1). Otherwise, it may lead to confusion on the need of convergence analysis under biased estimates (e.g. the appeared $E$ in Lemma 5 & Proposition 2).\n\n3. Some typos:\n - Eq.(3b) $P(T)$ should be $P(t).",
          "questions": "None",
          "limitations": "The main limitation of the proposed approach is that the biased gradient causes the convergence rate to be linear only outside a small region near the true optimal value. It may not seem so preferable if the region is large, thus not ensuring exact convergence to optimal value.",
          "flag_for_ethics_review": [
            "No ethics review needed."
          ],
          "rating": "4: Borderline reject: Technically solid paper where reasons to reject, e.g., limited evaluation, outweigh reasons to accept, e.g., good evaluation. Please use sparingly.",
          "confidence": "3: You are fairly confident in your assessment. It is possible that you did not understand some parts of the submission or that you are unfamiliar with some pieces of related work. Math/other details were not carefully checked.",
          "code_of_conduct": "Yes"
        },
        "invitations": [
          "NeurIPS.cc/2023/Conference/Submission15169/-/Official_Review",
          "NeurIPS.cc/2023/Conference/-/Edit"
        ],
        "domain": "NeurIPS.cc/2023/Conference",
        "license": "CC BY 4.0",
        "version": 2
      },
      {
        "id": "QEkFWZGC5j",
        "number": 4,
        "cdate": 1689562894957,
        "tcdate": 1689562894957,
        "mdate": 1702411509153,
        "tmdate": 1702411509153,
        "signatures": [
          "NeurIPS.cc/2023/Conference/Submission15169/Reviewer_LR36"
        ],
        "nonreaders": [],
        "readers": [
          "everyone"
        ],
        "writers": [
          "NeurIPS.cc/2023/Conference",
          "NeurIPS.cc/2023/Conference/Submission15169/Reviewer_LR36"
        ],
        "forum": "8S9Fbee743",
        "replyto": "8S9Fbee743",
        "content": {
          "summary": "This paper studies the learning of optimal steady-state Kalman filter gain for a linear dynamical system with known system matrices but unknown process and measurement noise covariances. In particular, the learning process involves minimizing the prediction error of the observed output using a dataset of independently realized observation sequences. Leveraging the duality between LQR control and Kalman filtering, the authors reformulate this learning problem as synthesizing an optimal control policy for an adjoint system and propose a stochastic gradient descent (SGD) algorithm algorithm to solve it. The authors also provide sample complexity and non-asymptotic error guarantees by conducting a convergence analysis of SGD accounting for biased gradients and stability constraints. In particular, they show that the bias-variance error bounds scale logarithmically in system dimension and that the variance term doe snot change with the horizon.\n\n\n\n",
          "soundness": "4 excellent",
          "presentation": "3 good",
          "contribution": "4 excellent",
          "strengths": "I think this paper is well-written. The text is easy to read and and the  technical details are mostly neatly presented. The analysis also makes sense although I didn't verify in detail. The results are fairly general and significant as the problem of unknown noise covariances in Kalman filtering should be practically relevant as well.\n",
          "weaknesses": "I don't consider these as weaknesses necessarily but here are a few things I would recommend the authors to consider:\n1. The results of remark 7 can be discussed earlier maybe within the informal theorem 1.\n2. You might find it useful to adopt $(\\kappa,\\gamma)-$stability definition by Cohen et al. 2018 in your bounds involving $\\sqrt{\\rho(A_L)}$, especially in Lemma 6.\n3.it wasn't clear to me in the first place why singularity of $H^TH$ requires a significantly different treatment than LQR case. maybe you can clarify this earlier in the text. \n4. It would be helpful to discuss possible future directions.\n",
          "questions": "I have a few questions to the authors out of curiosity.  How essential is it to assume bounded noise for propositions 4 and 5? In figure 1a, could you explain why we see that M=10 case seems like the best performing , even better than M=30?\n\n",
          "limitations": "The authors already addressed some of the limitations such as the requirement for perfect knowledge of system matrices. I would also consider the bounded noise setting one of the limitations that might be improved in the future works. ",
          "flag_for_ethics_review": [
            "No ethics review needed."
          ],
          "rating": "7: Accept: Technically solid paper, with high impact on at least one sub-area, or moderate-to-high impact on more than one areas, with good-to-excellent evaluation, resources, reproducibility, and no unaddressed ethical considerations.",
          "confidence": "4: You are confident in your assessment, but not absolutely certain. It is unlikely, but not impossible, that you did not understand some parts of the submission or that you are unfamiliar with some pieces of related work.",
          "code_of_conduct": "Yes"
        },
        "invitations": [
          "NeurIPS.cc/2023/Conference/Submission15169/-/Official_Review",
          "NeurIPS.cc/2023/Conference/-/Edit"
        ],
        "domain": "NeurIPS.cc/2023/Conference",
        "license": "CC BY 4.0",
        "version": 2
      },
      {
        "id": "LYrVkvflwG",
        "number": 1,
        "cdate": 1691601582961,
        "tcdate": 1691601582961,
        "mdate": 1704275142762,
        "tmdate": 1704275142762,
        "signatures": [
          "NeurIPS.cc/2023/Conference/Submission15169/Authors"
        ],
        "readers": [
          "everyone"
        ],
        "writers": [
          "NeurIPS.cc/2023/Conference",
          "NeurIPS.cc/2023/Conference/Submission15169/Authors"
        ],
        "forum": "8S9Fbee743",
        "replyto": "8S9Fbee743",
        "content": {
          "rebuttal": "We appreciate reviewers' feedback and suggestions that have helped improve the paper. We provide a summary of the response to the main concerns here, followed by individual responses to the reviewers. \n\n**Presentation of the technical results:** In order to improve the presentation of the technical result, we will make the following changes to the paper: \n\n- Remark 7 will be replaced with the formal statement of Theorem 1. This will include the main result and the necessary assumptions: \n\n**Theorem 1.** *Consider the linear system (1) under Assumptions 2 and 4. Suppose the SGD algorithm is implemented  with initial stabilizing gain $L_0$, the step-size $\\bar\\eta \\coloneqq \\frac{2}{9 \\ell(J(L_0))}$, for $k$ iterations,  a batch-size of $M$, and data-length $T$. Then, $\\forall \\varepsilon>0$ and with probability larger than $1-\\delta$, $J(L_k)  - J(L^\\*)\\leq \\varepsilon$ if $$T \\geq  O(\\ln(\\frac{1}{\\varepsilon})),\\quad  M \\geq  O(\\frac{1}{ \\varepsilon}\\ln(\\frac{1}{\\delta}) \\ln(\\ln(\\frac{1}{\\varepsilon}))), \\quad \\text{and}\\quad k \\geq O(\\ln(\\frac{1}{\\varepsilon})).$$*\n\n- In the beginning of Section 4, we will give a roadmap to navigate the technical results that concludes the proof of Theorem 1: \n1. Section 4.1 is concerned with the convergence analysis of the SGD algorithm under the assumption that oracle gives a gradient estimate that satisfies $\\|\\nabla\\widehat J(L) - \\nabla J(L)\\|_F \\leq s \\|\\nabla J(L)\\|_F + s_0$ whenever $\\nabla J(L) \\ge \\frac{s_0}{\\tau}$ for $s,\\tau \\in (0,1)$, and $s_0>0$. The main result of this section is Thm.2 which concludes the linear convergence of the iterates for sufficiently small $s_0$, i.e. \n$J(L_k)-J(L^\\*)\\leq \\varepsilon$, if $s_0\\leq O(\\sqrt{\\varepsilon})$ and $k>O(\\ln(\\frac{1}{\\varepsilon}))$. \n\n2. Section 4.2 is concerned with the bias-variance error analysis of the gradient estimate, summarized as the main result in Thm. 3. It gives the sufficient values for the batch-size $M$ and trajectory length $T$ that provides the desired bound on the gradient estimate error required in Thm.2 with arbitrary small $s$ and $s_0$. \n\n3. Combining the results from Thm. 2 and Thm. 3 concludes the main result Thm. 1. A proof sketch is provided at the end of this response. \n\n**Explanation of the empirical result:** Thanks for pointing out the strange nature of the empirical results which made us reexamine the code and find a mistake in computing the exact steady-state Kalman gain (the multiplication by the $A$ matrix was not included in the code). The mistake produces an error of the order $A - I = O(\\Delta t)$ which effected the relative order for different $M$. The corrected figures are produced in the accompanying pdf, which illustrates the expected order of the error curves and linear convergence regime. We also provide additional figures for the error at the final iteration, as a function of batch-size $M$ and time-horizon $T$. The numerical results serve to illustrate and validate the presented theoretical results. We leave extensive numerical experiments with real data on applications and empirical comparison with existing approaches for a separate work. \n\n**limitations of the learning setup:** We agree that the perfect knowledge of the system matrices is a strong assumption. Our perspective is to separate the two problems of  identification of system matrices and the learning of the Kalman gain. This is aligned with certain practical considerations as we explain below. The system identification procedure  occurs through the application of physical principles and collection of data from experiments in a controlled environment (e.g., in a wind tunnel). However, identifying the noise covariance matrices strongly depends on the operating environment which might be significantly different than the experimental setup. Therefore, it is common in engineering applications to use the learned system matrices and tune the Kalman gain to improve the estimation error. Please see [Ref 1] for the application of this procedure for gust load alleviation on aircraft wings and [Ref 2] for estimation in chemical reactor models.  We also emphasize that the assumed learning setup has a rich history in adaptive filtering with numerous references with a  recent survey on this topic [Ref 3]. Our plan for future research is to carry-out a robustness analysis, similar to  its LQR dual counterpart in [Ref 4, Ref 5], to study the effect of the error in system parameters on the learning accuracy. \n\n[Ref 1] Hinson KA, Morgansen KA, Livne E, ``Autocovariance least squares noise covariance estimation for a gust load alleviation test-bed,'' AIAA SCITECH 2022 Forum, 2021. \n\n[Ref 2] Odelson BJ, Lutz A, Rawlings JB. ``The autocovariance least-squares method for estimating covariances: application to model-based control of chemical reactors,'' IEEE Trans. Control Syst. Technol., 2006 \n\n[Ref 3] L. Zhang, D. Sidoti, A. Bienkowski, K. R. Pattipati, Y. Bar-Shalom, and D. L. Kleinman,\n391 ``On the identification of noise covariances and adaptive Kalman filtering: A new look at a 50\n392 year-old problem,'' IEEE Access, vol. 8, pp. 59362–59388, 2020\n\n[Ref 4] Safonov, M. G., and W. E. I. Z. H. E. N. G. Wang. ``Singular value properties of LQ regulators,'' IEEE transactions on automatic control 37.8 (1992): 1210-1211.\n\n[Ref 5] Chen, Ci, and Anthony Holohan. ``Stability robustness of linear quadratic regulators.'' International Journal of Robust and Nonlinear Control 26.9 (2016): 1817-1824.\n\n*Formal Proof of Theorem 1.* According to Thm.3, Assumption 3 holds at each iteration with probability at least $1-\\delta$, if  $T \\geq O(\\ln(1/s_0))$ and $M \\geq O(\\ln(1/\\delta)\\big/ s_0^2)$. As a result, Thm.2 is valid, hence \n$J(L_k)-J(L^\\*)\\leq \\varepsilon$, if $s< \\frac{1}{4}$, $s_0\\leq O(\\sqrt{\\varepsilon})$ and $k>O(\\ln(\\frac{1}{\\varepsilon}))$. \n Finally, the claim follows by combining the above bounds and using union bound for computing the failure probability of $k$ iterations.◻\n\n \n",
          "pdf": "/pdf/d88b34f8f50618f7f7efee9497b64e37e008c428.pdf"
        },
        "invitations": [
          "NeurIPS.cc/2023/Conference/Submission15169/-/Author_Rebuttal",
          "NeurIPS.cc/2023/Conference/-/Edit"
        ],
        "domain": "NeurIPS.cc/2023/Conference",
        "license": "CC BY 4.0",
        "version": 2
      },
      {
        "id": "LvqVy9xtoF",
        "number": 1,
        "cdate": 1695318156245,
        "tcdate": 1695318156245,
        "mdate": 1703016910935,
        "tmdate": 1703016910935,
        "signatures": [
          "NeurIPS.cc/2023/Conference/Program_Chairs"
        ],
        "nonreaders": [],
        "readers": [
          "everyone"
        ],
        "writers": [
          "NeurIPS.cc/2023/Conference",
          "NeurIPS.cc/2023/Conference/Program_Chairs"
        ],
        "forum": "8S9Fbee743",
        "replyto": "8S9Fbee743",
        "content": {
          "title": "Paper Decision",
          "decision": "Accept (poster)",
          "comment": "The authors consider the problem of learning the optimal (Kalman) filter for a linear system with unknown noise covariance matrices, giving a convergence analysis for SGD with bias-variance error bounds logarithmic in dimension. In discussion the authors justified the practicality of the problem setup. Reviewers found the contributions technically interesting and novel. The only reviewer giving a low rating has not acknowledged the author rebuttal, and is mainly concerned with experiments; the authors have adjusted their experiments in response, and besides, the contribution is mainly theoretical. I recommend acceptance."
        },
        "invitations": [
          "NeurIPS.cc/2023/Conference/Submission15169/-/Decision",
          "NeurIPS.cc/2023/Conference/-/Edit"
        ],
        "domain": "NeurIPS.cc/2023/Conference",
        "license": "CC BY 4.0",
        "version": 2
      }
    ],
    "signatures": []
  }
}