{
  "id": "0cpM2ApF9p6",
  "original": "bGU6Fk37jyr",
  "number": 3314,
  "cdate": 1663850187911,
  "mdate": null,
  "ddate": null,
  "tcdate": 1663850187911,
  "tmdate": 1710206539180,
  "tddate": null,
  "tauthor": "~Super_User1",
  "forum": "0cpM2ApF9p6",
  "replyto": null,
  "invitation": "ICLR.cc/2023/Conference/-/Blind_Submission",
  "content": {
    "title": "MeshDiffusion: Score-based Generative 3D Mesh Modeling",
    "authorids": [
      "~Zhen_Liu6",
      "~Yao_Feng3",
      "~Michael_J._Black1",
      "~Derek_Nowrouzezahrai1",
      "~Liam_Paull1",
      "~Weiyang_Liu1"
    ],
    "authors": [
      "Zhen Liu",
      "Yao Feng",
      "Michael J. Black",
      "Derek Nowrouzezahrai",
      "Liam Paull",
      "Weiyang Liu"
    ],
    "keywords": [
      "generative model",
      "diffusion model",
      "3D mesh",
      "shape generation"
    ],
    "TL;DR": "Diffusion model on 3D meshes of arbitrary topology by direct parametrizing meshes with tetrahedral grids",
    "abstract": "We consider the task of generating realistic 3D shapes, which is useful for a variety of applications such as automatic scene generation and physical simulation. Compared to other 3D representations like voxels and point clouds, meshes are more desirable in practice, because (1) they enable easy and arbitrary manipulation of shapes for relighting and simulation, and (2) they can fully leverage the power of modern graphics pipelines which are mostly optimized for meshes. Previous scalable methods for generating meshes typically rely on sub-optimal post-processing, and they tend to produce overly-smooth or noisy surfaces without fine-grained geometric details. To overcome these shortcomings, we take advantage of the graph structure of meshes and use a simple yet very effective generative modeling method to generate 3D meshes. Specifically, we represent meshes with deformable tetrahedral grids, and then train a diffusion model on this direct parameterization. We demonstrate the effectiveness of our model on multiple generative tasks.",
    "anonymous_url": "I certify that there is no URL (e.g., github page) that could be used to find authors’ identity.",
    "no_acknowledgement_section": "I certify that there is no acknowledgement section in this submission for double blind review.",
    "code_of_ethics": "I acknowledge that I and all co-authors of this work have read and commit to adhering to the ICLR Code of Ethics",
    "submission_guidelines": "Yes",
    "resubmission": "",
    "student_author": "",
    "Please_choose_the_closest_area_that_your_submission_falls_into": "Generative models",
    "paperhash": "liu|meshdiffusion_scorebased_generative_3d_mesh_modeling",
    "pdf": "/pdf/f4b27531cf7771c608830f2a184f9c5ef06eab1c.pdf",
    "_bibtex": "@inproceedings{\nliu2023meshdiffusion,\ntitle={MeshDiffusion: Score-based Generative 3D Mesh Modeling},\nauthor={Zhen Liu and Yao Feng and Michael J. Black and Derek Nowrouzezahrai and Liam Paull and Weiyang Liu},\nbooktitle={The Eleventh International Conference on Learning Representations },\nyear={2023},\nurl={https://openreview.net/forum?id=0cpM2ApF9p6}\n}",
    "venue": "ICLR 2023 notable top 25%",
    "venueid": "ICLR.cc/2023/Conference",
    "community_implementations": "[![CatalyzeX](/images/catalyzex_icon.svg) 4 code implementations](https://www.catalyzex.com/paper/arxiv:2303.08133/code)"
  },
  "signatures": [
    "ICLR.cc/2023/Conference"
  ],
  "readers": [
    "everyone"
  ],
  "nonreaders": [],
  "writers": [
    "ICLR.cc/2023/Conference"
  ],
  "pdate": 1675279273751,
  "odate": 1664468100000,
  "details": {
    "overwriting": [],
    "tags": [],
    "writable": false,
    "replyCount": 16,
    "directReplyCount": 5,
    "revisions": true,
    "replies": [
      {
        "id": "UwGn1ht8TrF",
        "original": null,
        "number": 1,
        "cdate": 1665950954198,
        "mdate": null,
        "ddate": null,
        "tcdate": 1665950954198,
        "tmdate": 1670633889576,
        "tddate": null,
        "forum": "0cpM2ApF9p6",
        "replyto": "0cpM2ApF9p6",
        "invitation": "ICLR.cc/2023/Conference/Paper3314/-/Official_Review",
        "content": {
          "confidence": "4: You are confident in your assessment, but not absolutely certain. It is unlikely, but not impossible, that you did not understand some parts of the submission or that you are unfamiliar with some pieces of related work.",
          "summary_of_the_paper": "This paper presents MeshDiffusion, a method for generating 3D meshes. The authors use the deformable tetrahedral grid as the 3D representation, and train a diffusion model on this parameterization. The authors demonstrated the effectiveness of the proposed model on multiple generative tasks, including unconditional and conditional generation.",
          "strength_and_weaknesses": "+ The tetrahedral grid representation is able to generate fine details of 3D shapes with arbitrary topology.\n\n+ The mesh output can be easily used in graphics pipelines.\n\n- The main problem is: There's a recently published paper  \"GET3D: A Generative Model of High Quality 3D Textured Shapes Learned from Images\" in NeurIPS 2022. This paper is released on Sep. 22, which is before the paper deadline of ICLR 2023 (Sep. 28). So it should be considered as \"previous work\". The GET3D paper uses a similar idea (tetrahedral representation) to perform a similar task. However, in the submission the authors didn't mention, review, or compare with GET3D.\n\n- Multiple loss functions are used for training the network. However, the ablation study does not show the necessity of each loss function.",
          "clarity,_quality,_novelty_and_reproducibility": "Clarity: The mathematical formulations in this paper needs more explanations. For the training objective equation in Sec. 4.2, it would be better if the symbols are explained right in this section, because it is hard for readers to find the meaning of the symbols in Sec. 3. Besides, the training objective equation is not numbered.\n\nQuality: The result is better than compared methods. However, it is unclear whether it outperforms GET3D.\n\nNovelty: The novelty is questionable since it is very similar to GET3D.\n\nReproducibility: It should be reproducible given the implementation details.\n\n",
          "summary_of_the_review": "The paper proposes a mesh generation model based on tetrahedral grid representation and diffusion model. The results show that the proposed method outperforms the baseline methods. However, the main issue is that one main state-of-the-art method \"GET3D\" was not mentioned or compared in this paper. Thus I would suggest the authors add this comparison and re-submit the paper.",
          "correctness": "4: All of the claims and statements are well-supported and correct.",
          "technical_novelty_and_significance": "3: The contributions are significant and somewhat new. Aspects of the contributions exist in prior work.",
          "empirical_novelty_and_significance": "3: The contributions are significant and somewhat new. Aspects of the contributions exist in prior work.",
          "flag_for_ethics_review": [
            "NO."
          ],
          "details_of_ethics_concerns": "N/A",
          "recommendation": "6: marginally above the acceptance threshold"
        },
        "signatures": [
          "ICLR.cc/2023/Conference/Paper3314/Reviewer_Mo7X"
        ],
        "readers": [
          "everyone"
        ],
        "nonreaders": [],
        "writers": [
          "ICLR.cc/2023/Conference",
          "ICLR.cc/2023/Conference/Paper3314/Reviewer_Mo7X"
        ]
      },
      {
        "id": "3OqWai7yGUB",
        "original": null,
        "number": 2,
        "cdate": 1666621943299,
        "mdate": null,
        "ddate": null,
        "tcdate": 1666621943299,
        "tmdate": 1670421167327,
        "tddate": null,
        "forum": "0cpM2ApF9p6",
        "replyto": "0cpM2ApF9p6",
        "invitation": "ICLR.cc/2023/Conference/Paper3314/-/Official_Review",
        "content": {
          "confidence": "5: You are absolutely certain about your assessment. You are very familiar with the related work and checked the math/other details carefully.",
          "summary_of_the_paper": "The paper proposed a diffusion model-based mesh generator. \nIt adopts the representation from the previous `deep marching tetrahedral`.\nThe method works in two steps by first learning to reconstruct 3D meshes and then training a diffusion model on the grid points using a 3D U-Net. \n",
          "strength_and_weaknesses": "Strength:\n- To my knowledge, it is the first diffusion model on 3D **mesh**. \n- On unconditional generation evaluation, it truly beats one of the latest SOTA(SDF-StyleGAN).\n\nWeakness:\n- Not particularly novel. The paper is more like a combination of previous tetrahedral generation work and the diffusion model, especially when I see that the method has two training steps. \n\n- Misses evaluation on SVR. Obviously, the first step can reconstruct shapes from 2D images. However, I could not find any evaluation on it neither in the paper nor in the appendix. \n\n- Miss closest shape results when showing generated shapes. Can you show the nearest shapes in training set to validate the generation capability of your generative model? \n\n- I saw claims like `extremely easy and stable to train.` and `MeshDiffusion is also very stable to train without bells and whistles.`. Is there any evidence to prove this?\n\n- Holes seem still exist on the generated meshes. Are there any quantitative results that can support your point `REDUCING NOISE-SENSITIVITY OF MARCHING TETRAHEDRA`? \n\n- Why FID metric of the car category is so high(even worse than IM-GAN)? \n\n- Misses comparison with GET3D. \n\nMisses references:\npoint cloud diffusion model:\nLION: Latent Point Diffusion Models for 3D Shape Generation\n\nrecent tetrahedral mesh generation method:\nGET3D: A Generative Model of High Quality 3D Textured Shapes Learned from Images\n\nTypos:\n`including unconditional generation, conditional generation and interpolation` -> \n`including unconditional generation, conditional generation**,** and interpolation`",
          "clarity,_quality,_novelty_and_reproducibility": "The paper is well-structured and gives as many details as possible. \nArchitecture and hyperparameters are given. I think the paper is reproducible. ",
          "summary_of_the_review": "The paper proposes the first diffusion model on 3D meshes. \nHowever, due to its limited evaluation, I have doubts on its generation capacity and its claims on stable training and reducing noise. \nIn addition, quantitative comparisons in FID metrics with baseline methods can not show its superiority.\nThe paper also misses a comparison with recent GET3D. \nSo I am slightly leaning toward rejection. ",
          "correctness": "3: Some of the paper’s claims have minor issues. A few statements are not well-supported, or require small changes to be made correct.",
          "technical_novelty_and_significance": "2: The contributions are only marginally significant or novel.",
          "empirical_novelty_and_significance": "2: The contributions are only marginally significant or novel.",
          "flag_for_ethics_review": [
            "NO."
          ],
          "details_of_ethics_concerns": "NO.\n",
          "recommendation": "6: marginally above the acceptance threshold"
        },
        "signatures": [
          "ICLR.cc/2023/Conference/Paper3314/Reviewer_NSt1"
        ],
        "readers": [
          "everyone"
        ],
        "nonreaders": [],
        "writers": [
          "ICLR.cc/2023/Conference",
          "ICLR.cc/2023/Conference/Paper3314/Reviewer_NSt1"
        ]
      },
      {
        "id": "fvIjxn44S58",
        "original": null,
        "number": 3,
        "cdate": 1666797055398,
        "mdate": null,
        "ddate": null,
        "tcdate": 1666797055398,
        "tmdate": 1666797055398,
        "tddate": null,
        "forum": "0cpM2ApF9p6",
        "replyto": "0cpM2ApF9p6",
        "invitation": "ICLR.cc/2023/Conference/Paper3314/-/Official_Review",
        "content": {
          "confidence": "3: You are fairly confident in your assessment. It is possible that you did not understand some parts of the submission or that you are unfamiliar with some pieces of related work. Math/other details were not carefully checked.",
          "summary_of_the_paper": "This paper proposes a diffusion model MeshDiffusion for 3D meshes generation.  The meshes are embedded in a deformable\ntetrahedral grid, and then employ a score based method to train a diffusion model on this direct parameterization. Besides using in the 3D space, the network can be used when only 2.5D information is available as well. The model is tested  on multiple generative tasks.",
          "strength_and_weaknesses": "The paper is for 3D mesh generation using the score based diffusion model. Score based diffusion model for generative modeling such as image synthesis has shown significant improvement over existing methods such as GAN, VAE, etc. This paper tries to extend the score based diffusion method into 3D mesh generation domain, which is a very important area to explore.\n\nThe main framework is based on Deep Marching Tetrahedra, plus the score based diffusion model. These are the main strength of the proposed method which essentially combines these two and applies to mesh generation.\n\nThe results seem good in comparison with existing methods.\n\nThe work on the other hand, seems still at a very earlier stage, and the paper seems generated in a little rush, e.g. there are two citations of 38,38] in page 3, second line, second paragraph. There are probably still some issues that need to solve before it can be fully utilized, as some of the limitations mentioned by the authors.\n\nNonetheless, this paper does point to an interesting direction in 3D mesh generation which the 3D community might not be fully aware of before (including myself), in this point the paper has merit and is to be accoladed.\n",
          "clarity,_quality,_novelty_and_reproducibility": "The paper generally reads okay, kind of clear if you are familiar with the score-based method. Figure 2 is very similar to the original deep marching tetrahedra paper (not copied but does look similar). For general audience especially those who are not familiar with score-based method the paper might be a little hard to read, at least in the beginning. Novelty wise the paper seems is a combination of two frameworks the deep marching tetrahedra and the score based method, but applies to a new field of 3D mesh generation, in this perspective it can be considered novel. I am not sure about how easier to reproduce the code yet.",
          "summary_of_the_review": "Overall it is an interesting application of the score based method in the 3D mesh generation domain which is very important. The paper does show some good results over the existing method. The paper would benefit from more time spent on the presentation, illustration, proof reading etc as it contains some typos and errors.",
          "correctness": "4: All of the claims and statements are well-supported and correct.",
          "technical_novelty_and_significance": "2: The contributions are only marginally significant or novel.",
          "empirical_novelty_and_significance": "2: The contributions are only marginally significant or novel.",
          "flag_for_ethics_review": [
            "NO."
          ],
          "recommendation": "6: marginally above the acceptance threshold"
        },
        "signatures": [
          "ICLR.cc/2023/Conference/Paper3314/Reviewer_jFa3"
        ],
        "readers": [
          "everyone"
        ],
        "nonreaders": [],
        "writers": [
          "ICLR.cc/2023/Conference",
          "ICLR.cc/2023/Conference/Paper3314/Reviewer_jFa3"
        ]
      },
      {
        "id": "_5cC9PEwHqy",
        "original": null,
        "number": 1,
        "cdate": 1668815275674,
        "mdate": 1668815275674,
        "ddate": null,
        "tcdate": 1668815275674,
        "tmdate": 1668815275674,
        "tddate": null,
        "forum": "0cpM2ApF9p6",
        "replyto": "fvIjxn44S58",
        "invitation": "ICLR.cc/2023/Conference/Paper3314/-/Official_Comment",
        "content": {
          "title": "Reply to Reviewer jFa3 from the authors",
          "comment": "We thank the reviewer for acknowledging our contribution and apologize for our unclear writing and typos. We have updated our draft and fixed the typos we found so far. For reproducibility, we will release our code and trained models."
        },
        "signatures": [
          "ICLR.cc/2023/Conference/Paper3314/Authors"
        ],
        "readers": [
          "everyone"
        ],
        "nonreaders": [],
        "writers": [
          "ICLR.cc/2023/Conference",
          "ICLR.cc/2023/Conference/Paper3314/Authors"
        ]
      },
      {
        "id": "tfX0eAxTRYF",
        "original": null,
        "number": 2,
        "cdate": 1668815673714,
        "mdate": 1668815673714,
        "ddate": null,
        "tcdate": 1668815673714,
        "tmdate": 1668815673714,
        "tddate": null,
        "forum": "0cpM2ApF9p6",
        "replyto": "3OqWai7yGUB",
        "invitation": "ICLR.cc/2023/Conference/Paper3314/-/Official_Comment",
        "content": {
          "title": "Reply to Reviewer NSt1 from the authors (Part 1)",
          "comment": "We thank the reviewer for spending time and raising the questions.\n\n> Not particularly novel. The paper is more like a combination of previous tetrahedral generation work and the diffusion model, especially when I see that the method has two training steps.\n\nWhile methodology-wise our model is more or less straightforward, we would like to argue that our model, along with GET3D and possibly LION, is one of the first to propose to directly unconditionally generate a parametrization of 3D meshes, and our model is the first diffusion model for such a purpose. Furthermore, we demonstrate that a naive diffusion model leads to much worse results (Sec. 4.3 and Table 3 in our paper). Our results imply that for diffusion models in mesh generation and possibly 3D in general, one needs to consider how the 3D shape is parametrized and design losses accordingly.\n\n> Misses evaluation on SVR. Obviously, the first step can reconstruct shapes from 2D images. However, I could not find any evaluation on it neither in the paper nor in the appendix.\n\nFor the single RGBD view case, please refer to the conditional generation section in our paper. It is termed “conditional generation” instead of “reconstruction” because the shapes are not unique given one single view.\n\nFor the RGB view case, it is theoretically possible to apply classifier-guidance method [1] for diffusion model inference so that an additional gradient term from the RGB single view supervision can be included. However, the rasterization process is highly nonlinear while the diffusion model inference process is very noisy. As a result, it can be very tricky to balance the gradient from the estimated score and that from the RGB supervision. Therefore, we do not include such a case in our paper.\n\n> Miss closest shape results when showing generated shapes. Can you show the nearest shapes in training set to validate the generation capability of your generative model?\n\nWe show the pairs of generated samples and their corresponding nearest neighbor results in this anonymous google drive link (https://drive.google.com/file/d/1jFMtBpOHRUgPNWZ26--6Fnx33Nr96250/view?usp=share_link). These shapes, plus the interpolated examples shown in the paper, clearly show that our model generalizes beyond the training set.\n\n> I saw claims like extremely easy and stable to train. and MeshDiffusion is also very stable to train without bells and whistles. Is there any evidence to prove this?\n\nWe claim our model is “easy to train” because\n- In theory, the score matching objective is a supervised one (the same as in denoising autoencoders). In contrast, the GAN objective is a min-max one, of which the optimization dynamics is much more complex.\n\n- Our diffusion model is trained with almost the same setting as the one used in [2], except that we use 3D convolution, and we do not observe any optimization issue.\n\n- We use the same set of hyperparameters for all categories, while in SDF-StyleGAN and GET3D, the hyperparameters differ (based on their github official code).\n\n> Holes seem still exist on the generated meshes. Are there any quantitative results that can support your point REDUCING NOISE-SENSITIVITY OF MARCHING TETRAHEDRA?\n\nPlease see “Ours, No Discretization” in Table 3 for the quantitative results in our original draft. We aim to reduce the error due to nonlinearity in marching tetrahedra by setting SDFs to +1/-1, and thus we make the distinction between “non-discretized” (the naive objective) and the “discretized” (proposed) version. We apologize for the unclear connection between Sec. 4.3 and the corresponding empirical results. We have changed “discretized SDF” to “normalized SDF” in our updated draft as we found it more intuitive.\n\n> Why FID metric of the car category is so high(even worse than IM-GAN)?\n\nFirst, the FID scores are computed by an average of FID scores on rendered images, while these images are rendered with a uniform diffuse color with simple point light sources. The distribution of these images are wildly different from that of natural images (which ImageNet-pretrained models used for FID are trained on). Therefore the “FID scores” in our setting is not a stronger indicator for 3D geometry quality. We have to take all the quantitative metrics into consideration when evaluating the generation quality of MeshDiffusion’s 3D shapes.\n\nSecond, the local geometry is generally much more complicated (seats, visible inner structures, etc.) and therefore a higher resolution is required to fully capture these details. Our original model is trained with a resolution of 64 and as a result the dataset is much noisier. We qualitatively found that a higher resolution of 128 can largely solve this issue. We will update the detailed quantitative number once we finish the training.\n\n\n\n"
        },
        "signatures": [
          "ICLR.cc/2023/Conference/Paper3314/Authors"
        ],
        "readers": [
          "everyone"
        ],
        "nonreaders": [],
        "writers": [
          "ICLR.cc/2023/Conference",
          "ICLR.cc/2023/Conference/Paper3314/Authors"
        ]
      },
      {
        "id": "kY42PK5K5b",
        "original": null,
        "number": 3,
        "cdate": 1668815781068,
        "mdate": 1668815781068,
        "ddate": null,
        "tcdate": 1668815781068,
        "tmdate": 1668815781068,
        "tddate": null,
        "forum": "0cpM2ApF9p6",
        "replyto": "tfX0eAxTRYF",
        "invitation": "ICLR.cc/2023/Conference/Paper3314/-/Official_Comment",
        "content": {
          "title": "Reply to Reviewer NSt1 from the authors (Part 2)",
          "comment": "> “Misses comparison with GET3D.” and “Misses references: point cloud diffusion model: LION: Latent Point Diffusion Models for 3D Shape Generation”\n\nWe thank the reviewer for pointing out these important reference papers. We have mentioned these papers in the related work section in our updated draft. For empirical comparison, we are currently training and evaluating our model with a higher resolution (as GET3D uses a higher resolution) as well as GET3D models with our dataset split. We will release the results later within the rebuttal period and include them in our draft.\n\nWhile we will include these new results, we would like to underscore that our paper is concurrent with GET3D (paper released one week before ICLR submission deadline and code available only after it), and LION is released on Arxiv in October. Therefore, we argue that our paper should not be judged solely based on the similarities and comparison with GET3D and LION.\n\n> Typos: including unconditional generation, conditional generation and interpolation -> including unconditional generation, conditional generation**,** and interpolation\n\nThanks for your suggestion. We have fixed this point as well as some other typos we found so far in our updated draft.\n\nReference\n\n[1] Ho, Jonathan, and Tim Salimans. \"Classifier-free diffusion guidance.\" arXiv preprint arXiv:2207.12598 (2022).\n\n[2] Yang Song, Jascha Sohl-Dickstein, Diederik P Kingma, Abhishek Kumar, Stefano Ermon, and Ben Poole. Score-based generative modeling through stochastic differential equations. In ICLR, 2021.\n\n"
        },
        "signatures": [
          "ICLR.cc/2023/Conference/Paper3314/Authors"
        ],
        "readers": [
          "everyone"
        ],
        "nonreaders": [],
        "writers": [
          "ICLR.cc/2023/Conference",
          "ICLR.cc/2023/Conference/Paper3314/Authors"
        ]
      },
      {
        "id": "586Kc1HdyVd",
        "original": null,
        "number": 4,
        "cdate": 1668816084868,
        "mdate": 1668816084868,
        "ddate": null,
        "tcdate": 1668816084868,
        "tmdate": 1668816084868,
        "tddate": null,
        "forum": "0cpM2ApF9p6",
        "replyto": "UwGn1ht8TrF",
        "invitation": "ICLR.cc/2023/Conference/Paper3314/-/Official_Comment",
        "content": {
          "title": "Reply to Reviewer Mo7X from the authors",
          "comment": "We appreciate the reviewer for raising the concerns.\n\n> The main problem is: There's a recently published paper \"GET3D: A Generative Model of High Quality 3D Textured Shapes Learned from Images\" in NeurIPS 2022. This paper is released on Sep. 22, which is before the paper deadline of ICLR 2023 (Sep. 28). So it should be considered as \"previous work\". The GET3D paper uses a similar idea (tetrahedral representation) to perform a similar task. However, in the submission the authors didn't mention, review, or compare with GET3D.\n\nWe thank the reviewer for pointing out GET3D. We have included GET3D as well as few other concurrent papers in the related work section in our updated draft. We are currently training and evaluating our model with a higher resolution (as GET3D uses a higher resolution) as well as GET3D models with our dataset split for empirical comparison, and we will update the empirical results once we finish our model training.\n\nWith all due respect, we would like to argue that a paper released only a week before ICLR deadline should be considered as “concurrent” instead of “previous” work. And therefore we strongly believe that the novelty and contribution of our paper should not be judged from sharing a similar goal to GET3D and the single question of “outperforming GET3D or not”.\n\nFurthermore, our paper uses different experiment settings from those of GET3D (we follow the same dataset split and settings with SDF-StyleGAN) and as a result the quantitative figures shown in GET3D are not directly comparable. \n\nMore importantly, the code of GET3D was released only after the ICLR submission deadline and thus there was no possibility for us to make a proper comparison at that point.\n\n> The mathematical formulations in this paper needs more explanations. For the training objective equation in Sec. 4.2, it would be better if the symbols are explained right in this section, because it is hard for readers to find the meaning of the symbols in Sec. 3. Besides, the training objective equation is not numbered.\n\nWe apologize for the confusion due to our writing. We have included some explanations for the symbols in Sec. 4.2 in the updated draft, and hopefully that will be clearer to readers.\n\n> Multiple loss functions are used for training the network. However, the ablation study does not show the necessity of each loss function.\n\nOnly the dataset construction stage requires multiple loss functions, and most of the loss terms are covered by the original paper of DMTet [1]. Empirically the performance won’t differ too much with the choices of hyperparameters once the dataset attains a substantially low PSNR for rendered RGB image. The PSNRs of the reconstructed shapes averaged over 50 views are around 40, meaning that the visual quality of the dataset is good enough. For the effect of these losses on single shape reconstruction, please refer to the DMTet paper [1].\n\nReference\n\n[1] Tianchang Shen, Jun Gao, Kangxue Yin, Ming-Yu Liu, and Sanja Fidler. Deep marching tetrahedra: a hybrid representation for high-resolution 3d shape synthesis. In NeurIPS, 2021.\n\n"
        },
        "signatures": [
          "ICLR.cc/2023/Conference/Paper3314/Authors"
        ],
        "readers": [
          "everyone"
        ],
        "nonreaders": [],
        "writers": [
          "ICLR.cc/2023/Conference",
          "ICLR.cc/2023/Conference/Paper3314/Authors"
        ]
      },
      {
        "id": "QxKqCZZTPk",
        "original": null,
        "number": 6,
        "cdate": 1670254714024,
        "mdate": 1670254714024,
        "ddate": null,
        "tcdate": 1670254714024,
        "tmdate": 1670254714024,
        "tddate": null,
        "forum": "0cpM2ApF9p6",
        "replyto": "0cpM2ApF9p6",
        "invitation": "ICLR.cc/2023/Conference/Paper3314/-/Official_Comment",
        "content": {
          "title": "Quantitative Comparison with GET3D",
          "comment": "We thank the reviewers again for their time, efforts and patience. We have completed the experiments and show the performance comparison between our MeshDiffusion and GET3D on Chair and Car categories in the table below:\n\n---\n### Chair\n\nMethod | MMD-CD | MMD-EMD | MMD-LFD | COV-CD | COV-EMD | COV-LFD\n-------------------|------------------|------------------|------------------|------------------|------------------|------------------\nMeshDiffusion |  **0.003329** | 0.08702 | **3534** | **73.60** | **73.97** | 61.73\nGET3D | 0.003435 | **0.08595** | 3665 | 71.98 | 71.39 | **68.81**\n\n---\n### Car\n\nMethod | MMD-CD | MMD-EMD | MMD-LFD | COV-CD | COV-EMD | COV-LFD\n-------------------|------------------|------------------|------------------|------------------|------------------|------------------\nMeshDiffusion |  **0.001268** | **0.05465** | **2444** | **51.09** | **54.17** | **57.53**\nGET3D | 0.001703 | 0.06292 | 2600 | 22.47 | 31.56 | 47.07\n\nMore specifically, we train our MeshDiffusion on our ShapeNet split with DMTet grid of resolution 128. We note that this new setting matches the adaptive resolution in GET3D, and it is therefore a fair comparison. We generate a set of 5x test set size for the computation of MMD and Coverage, the same as in the GET3D paper.\n\nThe point cloud metrics (CD and EMD) of GET3D on the “Car” category is significantly worse because the ground truth meshes contain inner structures (seats, etc.) which are invisible from the outside. Because GET3D does not provide any 3D supervision, it is not able to attain a good score on naive point cloud metrics. Therefore, we run the GET3D official code in https://github.com/nv-tlabs/GET3D/tree/master/evaluation_scripts to sample point clouds only on the outer surfaces, and recompute the point cloud metrics on these outer-surface-only point clouds. The figures are shown below.\n\n---\n### Car (outer surface only; point cloud metrics)\n\nMethod | MMD-CD | MMD-EMD | COV-CD | COV-EMD\n-------------------|------------------|------------------|------------------|------------------\nMeshDiffusion |  **0.000680** | **0.03668** | **64.13** | **68.80**\nGET3D | 0.000985 | 0.03997 | 42.93 | 54.20\n\n\nFor qualitative improvement by using a higher resolution, we show the samples in the following anonymous link: https://drive.google.com/file/d/1ib4LxxvCiF-tXwDQJ8y0NrVb9Ry33UAC/view?usp=share_link. Some of the examples impossible in daily life show the generalization capability of MeshDiffusion, and some examples of generated car meshes show that MeshDiffusion, trained with 3D information, is able to generate concave and complex geometries. We further give an example of the invisible inner structures MeshDiffusion produces in https://drive.google.com/file/d/1NyU7VwtWIrgcDaWPxTWhcbrrYX0ptxRA/view?usp=share_link. In comparison, GET3D does not produce good inner structures due to lack of 3D supervision (example in https://drive.google.com/file/d/1yrkB4fdm-fQREm_ruuHEPHEjv8DA4OY-/view?usp=share_link)."
        },
        "signatures": [
          "ICLR.cc/2023/Conference/Paper3314/Authors"
        ],
        "readers": [
          "everyone"
        ],
        "nonreaders": [],
        "writers": [
          "ICLR.cc/2023/Conference",
          "ICLR.cc/2023/Conference/Paper3314/Authors"
        ]
      },
      {
        "id": "mtL2adZKIU",
        "original": null,
        "number": 7,
        "cdate": 1670255100820,
        "mdate": 1670255100820,
        "ddate": null,
        "tcdate": 1670255100820,
        "tmdate": 1670255100820,
        "tddate": null,
        "forum": "0cpM2ApF9p6",
        "replyto": "kY42PK5K5b",
        "invitation": "ICLR.cc/2023/Conference/Paper3314/-/Official_Comment",
        "content": {
          "title": "Update on comparison with GET3D",
          "comment": "We thank the reviewer for the patience. We have posted our new experiment results and show the quantitative comparison with GET3D in a separate comment. And please let us know if you have any remaining concerns."
        },
        "signatures": [
          "ICLR.cc/2023/Conference/Paper3314/Authors"
        ],
        "readers": [
          "everyone"
        ],
        "nonreaders": [],
        "writers": [
          "ICLR.cc/2023/Conference",
          "ICLR.cc/2023/Conference/Paper3314/Authors"
        ]
      },
      {
        "id": "HDocXw27-k",
        "original": null,
        "number": 8,
        "cdate": 1670255116164,
        "mdate": 1670255116164,
        "ddate": null,
        "tcdate": 1670255116164,
        "tmdate": 1670255116164,
        "tddate": null,
        "forum": "0cpM2ApF9p6",
        "replyto": "586Kc1HdyVd",
        "invitation": "ICLR.cc/2023/Conference/Paper3314/-/Official_Comment",
        "content": {
          "title": "Update on comparison with GET3D",
          "comment": "We thank the reviewer for the patience. We have posted our new experiment results and show the quantitative comparison with GET3D in a separate comment. And please let us know if you have any remaining concerns."
        },
        "signatures": [
          "ICLR.cc/2023/Conference/Paper3314/Authors"
        ],
        "readers": [
          "everyone"
        ],
        "nonreaders": [],
        "writers": [
          "ICLR.cc/2023/Conference",
          "ICLR.cc/2023/Conference/Paper3314/Authors"
        ]
      },
      {
        "id": "bPiYpWR5H5",
        "original": null,
        "number": 9,
        "cdate": 1670255264467,
        "mdate": 1670255264467,
        "ddate": null,
        "tcdate": 1670255264467,
        "tmdate": 1670255264467,
        "tddate": null,
        "forum": "0cpM2ApF9p6",
        "replyto": "_5cC9PEwHqy",
        "invitation": "ICLR.cc/2023/Conference/Paper3314/-/Official_Comment",
        "content": {
          "title": "Update on new experiment results",
          "comment": "We thank the reviewer again for the time and efforts. To address other reviewers' concerns over the performance comparison against GET3D, a concurrent mesh generation method, we have posted our new experiment results in a separate comment. And please let us know if you have any remaining concerns."
        },
        "signatures": [
          "ICLR.cc/2023/Conference/Paper3314/Authors"
        ],
        "readers": [
          "everyone"
        ],
        "nonreaders": [],
        "writers": [
          "ICLR.cc/2023/Conference",
          "ICLR.cc/2023/Conference/Paper3314/Authors"
        ]
      },
      {
        "id": "183zqQVeEfu",
        "original": null,
        "number": 10,
        "cdate": 1670421151464,
        "mdate": 1670421151464,
        "ddate": null,
        "tcdate": 1670421151464,
        "tmdate": 1670421151464,
        "tddate": null,
        "forum": "0cpM2ApF9p6",
        "replyto": "mtL2adZKIU",
        "invitation": "ICLR.cc/2023/Conference/Paper3314/-/Official_Comment",
        "content": {
          "title": "Reply to the authors",
          "comment": "Happy to see the comparison with GET3D and the visualization of the inner structures in the car category, which alleviate my concerns. For now, I change my rating to weak accept. Another request: could you show the closest shapes in the training set for your unconditional generation results in `https://drive.google.com/file/d/1ib4LxxvCiF-tXwDQJ8y0NrVb9Ry33UAC/view`. I believe it can make the paper more convincing. "
        },
        "signatures": [
          "ICLR.cc/2023/Conference/Paper3314/Reviewer_NSt1"
        ],
        "readers": [
          "everyone"
        ],
        "nonreaders": [],
        "writers": [
          "ICLR.cc/2023/Conference",
          "ICLR.cc/2023/Conference/Paper3314/Reviewer_NSt1"
        ]
      },
      {
        "id": "7A3o3cwna7",
        "original": null,
        "number": 11,
        "cdate": 1670561839514,
        "mdate": 1670561839514,
        "ddate": null,
        "tcdate": 1670561839514,
        "tmdate": 1670561839514,
        "tddate": null,
        "forum": "0cpM2ApF9p6",
        "replyto": "183zqQVeEfu",
        "invitation": "ICLR.cc/2023/Conference/Paper3314/-/Official_Comment",
        "content": {
          "title": "Nearest-neighbor visualization",
          "comment": "We thank the reviewer for acknowledging our contribution and suggesting the nearest neighbor comparison for our new results. Please find a sample set of pairs of generated meshes from our resolution-128 models and their corresponding nearest neighbors in https://drive.google.com/file/d/1SgYner50E85J_sV_BODia7NIyslKXl4j/view?usp=share_link."
        },
        "signatures": [
          "ICLR.cc/2023/Conference/Paper3314/Authors"
        ],
        "readers": [
          "everyone"
        ],
        "nonreaders": [],
        "writers": [
          "ICLR.cc/2023/Conference",
          "ICLR.cc/2023/Conference/Paper3314/Authors"
        ]
      },
      {
        "id": "UMX5YluPBt",
        "original": null,
        "number": 12,
        "cdate": 1670633850771,
        "mdate": null,
        "ddate": null,
        "tcdate": 1670633850771,
        "tmdate": 1670633967702,
        "tddate": null,
        "forum": "0cpM2ApF9p6",
        "replyto": "HDocXw27-k",
        "invitation": "ICLR.cc/2023/Conference/Paper3314/-/Official_Comment",
        "content": {
          "title": "Response",
          "comment": "Thanks for the effort. I'm changing my score given the updated result."
        },
        "signatures": [
          "ICLR.cc/2023/Conference/Paper3314/Reviewer_Mo7X"
        ],
        "readers": [
          "everyone"
        ],
        "nonreaders": [],
        "writers": [
          "ICLR.cc/2023/Conference",
          "ICLR.cc/2023/Conference/Paper3314/Reviewer_Mo7X"
        ]
      },
      {
        "id": "JWjOiG2vYR",
        "original": null,
        "number": 13,
        "cdate": 1670711873052,
        "mdate": 1670711873052,
        "ddate": null,
        "tcdate": 1670711873052,
        "tmdate": 1670711873052,
        "tddate": null,
        "forum": "0cpM2ApF9p6",
        "replyto": "UMX5YluPBt",
        "invitation": "ICLR.cc/2023/Conference/Paper3314/-/Official_Comment",
        "content": {
          "title": "Thanks for reading our response!",
          "comment": "We sincerely thank the reviewer for the comments and suggestions for improving our paper. We are very glad that the reviewer's concerns have been addressed. If there is any remaining concern or question, please feel free to let us know. We will be more than happy to address them."
        },
        "signatures": [
          "ICLR.cc/2023/Conference/Paper3314/Authors"
        ],
        "readers": [
          "everyone"
        ],
        "nonreaders": [],
        "writers": [
          "ICLR.cc/2023/Conference",
          "ICLR.cc/2023/Conference/Paper3314/Authors"
        ]
      },
      {
        "id": "a40fMmPmdb",
        "original": null,
        "number": 1,
        "cdate": 1674241783047,
        "pdate": null,
        "mdate": null,
        "ddate": null,
        "tcdate": 1674241783047,
        "tmdate": 1674241783047,
        "tddate": null,
        "forum": "0cpM2ApF9p6",
        "replyto": "0cpM2ApF9p6",
        "invitation": "ICLR.cc/2023/Conference/Paper3314/-/Decision",
        "content": {
          "title": "Paper Decision",
          "decision": "Accept: notable-top-25%",
          "metareview:_summary,_strengths_and_weaknesses": "\nThe paper extends score-based diffusion models to 3D mesh generation, via direct parameterization on a tetrahedral grid.  All reviewers note the novelty of the idea, albeit co-invented with GET3D.  \n\nThe authors were assiduous in producing a comparison to GET3D for the rebuttal, as well as answering other reviewer questions, and reviewers engaged with the authors' rebuttal, all converging on accepting the paper.\n\n",
          "justification_for_why_not_higher_score": "Although the work is essentially concurrent with GET3D, particularly in terms of comparison, it remains true that the core ideas are less surprising now that GET3D is known.",
          "justification_for_why_not_lower_score": "Strong agreement between reviewers, even if all \"weakly accepting\" is a good indicator that the work is of interest to more than just a small subset of the audience.",
          "note_from_PC": "if the above contains the word \"oral\" or \"spotlight\" please see: \"oral\" presentation means -> notable-top-5% and \"spotlight\" means -> notable-top-25%. As stated in our emails, we are disassociating presentation type from AC recommendations"
        },
        "signatures": [
          "ICLR.cc/2023/Conference/Program_Chairs"
        ],
        "readers": [
          "everyone"
        ],
        "nonreaders": [],
        "writers": [
          "ICLR.cc/2023/Conference/Program_Chairs"
        ]
      }
    ],
    "directReplies": [
      {
        "id": "UwGn1ht8TrF",
        "original": null,
        "number": 1,
        "cdate": 1665950954198,
        "mdate": null,
        "ddate": null,
        "tcdate": 1665950954198,
        "tmdate": 1670633889576,
        "tddate": null,
        "forum": "0cpM2ApF9p6",
        "replyto": "0cpM2ApF9p6",
        "invitation": "ICLR.cc/2023/Conference/Paper3314/-/Official_Review",
        "content": {
          "confidence": "4: You are confident in your assessment, but not absolutely certain. It is unlikely, but not impossible, that you did not understand some parts of the submission or that you are unfamiliar with some pieces of related work.",
          "summary_of_the_paper": "This paper presents MeshDiffusion, a method for generating 3D meshes. The authors use the deformable tetrahedral grid as the 3D representation, and train a diffusion model on this parameterization. The authors demonstrated the effectiveness of the proposed model on multiple generative tasks, including unconditional and conditional generation.",
          "strength_and_weaknesses": "+ The tetrahedral grid representation is able to generate fine details of 3D shapes with arbitrary topology.\n\n+ The mesh output can be easily used in graphics pipelines.\n\n- The main problem is: There's a recently published paper  \"GET3D: A Generative Model of High Quality 3D Textured Shapes Learned from Images\" in NeurIPS 2022. This paper is released on Sep. 22, which is before the paper deadline of ICLR 2023 (Sep. 28). So it should be considered as \"previous work\". The GET3D paper uses a similar idea (tetrahedral representation) to perform a similar task. However, in the submission the authors didn't mention, review, or compare with GET3D.\n\n- Multiple loss functions are used for training the network. However, the ablation study does not show the necessity of each loss function.",
          "clarity,_quality,_novelty_and_reproducibility": "Clarity: The mathematical formulations in this paper needs more explanations. For the training objective equation in Sec. 4.2, it would be better if the symbols are explained right in this section, because it is hard for readers to find the meaning of the symbols in Sec. 3. Besides, the training objective equation is not numbered.\n\nQuality: The result is better than compared methods. However, it is unclear whether it outperforms GET3D.\n\nNovelty: The novelty is questionable since it is very similar to GET3D.\n\nReproducibility: It should be reproducible given the implementation details.\n\n",
          "summary_of_the_review": "The paper proposes a mesh generation model based on tetrahedral grid representation and diffusion model. The results show that the proposed method outperforms the baseline methods. However, the main issue is that one main state-of-the-art method \"GET3D\" was not mentioned or compared in this paper. Thus I would suggest the authors add this comparison and re-submit the paper.",
          "correctness": "4: All of the claims and statements are well-supported and correct.",
          "technical_novelty_and_significance": "3: The contributions are significant and somewhat new. Aspects of the contributions exist in prior work.",
          "empirical_novelty_and_significance": "3: The contributions are significant and somewhat new. Aspects of the contributions exist in prior work.",
          "flag_for_ethics_review": [
            "NO."
          ],
          "details_of_ethics_concerns": "N/A",
          "recommendation": "6: marginally above the acceptance threshold"
        },
        "signatures": [
          "ICLR.cc/2023/Conference/Paper3314/Reviewer_Mo7X"
        ],
        "readers": [
          "everyone"
        ],
        "nonreaders": [],
        "writers": [
          "ICLR.cc/2023/Conference",
          "ICLR.cc/2023/Conference/Paper3314/Reviewer_Mo7X"
        ]
      },
      {
        "id": "3OqWai7yGUB",
        "original": null,
        "number": 2,
        "cdate": 1666621943299,
        "mdate": null,
        "ddate": null,
        "tcdate": 1666621943299,
        "tmdate": 1670421167327,
        "tddate": null,
        "forum": "0cpM2ApF9p6",
        "replyto": "0cpM2ApF9p6",
        "invitation": "ICLR.cc/2023/Conference/Paper3314/-/Official_Review",
        "content": {
          "confidence": "5: You are absolutely certain about your assessment. You are very familiar with the related work and checked the math/other details carefully.",
          "summary_of_the_paper": "The paper proposed a diffusion model-based mesh generator. \nIt adopts the representation from the previous `deep marching tetrahedral`.\nThe method works in two steps by first learning to reconstruct 3D meshes and then training a diffusion model on the grid points using a 3D U-Net. \n",
          "strength_and_weaknesses": "Strength:\n- To my knowledge, it is the first diffusion model on 3D **mesh**. \n- On unconditional generation evaluation, it truly beats one of the latest SOTA(SDF-StyleGAN).\n\nWeakness:\n- Not particularly novel. The paper is more like a combination of previous tetrahedral generation work and the diffusion model, especially when I see that the method has two training steps. \n\n- Misses evaluation on SVR. Obviously, the first step can reconstruct shapes from 2D images. However, I could not find any evaluation on it neither in the paper nor in the appendix. \n\n- Miss closest shape results when showing generated shapes. Can you show the nearest shapes in training set to validate the generation capability of your generative model? \n\n- I saw claims like `extremely easy and stable to train.` and `MeshDiffusion is also very stable to train without bells and whistles.`. Is there any evidence to prove this?\n\n- Holes seem still exist on the generated meshes. Are there any quantitative results that can support your point `REDUCING NOISE-SENSITIVITY OF MARCHING TETRAHEDRA`? \n\n- Why FID metric of the car category is so high(even worse than IM-GAN)? \n\n- Misses comparison with GET3D. \n\nMisses references:\npoint cloud diffusion model:\nLION: Latent Point Diffusion Models for 3D Shape Generation\n\nrecent tetrahedral mesh generation method:\nGET3D: A Generative Model of High Quality 3D Textured Shapes Learned from Images\n\nTypos:\n`including unconditional generation, conditional generation and interpolation` -> \n`including unconditional generation, conditional generation**,** and interpolation`",
          "clarity,_quality,_novelty_and_reproducibility": "The paper is well-structured and gives as many details as possible. \nArchitecture and hyperparameters are given. I think the paper is reproducible. ",
          "summary_of_the_review": "The paper proposes the first diffusion model on 3D meshes. \nHowever, due to its limited evaluation, I have doubts on its generation capacity and its claims on stable training and reducing noise. \nIn addition, quantitative comparisons in FID metrics with baseline methods can not show its superiority.\nThe paper also misses a comparison with recent GET3D. \nSo I am slightly leaning toward rejection. ",
          "correctness": "3: Some of the paper’s claims have minor issues. A few statements are not well-supported, or require small changes to be made correct.",
          "technical_novelty_and_significance": "2: The contributions are only marginally significant or novel.",
          "empirical_novelty_and_significance": "2: The contributions are only marginally significant or novel.",
          "flag_for_ethics_review": [
            "NO."
          ],
          "details_of_ethics_concerns": "NO.\n",
          "recommendation": "6: marginally above the acceptance threshold"
        },
        "signatures": [
          "ICLR.cc/2023/Conference/Paper3314/Reviewer_NSt1"
        ],
        "readers": [
          "everyone"
        ],
        "nonreaders": [],
        "writers": [
          "ICLR.cc/2023/Conference",
          "ICLR.cc/2023/Conference/Paper3314/Reviewer_NSt1"
        ]
      },
      {
        "id": "fvIjxn44S58",
        "original": null,
        "number": 3,
        "cdate": 1666797055398,
        "mdate": null,
        "ddate": null,
        "tcdate": 1666797055398,
        "tmdate": 1666797055398,
        "tddate": null,
        "forum": "0cpM2ApF9p6",
        "replyto": "0cpM2ApF9p6",
        "invitation": "ICLR.cc/2023/Conference/Paper3314/-/Official_Review",
        "content": {
          "confidence": "3: You are fairly confident in your assessment. It is possible that you did not understand some parts of the submission or that you are unfamiliar with some pieces of related work. Math/other details were not carefully checked.",
          "summary_of_the_paper": "This paper proposes a diffusion model MeshDiffusion for 3D meshes generation.  The meshes are embedded in a deformable\ntetrahedral grid, and then employ a score based method to train a diffusion model on this direct parameterization. Besides using in the 3D space, the network can be used when only 2.5D information is available as well. The model is tested  on multiple generative tasks.",
          "strength_and_weaknesses": "The paper is for 3D mesh generation using the score based diffusion model. Score based diffusion model for generative modeling such as image synthesis has shown significant improvement over existing methods such as GAN, VAE, etc. This paper tries to extend the score based diffusion method into 3D mesh generation domain, which is a very important area to explore.\n\nThe main framework is based on Deep Marching Tetrahedra, plus the score based diffusion model. These are the main strength of the proposed method which essentially combines these two and applies to mesh generation.\n\nThe results seem good in comparison with existing methods.\n\nThe work on the other hand, seems still at a very earlier stage, and the paper seems generated in a little rush, e.g. there are two citations of 38,38] in page 3, second line, second paragraph. There are probably still some issues that need to solve before it can be fully utilized, as some of the limitations mentioned by the authors.\n\nNonetheless, this paper does point to an interesting direction in 3D mesh generation which the 3D community might not be fully aware of before (including myself), in this point the paper has merit and is to be accoladed.\n",
          "clarity,_quality,_novelty_and_reproducibility": "The paper generally reads okay, kind of clear if you are familiar with the score-based method. Figure 2 is very similar to the original deep marching tetrahedra paper (not copied but does look similar). For general audience especially those who are not familiar with score-based method the paper might be a little hard to read, at least in the beginning. Novelty wise the paper seems is a combination of two frameworks the deep marching tetrahedra and the score based method, but applies to a new field of 3D mesh generation, in this perspective it can be considered novel. I am not sure about how easier to reproduce the code yet.",
          "summary_of_the_review": "Overall it is an interesting application of the score based method in the 3D mesh generation domain which is very important. The paper does show some good results over the existing method. The paper would benefit from more time spent on the presentation, illustration, proof reading etc as it contains some typos and errors.",
          "correctness": "4: All of the claims and statements are well-supported and correct.",
          "technical_novelty_and_significance": "2: The contributions are only marginally significant or novel.",
          "empirical_novelty_and_significance": "2: The contributions are only marginally significant or novel.",
          "flag_for_ethics_review": [
            "NO."
          ],
          "recommendation": "6: marginally above the acceptance threshold"
        },
        "signatures": [
          "ICLR.cc/2023/Conference/Paper3314/Reviewer_jFa3"
        ],
        "readers": [
          "everyone"
        ],
        "nonreaders": [],
        "writers": [
          "ICLR.cc/2023/Conference",
          "ICLR.cc/2023/Conference/Paper3314/Reviewer_jFa3"
        ]
      },
      {
        "id": "QxKqCZZTPk",
        "original": null,
        "number": 6,
        "cdate": 1670254714024,
        "mdate": 1670254714024,
        "ddate": null,
        "tcdate": 1670254714024,
        "tmdate": 1670254714024,
        "tddate": null,
        "forum": "0cpM2ApF9p6",
        "replyto": "0cpM2ApF9p6",
        "invitation": "ICLR.cc/2023/Conference/Paper3314/-/Official_Comment",
        "content": {
          "title": "Quantitative Comparison with GET3D",
          "comment": "We thank the reviewers again for their time, efforts and patience. We have completed the experiments and show the performance comparison between our MeshDiffusion and GET3D on Chair and Car categories in the table below:\n\n---\n### Chair\n\nMethod | MMD-CD | MMD-EMD | MMD-LFD | COV-CD | COV-EMD | COV-LFD\n-------------------|------------------|------------------|------------------|------------------|------------------|------------------\nMeshDiffusion |  **0.003329** | 0.08702 | **3534** | **73.60** | **73.97** | 61.73\nGET3D | 0.003435 | **0.08595** | 3665 | 71.98 | 71.39 | **68.81**\n\n---\n### Car\n\nMethod | MMD-CD | MMD-EMD | MMD-LFD | COV-CD | COV-EMD | COV-LFD\n-------------------|------------------|------------------|------------------|------------------|------------------|------------------\nMeshDiffusion |  **0.001268** | **0.05465** | **2444** | **51.09** | **54.17** | **57.53**\nGET3D | 0.001703 | 0.06292 | 2600 | 22.47 | 31.56 | 47.07\n\nMore specifically, we train our MeshDiffusion on our ShapeNet split with DMTet grid of resolution 128. We note that this new setting matches the adaptive resolution in GET3D, and it is therefore a fair comparison. We generate a set of 5x test set size for the computation of MMD and Coverage, the same as in the GET3D paper.\n\nThe point cloud metrics (CD and EMD) of GET3D on the “Car” category is significantly worse because the ground truth meshes contain inner structures (seats, etc.) which are invisible from the outside. Because GET3D does not provide any 3D supervision, it is not able to attain a good score on naive point cloud metrics. Therefore, we run the GET3D official code in https://github.com/nv-tlabs/GET3D/tree/master/evaluation_scripts to sample point clouds only on the outer surfaces, and recompute the point cloud metrics on these outer-surface-only point clouds. The figures are shown below.\n\n---\n### Car (outer surface only; point cloud metrics)\n\nMethod | MMD-CD | MMD-EMD | COV-CD | COV-EMD\n-------------------|------------------|------------------|------------------|------------------\nMeshDiffusion |  **0.000680** | **0.03668** | **64.13** | **68.80**\nGET3D | 0.000985 | 0.03997 | 42.93 | 54.20\n\n\nFor qualitative improvement by using a higher resolution, we show the samples in the following anonymous link: https://drive.google.com/file/d/1ib4LxxvCiF-tXwDQJ8y0NrVb9Ry33UAC/view?usp=share_link. Some of the examples impossible in daily life show the generalization capability of MeshDiffusion, and some examples of generated car meshes show that MeshDiffusion, trained with 3D information, is able to generate concave and complex geometries. We further give an example of the invisible inner structures MeshDiffusion produces in https://drive.google.com/file/d/1NyU7VwtWIrgcDaWPxTWhcbrrYX0ptxRA/view?usp=share_link. In comparison, GET3D does not produce good inner structures due to lack of 3D supervision (example in https://drive.google.com/file/d/1yrkB4fdm-fQREm_ruuHEPHEjv8DA4OY-/view?usp=share_link)."
        },
        "signatures": [
          "ICLR.cc/2023/Conference/Paper3314/Authors"
        ],
        "readers": [
          "everyone"
        ],
        "nonreaders": [],
        "writers": [
          "ICLR.cc/2023/Conference",
          "ICLR.cc/2023/Conference/Paper3314/Authors"
        ]
      },
      {
        "id": "a40fMmPmdb",
        "original": null,
        "number": 1,
        "cdate": 1674241783047,
        "pdate": null,
        "mdate": null,
        "ddate": null,
        "tcdate": 1674241783047,
        "tmdate": 1674241783047,
        "tddate": null,
        "forum": "0cpM2ApF9p6",
        "replyto": "0cpM2ApF9p6",
        "invitation": "ICLR.cc/2023/Conference/Paper3314/-/Decision",
        "content": {
          "title": "Paper Decision",
          "decision": "Accept: notable-top-25%",
          "metareview:_summary,_strengths_and_weaknesses": "\nThe paper extends score-based diffusion models to 3D mesh generation, via direct parameterization on a tetrahedral grid.  All reviewers note the novelty of the idea, albeit co-invented with GET3D.  \n\nThe authors were assiduous in producing a comparison to GET3D for the rebuttal, as well as answering other reviewer questions, and reviewers engaged with the authors' rebuttal, all converging on accepting the paper.\n\n",
          "justification_for_why_not_higher_score": "Although the work is essentially concurrent with GET3D, particularly in terms of comparison, it remains true that the core ideas are less surprising now that GET3D is known.",
          "justification_for_why_not_lower_score": "Strong agreement between reviewers, even if all \"weakly accepting\" is a good indicator that the work is of interest to more than just a small subset of the audience.",
          "note_from_PC": "if the above contains the word \"oral\" or \"spotlight\" please see: \"oral\" presentation means -> notable-top-5% and \"spotlight\" means -> notable-top-25%. As stated in our emails, we are disassociating presentation type from AC recommendations"
        },
        "signatures": [
          "ICLR.cc/2023/Conference/Program_Chairs"
        ],
        "readers": [
          "everyone"
        ],
        "nonreaders": [],
        "writers": [
          "ICLR.cc/2023/Conference/Program_Chairs"
        ]
      }
    ]
  }
}