{
  "id": "6taykzqcPD",
  "original": "YAy3OmRWA7",
  "number": 3258,
  "cdate": 1663850181252,
  "mdate": null,
  "ddate": null,
  "tcdate": 1663850181252,
  "tmdate": 1681510144752,
  "tddate": null,
  "tauthor": "~Super_User1",
  "forum": "6taykzqcPD",
  "replyto": null,
  "invitation": "ICLR.cc/2023/Conference/-/Blind_Submission",
  "content": {
    "title": "Neural Networks Efficiently Learn Low-Dimensional Representations with SGD",
    "authorids": [
      "~Alireza_Mousavi-Hosseini1",
      "~Sejun_Park1",
      "~Manuela_Girotti1",
      "~Ioannis_Mitliagkas1",
      "~Murat_A_Erdogdu1"
    ],
    "authors": [
      "Alireza Mousavi-Hosseini",
      "Sejun Park",
      "Manuela Girotti",
      "Ioannis Mitliagkas",
      "Murat A Erdogdu"
    ],
    "keywords": [
      "feature learning",
      "generalization",
      "compressibility",
      "sgd",
      "neural networks"
    ],
    "TL;DR": "We prove that SGD on neural networks can learn low-dimensional features in certain settings, and use this to derive novel generalization and excess risk bounds.",
    "abstract": "We study the problem of training a two-layer neural network (NN) of arbitrary width using stochastic gradient descent (SGD) where the input $\\boldsymbol{x}\\in \\mathbb{R}^d$ is Gaussian and the target $y \\in \\mathbb{R}$ follows a multiple-index model, i.e., $y=g(\\langle\\boldsymbol{u_1},\\boldsymbol{x}\\rangle,...,\\langle\\boldsymbol{u_k},\\boldsymbol{x}\\rangle)$ with a noisy link function $g$. We prove that the first-layer weights in the NN converge to the $k$-dimensional principal subspace spanned by the vectors $\\boldsymbol{u_1},...,\\boldsymbol{u_k}$ of the true model, when online SGD with weight decay is used for training. This phenomenon has several important consequences when $k \\ll d$. First, by employing uniform convergence on this smaller subspace, we establish a generalization error bound of $\\mathcal{O}(\\sqrt{{kd}/{T}})$ after $T$ iterations of SGD, which is independent of the width of the NN. We further demonstrate that, by recovering the principal direction, SGD-trained ReLU NNs can learn a single-index target of the form $y=f(\\langle\\boldsymbol{u},\\boldsymbol{x}\\rangle) + \\epsilon$ with a sample complexity linear in $d$ (up to log factors), where $f$ is a monotonic function with at most polynomial growth, and $\\epsilon$ is the noise. This is in contrast to the known $d^{\\Omega(p)}$ samples required to learn any degree $p$ polynomial in the kernel regime, and shows that SGD-trained NNs can outperform the Neural Tangent Kernel at initialization. Finally, we establish compressibility guarantees for NNs using that SGD produces an approximately rank-$k$ first-layer weight matrix.",
    "anonymous_url": "I certify that there is no URL (e.g., github page) that could be used to find authors’ identity.",
    "no_acknowledgement_section": "I certify that there is no acknowledgement section in this submission for double blind review.",
    "code_of_ethics": "I acknowledge that I and all co-authors of this work have read and commit to adhering to the ICLR Code of Ethics",
    "submission_guidelines": "Yes",
    "resubmission": "",
    "student_author": "",
    "Please_choose_the_closest_area_that_your_submission_falls_into": "Theory (eg, control theory, learning theory, algorithmic game theory)",
    "paperhash": "mousavihosseini|neural_networks_efficiently_learn_lowdimensional_representations_with_sgd",
    "pdf": "/pdf/1240f349d491e95499f0c82e7a0de39047d53f8e.pdf",
    "_bibtex": "@inproceedings{\nmousavi-hosseini2023neural,\ntitle={Neural Networks Efficiently Learn Low-Dimensional Representations with {SGD}},\nauthor={Alireza Mousavi-Hosseini and Sejun Park and Manuela Girotti and Ioannis Mitliagkas and Murat A Erdogdu},\nbooktitle={The Eleventh International Conference on Learning Representations },\nyear={2023},\nurl={https://openreview.net/forum?id=6taykzqcPD}\n}",
    "venue": "ICLR 2023 notable top 25%",
    "venueid": "ICLR.cc/2023/Conference"
  },
  "signatures": [
    "ICLR.cc/2023/Conference"
  ],
  "readers": [
    "everyone"
  ],
  "nonreaders": [],
  "writers": [
    "ICLR.cc/2023/Conference"
  ],
  "pdate": 1675279270362,
  "odate": 1664468100000,
  "details": {
    "overwriting": [],
    "tags": [],
    "writable": false,
    "replyCount": 9,
    "directReplyCount": 4,
    "revisions": true,
    "replies": [
      {
        "id": "Fhn7K_gcJh6",
        "original": null,
        "number": 1,
        "cdate": 1666594386211,
        "mdate": null,
        "ddate": null,
        "tcdate": 1666594386211,
        "tmdate": 1666594386211,
        "tddate": null,
        "forum": "6taykzqcPD",
        "replyto": "6taykzqcPD",
        "invitation": "ICLR.cc/2023/Conference/Paper3258/-/Official_Review",
        "content": {
          "confidence": "3: You are fairly confident in your assessment. It is possible that you did not understand some parts of the submission or that you are unfamiliar with some pieces of related work. Math/other details were not carefully checked.",
          "summary_of_the_paper": "This paper studies layer-wise training by SGD for two-layer neural networks under teacher-student setups. Specifically, for the multiple-index models as teachers, the paper shows the convergence to the principal subspace spanned by the true parameters of the teacher. Moreover, several applications of this result are provided: (i) the learnability of the single-index model, (ii) an efficient generalization error bound, and (iii) compressibility guarantees.",
          "strength_and_weaknesses": "**Strengths**:\n\nThe feature learning property of neural networks trained with SGD has become a challenging research interest. Recently, many studies have been devoted to this line of research, but there are still several limitations. In this sense, the paper certainly contributes to the context by studying the SGD with multiple steps.\n\n- This paper provides an efficient sample complexity linear in the input dimension for learning the single-index model, which improves the existing results in related studies which treat one-step gradient descent. This improvement would be nice.\n\n- Moreover, the connection with an efficient generalization bound (Theorem 5) and the compressibility guarantee (Theorem 6) are also interesting, although these results are straightforward applications of Theorem 3.\n\n**Weaknesses**:\n\n- For the case $k>1$, the theory (Theorem 3) does not guarantee the convergence to the true parameter. In other words, the optimization accuracy is unclear in general, and thus the theory cannot estimate how small the expected risk can be.\n- A learnable class (i.e., $k=1$ and $f$ is monotone) is still rather limited compared to [Abbe et al. (2022)] which shows the learnability of staircase functions.\n\nHowever, I also acknowledge the difficulty of overcoming these limitations.",
          "clarity,_quality,_novelty_and_reproducibility": "This paper is well-organized and easy to read, and there is a certain improvement over the existing results.\n\nMinor comment:\n\n- The definitions of notations $R(W), R_\\lambda(W)$ omitting $a, b$ are missing, although we can guess them.\n\nQuestion:\n\n- The right-hand side of Eq. (3.2), (3.3) can be arbitrarily small as $\\gamma \\to \\infty$. Is there any condition on $\\gamma$ missed in this statement?",
          "summary_of_the_review": "Although there are still several limitations in the theory, this paper certainly contributes to the context by providing an improvement over the existing studies.",
          "correctness": "4: All of the claims and statements are well-supported and correct.",
          "technical_novelty_and_significance": "3: The contributions are significant and somewhat new. Aspects of the contributions exist in prior work.",
          "empirical_novelty_and_significance": "Not applicable",
          "flag_for_ethics_review": [
            "NO."
          ],
          "recommendation": "8: accept, good paper"
        },
        "signatures": [
          "ICLR.cc/2023/Conference/Paper3258/Reviewer_qmRw"
        ],
        "readers": [
          "everyone"
        ],
        "nonreaders": [],
        "writers": [
          "ICLR.cc/2023/Conference",
          "ICLR.cc/2023/Conference/Paper3258/Reviewer_qmRw"
        ]
      },
      {
        "id": "kIEeMDh9q_",
        "original": null,
        "number": 2,
        "cdate": 1666667002353,
        "mdate": null,
        "ddate": null,
        "tcdate": 1666667002353,
        "tmdate": 1666667002353,
        "tddate": null,
        "forum": "6taykzqcPD",
        "replyto": "6taykzqcPD",
        "invitation": "ICLR.cc/2023/Conference/Paper3258/-/Official_Review",
        "content": {
          "confidence": "3: You are fairly confident in your assessment. It is possible that you did not understand some parts of the submission or that you are unfamiliar with some pieces of related work. Math/other details were not carefully checked.",
          "summary_of_the_paper": "This paper  proves  that SGD on neural networks can learn low-dimensional features in certain settings, and uses this to derive novel generalization and excess risk bounds.",
          "strength_and_weaknesses": "\nThis paper study the convergence of SGD (applied  to two layer networks)  to the principle subspaces of the teacher model.\nStrength:\nStudying the convergence of SGD sequence to the estimation target (not only to the minimizer at the optimization level) is an important perspective to understand SGD in deep learning.\nSince the the target model is a multi-index model which is easier to due to the low dimensional intrinsics structure. So it is not surprise the final   results   reducing  the curse of dimensionality.\n\nWeakness:  In the perspective of nonparametric regression, we also need bound the estimation error, i.e., the estimated network function and \ntarget function g.  But the authors never mentioned  about this.   See for example  \n1:  I. Kuzborskij and Cs. Szepesvári. Nonparametric regression with shallow overparameterized neural networks trained by gd with early stopping. COLT, 2021.\n2:  T. Hu, W. Wang, C. Lin, and G. Cheng. Regularization matters: A nonparametric perspective\non overparametrized neural network. AISTATS, 2021.\n3: S Frei, NS Chatterji, PL Bartlett， Benign Overfitting without Linearity: Neural Network Classifiers Trained by Gradient Descent for Noisy Linear Data， COLT,  2022.",
          "clarity,_quality,_novelty_and_reproducibility": "The paper is well orgnized.",
          "summary_of_the_review": "A nice work. And it can be better if  the author will study the nonparametric estimation error. ",
          "correctness": "3: Some of the paper’s claims have minor issues. A few statements are not well-supported, or require small changes to be made correct.",
          "technical_novelty_and_significance": "3: The contributions are significant and somewhat new. Aspects of the contributions exist in prior work.",
          "empirical_novelty_and_significance": "3: The contributions are significant and somewhat new. Aspects of the contributions exist in prior work.",
          "flag_for_ethics_review": [
            "NO."
          ],
          "recommendation": "6: marginally above the acceptance threshold"
        },
        "signatures": [
          "ICLR.cc/2023/Conference/Paper3258/Reviewer_vyfX"
        ],
        "readers": [
          "everyone"
        ],
        "nonreaders": [],
        "writers": [
          "ICLR.cc/2023/Conference",
          "ICLR.cc/2023/Conference/Paper3258/Reviewer_vyfX"
        ]
      },
      {
        "id": "8KC7TvKk3n",
        "original": null,
        "number": 3,
        "cdate": 1667663305779,
        "mdate": null,
        "ddate": null,
        "tcdate": 1667663305779,
        "tmdate": 1670345570369,
        "tddate": null,
        "forum": "6taykzqcPD",
        "replyto": "6taykzqcPD",
        "invitation": "ICLR.cc/2023/Conference/Paper3258/-/Official_Review",
        "content": {
          "confidence": "3: You are fairly confident in your assessment. It is possible that you did not understand some parts of the submission or that you are unfamiliar with some pieces of related work. Math/other details were not carefully checked.",
          "summary_of_the_paper": "The authors consider the representation learning ability of two layer neural\nnetworks trained with gradient descent to approximate the outputs of a function\nin a nonparametric class, applied to a few projections of a high-dimensional\ninput vector -- in this setting, kernel methods and other rotation-invariant\npredictors generally suffer from a curse of dimensionality, but methods such as\nneural networks can potentially avoid the curse of dimensionality by learning\nthe relevant directions and then fitting the target in this lower-dimensional\nspace. They consider the setting of gaussian inputs, standard (mean-field-type)\nrandom initialization, and training with variants of stochastic gradient\ndescent on the square loss and smooth activations, and on convex Lipschitz losses\nand the ReLU, with large weight decay regularization. Their main technical result\nconsists of showing that online SGD (samples from the population loss) on the\nfirst layer weights leads to fairly rapid convergence to weights that are\nsuitably close to the span of the relevant $k$ directions of the teacher model\n-- the rates for the norm of the irrelevant components of the trained weights\nare on the order $\\sqrt{dm/T}$, where $d$ is the ambient dimension, $m$ is the\nnumber of neurons, and $T$ is the number of iterations of SGD, which is\nsufficient to bound the risk given that the losses are locally Lipschitz. The\nauthors apply this result to obtain a guarantee for learning noisy single-index\nteacher models (single neuron) up to the noise level with a two-stage procedure\n(after SGD on the first-layer weights to learn the right representation for the\ninput, fit the readout layer weights with essentially ridge regression), and\ngeneralization gap control (no empirical risk control) in more general settings\ndue to the low-dimensional representation learned. \n\n",
          "strength_and_weaknesses": "## Strengths\n\n- The paper is very well written. The coverage of background material and\n  related work seems essentially exhaustive. The notation and technical\n  discussions are precise and easy to parse at multiple levels of detail. The\n  authors provide interesting intuitions and connections to classical work in\n  statistics (e.g.  model misspecification) that enhances the level of insight\n  of the presentation.\n\n- The results concern the important problem of representation learning in\n  nonlinear neural networks. The authors seem to have taken some care to\n  present their results in some generality (different losses and activations,\n  step size regimes for SGD, etc.). The conclusions for learning the first\n  layer weights are qualitatively interesting.\n\n## Weaknesses\n\n- The algorithmic results for neural network training + generalization are\n  relatively weaker than the results for recovery of the first layer weights --\n  just concerning single index models or the generalization gap.\n\n- It would be helpful for the sake of comparison if the theorems did not hide\n  properties of the link $g$ -- especially to compare with the results of\n  Damian et al., which expose specific rates when the target is a polynomial\n  with a certain neural-net-like structure.\n\n## Minor / Questions / Etc.\n\n- The role of the noise $\\epsilon$ in the link function does not seem clear in\n  the theorems in the main body, prior to section 4 -- what dependence does it\n  play in the results?  Can it be zero? In section 4, why is this noise\n  necessary? (It would be helpful in understanding this if Theorem 4 exposed\n  the dependence on the subgaussian rate of the noise $\\sigma^2$, say.)\n\n- Some discussion of why the risk needs to be truncated at level $\\tau$ in\n  section 4 would be helpful.\n\n- With regards to the similarity to previous works, some discussion in the\n  rebuttal might be helpful to understand the distinct insights in this work\n  (especially, on the technical side, the differences that the authors allude\n  to in the related work section between analysis of the SGD trajectory, as\n  here, with the one-step gradient trajectory, given that both are unnatural\n  two-stage (\"layerwise training\") algorithms).\n\n- The claim at the start of section 4.1, suggesting that a key aspect of the\n  neural network training/generalization problem revolves around coping with\n  model misspecification (positing the existence of such an underlying model),\n  is interesting and thought-provoking. Another line of theoretical work on\n  neural nets focuses on the ability of neural networks to learn to adapt to\n  specific low-dimensional structures in data itself -- e.g. in terms of\n  representation capacity [1], or algorithmic aspects [2-5]. Adapting to this\n  type of structure, and the analysis it entails, seems somewhat different from\n  what the authors study here, and I would be curious to hear the thoughts of\n  the authors on whether there are similarities, whether they are in tension,\n  etc.\n\n[1] http://dx.doi.org/10.1093/imaiai/iaac001\n\n[2] https://proceedings.neurips.cc/paper/2020/file/a9df2255ad642b923d95503b9a7958d8-Paper.pdf\n\n[3] https://openreview.net/forum?id=O-6Pm_d_Q-\n\n[4] https://papers.nips.cc/paper/2021/hash/f26df67e8110ee2b44923db775e3e47f-Abstract.html\n\n[5] http://arxiv.org/abs/2206.12314\n\n",
          "clarity,_quality,_novelty_and_reproducibility": "The paper is excellently written. The paper has a similar motivation, and\napplies similar technical tools, to other concurrent works in this area --\nthere are slight differences in the setting considered here that the authors\nmay unpack in more detail in the rebuttal (the differences mentioned in the\npaper, that of SGD vs one-step gradient, seem like they might be superficial).\n\n",
          "summary_of_the_review": "Similar to other quasi-concurrent works, this work presents an interesting\nmathematical study of a single level of representation learning in nonlinear\nneural networks trained in function approximation-type tasks with imperfectly\nspecified models (beyond the typical teacher-student). The results here are\nsimilar to those in concurrent works, but the excellent presentation makes this\nwork a valuable entry point to this evolving topic in the literature.\n\n",
          "correctness": "4: All of the claims and statements are well-supported and correct.",
          "technical_novelty_and_significance": "3: The contributions are significant and somewhat new. Aspects of the contributions exist in prior work.",
          "empirical_novelty_and_significance": "Not applicable",
          "flag_for_ethics_review": [
            "NO."
          ],
          "recommendation": "8: accept, good paper"
        },
        "signatures": [
          "ICLR.cc/2023/Conference/Paper3258/Reviewer_k8J3"
        ],
        "readers": [
          "everyone"
        ],
        "nonreaders": [],
        "writers": [
          "ICLR.cc/2023/Conference",
          "ICLR.cc/2023/Conference/Paper3258/Reviewer_k8J3"
        ]
      },
      {
        "id": "8GuUayURNN",
        "original": null,
        "number": 3,
        "cdate": 1668557959912,
        "mdate": 1668557959912,
        "ddate": null,
        "tcdate": 1668557959912,
        "tmdate": 1668557959912,
        "tddate": null,
        "forum": "6taykzqcPD",
        "replyto": "8KC7TvKk3n",
        "invitation": "ICLR.cc/2023/Conference/Paper3258/-/Official_Comment",
        "content": {
          "title": "Reply to reviewer k8J3",
          "comment": "We highly appreciate the reviewer’s positive evaluation and detailed feedback. We address the reviewer’s concerns below.\n***\n**The algorithmic results for neural network training + generalization are relatively weaker than the results for recovery of the first layer weights.**\n\nWe agree with the reviewer that the optimization guarantees we provided in Thm 3 cover a more general setting than their implications on the learnability of single-index models as well as the generalization gap. However, we still highlight that the excess risk estimate of $O(\\sqrt{d/T})$ for an SGD-trained neural network has not been previously established, even for targets satisfying a single-index model. We also agree that establishing guarantees for SGD-trained neural networks learning multiple index models is an important open problem, and we see our work as an important step towards this direction.\n\n***\n**It would be helpful for the sake of comparison if the theorems did not hide properties of the link g.**\n\nRemarkably, the only property of the link function $g$ that influences the convergence behavior is that it relies on the input only along $k$ principal directions. In other words, the nonlinearity in $g$ has no impact on the convergence to the principal subspace (Thm 3) as long as Assmp 1 is satisfied.\n\nThe results that depend on the properties of $g$ are the learnability (Thm 4) and the warm-up case of population gradient descent (Prop 2). More specifically in Thm 4, the second derivative of $g$ enters the rate through $\\Delta_*$. All other results hold irrespective of the other properties of $g$. \n***\n**The role of the noise $\\epsilon$ in the link function does not seem clear in the theorems in the main body.**\n\nThe effect of noise is subsumed into other regularity conditions, on either the loss or the response. Indeed, in the ReLU activation, Lipschitzness of the loss implies bounded stochastic gradients (conditioned on $x$), and the same is implied by the bounded response variable due to Assmp 2.A for smooth activations. In either case, any noise distribution that is independent of the input is admissible, including the noiseless case where $\\epsilon = 0$.\n\nIn Section 4, we require sub-Gaussian noise for the term $1/T\\sum_{t=0}^{T-1}\\ell_H(\\epsilon^{(t)})$ to concentrate around its mean. We revised our Thm 4 as per the reviewer’s suggestion to incorporate any $\\nu$-sub-Gaussian noise, and the current rate shows the dependence on $\\nu$ explicitly. In particular, $\\nu=0$ is covered by this framework – please see Thm 4 in the revised version.\n***\n**Some discussion of why the risk needs to be truncated at level $\\tau$ in section 4 would be helpful.**\n\nWe truncate the loss to obtain a sharp dependence on the inverse probability of failure $\\delta$ by ensuring sub-Gaussian concentration of the empirical risk, thus yielding $O(\\sqrt{\\log(1/\\delta)})$ dependence. We have clarified this point in the revised version.\n***\n**With regards to the similarity to previous works, some discussion in the rebuttal might be helpful to understand the distinct insights in this work.**\n\nCompared to prior works on representation learning (e.g. Damian et al., Ba et al., Barak et al.) which mostly focused on one full-batch (specialized) gradient step, our work provides guarantees for SGD with **any number of iterations**. Indeed, one can write a closed-form expression for the updated weights after a single gradient step, which is heavily exploited in the prior work. However, in the setting of SGD, one needs to study the entire SGD trajectory on a non-convex loss landscape, which is only made possible via the Stein-type lemma (Lemma 1). Further, to provide high-probability statements, we establish bounds on the moment generating function of the distance to the principal subspace, to be iterated to derive explicit convergence guarantees, which is not previously employed in the literature on feature learning.\n***\n**Comparison with the literature on neural network adaptation to low-dimensional structures of data.**\n\nWe thank the reviewer for bringing these works to our attention. We highlight that the convergence to the principal subspace aligns with neural networks’ ability to adapt to the underlying low-dimensional structure of the data, and thus is in agreement with [1-4] (in particular [2] also suggests that neural networks beat kernel methods when the input is isotropic). However, [5] proposes an interesting counterpoint where in certain settings with inputs having a fixed low dimension, lazy training (with NTK) can generalize better than feature learning. That said, our work focuses on the high-dimensional setting, in which learning polynomials of the input has provably worse generalization in the lazy training regime (Donhauser et al.). We have included a detailed discussion of these works in the revised version.\n\n***\n\nWe would be happy to clarify any concerns or answer any questions that may come up during the discussion period.\n"
        },
        "signatures": [
          "ICLR.cc/2023/Conference/Paper3258/Authors"
        ],
        "readers": [
          "everyone"
        ],
        "nonreaders": [],
        "writers": [
          "ICLR.cc/2023/Conference",
          "ICLR.cc/2023/Conference/Paper3258/Authors"
        ]
      },
      {
        "id": "qhGofkNAbGE",
        "original": null,
        "number": 4,
        "cdate": 1668558105757,
        "mdate": 1668558105757,
        "ddate": null,
        "tcdate": 1668558105757,
        "tmdate": 1668558105757,
        "tddate": null,
        "forum": "6taykzqcPD",
        "replyto": "kIEeMDh9q_",
        "invitation": "ICLR.cc/2023/Conference/Paper3258/-/Official_Comment",
        "content": {
          "title": "Reply to reviewer vyfX",
          "comment": "We thank the reviewer for their positive evaluation and their valuable feedback. \n***\n**In the perspective of nonparametric regression, we also need to bound the estimation error, i.e., the estimated network function and target function g.**\n\nFor the single-index case, Thm 4 provides an upper bound on the excess risk (the difference between the risk of the trained neural network and the best achievable risk) under the Huber loss. If we use the squared error loss instead, this would exactly be the same as the estimation error between the prediction of the network and the true target $g$. Unfortunately, our proof technique relies heavily on the linear tail-growth of the Huber loss and relaxing this condition is not straightforward within the current framework. As such, converting the excess risk bound we have, which is under the Huber loss, to a bound in estimation error is difficult. We agree with the reviewer that extending the analysis to provide vanishing estimation error bounds is an interesting direction for future research.\n\nWe finally thank the reviewer for mentioning the works on nonparametric regression with neural networks in the NTK regime. We have cited and discussed these works after Thm 4 in the revised version of our paper.\n\n***\n\nWe would be happy to clarify any concerns or answer any questions that may come up during the discussion period.\n"
        },
        "signatures": [
          "ICLR.cc/2023/Conference/Paper3258/Authors"
        ],
        "readers": [
          "everyone"
        ],
        "nonreaders": [],
        "writers": [
          "ICLR.cc/2023/Conference",
          "ICLR.cc/2023/Conference/Paper3258/Authors"
        ]
      },
      {
        "id": "UDvJaGJ5cx",
        "original": null,
        "number": 5,
        "cdate": 1668558263113,
        "mdate": 1668558263113,
        "ddate": null,
        "tcdate": 1668558263113,
        "tmdate": 1668558263113,
        "tddate": null,
        "forum": "6taykzqcPD",
        "replyto": "Fhn7K_gcJh6",
        "invitation": "ICLR.cc/2023/Conference/Paper3258/-/Official_Comment",
        "content": {
          "title": "Reply to reviewer qmRw",
          "comment": "We thank the reviewer for their positive evaluation and thoughtful feedback. We address the reviewer’s questions and concerns below:\n***\n**For the case $k>1$, the optimization accuracy is unclear, and thus the theory cannot estimate how small the expected risk can be. The learnable class (i.e.,  $k=1$ and $f$ is monotone) is rather limited.**\n\nWe agree with the reviewer regarding the limitations of our work. As the reviewer pointed out, convergence to the principal subspace does not guarantee recovering the true parameter (or the principal directions) in the case $k>1$; thus our optimization result provides a somewhat limited characterization of the SGD dynamics within the principal subspace. However, we note that without resorting to the NTK or mean-field settings, a complete characterization of SGD trained two-layer networks is notoriously difficult and we see our work as an important step towards this direction, particularly when compared to recent works [Damien et al., Ba et al., and Barak et al] that only consider one gradient descent step.\n\n***\n\n\n**The right-hand side of Eq. (3.2), (3.3) can be arbitrarily small as $\\gamma \\to \\infty$. Is there any condition on $\\gamma$ missed in this statement?**\n\nEq. (3.2) and (3.3) hold when $T \\gtrsim \\tilde{\\lambda}^2 / (d + \\log(1/\\delta))$ (recall that $\\tilde{\\lambda} \\asymp \\gamma$), as specified at the end of the Theorem statement. Choosing larger $\\gamma$ implies choosing larger $\\tilde{\\lambda}$, which in turn implies a larger $T$. Thus in general one can not achieve immediate convergence to the principal subspace by letting $\\gamma \\to \\infty$.\n\nWe have made the following clarification in the revised version: \n\nOur results are most insightful when $\\gamma \\asymp 1$ with respective rates of $\\widetilde{\\mathcal{O}}(\\sqrt{d/T})$ and $\\mathcal{O}(\\sqrt{d/T})$ in the constant and decreasing step size settings; this scaling allows efficient learning of certain targets (see Theorem 4). Indeed, choosing a large $\\gamma$ may significantly restrict the learnability properties and will result in underfitting. However, if we ignore the underfitting issue, one can get the fastest convergence rate by choosing $\\gamma \\asymp \\sqrt{T(d+\\log(1/\\delta))}$, from which we obtain ${\\lVert W^T_\\perp\\rVert_F}/{\\sqrt{m}} \\lesssim {1}/{T}$.\n\n***\n\n\nWe would be happy to clarify any concerns or answer any questions that may come up during the discussion period.\n"
        },
        "signatures": [
          "ICLR.cc/2023/Conference/Paper3258/Authors"
        ],
        "readers": [
          "everyone"
        ],
        "nonreaders": [],
        "writers": [
          "ICLR.cc/2023/Conference",
          "ICLR.cc/2023/Conference/Paper3258/Authors"
        ]
      },
      {
        "id": "s2xRnnYSDk5",
        "original": null,
        "number": 6,
        "cdate": 1669912251500,
        "mdate": 1669912251500,
        "ddate": null,
        "tcdate": 1669912251500,
        "tmdate": 1669912251500,
        "tddate": null,
        "forum": "6taykzqcPD",
        "replyto": "UDvJaGJ5cx",
        "invitation": "ICLR.cc/2023/Conference/Paper3258/-/Official_Comment",
        "content": {
          "title": "Thanks",
          "comment": "Thanks for your explanations. The authors clarified the condition on $\\gamma$ in the revision. I think the quality of the paper is very good. I would like to keep the score."
        },
        "signatures": [
          "ICLR.cc/2023/Conference/Paper3258/Reviewer_qmRw"
        ],
        "readers": [
          "everyone"
        ],
        "nonreaders": [],
        "writers": [
          "ICLR.cc/2023/Conference",
          "ICLR.cc/2023/Conference/Paper3258/Reviewer_qmRw"
        ]
      },
      {
        "id": "IwmYHWE4Uyt",
        "original": null,
        "number": 7,
        "cdate": 1670345547055,
        "mdate": null,
        "ddate": null,
        "tcdate": 1670345547055,
        "tmdate": 1670345560011,
        "tddate": null,
        "forum": "6taykzqcPD",
        "replyto": "8GuUayURNN",
        "invitation": "ICLR.cc/2023/Conference/Paper3258/-/Official_Comment",
        "content": {
          "title": "thanks",
          "comment": "Thank you for the detailed response and for fixing various small issues in the revision. I am happy with the work's quality and contribution and have updated my score accordingly. "
        },
        "signatures": [
          "ICLR.cc/2023/Conference/Paper3258/Reviewer_k8J3"
        ],
        "readers": [
          "everyone"
        ],
        "nonreaders": [],
        "writers": [
          "ICLR.cc/2023/Conference",
          "ICLR.cc/2023/Conference/Paper3258/Reviewer_k8J3"
        ]
      },
      {
        "id": "55gIfkL0Zl",
        "original": null,
        "number": 1,
        "cdate": 1674241783930,
        "pdate": null,
        "mdate": null,
        "ddate": null,
        "tcdate": 1674241783930,
        "tmdate": 1674241783930,
        "tddate": null,
        "forum": "6taykzqcPD",
        "replyto": "6taykzqcPD",
        "invitation": "ICLR.cc/2023/Conference/Paper3258/-/Decision",
        "content": {
          "title": "Paper Decision",
          "decision": "Accept: notable-top-25%",
          "metareview:_summary,_strengths_and_weaknesses": "The paper studies neural network learning problems in which the target y is a function of a few linear projections <u_1,x>, …, <u_k,x> of the input x (the “multi-index model”). This problem is motivated by the general goal of understanding how deep networks adapt to low-complexity structure in the learning task. The paper studies the convergence and generalization of SGD for learning two-layer networks from this data, and shows that with weight decay, the first layer weights converge to the subspace spanned by u_1, …, u_k. The paper gives generalization bounds for SGD which are dictated by the dimension of this subspace, and proves that the weights of the learned network are compressible. \n\nReviewers expressed a uniformly positive evaluation of the paper’s contributions: conceptually, it illustrates how neural networks adapt to low-dimensional task structure, while at a technical level it improves over related works by controlling the entire trajectory of SGD, rather than just a single gradient step (which has a closed-form expression). One technical limitation is that although this approach shows convergence to the principal subspace, it does to control the behavior within the principal subspace, and hence for k > 1 controls the generalization gap, and not the excess risk. However, these results still show the benefit of low-dimensionality, and the paper’s learning results for single index models are novel. The paper’s results for single index models contrast favorably with lower bounds for learning polynomials in the NTK regime. Reviewers also found the paper to be very clearly presented. ",
          "justification_for_why_not_higher_score": "Overall, this is a strong technical paper. There are some minor limitations to the results -- the strongest generalization guarantees are for the k = 1 case, and, while the theory shows convergence to the principle subspace, it does not control what is learned within the principle subspace. ",
          "justification_for_why_not_lower_score": "This is a high quality technical paper, with an interesting message (weights converge to the principal subspace) and technical contributions (control of entire SGD trajectory, generalization results for single index model and generalization gap for multi-index model that leverage low-dimensional structure). It deserves to be accepted in some form. ",
          "note_from_PC": "if the above contains the word \"oral\" or \"spotlight\" please see: \"oral\" presentation means -> notable-top-5% and \"spotlight\" means -> notable-top-25%. As stated in our emails, we are disassociating presentation type from AC recommendations"
        },
        "signatures": [
          "ICLR.cc/2023/Conference/Program_Chairs"
        ],
        "readers": [
          "everyone"
        ],
        "nonreaders": [],
        "writers": [
          "ICLR.cc/2023/Conference/Program_Chairs"
        ]
      }
    ],
    "directReplies": [
      {
        "id": "Fhn7K_gcJh6",
        "original": null,
        "number": 1,
        "cdate": 1666594386211,
        "mdate": null,
        "ddate": null,
        "tcdate": 1666594386211,
        "tmdate": 1666594386211,
        "tddate": null,
        "forum": "6taykzqcPD",
        "replyto": "6taykzqcPD",
        "invitation": "ICLR.cc/2023/Conference/Paper3258/-/Official_Review",
        "content": {
          "confidence": "3: You are fairly confident in your assessment. It is possible that you did not understand some parts of the submission or that you are unfamiliar with some pieces of related work. Math/other details were not carefully checked.",
          "summary_of_the_paper": "This paper studies layer-wise training by SGD for two-layer neural networks under teacher-student setups. Specifically, for the multiple-index models as teachers, the paper shows the convergence to the principal subspace spanned by the true parameters of the teacher. Moreover, several applications of this result are provided: (i) the learnability of the single-index model, (ii) an efficient generalization error bound, and (iii) compressibility guarantees.",
          "strength_and_weaknesses": "**Strengths**:\n\nThe feature learning property of neural networks trained with SGD has become a challenging research interest. Recently, many studies have been devoted to this line of research, but there are still several limitations. In this sense, the paper certainly contributes to the context by studying the SGD with multiple steps.\n\n- This paper provides an efficient sample complexity linear in the input dimension for learning the single-index model, which improves the existing results in related studies which treat one-step gradient descent. This improvement would be nice.\n\n- Moreover, the connection with an efficient generalization bound (Theorem 5) and the compressibility guarantee (Theorem 6) are also interesting, although these results are straightforward applications of Theorem 3.\n\n**Weaknesses**:\n\n- For the case $k>1$, the theory (Theorem 3) does not guarantee the convergence to the true parameter. In other words, the optimization accuracy is unclear in general, and thus the theory cannot estimate how small the expected risk can be.\n- A learnable class (i.e., $k=1$ and $f$ is monotone) is still rather limited compared to [Abbe et al. (2022)] which shows the learnability of staircase functions.\n\nHowever, I also acknowledge the difficulty of overcoming these limitations.",
          "clarity,_quality,_novelty_and_reproducibility": "This paper is well-organized and easy to read, and there is a certain improvement over the existing results.\n\nMinor comment:\n\n- The definitions of notations $R(W), R_\\lambda(W)$ omitting $a, b$ are missing, although we can guess them.\n\nQuestion:\n\n- The right-hand side of Eq. (3.2), (3.3) can be arbitrarily small as $\\gamma \\to \\infty$. Is there any condition on $\\gamma$ missed in this statement?",
          "summary_of_the_review": "Although there are still several limitations in the theory, this paper certainly contributes to the context by providing an improvement over the existing studies.",
          "correctness": "4: All of the claims and statements are well-supported and correct.",
          "technical_novelty_and_significance": "3: The contributions are significant and somewhat new. Aspects of the contributions exist in prior work.",
          "empirical_novelty_and_significance": "Not applicable",
          "flag_for_ethics_review": [
            "NO."
          ],
          "recommendation": "8: accept, good paper"
        },
        "signatures": [
          "ICLR.cc/2023/Conference/Paper3258/Reviewer_qmRw"
        ],
        "readers": [
          "everyone"
        ],
        "nonreaders": [],
        "writers": [
          "ICLR.cc/2023/Conference",
          "ICLR.cc/2023/Conference/Paper3258/Reviewer_qmRw"
        ]
      },
      {
        "id": "kIEeMDh9q_",
        "original": null,
        "number": 2,
        "cdate": 1666667002353,
        "mdate": null,
        "ddate": null,
        "tcdate": 1666667002353,
        "tmdate": 1666667002353,
        "tddate": null,
        "forum": "6taykzqcPD",
        "replyto": "6taykzqcPD",
        "invitation": "ICLR.cc/2023/Conference/Paper3258/-/Official_Review",
        "content": {
          "confidence": "3: You are fairly confident in your assessment. It is possible that you did not understand some parts of the submission or that you are unfamiliar with some pieces of related work. Math/other details were not carefully checked.",
          "summary_of_the_paper": "This paper  proves  that SGD on neural networks can learn low-dimensional features in certain settings, and uses this to derive novel generalization and excess risk bounds.",
          "strength_and_weaknesses": "\nThis paper study the convergence of SGD (applied  to two layer networks)  to the principle subspaces of the teacher model.\nStrength:\nStudying the convergence of SGD sequence to the estimation target (not only to the minimizer at the optimization level) is an important perspective to understand SGD in deep learning.\nSince the the target model is a multi-index model which is easier to due to the low dimensional intrinsics structure. So it is not surprise the final   results   reducing  the curse of dimensionality.\n\nWeakness:  In the perspective of nonparametric regression, we also need bound the estimation error, i.e., the estimated network function and \ntarget function g.  But the authors never mentioned  about this.   See for example  \n1:  I. Kuzborskij and Cs. Szepesvári. Nonparametric regression with shallow overparameterized neural networks trained by gd with early stopping. COLT, 2021.\n2:  T. Hu, W. Wang, C. Lin, and G. Cheng. Regularization matters: A nonparametric perspective\non overparametrized neural network. AISTATS, 2021.\n3: S Frei, NS Chatterji, PL Bartlett， Benign Overfitting without Linearity: Neural Network Classifiers Trained by Gradient Descent for Noisy Linear Data， COLT,  2022.",
          "clarity,_quality,_novelty_and_reproducibility": "The paper is well orgnized.",
          "summary_of_the_review": "A nice work. And it can be better if  the author will study the nonparametric estimation error. ",
          "correctness": "3: Some of the paper’s claims have minor issues. A few statements are not well-supported, or require small changes to be made correct.",
          "technical_novelty_and_significance": "3: The contributions are significant and somewhat new. Aspects of the contributions exist in prior work.",
          "empirical_novelty_and_significance": "3: The contributions are significant and somewhat new. Aspects of the contributions exist in prior work.",
          "flag_for_ethics_review": [
            "NO."
          ],
          "recommendation": "6: marginally above the acceptance threshold"
        },
        "signatures": [
          "ICLR.cc/2023/Conference/Paper3258/Reviewer_vyfX"
        ],
        "readers": [
          "everyone"
        ],
        "nonreaders": [],
        "writers": [
          "ICLR.cc/2023/Conference",
          "ICLR.cc/2023/Conference/Paper3258/Reviewer_vyfX"
        ]
      },
      {
        "id": "8KC7TvKk3n",
        "original": null,
        "number": 3,
        "cdate": 1667663305779,
        "mdate": null,
        "ddate": null,
        "tcdate": 1667663305779,
        "tmdate": 1670345570369,
        "tddate": null,
        "forum": "6taykzqcPD",
        "replyto": "6taykzqcPD",
        "invitation": "ICLR.cc/2023/Conference/Paper3258/-/Official_Review",
        "content": {
          "confidence": "3: You are fairly confident in your assessment. It is possible that you did not understand some parts of the submission or that you are unfamiliar with some pieces of related work. Math/other details were not carefully checked.",
          "summary_of_the_paper": "The authors consider the representation learning ability of two layer neural\nnetworks trained with gradient descent to approximate the outputs of a function\nin a nonparametric class, applied to a few projections of a high-dimensional\ninput vector -- in this setting, kernel methods and other rotation-invariant\npredictors generally suffer from a curse of dimensionality, but methods such as\nneural networks can potentially avoid the curse of dimensionality by learning\nthe relevant directions and then fitting the target in this lower-dimensional\nspace. They consider the setting of gaussian inputs, standard (mean-field-type)\nrandom initialization, and training with variants of stochastic gradient\ndescent on the square loss and smooth activations, and on convex Lipschitz losses\nand the ReLU, with large weight decay regularization. Their main technical result\nconsists of showing that online SGD (samples from the population loss) on the\nfirst layer weights leads to fairly rapid convergence to weights that are\nsuitably close to the span of the relevant $k$ directions of the teacher model\n-- the rates for the norm of the irrelevant components of the trained weights\nare on the order $\\sqrt{dm/T}$, where $d$ is the ambient dimension, $m$ is the\nnumber of neurons, and $T$ is the number of iterations of SGD, which is\nsufficient to bound the risk given that the losses are locally Lipschitz. The\nauthors apply this result to obtain a guarantee for learning noisy single-index\nteacher models (single neuron) up to the noise level with a two-stage procedure\n(after SGD on the first-layer weights to learn the right representation for the\ninput, fit the readout layer weights with essentially ridge regression), and\ngeneralization gap control (no empirical risk control) in more general settings\ndue to the low-dimensional representation learned. \n\n",
          "strength_and_weaknesses": "## Strengths\n\n- The paper is very well written. The coverage of background material and\n  related work seems essentially exhaustive. The notation and technical\n  discussions are precise and easy to parse at multiple levels of detail. The\n  authors provide interesting intuitions and connections to classical work in\n  statistics (e.g.  model misspecification) that enhances the level of insight\n  of the presentation.\n\n- The results concern the important problem of representation learning in\n  nonlinear neural networks. The authors seem to have taken some care to\n  present their results in some generality (different losses and activations,\n  step size regimes for SGD, etc.). The conclusions for learning the first\n  layer weights are qualitatively interesting.\n\n## Weaknesses\n\n- The algorithmic results for neural network training + generalization are\n  relatively weaker than the results for recovery of the first layer weights --\n  just concerning single index models or the generalization gap.\n\n- It would be helpful for the sake of comparison if the theorems did not hide\n  properties of the link $g$ -- especially to compare with the results of\n  Damian et al., which expose specific rates when the target is a polynomial\n  with a certain neural-net-like structure.\n\n## Minor / Questions / Etc.\n\n- The role of the noise $\\epsilon$ in the link function does not seem clear in\n  the theorems in the main body, prior to section 4 -- what dependence does it\n  play in the results?  Can it be zero? In section 4, why is this noise\n  necessary? (It would be helpful in understanding this if Theorem 4 exposed\n  the dependence on the subgaussian rate of the noise $\\sigma^2$, say.)\n\n- Some discussion of why the risk needs to be truncated at level $\\tau$ in\n  section 4 would be helpful.\n\n- With regards to the similarity to previous works, some discussion in the\n  rebuttal might be helpful to understand the distinct insights in this work\n  (especially, on the technical side, the differences that the authors allude\n  to in the related work section between analysis of the SGD trajectory, as\n  here, with the one-step gradient trajectory, given that both are unnatural\n  two-stage (\"layerwise training\") algorithms).\n\n- The claim at the start of section 4.1, suggesting that a key aspect of the\n  neural network training/generalization problem revolves around coping with\n  model misspecification (positing the existence of such an underlying model),\n  is interesting and thought-provoking. Another line of theoretical work on\n  neural nets focuses on the ability of neural networks to learn to adapt to\n  specific low-dimensional structures in data itself -- e.g. in terms of\n  representation capacity [1], or algorithmic aspects [2-5]. Adapting to this\n  type of structure, and the analysis it entails, seems somewhat different from\n  what the authors study here, and I would be curious to hear the thoughts of\n  the authors on whether there are similarities, whether they are in tension,\n  etc.\n\n[1] http://dx.doi.org/10.1093/imaiai/iaac001\n\n[2] https://proceedings.neurips.cc/paper/2020/file/a9df2255ad642b923d95503b9a7958d8-Paper.pdf\n\n[3] https://openreview.net/forum?id=O-6Pm_d_Q-\n\n[4] https://papers.nips.cc/paper/2021/hash/f26df67e8110ee2b44923db775e3e47f-Abstract.html\n\n[5] http://arxiv.org/abs/2206.12314\n\n",
          "clarity,_quality,_novelty_and_reproducibility": "The paper is excellently written. The paper has a similar motivation, and\napplies similar technical tools, to other concurrent works in this area --\nthere are slight differences in the setting considered here that the authors\nmay unpack in more detail in the rebuttal (the differences mentioned in the\npaper, that of SGD vs one-step gradient, seem like they might be superficial).\n\n",
          "summary_of_the_review": "Similar to other quasi-concurrent works, this work presents an interesting\nmathematical study of a single level of representation learning in nonlinear\nneural networks trained in function approximation-type tasks with imperfectly\nspecified models (beyond the typical teacher-student). The results here are\nsimilar to those in concurrent works, but the excellent presentation makes this\nwork a valuable entry point to this evolving topic in the literature.\n\n",
          "correctness": "4: All of the claims and statements are well-supported and correct.",
          "technical_novelty_and_significance": "3: The contributions are significant and somewhat new. Aspects of the contributions exist in prior work.",
          "empirical_novelty_and_significance": "Not applicable",
          "flag_for_ethics_review": [
            "NO."
          ],
          "recommendation": "8: accept, good paper"
        },
        "signatures": [
          "ICLR.cc/2023/Conference/Paper3258/Reviewer_k8J3"
        ],
        "readers": [
          "everyone"
        ],
        "nonreaders": [],
        "writers": [
          "ICLR.cc/2023/Conference",
          "ICLR.cc/2023/Conference/Paper3258/Reviewer_k8J3"
        ]
      },
      {
        "id": "55gIfkL0Zl",
        "original": null,
        "number": 1,
        "cdate": 1674241783930,
        "pdate": null,
        "mdate": null,
        "ddate": null,
        "tcdate": 1674241783930,
        "tmdate": 1674241783930,
        "tddate": null,
        "forum": "6taykzqcPD",
        "replyto": "6taykzqcPD",
        "invitation": "ICLR.cc/2023/Conference/Paper3258/-/Decision",
        "content": {
          "title": "Paper Decision",
          "decision": "Accept: notable-top-25%",
          "metareview:_summary,_strengths_and_weaknesses": "The paper studies neural network learning problems in which the target y is a function of a few linear projections <u_1,x>, …, <u_k,x> of the input x (the “multi-index model”). This problem is motivated by the general goal of understanding how deep networks adapt to low-complexity structure in the learning task. The paper studies the convergence and generalization of SGD for learning two-layer networks from this data, and shows that with weight decay, the first layer weights converge to the subspace spanned by u_1, …, u_k. The paper gives generalization bounds for SGD which are dictated by the dimension of this subspace, and proves that the weights of the learned network are compressible. \n\nReviewers expressed a uniformly positive evaluation of the paper’s contributions: conceptually, it illustrates how neural networks adapt to low-dimensional task structure, while at a technical level it improves over related works by controlling the entire trajectory of SGD, rather than just a single gradient step (which has a closed-form expression). One technical limitation is that although this approach shows convergence to the principal subspace, it does to control the behavior within the principal subspace, and hence for k > 1 controls the generalization gap, and not the excess risk. However, these results still show the benefit of low-dimensionality, and the paper’s learning results for single index models are novel. The paper’s results for single index models contrast favorably with lower bounds for learning polynomials in the NTK regime. Reviewers also found the paper to be very clearly presented. ",
          "justification_for_why_not_higher_score": "Overall, this is a strong technical paper. There are some minor limitations to the results -- the strongest generalization guarantees are for the k = 1 case, and, while the theory shows convergence to the principle subspace, it does not control what is learned within the principle subspace. ",
          "justification_for_why_not_lower_score": "This is a high quality technical paper, with an interesting message (weights converge to the principal subspace) and technical contributions (control of entire SGD trajectory, generalization results for single index model and generalization gap for multi-index model that leverage low-dimensional structure). It deserves to be accepted in some form. ",
          "note_from_PC": "if the above contains the word \"oral\" or \"spotlight\" please see: \"oral\" presentation means -> notable-top-5% and \"spotlight\" means -> notable-top-25%. As stated in our emails, we are disassociating presentation type from AC recommendations"
        },
        "signatures": [
          "ICLR.cc/2023/Conference/Program_Chairs"
        ],
        "readers": [
          "everyone"
        ],
        "nonreaders": [],
        "writers": [
          "ICLR.cc/2023/Conference/Program_Chairs"
        ]
      }
    ]
  }
}