{
  "id": "_CDixzkzeyb",
  "original": "iKfzVroZd51",
  "number": 2469,
  "cdate": 1663850087423,
  "mdate": null,
  "ddate": null,
  "tcdate": 1663850087423,
  "tmdate": 1676913562483,
  "tddate": null,
  "tauthor": "~Super_User1",
  "forum": "_CDixzkzeyb",
  "replyto": null,
  "invitation": "ICLR.cc/2023/Conference/-/Blind_Submission",
  "content": {
    "title": "Prompt-to-Prompt Image Editing with Cross-Attention Control",
    "authorids": [
      "~Amir_Hertz1",
      "~Ron_Mokady1",
      "~Jay_Tenenbaum1",
      "~Kfir_Aberman1",
      "~Yael_Pritch1",
      "~Daniel_Cohen-or2"
    ],
    "authors": [
      "Amir Hertz",
      "Ron Mokady",
      "Jay Tenenbaum",
      "Kfir Aberman",
      "Yael Pritch",
      "Daniel Cohen-or"
    ],
    "keywords": [
      "Image generation",
      "Image editing",
      "Diffusion models",
      "Attention layer",
      "Computer vision",
      "Machine learning"
    ],
    "abstract": "Recent large-scale text-driven synthesis diffusion models have attracted much attention thanks to their remarkable capabilities of generating highly diverse images that follow given text prompts. Therefore, it is only natural to build upon these synthesis models to provide text-driven image editing capabilities. However, Editing is challenging for these generative models, since an innate property of an editing technique is to preserve some content from the original image, while in the text-based models, even a small modification of the text prompt often leads to a completely different outcome. State-of-the-art methods mitigate this by requiring the users to provide a spatial mask to localize the edit, hence, ignoring the original structure and content within the masked region. In this paper, we pursue an intuitive prompt-to-prompt editing framework, where the edits are controlled by text only. We analyze a text-conditioned model in depth and observe that the cross-attention layers are the key to controlling the relation between the spatial layout of the image to each word in the prompt. With this observation, we propose to control the attention maps along the diffusion process. Our approach enables us to monitor the synthesis process by editing the textual prompt only, paving the way to a myriad of caption-based editing applications such as localized editing by replacing a word, global editing by adding a specification, and even controlling the extent to which a word is reflected in the image. We present our results over diverse images and prompts with different text-to-image models, demonstrating high-quality synthesis and fidelity to the edited prompts.",
    "anonymous_url": "I certify that there is no URL (e.g., github page) that could be used to find authors’ identity.",
    "no_acknowledgement_section": "I certify that there is no acknowledgement section in this submission for double blind review.",
    "code_of_ethics": "I acknowledge that I and all co-authors of this work have read and commit to adhering to the ICLR Code of Ethics",
    "submission_guidelines": "Yes",
    "resubmission": "",
    "student_author": "",
    "Please_choose_the_closest_area_that_your_submission_falls_into": "Generative models",
    "paperhash": "hertz|prompttoprompt_image_editing_with_crossattention_control",
    "pdf": "/pdf/a6e78444f28f4790c2b8eb24364ced3ce736feb0.pdf",
    "_bibtex": "@inproceedings{\nhertz2023prompttoprompt,\ntitle={Prompt-to-Prompt Image Editing with Cross-Attention Control},\nauthor={Amir Hertz and Ron Mokady and Jay Tenenbaum and Kfir Aberman and Yael Pritch and Daniel Cohen-or},\nbooktitle={The Eleventh International Conference on Learning Representations },\nyear={2023},\nurl={https://openreview.net/forum?id=_CDixzkzeyb}\n}",
    "venue": "ICLR 2023 notable top 25%",
    "venueid": "ICLR.cc/2023/Conference"
  },
  "signatures": [
    "ICLR.cc/2023/Conference"
  ],
  "readers": [
    "everyone"
  ],
  "nonreaders": [],
  "writers": [
    "ICLR.cc/2023/Conference"
  ],
  "pdate": 1675279224168,
  "odate": 1664468100000,
  "details": {
    "overwriting": [],
    "tags": [],
    "writable": false,
    "replyCount": 11,
    "directReplyCount": 6,
    "revisions": true,
    "replies": [
      {
        "id": "80jkYkymYQ",
        "original": null,
        "number": 1,
        "cdate": 1666469651784,
        "mdate": null,
        "ddate": null,
        "tcdate": 1666469651784,
        "tmdate": 1666469651784,
        "tddate": null,
        "forum": "_CDixzkzeyb",
        "replyto": "_CDixzkzeyb",
        "invitation": "ICLR.cc/2023/Conference/Paper2469/-/Official_Review",
        "content": {
          "confidence": "4: You are confident in your assessment, but not absolutely certain. It is unlikely, but not impossible, that you did not understand some parts of the submission or that you are unfamiliar with some pieces of related work.",
          "summary_of_the_paper": "The paper proposes a text-driven image editing technique to refine images generated from large-scale text-to-image diffusion models. The paper relies on a crucial observation: Just modifying a text prompt when calling the generator results in structurally and compositionally very different images, even if the text prompt is modified only slightly and even if the same random seed is used. However, we can use the attention maps of the cross attention layers (that attend to the text tokens) corresponding to the initial image, and inject them into the generation process when generating a new image with a modified prompt. Now the new image will correspond structurally and compositionally to the original one, while also reflecting the new text prompt. This allows the authors to demonstrate rich text-driven editing capabilities. The method can be combined with masking schemes to localize the edits and re-weighting techniques to give more or less weight to certain words in the prompt. The approach is compared to several baselines and shows favourable results.",
          "strength_and_weaknesses": "**Strengths:**\n\n- The proposed idea, modifying and re-using the attention maps of a diffusion model from one image, when generating a new one, is simple, yet elegant and novel. The approach makes intuitively sense and works well in practice.\n- Generally, the paper is well-written, well-motivated and easy to follow (also see below). The work is also appropriately put into the broader context in the literature.\n- Experimentally, the editing results are quite strong and the original structure and composition of the edited images is usually indeed well preserved when a new text prompt is used for editing. The fact that this is purely text-driven and yet allows fairly fine control is appealing.\n\n**Weaknesses:**\n\n- The work is only partially reproducible. The Imagen model is not available to the public and cannot be re-trained easily. The results on Stable Diffusion and the Latent Diffusion Model can be worse in some cases (see Appendix D.1).\n- The approach comes with some hyperparameters. For instance, to achieve best results the attention map injection should only happen up to a certain time stamp during the iterative synthesis process. It seems like this time stamp would need to be tuned for each example separately, which can be costly, since running the diffusion model synthesis process repeatedly is expensive. This may not be ideal for interactive, real-time applications.\n- Editing given real images is difficult, because this first requires an inversion process as well as finding an appropriate text prompt that could have generate the given image (this is discussed in the paper).\n- As also pointed out by the authors themselves, other minor weaknesses include that the attention maps that are modified are in the low resolution layers of the U-Net, which prevents very fine-grained editing. Furthermore, editing corresponding to large-scale object movement is not possible with the proposed technique.",
          "clarity,_quality,_novelty_and_reproducibility": "**Clarity:** The paper is clearly written and was easy to follow and read for me. I didn't spot any typos or other mistakes.\n\n**Quality:** I think the overall quality of the work is high. State-of-the-art models are used. Appropriate experiments are run, including a user study. All evaluations seem correct. Appropriate baselines have been used in comparisons. \n\n**Novelty:** The approach is novel, to the best of my knowledge. The finding that the attention maps in the cross attention layers capture the structure of the text-image alignment and can even be re-used in new synthesis processes is significant and could find re-use in other works.\n\n**Reproducibility:** The reproducibility of the work is somewhat limited. While the work also uses the publicly available Latent Diffusion Model and Stable Diffusion, the main model used in most experiments is Imagen, which is not publicly available and cannot easily be re-trained.",
          "summary_of_the_review": "In summary, I think this is a strong paper, which I recommend for acceptance. The methodology is based on a smart idea and novel, and the results are appealing. The paper is of high-quality throughout and well written and clearly presented. The paper has a couple of small weaknesses and the authors have mostly been transparent about that, but I do not think there are any major flaws. I believe the method could find practical use in the generative modeling community, for instance for producing generative art with even finer control.",
          "correctness": "4: All of the claims and statements are well-supported and correct.",
          "technical_novelty_and_significance": "3: The contributions are significant and somewhat new. Aspects of the contributions exist in prior work.",
          "empirical_novelty_and_significance": "4: The contributions are significant, and do not exist in prior works.",
          "flag_for_ethics_review": [
            "NO."
          ],
          "recommendation": "8: accept, good paper"
        },
        "signatures": [
          "ICLR.cc/2023/Conference/Paper2469/Reviewer_5o2W"
        ],
        "readers": [
          "everyone"
        ],
        "nonreaders": [],
        "writers": [
          "ICLR.cc/2023/Conference",
          "ICLR.cc/2023/Conference/Paper2469/Reviewer_5o2W"
        ]
      },
      {
        "id": "Yq_4OceS4v",
        "original": null,
        "number": 2,
        "cdate": 1666630127043,
        "mdate": null,
        "ddate": null,
        "tcdate": 1666630127043,
        "tmdate": 1666630127043,
        "tddate": null,
        "forum": "_CDixzkzeyb",
        "replyto": "_CDixzkzeyb",
        "invitation": "ICLR.cc/2023/Conference/Paper2469/-/Official_Review",
        "content": {
          "confidence": "4: You are confident in your assessment, but not absolutely certain. It is unlikely, but not impossible, that you did not understand some parts of the submission or that you are unfamiliar with some pieces of related work.",
          "summary_of_the_paper": "This paper proposes a new method to only use text to achieve local image editing based on recent text-to-image models. More specifically, they propose to use cross-attention to connect each word and image regions and get rid of user-provided masks. Many interesting applications have been proposed and the results are very promising.",
          "strength_and_weaknesses": "Strengths\n1. The proposed task of only using text for local image editing is very interesting and of good practical values.\n2. The authors proposed to use cross attention to connect word and image regions, which is novel and reasonable. Although attention maps have been widely used in other tasks, I think it is quite appropriate here.\n3. Many interesting applications have been provided. All results are promising and clearly show this method's advantages.\n4. The paper writing is clear and easy to follow.\n\nWeaknesses\n1. Maybe some ablation study would be better. \nFor example, does the proposed method affected by different noise sampler? \n\n2. For those tasks that only local edits are needed, is it possible to only process local area and accelerate the process?",
          "clarity,_quality,_novelty_and_reproducibility": "I think the proposed method is technically sound and the results are very promising. They addressed a practical issue and solved using novel and reasonable techniques. The authors also provided various interesting editing applications which help evaluate the method's value.\n\nThe paper writing is clear and figures are informative. The quality and clarity are satisfying.",
          "summary_of_the_review": "This paper proposes a new method to only use text to achieve local image editing based on recent text-to-image models. \nThe method is novel and technically sound. And the author provided various new applications which further prove its effectiveness.\n\nI think this method can also inspire many interesting future work in this area.",
          "correctness": "4: All of the claims and statements are well-supported and correct.",
          "technical_novelty_and_significance": "3: The contributions are significant and somewhat new. Aspects of the contributions exist in prior work.",
          "empirical_novelty_and_significance": "3: The contributions are significant and somewhat new. Aspects of the contributions exist in prior work.",
          "flag_for_ethics_review": [
            "NO."
          ],
          "details_of_ethics_concerns": "No ethics concerns.",
          "recommendation": "8: accept, good paper"
        },
        "signatures": [
          "ICLR.cc/2023/Conference/Paper2469/Reviewer_vsUX"
        ],
        "readers": [
          "everyone"
        ],
        "nonreaders": [],
        "writers": [
          "ICLR.cc/2023/Conference",
          "ICLR.cc/2023/Conference/Paper2469/Reviewer_vsUX"
        ]
      },
      {
        "id": "_804CBiejQa",
        "original": null,
        "number": 3,
        "cdate": 1666631204215,
        "mdate": null,
        "ddate": null,
        "tcdate": 1666631204215,
        "tmdate": 1666631204215,
        "tddate": null,
        "forum": "_CDixzkzeyb",
        "replyto": "_CDixzkzeyb",
        "invitation": "ICLR.cc/2023/Conference/Paper2469/-/Official_Review",
        "content": {
          "confidence": "4: You are confident in your assessment, but not absolutely certain. It is unlikely, but not impossible, that you did not understand some parts of the submission or that you are unfamiliar with some pieces of related work.",
          "summary_of_the_paper": "The paper proposes an intuitive prompt-to-prompt editing framework, where the edits are controlled by text only. While large-scale language-image (LLI) models are collecting attention to generate an image from text, they have limitation to control by only text. The paper  propose to control the attention maps of the edited image by injecting the attention maps of the original image along the diffusion process. The paper shows diverse results by by editing the textual prompt only.",
          "strength_and_weaknesses": "Strength\n1. The paper enables the user to control the generated image by text alone, by keeping the structure.\n2. The proposed framework allows the user to control the extent.\n\nWeakness\n1. Failure cases are not shown for future work. There would be some failure cases or unsolved types of text edition. If the paper can discuss this aspect, the paper would be more appealing to readers.",
          "clarity,_quality,_novelty_and_reproducibility": "The paper is well-written. Editing the image by text alone while keeping the structure is very interesting and novel.",
          "summary_of_the_review": "The paper tries to solve an issue of controlling the image by text alone in image editing based on large-scale language-image models. By analyzing the cross-attention layers, the paper nicely shows a way to control the image by text alone. Diverse results show the effectiveness.",
          "correctness": "4: All of the claims and statements are well-supported and correct.",
          "technical_novelty_and_significance": "4: The contributions are significant, and do not exist in prior works.",
          "empirical_novelty_and_significance": "3: The contributions are significant and somewhat new. Aspects of the contributions exist in prior work.",
          "flag_for_ethics_review": [
            "NO."
          ],
          "details_of_ethics_concerns": "None.",
          "recommendation": "6: marginally above the acceptance threshold"
        },
        "signatures": [
          "ICLR.cc/2023/Conference/Paper2469/Reviewer_kTNM"
        ],
        "readers": [
          "everyone"
        ],
        "nonreaders": [],
        "writers": [
          "ICLR.cc/2023/Conference",
          "ICLR.cc/2023/Conference/Paper2469/Reviewer_kTNM"
        ]
      },
      {
        "id": "HPYCi4f72LT",
        "original": null,
        "number": 4,
        "cdate": 1666878279452,
        "mdate": null,
        "ddate": null,
        "tcdate": 1666878279452,
        "tmdate": 1666878279452,
        "tddate": null,
        "forum": "_CDixzkzeyb",
        "replyto": "_CDixzkzeyb",
        "invitation": "ICLR.cc/2023/Conference/Paper2469/-/Official_Review",
        "content": {
          "confidence": "5: You are absolutely certain about your assessment. You are very familiar with the related work and checked the math/other details carefully.",
          "summary_of_the_paper": "In this paper, an approach to controllable image editing with large-scale text-to-image diffusion models is proposed.\nMore specifically, an approach is presented that first analyzes the cross-attention (and self-attention) layers in the U-net backbone of state-of-the-art text-image diffusion models. It is then shown that these layers capture most of the structural information about the synthesized images.\nThis opens up a number of modification possibilities by directly modifying these attention maps. The paper demonstrates these modification possibilities using, among others, content modification and local semantic editing.\nThis overcomes a problem that arises when using \"vanilla\" prompt-based modifications, where small changes in the prompt can lead to very different synthesis outcomes.\n\n\n",
          "strength_and_weaknesses": "This is a strong empirical paper with convincing experimental results for editing with text-to-image diffusion models.\nThe finding that most of the object structure is stored in the cross-attention maps is interesting and has practical implications.\nSeveral methods are presented for obtaining finer-grained, local control when editing text.\nFinally, the manuscript is clearly written, easy to understand, and provides very good visual explanations.\n\nA few questions that I had while reading the paper: \nHow much control is lost by only applying the model on the 64x64 base model? Is this different in models using a diffusion model for upscaling or the decoder of an autoencoder? Does the \"attention caching\" lead to an improvement in sampling speed?\n\n\n",
          "clarity,_quality,_novelty_and_reproducibility": "The clarity and quality of the presentation is very high. It was a real pleasure to read this work. As far as I know, this approach is novel and not only advances the processing capabilities of text-image diffusion models, but also opens up\na path to their interpretation.\n\nReproducibility:\nMost of the experiments were performed (and presumably developed) on a closed-source system (Imagen) and are therefore not reproducible.\nAlthough the results are certainly impressive, this is a clear drawback.\nHowever, the work applies the method to publicly available systems and compares their performance, confirming that the approach works well for different types of methods.\n",
          "summary_of_the_review": "This is a very good empirical work with practical implications that greatly extends the applicability of modern text-to-image systems. The only major drawback is the fact that the method was mainly tested and evaluated on a closed-source system, which makes reproducibility difficult. However, since the method has also been validated on open systems, I am happy to recommend its acceptance for ICLR 2023.\n\n",
          "correctness": "4: All of the claims and statements are well-supported and correct.",
          "technical_novelty_and_significance": "4: The contributions are significant, and do not exist in prior works.",
          "empirical_novelty_and_significance": "4: The contributions are significant, and do not exist in prior works.",
          "flag_for_ethics_review": [
            "NO."
          ],
          "recommendation": "8: accept, good paper"
        },
        "signatures": [
          "ICLR.cc/2023/Conference/Paper2469/Reviewer_uigg"
        ],
        "readers": [
          "everyone"
        ],
        "nonreaders": [],
        "writers": [
          "ICLR.cc/2023/Conference",
          "ICLR.cc/2023/Conference/Paper2469/Reviewer_uigg"
        ]
      },
      {
        "id": "_th2o2sh2QH",
        "original": null,
        "number": 1,
        "cdate": 1667845663522,
        "mdate": 1667845663522,
        "ddate": null,
        "tcdate": 1667845663522,
        "tmdate": 1667845663522,
        "tddate": null,
        "forum": "_CDixzkzeyb",
        "replyto": "_CDixzkzeyb",
        "invitation": "ICLR.cc/2023/Conference/Paper2469/-/Official_Comment",
        "content": {
          "title": "General Response",
          "comment": "We thank all the reviewers for their detailed reviews and constructive remarks. \nWe were excited to see that they found the results convincing (R1,R2,R3,R4), the paper well-written (R1,R2,R3,R4), and our method to be novel (R1,R2,R3,R4).\n\n\nWe would happily address any additional questions and concerns during the discussion period. Individual questions are answered separately to each reviewer. \n\nWe now turn to address the shared concern regarding reproducibility:\nIndeed, we have used a non-public model for most of the experiments.\nTherefore, we will publish an official implementation for the publicly available Stable and Latent Diffusion models. The code repository is ready to release and will be available as soon as anonymity breaks. The code has already been tested and we have verified that this will allow anyone to easily experiment with our method. \n\nIn section 4.1 (“Different Backbone” paragraph), we already demonstrate that our method works well with Latent and Stable Diffusion, as our analysis of the cross-attention maps also applied to these. In addition, further analysis of the difference between Imagen and Stable Diffusion is already provided in appendix D.1.\n"
        },
        "signatures": [
          "ICLR.cc/2023/Conference/Paper2469/Authors"
        ],
        "readers": [
          "everyone",
          "ICLR.cc/2023/Conference/Paper2469/Reviewers",
          "ICLR.cc/2023/Conference/Program_Chairs",
          "ICLR.cc/2023/Conference/Paper2469/Senior_Area_Chairs",
          "ICLR.cc/2023/Conference/Paper2469/Area_Chairs",
          "ICLR.cc/2023/Conference/Paper2469/Reviewers/Submitted",
          "ICLR.cc/2023/Conference/Paper2469/Authors"
        ],
        "nonreaders": [],
        "writers": [
          "ICLR.cc/2023/Conference",
          "ICLR.cc/2023/Conference/Paper2469/Authors"
        ]
      },
      {
        "id": "6IYYDMAC7BF",
        "original": null,
        "number": 2,
        "cdate": 1667845962675,
        "mdate": 1667845962675,
        "ddate": null,
        "tcdate": 1667845962675,
        "tmdate": 1667845962675,
        "tddate": null,
        "forum": "_CDixzkzeyb",
        "replyto": "HPYCi4f72LT",
        "invitation": "ICLR.cc/2023/Conference/Paper2469/-/Official_Comment",
        "content": {
          "title": "R1 Response:",
          "comment": "We thank the reviewer for the valuable feedback.\n\nFor reproducibility, please refer to the general response.\nWe now address the raised questions:\n\n\n\nQ: “How much control is lost by only applying the model on the 64x64 base model?”  \\\nA: We observe that most details, including the composition, object structure, and colors are determined at a low resolution. These are difficult to control and thus we focus on these in our work.\nOn the other hand, fine textures are determined at the super-resolution stage and are much easier to manipulate, since all other details were already determined in the 64X64 base model. \nConsider the following example - we generate a 64X64 image using the prompt “dog is sitting in the grass”. By simply feeding a different prompt *only* to the super-resolution we can manipulate the texture, e.g., “bushy grass” or “smooth grass”. However, feeding the super-resolution with “beach” instead of grass would fail as the color of the grass was already determined by the 64X64 image.\nWe do observe that the attention re-weighting application can benefit from applying our method to the super-resolution in the case of amplifying or attenuating textures, such as amplifying the “fluffiness” of a doll. We add this observation to the revision in Section 3.2 (“Attention Re–weighting” paragraph), marked in red. \nNote that this is relevant only to the Imagen model. Stable Diffusion, on the other hand, consists of a single diffusion model.\n\n\n\nQ: “Is this different in models using a diffusion model for upscaling or the decoder of an autoencoder?” \\\nA: Imagen, which uses a diffusion model for upscaling, and Stable diffusion, which uses decoder for upscaling, are different in many aspects. In particular, we hypothesize that using a diffusion model for super-resolution improves the realism achieved by the Imagen model. \nHowever, we find that the difference in upscaling technique is actually irrelevant to our method, as we manipulate the low-resolution representations by injecting the attention maps. Instead, as we already discuss in appendix D.1, we find that our method is deeply affected by the different text embedding used by the models.\n\n\n\nQ: “Does the \"attention caching\" lead to an improvement in sampling speed?” \\\nA: When the cross-attention maps are injected, computing the corresponding cross-attention layers can be skipped, which reduces the overall computation. However, most layers, such as convolution and self-attention, cannot be skipped, so we expect only a marginal improvement. More specifically, self-attention is more computationally expensive since the number of pixels is larger than the number of textual tokens, while the injection of self-attention occurs only for a small portion of the timestamps (~20%).\n"
        },
        "signatures": [
          "ICLR.cc/2023/Conference/Paper2469/Authors"
        ],
        "readers": [
          "ICLR.cc/2023/Conference/Program_Chairs",
          "everyone",
          "ICLR.cc/2023/Conference/Paper2469/Senior_Area_Chairs",
          "ICLR.cc/2023/Conference/Paper2469/Area_Chairs",
          "ICLR.cc/2023/Conference/Paper2469/Reviewers",
          "ICLR.cc/2023/Conference/Paper2469/Reviewers/Submitted",
          "ICLR.cc/2023/Conference/Paper2469/Authors"
        ],
        "nonreaders": [],
        "writers": [
          "ICLR.cc/2023/Conference",
          "ICLR.cc/2023/Conference/Paper2469/Authors"
        ]
      },
      {
        "id": "TGmff4rsfr3",
        "original": null,
        "number": 3,
        "cdate": 1667846028171,
        "mdate": null,
        "ddate": null,
        "tcdate": 1667846028171,
        "tmdate": 1668960500998,
        "tddate": null,
        "forum": "_CDixzkzeyb",
        "replyto": "_804CBiejQa",
        "invitation": "ICLR.cc/2023/Conference/Paper2469/-/Official_Comment",
        "content": {
          "title": "R2 Response",
          "comment": "We thank the reviewer for the valuable feedback.\n\nWe now address the raised question:\n\nQ: “Failure cases are not shown for future work. There would be some failure cases or unsolved types of text edition.“ \\\nA: Failure cases are discussed in Section 5 (Limitations). This includes our inability to move objects across the image, our inability to perform more precise editing due to the resolution of the attention maps, and our struggle to edit real images. \nWe will add a figure with examples for such editing failure cases.\nWe believe that these limitations would be a great starting point for future work.\nIn addition, we have added another limitation to the revision (marked in red), considering the setting of the timestamp parameter - see the response to R4 for more details.\nPlease let us know if you think that one of our limitations requires additional discussion to what is already presented in Section 5 or specific additional results.\n"
        },
        "signatures": [
          "ICLR.cc/2023/Conference/Paper2469/Authors"
        ],
        "readers": [
          "ICLR.cc/2023/Conference/Program_Chairs",
          "everyone",
          "ICLR.cc/2023/Conference/Paper2469/Senior_Area_Chairs",
          "ICLR.cc/2023/Conference/Paper2469/Area_Chairs",
          "ICLR.cc/2023/Conference/Paper2469/Reviewers",
          "ICLR.cc/2023/Conference/Paper2469/Reviewers/Submitted",
          "ICLR.cc/2023/Conference/Paper2469/Authors"
        ],
        "nonreaders": [],
        "writers": [
          "ICLR.cc/2023/Conference",
          "ICLR.cc/2023/Conference/Paper2469/Authors"
        ]
      },
      {
        "id": "PY8Ghc1F2h",
        "original": null,
        "number": 4,
        "cdate": 1667846097290,
        "mdate": 1667846097290,
        "ddate": null,
        "tcdate": 1667846097290,
        "tmdate": 1667846097290,
        "tddate": null,
        "forum": "_CDixzkzeyb",
        "replyto": "Yq_4OceS4v",
        "invitation": "ICLR.cc/2023/Conference/Paper2469/-/Official_Comment",
        "content": {
          "title": "R3 Response",
          "comment": "We thank the reviewer for the valuable feedback.\n\n\nQ: “Does the proposed method affected by a different noise sampler?” \\\nA: Manipulating the attention maps is not related to the noise sampler. Therefore, we have used the default sampler for each network: DDPM for Imagen, PLMS for Stable diffusion, and DDIM for latent diffusion. Using different sampler results with the same editing effect. In particular, we have tried to use the DDIM for Imagen but didn’t witness any significant changes from the DDPM sampler besides the natural difference in the quality of these samplers. Therefore, we conclude that our method can be applied with any sampler and there is no added value in showing such an experiment.\n\n\nQ: “For those tasks that only local edits are needed, is it possible to only process local area and accelerate the process?” \\\nA: In our setting, we perform the editing using only text. Then we use the obtained attention maps for localization. Therefore, an initial pass with the full resolution is required. \nYet, for the Imagen model, one can think of performing the super-resolution only over the locally edited part. But, this requires an architectural modification as the network should support different resolutions, and so we consider it as out of our scope. \n"
        },
        "signatures": [
          "ICLR.cc/2023/Conference/Paper2469/Authors"
        ],
        "readers": [
          "ICLR.cc/2023/Conference/Program_Chairs",
          "everyone",
          "ICLR.cc/2023/Conference/Paper2469/Senior_Area_Chairs",
          "ICLR.cc/2023/Conference/Paper2469/Area_Chairs",
          "ICLR.cc/2023/Conference/Paper2469/Reviewers",
          "ICLR.cc/2023/Conference/Paper2469/Reviewers/Submitted",
          "ICLR.cc/2023/Conference/Paper2469/Authors"
        ],
        "nonreaders": [],
        "writers": [
          "ICLR.cc/2023/Conference",
          "ICLR.cc/2023/Conference/Paper2469/Authors"
        ]
      },
      {
        "id": "ogu7XtXTW8",
        "original": null,
        "number": 5,
        "cdate": 1667846175347,
        "mdate": 1667846175347,
        "ddate": null,
        "tcdate": 1667846175347,
        "tmdate": 1667846175347,
        "tddate": null,
        "forum": "_CDixzkzeyb",
        "replyto": "80jkYkymYQ",
        "invitation": "ICLR.cc/2023/Conference/Paper2469/-/Official_Comment",
        "content": {
          "title": "R4 Response",
          "comment": "We thank the reviewer for the valuable feedback.\n\nFor reproducibility, please refer to the general response.\n\nAs the reviewer kindly noticed, most mentioned weaknesses were already discussed in our paper. Therefore, we address the hyperparameter concern:\n\nQ: “It seems like this time stamp would need to be tuned for each example separately, which can be costly” \\\nA: Our method does require setting the timestamp parameter for attention injection and the scale parameter for attention re-weighting. However, we observe that our method is not highly sensitive to these and using a constant timestamp of 0.5 for cross-attention and 0.2 for self-attention produces satisfying results in most cases. In particular, we have used these parameters in the user study to automatically generate our results. Therefore, in practice, the timestamp parameter can be easily tuned in ~1 minute, since single editing takes up to 20 seconds (with the Imagen model). We believe that future works would reduce the inference time of these models, so tuning the parameter would be quicker and more intuitive. Furthermore, setting the parameter is also a major advantage as it allows fine and intuitive control over the induced effect. For instance, the user can control the tradeoff between preserving the original details and hallucinating new ones. \nIn particular, the result of attention re-weighting is heavily dependent on the original generation and the user preference, and therefore using a different parameter for different editing operations makes sense. We added this limitation to Section 5 in the revision (marked in red).\nNote that the effect of each hyperparameter is already demonstrated in the paper, see Figures 10, 11, and 23.\n"
        },
        "signatures": [
          "ICLR.cc/2023/Conference/Paper2469/Authors"
        ],
        "readers": [
          "everyone",
          "ICLR.cc/2023/Conference/Program_Chairs",
          "ICLR.cc/2023/Conference/Paper2469/Senior_Area_Chairs",
          "ICLR.cc/2023/Conference/Paper2469/Area_Chairs",
          "ICLR.cc/2023/Conference/Paper2469/Reviewers",
          "ICLR.cc/2023/Conference/Paper2469/Reviewers/Submitted",
          "ICLR.cc/2023/Conference/Paper2469/Authors"
        ],
        "nonreaders": [],
        "writers": [
          "ICLR.cc/2023/Conference",
          "ICLR.cc/2023/Conference/Paper2469/Authors"
        ]
      },
      {
        "id": "Lkc9Gd-UMJc",
        "original": null,
        "number": 6,
        "cdate": 1669105893074,
        "mdate": 1669105893074,
        "ddate": null,
        "tcdate": 1669105893074,
        "tmdate": 1669105893074,
        "tddate": null,
        "forum": "_CDixzkzeyb",
        "replyto": "ogu7XtXTW8",
        "invitation": "ICLR.cc/2023/Conference/Paper2469/-/Official_Comment",
        "content": {
          "title": "Thank you for reply",
          "comment": "Thank you for the reply and discussion on the timestamp and scale parameters. I have no further questions and maintain my already positive opinion of the work."
        },
        "signatures": [
          "ICLR.cc/2023/Conference/Paper2469/Reviewer_5o2W"
        ],
        "readers": [
          "everyone"
        ],
        "nonreaders": [],
        "writers": [
          "ICLR.cc/2023/Conference",
          "ICLR.cc/2023/Conference/Paper2469/Reviewer_5o2W"
        ]
      },
      {
        "id": "03_Jb1_pMi",
        "original": null,
        "number": 1,
        "cdate": 1674241795816,
        "pdate": null,
        "mdate": null,
        "ddate": null,
        "tcdate": 1674241795816,
        "tmdate": 1674241795816,
        "tddate": null,
        "forum": "_CDixzkzeyb",
        "replyto": "_CDixzkzeyb",
        "invitation": "ICLR.cc/2023/Conference/Paper2469/-/Decision",
        "content": {
          "title": "Paper Decision",
          "decision": "Accept: notable-top-25%",
          "metareview:_summary,_strengths_and_weaknesses": "\nThe paper proposes a prompt-editing method for text-to-image diffusion models that utilize cross-attention layers in their design. It studies the following prompt-editing setting. There are a source prompt and a target prompt where the target prompt is derived from the source prompt. Only one visual concept differs in these two prompts. The goal here is to keep most of the source prompt-driven text-to-image output the same and only modify the part of the image where the source and target prompt disagree. The observation made in the paper is that such a task can be achieved by manipulating the attention maps for the cross-attention layers. The paper gives a clear exposition of why this can be achieved by manipulating the attention maps. The presented algorithm is easy to follow. The results are impressive.\n\nThe paper receives 4 reviews. All of them consider the paper above the bar, citing various strengths such as the paper being well-motivated, the algorithm being well-designed and easy to follow, and the application being useful and interesting. The meta-reviewer agrees with the assessment and would like to recommend acceptance of the paper.",
          "justification_for_why_not_higher_score": "This is a nice application paper. The presented idea is only applied to a subset of DL models for a specific application. The impact it creates will be limited to a small sub-field.",
          "justification_for_why_not_lower_score": "It is clearly a good paper with good motivation, presentation, algorithm design, and results.",
          "note_from_PC": "if the above contains the word \"oral\" or \"spotlight\" please see: \"oral\" presentation means -> notable-top-5% and \"spotlight\" means -> notable-top-25%. As stated in our emails, we are disassociating presentation type from AC recommendations"
        },
        "signatures": [
          "ICLR.cc/2023/Conference/Program_Chairs"
        ],
        "readers": [
          "everyone"
        ],
        "nonreaders": [],
        "writers": [
          "ICLR.cc/2023/Conference/Program_Chairs"
        ]
      }
    ],
    "directReplies": [
      {
        "id": "80jkYkymYQ",
        "original": null,
        "number": 1,
        "cdate": 1666469651784,
        "mdate": null,
        "ddate": null,
        "tcdate": 1666469651784,
        "tmdate": 1666469651784,
        "tddate": null,
        "forum": "_CDixzkzeyb",
        "replyto": "_CDixzkzeyb",
        "invitation": "ICLR.cc/2023/Conference/Paper2469/-/Official_Review",
        "content": {
          "confidence": "4: You are confident in your assessment, but not absolutely certain. It is unlikely, but not impossible, that you did not understand some parts of the submission or that you are unfamiliar with some pieces of related work.",
          "summary_of_the_paper": "The paper proposes a text-driven image editing technique to refine images generated from large-scale text-to-image diffusion models. The paper relies on a crucial observation: Just modifying a text prompt when calling the generator results in structurally and compositionally very different images, even if the text prompt is modified only slightly and even if the same random seed is used. However, we can use the attention maps of the cross attention layers (that attend to the text tokens) corresponding to the initial image, and inject them into the generation process when generating a new image with a modified prompt. Now the new image will correspond structurally and compositionally to the original one, while also reflecting the new text prompt. This allows the authors to demonstrate rich text-driven editing capabilities. The method can be combined with masking schemes to localize the edits and re-weighting techniques to give more or less weight to certain words in the prompt. The approach is compared to several baselines and shows favourable results.",
          "strength_and_weaknesses": "**Strengths:**\n\n- The proposed idea, modifying and re-using the attention maps of a diffusion model from one image, when generating a new one, is simple, yet elegant and novel. The approach makes intuitively sense and works well in practice.\n- Generally, the paper is well-written, well-motivated and easy to follow (also see below). The work is also appropriately put into the broader context in the literature.\n- Experimentally, the editing results are quite strong and the original structure and composition of the edited images is usually indeed well preserved when a new text prompt is used for editing. The fact that this is purely text-driven and yet allows fairly fine control is appealing.\n\n**Weaknesses:**\n\n- The work is only partially reproducible. The Imagen model is not available to the public and cannot be re-trained easily. The results on Stable Diffusion and the Latent Diffusion Model can be worse in some cases (see Appendix D.1).\n- The approach comes with some hyperparameters. For instance, to achieve best results the attention map injection should only happen up to a certain time stamp during the iterative synthesis process. It seems like this time stamp would need to be tuned for each example separately, which can be costly, since running the diffusion model synthesis process repeatedly is expensive. This may not be ideal for interactive, real-time applications.\n- Editing given real images is difficult, because this first requires an inversion process as well as finding an appropriate text prompt that could have generate the given image (this is discussed in the paper).\n- As also pointed out by the authors themselves, other minor weaknesses include that the attention maps that are modified are in the low resolution layers of the U-Net, which prevents very fine-grained editing. Furthermore, editing corresponding to large-scale object movement is not possible with the proposed technique.",
          "clarity,_quality,_novelty_and_reproducibility": "**Clarity:** The paper is clearly written and was easy to follow and read for me. I didn't spot any typos or other mistakes.\n\n**Quality:** I think the overall quality of the work is high. State-of-the-art models are used. Appropriate experiments are run, including a user study. All evaluations seem correct. Appropriate baselines have been used in comparisons. \n\n**Novelty:** The approach is novel, to the best of my knowledge. The finding that the attention maps in the cross attention layers capture the structure of the text-image alignment and can even be re-used in new synthesis processes is significant and could find re-use in other works.\n\n**Reproducibility:** The reproducibility of the work is somewhat limited. While the work also uses the publicly available Latent Diffusion Model and Stable Diffusion, the main model used in most experiments is Imagen, which is not publicly available and cannot easily be re-trained.",
          "summary_of_the_review": "In summary, I think this is a strong paper, which I recommend for acceptance. The methodology is based on a smart idea and novel, and the results are appealing. The paper is of high-quality throughout and well written and clearly presented. The paper has a couple of small weaknesses and the authors have mostly been transparent about that, but I do not think there are any major flaws. I believe the method could find practical use in the generative modeling community, for instance for producing generative art with even finer control.",
          "correctness": "4: All of the claims and statements are well-supported and correct.",
          "technical_novelty_and_significance": "3: The contributions are significant and somewhat new. Aspects of the contributions exist in prior work.",
          "empirical_novelty_and_significance": "4: The contributions are significant, and do not exist in prior works.",
          "flag_for_ethics_review": [
            "NO."
          ],
          "recommendation": "8: accept, good paper"
        },
        "signatures": [
          "ICLR.cc/2023/Conference/Paper2469/Reviewer_5o2W"
        ],
        "readers": [
          "everyone"
        ],
        "nonreaders": [],
        "writers": [
          "ICLR.cc/2023/Conference",
          "ICLR.cc/2023/Conference/Paper2469/Reviewer_5o2W"
        ]
      },
      {
        "id": "Yq_4OceS4v",
        "original": null,
        "number": 2,
        "cdate": 1666630127043,
        "mdate": null,
        "ddate": null,
        "tcdate": 1666630127043,
        "tmdate": 1666630127043,
        "tddate": null,
        "forum": "_CDixzkzeyb",
        "replyto": "_CDixzkzeyb",
        "invitation": "ICLR.cc/2023/Conference/Paper2469/-/Official_Review",
        "content": {
          "confidence": "4: You are confident in your assessment, but not absolutely certain. It is unlikely, but not impossible, that you did not understand some parts of the submission or that you are unfamiliar with some pieces of related work.",
          "summary_of_the_paper": "This paper proposes a new method to only use text to achieve local image editing based on recent text-to-image models. More specifically, they propose to use cross-attention to connect each word and image regions and get rid of user-provided masks. Many interesting applications have been proposed and the results are very promising.",
          "strength_and_weaknesses": "Strengths\n1. The proposed task of only using text for local image editing is very interesting and of good practical values.\n2. The authors proposed to use cross attention to connect word and image regions, which is novel and reasonable. Although attention maps have been widely used in other tasks, I think it is quite appropriate here.\n3. Many interesting applications have been provided. All results are promising and clearly show this method's advantages.\n4. The paper writing is clear and easy to follow.\n\nWeaknesses\n1. Maybe some ablation study would be better. \nFor example, does the proposed method affected by different noise sampler? \n\n2. For those tasks that only local edits are needed, is it possible to only process local area and accelerate the process?",
          "clarity,_quality,_novelty_and_reproducibility": "I think the proposed method is technically sound and the results are very promising. They addressed a practical issue and solved using novel and reasonable techniques. The authors also provided various interesting editing applications which help evaluate the method's value.\n\nThe paper writing is clear and figures are informative. The quality and clarity are satisfying.",
          "summary_of_the_review": "This paper proposes a new method to only use text to achieve local image editing based on recent text-to-image models. \nThe method is novel and technically sound. And the author provided various new applications which further prove its effectiveness.\n\nI think this method can also inspire many interesting future work in this area.",
          "correctness": "4: All of the claims and statements are well-supported and correct.",
          "technical_novelty_and_significance": "3: The contributions are significant and somewhat new. Aspects of the contributions exist in prior work.",
          "empirical_novelty_and_significance": "3: The contributions are significant and somewhat new. Aspects of the contributions exist in prior work.",
          "flag_for_ethics_review": [
            "NO."
          ],
          "details_of_ethics_concerns": "No ethics concerns.",
          "recommendation": "8: accept, good paper"
        },
        "signatures": [
          "ICLR.cc/2023/Conference/Paper2469/Reviewer_vsUX"
        ],
        "readers": [
          "everyone"
        ],
        "nonreaders": [],
        "writers": [
          "ICLR.cc/2023/Conference",
          "ICLR.cc/2023/Conference/Paper2469/Reviewer_vsUX"
        ]
      },
      {
        "id": "_804CBiejQa",
        "original": null,
        "number": 3,
        "cdate": 1666631204215,
        "mdate": null,
        "ddate": null,
        "tcdate": 1666631204215,
        "tmdate": 1666631204215,
        "tddate": null,
        "forum": "_CDixzkzeyb",
        "replyto": "_CDixzkzeyb",
        "invitation": "ICLR.cc/2023/Conference/Paper2469/-/Official_Review",
        "content": {
          "confidence": "4: You are confident in your assessment, but not absolutely certain. It is unlikely, but not impossible, that you did not understand some parts of the submission or that you are unfamiliar with some pieces of related work.",
          "summary_of_the_paper": "The paper proposes an intuitive prompt-to-prompt editing framework, where the edits are controlled by text only. While large-scale language-image (LLI) models are collecting attention to generate an image from text, they have limitation to control by only text. The paper  propose to control the attention maps of the edited image by injecting the attention maps of the original image along the diffusion process. The paper shows diverse results by by editing the textual prompt only.",
          "strength_and_weaknesses": "Strength\n1. The paper enables the user to control the generated image by text alone, by keeping the structure.\n2. The proposed framework allows the user to control the extent.\n\nWeakness\n1. Failure cases are not shown for future work. There would be some failure cases or unsolved types of text edition. If the paper can discuss this aspect, the paper would be more appealing to readers.",
          "clarity,_quality,_novelty_and_reproducibility": "The paper is well-written. Editing the image by text alone while keeping the structure is very interesting and novel.",
          "summary_of_the_review": "The paper tries to solve an issue of controlling the image by text alone in image editing based on large-scale language-image models. By analyzing the cross-attention layers, the paper nicely shows a way to control the image by text alone. Diverse results show the effectiveness.",
          "correctness": "4: All of the claims and statements are well-supported and correct.",
          "technical_novelty_and_significance": "4: The contributions are significant, and do not exist in prior works.",
          "empirical_novelty_and_significance": "3: The contributions are significant and somewhat new. Aspects of the contributions exist in prior work.",
          "flag_for_ethics_review": [
            "NO."
          ],
          "details_of_ethics_concerns": "None.",
          "recommendation": "6: marginally above the acceptance threshold"
        },
        "signatures": [
          "ICLR.cc/2023/Conference/Paper2469/Reviewer_kTNM"
        ],
        "readers": [
          "everyone"
        ],
        "nonreaders": [],
        "writers": [
          "ICLR.cc/2023/Conference",
          "ICLR.cc/2023/Conference/Paper2469/Reviewer_kTNM"
        ]
      },
      {
        "id": "HPYCi4f72LT",
        "original": null,
        "number": 4,
        "cdate": 1666878279452,
        "mdate": null,
        "ddate": null,
        "tcdate": 1666878279452,
        "tmdate": 1666878279452,
        "tddate": null,
        "forum": "_CDixzkzeyb",
        "replyto": "_CDixzkzeyb",
        "invitation": "ICLR.cc/2023/Conference/Paper2469/-/Official_Review",
        "content": {
          "confidence": "5: You are absolutely certain about your assessment. You are very familiar with the related work and checked the math/other details carefully.",
          "summary_of_the_paper": "In this paper, an approach to controllable image editing with large-scale text-to-image diffusion models is proposed.\nMore specifically, an approach is presented that first analyzes the cross-attention (and self-attention) layers in the U-net backbone of state-of-the-art text-image diffusion models. It is then shown that these layers capture most of the structural information about the synthesized images.\nThis opens up a number of modification possibilities by directly modifying these attention maps. The paper demonstrates these modification possibilities using, among others, content modification and local semantic editing.\nThis overcomes a problem that arises when using \"vanilla\" prompt-based modifications, where small changes in the prompt can lead to very different synthesis outcomes.\n\n\n",
          "strength_and_weaknesses": "This is a strong empirical paper with convincing experimental results for editing with text-to-image diffusion models.\nThe finding that most of the object structure is stored in the cross-attention maps is interesting and has practical implications.\nSeveral methods are presented for obtaining finer-grained, local control when editing text.\nFinally, the manuscript is clearly written, easy to understand, and provides very good visual explanations.\n\nA few questions that I had while reading the paper: \nHow much control is lost by only applying the model on the 64x64 base model? Is this different in models using a diffusion model for upscaling or the decoder of an autoencoder? Does the \"attention caching\" lead to an improvement in sampling speed?\n\n\n",
          "clarity,_quality,_novelty_and_reproducibility": "The clarity and quality of the presentation is very high. It was a real pleasure to read this work. As far as I know, this approach is novel and not only advances the processing capabilities of text-image diffusion models, but also opens up\na path to their interpretation.\n\nReproducibility:\nMost of the experiments were performed (and presumably developed) on a closed-source system (Imagen) and are therefore not reproducible.\nAlthough the results are certainly impressive, this is a clear drawback.\nHowever, the work applies the method to publicly available systems and compares their performance, confirming that the approach works well for different types of methods.\n",
          "summary_of_the_review": "This is a very good empirical work with practical implications that greatly extends the applicability of modern text-to-image systems. The only major drawback is the fact that the method was mainly tested and evaluated on a closed-source system, which makes reproducibility difficult. However, since the method has also been validated on open systems, I am happy to recommend its acceptance for ICLR 2023.\n\n",
          "correctness": "4: All of the claims and statements are well-supported and correct.",
          "technical_novelty_and_significance": "4: The contributions are significant, and do not exist in prior works.",
          "empirical_novelty_and_significance": "4: The contributions are significant, and do not exist in prior works.",
          "flag_for_ethics_review": [
            "NO."
          ],
          "recommendation": "8: accept, good paper"
        },
        "signatures": [
          "ICLR.cc/2023/Conference/Paper2469/Reviewer_uigg"
        ],
        "readers": [
          "everyone"
        ],
        "nonreaders": [],
        "writers": [
          "ICLR.cc/2023/Conference",
          "ICLR.cc/2023/Conference/Paper2469/Reviewer_uigg"
        ]
      },
      {
        "id": "_th2o2sh2QH",
        "original": null,
        "number": 1,
        "cdate": 1667845663522,
        "mdate": 1667845663522,
        "ddate": null,
        "tcdate": 1667845663522,
        "tmdate": 1667845663522,
        "tddate": null,
        "forum": "_CDixzkzeyb",
        "replyto": "_CDixzkzeyb",
        "invitation": "ICLR.cc/2023/Conference/Paper2469/-/Official_Comment",
        "content": {
          "title": "General Response",
          "comment": "We thank all the reviewers for their detailed reviews and constructive remarks. \nWe were excited to see that they found the results convincing (R1,R2,R3,R4), the paper well-written (R1,R2,R3,R4), and our method to be novel (R1,R2,R3,R4).\n\n\nWe would happily address any additional questions and concerns during the discussion period. Individual questions are answered separately to each reviewer. \n\nWe now turn to address the shared concern regarding reproducibility:\nIndeed, we have used a non-public model for most of the experiments.\nTherefore, we will publish an official implementation for the publicly available Stable and Latent Diffusion models. The code repository is ready to release and will be available as soon as anonymity breaks. The code has already been tested and we have verified that this will allow anyone to easily experiment with our method. \n\nIn section 4.1 (“Different Backbone” paragraph), we already demonstrate that our method works well with Latent and Stable Diffusion, as our analysis of the cross-attention maps also applied to these. In addition, further analysis of the difference between Imagen and Stable Diffusion is already provided in appendix D.1.\n"
        },
        "signatures": [
          "ICLR.cc/2023/Conference/Paper2469/Authors"
        ],
        "readers": [
          "everyone",
          "ICLR.cc/2023/Conference/Paper2469/Reviewers",
          "ICLR.cc/2023/Conference/Program_Chairs",
          "ICLR.cc/2023/Conference/Paper2469/Senior_Area_Chairs",
          "ICLR.cc/2023/Conference/Paper2469/Area_Chairs",
          "ICLR.cc/2023/Conference/Paper2469/Reviewers/Submitted",
          "ICLR.cc/2023/Conference/Paper2469/Authors"
        ],
        "nonreaders": [],
        "writers": [
          "ICLR.cc/2023/Conference",
          "ICLR.cc/2023/Conference/Paper2469/Authors"
        ]
      },
      {
        "id": "03_Jb1_pMi",
        "original": null,
        "number": 1,
        "cdate": 1674241795816,
        "pdate": null,
        "mdate": null,
        "ddate": null,
        "tcdate": 1674241795816,
        "tmdate": 1674241795816,
        "tddate": null,
        "forum": "_CDixzkzeyb",
        "replyto": "_CDixzkzeyb",
        "invitation": "ICLR.cc/2023/Conference/Paper2469/-/Decision",
        "content": {
          "title": "Paper Decision",
          "decision": "Accept: notable-top-25%",
          "metareview:_summary,_strengths_and_weaknesses": "\nThe paper proposes a prompt-editing method for text-to-image diffusion models that utilize cross-attention layers in their design. It studies the following prompt-editing setting. There are a source prompt and a target prompt where the target prompt is derived from the source prompt. Only one visual concept differs in these two prompts. The goal here is to keep most of the source prompt-driven text-to-image output the same and only modify the part of the image where the source and target prompt disagree. The observation made in the paper is that such a task can be achieved by manipulating the attention maps for the cross-attention layers. The paper gives a clear exposition of why this can be achieved by manipulating the attention maps. The presented algorithm is easy to follow. The results are impressive.\n\nThe paper receives 4 reviews. All of them consider the paper above the bar, citing various strengths such as the paper being well-motivated, the algorithm being well-designed and easy to follow, and the application being useful and interesting. The meta-reviewer agrees with the assessment and would like to recommend acceptance of the paper.",
          "justification_for_why_not_higher_score": "This is a nice application paper. The presented idea is only applied to a subset of DL models for a specific application. The impact it creates will be limited to a small sub-field.",
          "justification_for_why_not_lower_score": "It is clearly a good paper with good motivation, presentation, algorithm design, and results.",
          "note_from_PC": "if the above contains the word \"oral\" or \"spotlight\" please see: \"oral\" presentation means -> notable-top-5% and \"spotlight\" means -> notable-top-25%. As stated in our emails, we are disassociating presentation type from AC recommendations"
        },
        "signatures": [
          "ICLR.cc/2023/Conference/Program_Chairs"
        ],
        "readers": [
          "everyone"
        ],
        "nonreaders": [],
        "writers": [
          "ICLR.cc/2023/Conference/Program_Chairs"
        ]
      }
    ]
  }
}