{
  "id": "f0a_dWEYg-Td",
  "original": "x3N842Anf6t",
  "number": 3897,
  "cdate": 1663850257012,
  "mdate": null,
  "ddate": null,
  "tcdate": 1663850257012,
  "tmdate": 1710206529610,
  "tddate": null,
  "tauthor": "~Super_User1",
  "forum": "f0a_dWEYg-Td",
  "replyto": null,
  "invitation": "ICLR.cc/2023/Conference/-/Blind_Submission",
  "content": {
    "title": "Indiscriminate Poisoning Attacks on Unsupervised Contrastive Learning",
    "authorids": [
      "~Hao_He1",
      "~Kaiwen_Zha3",
      "~Dina_Katabi1"
    ],
    "authors": [
      "Hao He",
      "Kaiwen Zha",
      "Dina Katabi"
    ],
    "keywords": [
      "data poisoning",
      "contrastive learning"
    ],
    "abstract": "Indiscriminate data poisoning attacks are quite effective against supervised learning. However, not much is known about their impact on unsupervised contrastive learning (CL). This paper is the first to consider indiscriminate poisoning attacks of contrastive learning. We propose Contrastive Poisoning (CP), the first effective such attack on CL. We empirically show that Contrastive Poisoning, not only drastically reduces the performance of CL algorithms, but also attacks supervised learning models, making it the most generalizable indiscriminate poisoning attack. We also show that CL algorithms with a momentum encoder are more robust to indiscriminate poisoning, and propose a new countermeasure based on matrix completion. Code is available at: https://github.com/kaiwenzha/contrastive-poisoning.",
    "anonymous_url": "I certify that there is no URL (e.g., github page) that could be used to find authors’ identity.",
    "no_acknowledgement_section": "I certify that there is no acknowledgement section in this submission for double blind review.",
    "code_of_ethics": "I acknowledge that I and all co-authors of this work have read and commit to adhering to the ICLR Code of Ethics",
    "submission_guidelines": "Yes",
    "resubmission": "",
    "student_author": "",
    "Please_choose_the_closest_area_that_your_submission_falls_into": "General Machine Learning (ie none of the above)",
    "paperhash": "he|indiscriminate_poisoning_attacks_on_unsupervised_contrastive_learning",
    "pdf": "/pdf/06017158fae111af5eb2c5e44b5b2c0c9a8d4526.pdf",
    "_bibtex": "@inproceedings{\nhe2023indiscriminate,\ntitle={Indiscriminate Poisoning Attacks on Unsupervised Contrastive Learning},\nauthor={Hao He and Kaiwen Zha and Dina Katabi},\nbooktitle={The Eleventh International Conference on Learning Representations },\nyear={2023},\nurl={https://openreview.net/forum?id=f0a_dWEYg-Td}\n}",
    "venue": "ICLR 2023 notable top 25%",
    "venueid": "ICLR.cc/2023/Conference",
    "community_implementations": "[![CatalyzeX](/images/catalyzex_icon.svg) 1 code implementation](https://www.catalyzex.com/paper/arxiv:2202.11202/code)"
  },
  "signatures": [
    "ICLR.cc/2023/Conference"
  ],
  "readers": [
    "everyone"
  ],
  "nonreaders": [],
  "writers": [
    "ICLR.cc/2023/Conference"
  ],
  "pdate": 1675279306989,
  "odate": 1664468100000,
  "details": {
    "overwriting": [],
    "tags": [],
    "writable": false,
    "replyCount": 12,
    "directReplyCount": 4,
    "revisions": true,
    "replies": [
      {
        "id": "KxiDCjHz-q",
        "original": null,
        "number": 1,
        "cdate": 1665758130488,
        "mdate": null,
        "ddate": null,
        "tcdate": 1665758130488,
        "tmdate": 1666084478957,
        "tddate": null,
        "forum": "f0a_dWEYg-Td",
        "replyto": "f0a_dWEYg-Td",
        "invitation": "ICLR.cc/2023/Conference/Paper3897/-/Official_Review",
        "content": {
          "confidence": "4: You are confident in your assessment, but not absolutely certain. It is unlikely, but not impossible, that you did not understand some parts of the submission or that you are unfamiliar with some pieces of related work.",
          "summary_of_the_paper": "This paper poisons unlabeled training data of contrastive learning (CL) to reduce the test accuracy of linear probing. The imperceptible poisons are iteratively optimized to minimize the CL objective function. After the poisons are generated, the authors add them to the training set and run the target CL algorithm from scratch. When the entire training set is poisoned, there is a clear drop in the linear probing accuracy, e.g., from ~90% to ~50% on CIFAR-10.\n\n\nThe poison generation proceeds as follows. At each iteration, the model parameters are first updated to minimize CL loss and then the poisons are also updated to minimize CL loss. This follows the basic idea in Huang et al (2021) although Huang et al (2021) minimize classification instead of CL loss. One worth mentioning difference is the authors show data augmentations of common CL algorithms are differentiable. They take the gradients of data augmentation into consideration when updating the poisons.\n\nThe authors analyze why the poisons work. They show the poisons work by shortcutting the instance-wise CL task, whose objective is to produce similar representations of two different augmented views. They show the poisoned embeddings of two augmented views are close while the clean embeddings are far.\n",
          "strength_and_weaknesses": "**Strength**\n\n1. This paper gives the first attack against contrastive learning. It is interesting to know that one can find shortcuts for the instance-wise CL task.\n\n2. Several interesting tricks, e.g., letting the gradient back through the momentum encoder and differentiable data augmentations, are proposed to improve the attack.\n\n3. The authors show several defenses, including a newly proposed matrix completion, that can be used to defend against contrastive poisoning.\n\n**Weaknesses**\n\n1. How important is using differentiable data augmentations? I do not see an ablation study on this. Will the poisons be useless without this trick?\n\n2. In Figure 4 you explain why contrastive poisoning works but only use class-wise poisons. It would be better if you could include the results of sample-wise poisons.\n\n3. Most of the experiments assume the attacker has full access to the training data. Although most of previous works also use this assumption, it does not change the fact that it would probably be unrealistic.\n\n4. The explanation of why CP works is that it provides shortcuts for the model to produce similar representations of different augmented views. If this is true, it is possible to directly optimize the poison so that it remains unchanged when the data augmentation is applied. For example, a circle is invariant to rotation. This data/model independent approach is more efficient than the optimization procedure.\n",
          "clarity,_quality,_novelty_and_reproducibility": "Please see Strength And Weaknesses. I hope the authors would reply to my first two concerns to further improve this work.\n\nThe paper is well written in general. There is a missing reference in Appendix C.2.",
          "summary_of_the_review": "Given that this paper is the first to show it is possible to design shortcuts for instance-wise CL task, I recommend acceptance.",
          "correctness": "3: Some of the paper’s claims have minor issues. A few statements are not well-supported, or require small changes to be made correct.",
          "technical_novelty_and_significance": "2: The contributions are only marginally significant or novel.",
          "empirical_novelty_and_significance": "2: The contributions are only marginally significant or novel.",
          "flag_for_ethics_review": [
            "NO."
          ],
          "recommendation": "6: marginally above the acceptance threshold"
        },
        "signatures": [
          "ICLR.cc/2023/Conference/Paper3897/Reviewer_vT93"
        ],
        "readers": [
          "everyone"
        ],
        "nonreaders": [],
        "writers": [
          "ICLR.cc/2023/Conference",
          "ICLR.cc/2023/Conference/Paper3897/Reviewer_vT93"
        ]
      },
      {
        "id": "Kq4r49wyJd",
        "original": null,
        "number": 2,
        "cdate": 1666656728278,
        "mdate": null,
        "ddate": null,
        "tcdate": 1666656728278,
        "tmdate": 1669259837419,
        "tddate": null,
        "forum": "f0a_dWEYg-Td",
        "replyto": "f0a_dWEYg-Td",
        "invitation": "ICLR.cc/2023/Conference/Paper3897/-/Official_Review",
        "content": {
          "confidence": "5: You are absolutely certain about your assessment. You are very familiar with the related work and checked the math/other details carefully.",
          "summary_of_the_paper": "This paper considers an adversarial setting for contrastive learning: the attacker is allowed to add imperceptible perturbation to all training samples of CL, which will reduce CL's effectiveness as a feature extractor. Experiments show that downstream task's performance will be lowered by the poisoning.",
          "strength_and_weaknesses": "**Strength**\n\nThis paper is technically sound. The experiments considers a wide range of baselines. I appreciate the effort.\n\n**Weaknesses**\n\nAs the authors have self-identified in the limitation, the attack setting seems to be slightly artificial: the attacker has control over *all* training data is a very strong assumption... The attack mechanism is not too surprisingly novel either. I feel that the paper has presented much empirical evidence of what effect the attack is able to bring, but fails to provide in-depth analysis of its implication. For example, on Page 8, the authors have shown that noise in SL attack is sometimes linear separable, while that in CL attack is not. It is a very interesting observation. However, does that mean linear separable noise is easier to detect? or, what does this linear (non)separability suggest? In future edition or work, the authors may dig further the implication of such phenomena to contrastive learning or more general learning problem. Such insights could be more helpful than the attack/defense itself, given that the adversarial setting is not very common in practice.\n\n",
          "clarity,_quality,_novelty_and_reproducibility": "The paper is clear in describing settings, technical details and empirical finding. Its novelty and impact is somewhat hindered by the less realistic attack setting.",
          "summary_of_the_review": "Overall, this is a paper with solid empirical evaluation but slightly lacking novelty. To me, it is on the borderline. ",
          "correctness": "4: All of the claims and statements are well-supported and correct.",
          "technical_novelty_and_significance": "3: The contributions are significant and somewhat new. Aspects of the contributions exist in prior work.",
          "empirical_novelty_and_significance": "4: The contributions are significant, and do not exist in prior works.",
          "flag_for_ethics_review": [
            "NO."
          ],
          "recommendation": "6: marginally above the acceptance threshold"
        },
        "signatures": [
          "ICLR.cc/2023/Conference/Paper3897/Reviewer_Cwex"
        ],
        "readers": [
          "everyone"
        ],
        "nonreaders": [],
        "writers": [
          "ICLR.cc/2023/Conference",
          "ICLR.cc/2023/Conference/Paper3897/Reviewer_Cwex"
        ]
      },
      {
        "id": "Xv8l5FMIIuF",
        "original": null,
        "number": 3,
        "cdate": 1666670100399,
        "mdate": null,
        "ddate": null,
        "tcdate": 1666670100399,
        "tmdate": 1669973996012,
        "tddate": null,
        "forum": "f0a_dWEYg-Td",
        "replyto": "f0a_dWEYg-Td",
        "invitation": "ICLR.cc/2023/Conference/Paper3897/-/Official_Review",
        "content": {
          "confidence": "4: You are confident in your assessment, but not absolutely certain. It is unlikely, but not impossible, that you did not understand some parts of the submission or that you are unfamiliar with some pieces of related work.",
          "summary_of_the_paper": "This paper studies clean-label availability attacks against unsupervised contrastive learning. The authors first observe that previous poisons, designed to compromise supervised learning, fail to harm contrastive learning algorithms, such as SimCLR and BYOL. Then, the authors propose a new attack method tailored to compromise contrastive learning. Surprisingly, the proposed attack is not only effective for contrastive learning, but also for supervised learning. ",
          "strength_and_weaknesses": "Strengths:\n\n- This paper is the first to study availability attacks against unsupervised contrastive learning.\n- A dual branch scheme is proposed to mitigate the optimization obstacles and thus boost the attack performance.\n- Experiments provide several novel observations:\n  - It is an interesting observation that sample-wise CP mostly performs better, while class-wise CP can transfer better.\n  - While almost all previous poisons in this area are linearly separable, the proposed poison is not. This would make availability attacks more undetectable.\n  - A very simple data augmentation method based on Matrix Completion is proposed to mitigate poisons. The authors find that this simple method can perform better than adversarial training.\n\nWeaknesses:\n\n- Given that Matrix Completion is very effective in defending against the proposed attack, it is natural then to ask whether this simple method can defend against previous poisons, such as unlearnable examples and adversarial poisoning.\n- Table 8 tests the defense power of AdvCL (i.e. a type of adversarial training) against the proposed poisons. Is the perturbation radius of adversarial training $\\epsilon=8/255$? Prior work (Tao et al., 2021, Figure 5) has shown that adversarial training with small $\\epsilon$ could perform better. Is this also true in the context of unsupervised contrastive learning? By the way, adversarial training was first identified by Tao et al as a promising defense against those poisons. Thus, the last sentence of the introduction needs to polishing.\n- There are availability attacks that can work by injecting dirty labels into the training data (Biggio et al., 2012). That is to say, not all availability attacks are imperceptible. Thus, the first sentence of the introduction needs to polishing.",
          "clarity,_quality,_novelty_and_reproducibility": "The paper is clearly written, well-organized, and easy to follow. ",
          "summary_of_the_review": "The paper explains why previous poisons fail and shows how to effectively compromise contrastive learning. This paper observes many novel empirical findings. These constitute a thorough study of clean-label availability attacks against unsupervised contrastive learning. ",
          "correctness": "4: All of the claims and statements are well-supported and correct.",
          "technical_novelty_and_significance": "3: The contributions are significant and somewhat new. Aspects of the contributions exist in prior work.",
          "empirical_novelty_and_significance": "3: The contributions are significant and somewhat new. Aspects of the contributions exist in prior work.",
          "flag_for_ethics_review": [
            "NO."
          ],
          "recommendation": "8: accept, good paper"
        },
        "signatures": [
          "ICLR.cc/2023/Conference/Paper3897/Reviewer_gmqR"
        ],
        "readers": [
          "everyone"
        ],
        "nonreaders": [],
        "writers": [
          "ICLR.cc/2023/Conference",
          "ICLR.cc/2023/Conference/Paper3897/Reviewer_gmqR"
        ]
      },
      {
        "id": "157ZBguvBh",
        "original": null,
        "number": 1,
        "cdate": 1668576059887,
        "mdate": 1668576059887,
        "ddate": null,
        "tcdate": 1668576059887,
        "tmdate": 1668576059887,
        "tddate": null,
        "forum": "f0a_dWEYg-Td",
        "replyto": "Xv8l5FMIIuF",
        "invitation": "ICLR.cc/2023/Conference/Paper3897/-/Official_Comment",
        "content": {
          "title": "Response to Reviewer gmqR",
          "comment": "We thank the reviewer for the thoughtful comments. We appreciate that the reviewer finds our paper has many novel empirical findings. Below, we respond to the comments in the review one by one.  \n\n---\n\n**Q1. Can Matrix Completion defend previous poisons?**\n\nThanks for your suggestion. We test Matrix Completion’s defense efficacy against previous poisons. As shown in the table below, Matrix Completion has a strong defense power against Adversarial Poisons (boost accuracy from 8.7% to 77.4%) while has a very weak defense power against Unlearnable Examples (boost accuracy from 19.9% to 28.1%). \n\nWe believe such a difference is caused by the structure of poisons generated by Adversarial Poisons (AP) and Unlearnable Examples (UE). As shown in Figure 3 in our paper, AP generates poisons that have many high-frequency components as our contrastive poisons. In contrast, UE generates poisons with few high-frequency components. Matrix Completion, by its nature of using SVD, is effective at breaking high-frequency poisoning noise and less effective at removing low-frequency poisoning perturbations. \n\n| Defense \\ Attack  | Unlearnable Examples | Adversarial Poisons |\n|-------------------|:--------------------:|---------------------|\n| None              |         19.90        |          8.69       |\n| Matrix Completion |         28.12        |         77.38       |\n\n---\n\n**Q2. Will adversarial training with smaller $\\epsilon$ perform better defense against poisons on unsupervised contrastive learning?**\n\nFor the AdvCL result in Table 8, we use the perturbation radius $\\epsilon=8/255$. The original AdvCL paper [1] also only uses $\\epsilon=8/255$. From the prior work provided by the reviewer (Tao et al., 2021, Figure 5), the accuracy curve is relatively flat as long as the perturbation radius is in a reasonable range.  So we believe using a relatively smaller $\\epsilon$ will not change the accuracy much. \n\n---\n\n**Polishing text**\n\n- We change the citation to “(Tao et al., 2021)” in the last sentence of the introduction. Thanks for spotting our misreference. \n- We removed the word “imperceptible” in the first sentence of the introduction. We changed the sentence to “Indiscriminate poisoning attacks are a particular type of data poisoning in which the attacker adds to the training data or labels perturbations that do not target a particular class, but lead to arbitrarily bad accuracy on unseen test data.” Hope it is more precise now. Thanks for the suggestion.\n\n---\n\nWe really appreciate the reviewer for providing us with constructive suggestions. We hope our response addresses the reviewer’s questions, and our revision makes our submission stronger.  We are more than happy to answer any follow-up questions.\n"
        },
        "signatures": [
          "ICLR.cc/2023/Conference/Paper3897/Authors"
        ],
        "readers": [
          "everyone"
        ],
        "nonreaders": [],
        "writers": [
          "ICLR.cc/2023/Conference",
          "ICLR.cc/2023/Conference/Paper3897/Authors"
        ]
      },
      {
        "id": "YtFV9bv497",
        "original": null,
        "number": 2,
        "cdate": 1668576843598,
        "mdate": 1668576843598,
        "ddate": null,
        "tcdate": 1668576843598,
        "tmdate": 1668576843598,
        "tddate": null,
        "forum": "f0a_dWEYg-Td",
        "replyto": "KxiDCjHz-q",
        "invitation": "ICLR.cc/2023/Conference/Paper3897/-/Official_Comment",
        "content": {
          "title": "Response to Reviewer vT93",
          "comment": "We thank the reviewer for the constructive reviews. Below, we answer the specific questions. We hope our response addresses the reviewer's concerns, especially the first two. We are more than happy to answer any follow-up questions.\n\n---\n\n**Q1. How important is using differentiable data augmentation?**\n\nThe poisons will have zero effect if one does not differentiate the data augmentation. Below, we provide an ablation study. To disable differentiable data augmentation, we take the gradient of the augmented views (which do not backpropagate through the data augmentation ) to optimize the poisons. We do an experiment on CIFAR-10 while the attacker and the victim use SimCLR and ResNet18. We test the attacking efficacy of both class-wise and sample-wise CP learned without differentiable data augmentation. As shown in the table below, the linear-probing accuracy of the poisoned encoder is 90.0% and 88.9% without differentiable data augmentation. This means that differentiating the data augmentation is critical to the success of contrastive poisoning. \n\n|   Attack     | Differentiable Data Aug (ours)| No Differentiable Data Aug|\n|:------:|:-----------------------------:|:-------------------------:|\n| CP (C) |    68.0 \t                   |    90.0   \t\t\t   |\n| CP (S) |    44.9   \t                   |    88.9                   |\n\n---\n\n**Q2. Explain the working mechanism of sample-wise poisons.**\n\nThanks for the suggestion. We include the results of sample-wise CP in Appendix C.2. Specifically, the loss progression curves for sample-wise CP have already been included in our original submission. In our revision, we further include the embedding cosine distance histogram of the two views of the poisoned image for sample-wise CP (in Figure 8).\n\nAs the results show, sample-wise poisons work the same way as class-wise poisons. They have similar progression curves of the alignment and the uniformity loss as well as similar histograms of the cosine distance.\n\n---\n\n**Q3. Assumption of full access to the training data.**\n\nWe are aware that the assumption of accessing full training data is a limitation. However, as we discussed in the conclusion: this is a general limitation for indiscriminate poisoning of both SL and CL. In fact, our work reduces the required fraction of poisoned data by showing that our contrastive poisoning remains certain attacking efficacy when attackers only have access to a partial training set (Table 5). Also, in indiscriminate poisoning, the attacker could be the dataset owner who wants to share the data while preventing others from extracting sensitive information. Many sensitive datasets have a small number of owners (e.g., a medical institution sharing pathology slides or x-ray images, a weather service sharing satellite images) in which case the owner can poison most or all of the shared data. We believe that this limitation does not hamper the value of the paper in providing the community with novel findings and a solid understanding of the growing area of data poisoning.\n\n---\n\n**Q4. Directly learning poisons by shortcutting alignment loss.**\n\nIt is an interesting idea to directly learn poison to be invariant to the data augmentations. We also think of this in our study. However, unfortunately, we find this idea is not applicable due to the fact that contrastive learning uses very strong augmentations such that it is impossible to have noise that is invariant to them. Specifically, one augmentation (in color-jitter) is brightness adjustment which multiplies the RGB channel by a random scalar. So if a pixel is unchanged after being multiplied by a non-zero scalar, the pixel value has to be zero. It means noise that is variant to random color-jitter operation can only be all zeros. \n\nFurther, we would like to emphasize the necessity of having a data/model-dependent poisoning procedure as our CP does. First, we note that embeddings of *poisons* alone being invariant under augmentations are different from embeddings of *poisons plus images* being invariant under augmentations. Effective attacks require the latter instead of the former one. Thus it is necessary to do data-dependent optimization to make sure that poisoned images (instead of poisons themselves) shortcut the alignment loss. Second, we note that shortcutting one fixed CL pretrained model is not enough for the attack. Because during contrastive learning, the model is evolving. It is important for the poisons to shortcut the model at every timepoint during training. Thus doing a model-dependent poisoning attack by co-learn poisons and a model is more effective.\n\n---\n\n**Typos**\n\nThanks for spotting the missing reference in Appendix C.2. We have fixed it in our revision. "
        },
        "signatures": [
          "ICLR.cc/2023/Conference/Paper3897/Authors"
        ],
        "readers": [
          "everyone"
        ],
        "nonreaders": [],
        "writers": [
          "ICLR.cc/2023/Conference",
          "ICLR.cc/2023/Conference/Paper3897/Authors"
        ]
      },
      {
        "id": "KXYrIxDKtHm",
        "original": null,
        "number": 3,
        "cdate": 1668577495360,
        "mdate": 1668577495360,
        "ddate": null,
        "tcdate": 1668577495360,
        "tmdate": 1668577495360,
        "tddate": null,
        "forum": "f0a_dWEYg-Td",
        "replyto": "Kq4r49wyJd",
        "invitation": "ICLR.cc/2023/Conference/Paper3897/-/Official_Comment",
        "content": {
          "title": "Response to Reviewer Cwex",
          "comment": "We thank the reviewer for the comments. We are glad that the reviewer finds our work technically sound and clear in describing settings, technical details, and empirical findings.\n\nThe major concern of the reviewer is with regard to the standard setting of indiscriminate poisoning attacks where the attacker is assumed to have control over all training data. We hope the reviewer does not penalize our work due to this standard setting in the area of indiscriminate poisoning attacks. First, this assumption by all prior works on the topic [1,2,3]. To make a fair comparison to prior works, we need to study this setting. Second, in contrast to prior works, we have also studied the settings where not all training data is poisoned (Please see Table 5). Third, we do believe there are real settings where the attacker has control of the full datasets. In particular,  some specialized and sensitive datasets can come from one source (e.g., a medical institution with patient data (e.g., [A,B,C]) or a weather service with satellite data (e.g.,[D,E]). The source may want to share this data with one or more entities but without allowing them to use the data for potentially unauthorized learning tasks. In this case, the source has control of the shared data and can use the attack to avoid unauthorized learning from the shared data. \n\nSo we hope that the reviewer will reconsider as we are just following the standards in this sub-area (and in fact, if anything our work allows for significantly loosening this assumption). \n  \n\nThe reviewer also complains that *“... the paper has presented much empirical evidence of what effect the attack is able to bring, but fails to provide in-depth analysis of its implication.”* We note that we are the first to study indiscriminate poisoning attacks on unsupervised contrastive learning. Considering no prior work has studied indiscriminate attacks on CL, it is important to first deliver a successful attack with strong and extensive empirical results. We also have provided a high-level analysis of the results.  We believe the work is important since all prior indiscriminate poisoning attacks (which have targeted SL) can be overcome by using CL. It is common in our field to publish empirical result-driven work [1,2]. We hope the reviewer considers our work in a similar perspective to prior work in this field with its level of empirical evidence and analysis of implications.\n\nReference:\n- [1] Adversarial examples make strong poisons. NeurIPS’21\n- [2] Unlearnable examples: Making personal data unexploitable. ICLR’21\n- [3] Availability attacks create shortcuts. KDD’22\n\nDataset:\n- [A] “The Sleep Heart Health Study: design, rationale, and methods”, dataset owner: University of Arizona\n- [B] “Associations between sleep architecture and sleep-disordered breathing and cognition in older community-dwelling men: the Osteoporotic Fractures in Men Sleep Study”, dataset owner: California Pacific Medical Center Research Institute\n- [C] “Sleep-disordered breathing and cognition in older women”, dataset owner: University of California, San Francisco\n- [D] “Agriculture-Vision: A Large Aerial Image Database for Agricultural Pattern Analysis”, dataset owner: UIUC, Intelinair.\n- [E] “FloodNet: A High Resolution Aerial Imagery Dataset for Post Flood Scene Understanding”, dataset owner: University of Maryland\n"
        },
        "signatures": [
          "ICLR.cc/2023/Conference/Paper3897/Authors"
        ],
        "readers": [
          "everyone"
        ],
        "nonreaders": [],
        "writers": [
          "ICLR.cc/2023/Conference",
          "ICLR.cc/2023/Conference/Paper3897/Authors"
        ]
      },
      {
        "id": "Fv5IT7bGuY-",
        "original": null,
        "number": 5,
        "cdate": 1669306430342,
        "mdate": 1669306430342,
        "ddate": null,
        "tcdate": 1669306430342,
        "tmdate": 1669306430342,
        "tddate": null,
        "forum": "f0a_dWEYg-Td",
        "replyto": "YtFV9bv497",
        "invitation": "ICLR.cc/2023/Conference/Paper3897/-/Official_Comment",
        "content": {
          "title": "Reply to author response",
          "comment": "\nThank you for the new experiments. I have no further questions and maintain my positive recommendation."
        },
        "signatures": [
          "ICLR.cc/2023/Conference/Paper3897/Reviewer_vT93"
        ],
        "readers": [
          "everyone"
        ],
        "nonreaders": [],
        "writers": [
          "ICLR.cc/2023/Conference",
          "ICLR.cc/2023/Conference/Paper3897/Reviewer_vT93"
        ]
      },
      {
        "id": "hpGZ5tApTD",
        "original": null,
        "number": 6,
        "cdate": 1669322443142,
        "mdate": 1669322443142,
        "ddate": null,
        "tcdate": 1669322443142,
        "tmdate": 1669322443142,
        "tddate": null,
        "forum": "f0a_dWEYg-Td",
        "replyto": "Xv8l5FMIIuF",
        "invitation": "ICLR.cc/2023/Conference/Paper3897/-/Official_Comment",
        "content": {
          "title": "Thank you",
          "comment": "We thank the reviewer again for the constructive review. We hope our response and revision adequately address the reviewer’s concerns. We would really appreciate it if the reviewer could consider raising the score after evaluating our updates. Please feel free to let us know if there are other clarifications or experiments we can offer. "
        },
        "signatures": [
          "ICLR.cc/2023/Conference/Paper3897/Authors"
        ],
        "readers": [
          "everyone"
        ],
        "nonreaders": [],
        "writers": [
          "ICLR.cc/2023/Conference",
          "ICLR.cc/2023/Conference/Paper3897/Authors"
        ]
      },
      {
        "id": "Ndj5vxG9gxW",
        "original": null,
        "number": 7,
        "cdate": 1669322592808,
        "mdate": 1669322592808,
        "ddate": null,
        "tcdate": 1669322592808,
        "tmdate": 1669322592808,
        "tddate": null,
        "forum": "f0a_dWEYg-Td",
        "replyto": "Kq4r49wyJd",
        "invitation": "ICLR.cc/2023/Conference/Paper3897/-/Official_Comment",
        "content": {
          "title": "Thank you for your update",
          "comment": "We thank the reviewer for updating the review and the evaluation.  If the reviewer has any further questions, we are more than happy to provide additional clarifications or experiments."
        },
        "signatures": [
          "ICLR.cc/2023/Conference/Paper3897/Authors"
        ],
        "readers": [
          "everyone"
        ],
        "nonreaders": [],
        "writers": [
          "ICLR.cc/2023/Conference",
          "ICLR.cc/2023/Conference/Paper3897/Authors"
        ]
      },
      {
        "id": "66OwDCWJ_m5",
        "original": null,
        "number": 8,
        "cdate": 1669322788933,
        "mdate": 1669322788933,
        "ddate": null,
        "tcdate": 1669322788933,
        "tmdate": 1669322788933,
        "tddate": null,
        "forum": "f0a_dWEYg-Td",
        "replyto": "Fv5IT7bGuY-",
        "invitation": "ICLR.cc/2023/Conference/Paper3897/-/Official_Comment",
        "content": {
          "title": "Thank you for your reply",
          "comment": "We thank the reviewer for the reply.  We are glad to hear that the reviewer stays positive. We would really appreciate it if the reviewer could consider raising the score, given that our response adequately solves the reviewer’s concerns. Please feel free to let us know if there are any further questions. We thank the reviewer again for the time and constructive feedback."
        },
        "signatures": [
          "ICLR.cc/2023/Conference/Paper3897/Authors"
        ],
        "readers": [
          "everyone"
        ],
        "nonreaders": [],
        "writers": [
          "ICLR.cc/2023/Conference",
          "ICLR.cc/2023/Conference/Paper3897/Authors"
        ]
      },
      {
        "id": "Uzbf-PRYiUX",
        "original": null,
        "number": 10,
        "cdate": 1669973977953,
        "mdate": 1669973977953,
        "ddate": null,
        "tcdate": 1669973977953,
        "tmdate": 1669973977953,
        "tddate": null,
        "forum": "f0a_dWEYg-Td",
        "replyto": "157ZBguvBh",
        "invitation": "ICLR.cc/2023/Conference/Paper3897/-/Official_Comment",
        "content": {
          "title": "Thanks",
          "comment": "Thanks for the response. My concerns are well addressed. It is interesting to observe that matrix completion as a defense can largely mitigate adversarial poisons, while it is less effective in defending against unlearnable examples. This would inspire future work to study this method. I'd like to raise my score from 6 to 8."
        },
        "signatures": [
          "ICLR.cc/2023/Conference/Paper3897/Reviewer_gmqR"
        ],
        "readers": [
          "everyone"
        ],
        "nonreaders": [],
        "writers": [
          "ICLR.cc/2023/Conference",
          "ICLR.cc/2023/Conference/Paper3897/Reviewer_gmqR"
        ]
      },
      {
        "id": "tZjP5t0N1CN",
        "original": null,
        "number": 1,
        "cdate": 1674241774820,
        "pdate": null,
        "mdate": null,
        "ddate": null,
        "tcdate": 1674241774820,
        "tmdate": 1674241774820,
        "tddate": null,
        "forum": "f0a_dWEYg-Td",
        "replyto": "f0a_dWEYg-Td",
        "invitation": "ICLR.cc/2023/Conference/Paper3897/-/Decision",
        "content": {
          "title": "Paper Decision",
          "decision": "Accept: notable-top-25%",
          "metareview:_summary,_strengths_and_weaknesses": "The paper studies indiscriminate poisoning attacks on contrastive learning. Existing attack strategies developed for supervised learning are shown to be ineffective on contrastive learning. A novel strategy is thus proposed that not only is shown to be highly effective on contrastive learning but also impacts supervised learning models. A new defense measure is proposed based on data augmentation.\n\nAll reviewers and the AC agree that this paper makes several interesting and novel contributions. As contrastive learning becomes increasingly popular in many fields, it is very important to study how vulnerable various approaches are and to understand how various attacks could harm the resulting models. The paper shed light on several of theses aspects and the authors did a good job at addressing the reviewers comments. \n\nThe weakness of the paper are adequately discussed by the authors and we strongly encourage them to pursue this line of work and perhaps design poisoning attacks that are even more efficient w.r.t to the fraction of poisoned data.\n",
          "justification_for_why_not_higher_score": "The paper provides novel and interesting contributions worthy of a spotlight presentation. However these might not groundbreaking enough to warrant an oral presentation. ",
          "justification_for_why_not_lower_score": "This paper is the first to study indiscriminate poisoning on contrastive learning. \nGiven the increasing use of contrastive learning and the rich insights provided by this paper, the contributions are worthy of a spotlight presentation. ",
          "note_from_PC": "if the above contains the word \"oral\" or \"spotlight\" please see: \"oral\" presentation means -> notable-top-5% and \"spotlight\" means -> notable-top-25%. As stated in our emails, we are disassociating presentation type from AC recommendations"
        },
        "signatures": [
          "ICLR.cc/2023/Conference/Program_Chairs"
        ],
        "readers": [
          "everyone"
        ],
        "nonreaders": [],
        "writers": [
          "ICLR.cc/2023/Conference/Program_Chairs"
        ]
      }
    ],
    "directReplies": [
      {
        "id": "KxiDCjHz-q",
        "original": null,
        "number": 1,
        "cdate": 1665758130488,
        "mdate": null,
        "ddate": null,
        "tcdate": 1665758130488,
        "tmdate": 1666084478957,
        "tddate": null,
        "forum": "f0a_dWEYg-Td",
        "replyto": "f0a_dWEYg-Td",
        "invitation": "ICLR.cc/2023/Conference/Paper3897/-/Official_Review",
        "content": {
          "confidence": "4: You are confident in your assessment, but not absolutely certain. It is unlikely, but not impossible, that you did not understand some parts of the submission or that you are unfamiliar with some pieces of related work.",
          "summary_of_the_paper": "This paper poisons unlabeled training data of contrastive learning (CL) to reduce the test accuracy of linear probing. The imperceptible poisons are iteratively optimized to minimize the CL objective function. After the poisons are generated, the authors add them to the training set and run the target CL algorithm from scratch. When the entire training set is poisoned, there is a clear drop in the linear probing accuracy, e.g., from ~90% to ~50% on CIFAR-10.\n\n\nThe poison generation proceeds as follows. At each iteration, the model parameters are first updated to minimize CL loss and then the poisons are also updated to minimize CL loss. This follows the basic idea in Huang et al (2021) although Huang et al (2021) minimize classification instead of CL loss. One worth mentioning difference is the authors show data augmentations of common CL algorithms are differentiable. They take the gradients of data augmentation into consideration when updating the poisons.\n\nThe authors analyze why the poisons work. They show the poisons work by shortcutting the instance-wise CL task, whose objective is to produce similar representations of two different augmented views. They show the poisoned embeddings of two augmented views are close while the clean embeddings are far.\n",
          "strength_and_weaknesses": "**Strength**\n\n1. This paper gives the first attack against contrastive learning. It is interesting to know that one can find shortcuts for the instance-wise CL task.\n\n2. Several interesting tricks, e.g., letting the gradient back through the momentum encoder and differentiable data augmentations, are proposed to improve the attack.\n\n3. The authors show several defenses, including a newly proposed matrix completion, that can be used to defend against contrastive poisoning.\n\n**Weaknesses**\n\n1. How important is using differentiable data augmentations? I do not see an ablation study on this. Will the poisons be useless without this trick?\n\n2. In Figure 4 you explain why contrastive poisoning works but only use class-wise poisons. It would be better if you could include the results of sample-wise poisons.\n\n3. Most of the experiments assume the attacker has full access to the training data. Although most of previous works also use this assumption, it does not change the fact that it would probably be unrealistic.\n\n4. The explanation of why CP works is that it provides shortcuts for the model to produce similar representations of different augmented views. If this is true, it is possible to directly optimize the poison so that it remains unchanged when the data augmentation is applied. For example, a circle is invariant to rotation. This data/model independent approach is more efficient than the optimization procedure.\n",
          "clarity,_quality,_novelty_and_reproducibility": "Please see Strength And Weaknesses. I hope the authors would reply to my first two concerns to further improve this work.\n\nThe paper is well written in general. There is a missing reference in Appendix C.2.",
          "summary_of_the_review": "Given that this paper is the first to show it is possible to design shortcuts for instance-wise CL task, I recommend acceptance.",
          "correctness": "3: Some of the paper’s claims have minor issues. A few statements are not well-supported, or require small changes to be made correct.",
          "technical_novelty_and_significance": "2: The contributions are only marginally significant or novel.",
          "empirical_novelty_and_significance": "2: The contributions are only marginally significant or novel.",
          "flag_for_ethics_review": [
            "NO."
          ],
          "recommendation": "6: marginally above the acceptance threshold"
        },
        "signatures": [
          "ICLR.cc/2023/Conference/Paper3897/Reviewer_vT93"
        ],
        "readers": [
          "everyone"
        ],
        "nonreaders": [],
        "writers": [
          "ICLR.cc/2023/Conference",
          "ICLR.cc/2023/Conference/Paper3897/Reviewer_vT93"
        ]
      },
      {
        "id": "Kq4r49wyJd",
        "original": null,
        "number": 2,
        "cdate": 1666656728278,
        "mdate": null,
        "ddate": null,
        "tcdate": 1666656728278,
        "tmdate": 1669259837419,
        "tddate": null,
        "forum": "f0a_dWEYg-Td",
        "replyto": "f0a_dWEYg-Td",
        "invitation": "ICLR.cc/2023/Conference/Paper3897/-/Official_Review",
        "content": {
          "confidence": "5: You are absolutely certain about your assessment. You are very familiar with the related work and checked the math/other details carefully.",
          "summary_of_the_paper": "This paper considers an adversarial setting for contrastive learning: the attacker is allowed to add imperceptible perturbation to all training samples of CL, which will reduce CL's effectiveness as a feature extractor. Experiments show that downstream task's performance will be lowered by the poisoning.",
          "strength_and_weaknesses": "**Strength**\n\nThis paper is technically sound. The experiments considers a wide range of baselines. I appreciate the effort.\n\n**Weaknesses**\n\nAs the authors have self-identified in the limitation, the attack setting seems to be slightly artificial: the attacker has control over *all* training data is a very strong assumption... The attack mechanism is not too surprisingly novel either. I feel that the paper has presented much empirical evidence of what effect the attack is able to bring, but fails to provide in-depth analysis of its implication. For example, on Page 8, the authors have shown that noise in SL attack is sometimes linear separable, while that in CL attack is not. It is a very interesting observation. However, does that mean linear separable noise is easier to detect? or, what does this linear (non)separability suggest? In future edition or work, the authors may dig further the implication of such phenomena to contrastive learning or more general learning problem. Such insights could be more helpful than the attack/defense itself, given that the adversarial setting is not very common in practice.\n\n",
          "clarity,_quality,_novelty_and_reproducibility": "The paper is clear in describing settings, technical details and empirical finding. Its novelty and impact is somewhat hindered by the less realistic attack setting.",
          "summary_of_the_review": "Overall, this is a paper with solid empirical evaluation but slightly lacking novelty. To me, it is on the borderline. ",
          "correctness": "4: All of the claims and statements are well-supported and correct.",
          "technical_novelty_and_significance": "3: The contributions are significant and somewhat new. Aspects of the contributions exist in prior work.",
          "empirical_novelty_and_significance": "4: The contributions are significant, and do not exist in prior works.",
          "flag_for_ethics_review": [
            "NO."
          ],
          "recommendation": "6: marginally above the acceptance threshold"
        },
        "signatures": [
          "ICLR.cc/2023/Conference/Paper3897/Reviewer_Cwex"
        ],
        "readers": [
          "everyone"
        ],
        "nonreaders": [],
        "writers": [
          "ICLR.cc/2023/Conference",
          "ICLR.cc/2023/Conference/Paper3897/Reviewer_Cwex"
        ]
      },
      {
        "id": "Xv8l5FMIIuF",
        "original": null,
        "number": 3,
        "cdate": 1666670100399,
        "mdate": null,
        "ddate": null,
        "tcdate": 1666670100399,
        "tmdate": 1669973996012,
        "tddate": null,
        "forum": "f0a_dWEYg-Td",
        "replyto": "f0a_dWEYg-Td",
        "invitation": "ICLR.cc/2023/Conference/Paper3897/-/Official_Review",
        "content": {
          "confidence": "4: You are confident in your assessment, but not absolutely certain. It is unlikely, but not impossible, that you did not understand some parts of the submission or that you are unfamiliar with some pieces of related work.",
          "summary_of_the_paper": "This paper studies clean-label availability attacks against unsupervised contrastive learning. The authors first observe that previous poisons, designed to compromise supervised learning, fail to harm contrastive learning algorithms, such as SimCLR and BYOL. Then, the authors propose a new attack method tailored to compromise contrastive learning. Surprisingly, the proposed attack is not only effective for contrastive learning, but also for supervised learning. ",
          "strength_and_weaknesses": "Strengths:\n\n- This paper is the first to study availability attacks against unsupervised contrastive learning.\n- A dual branch scheme is proposed to mitigate the optimization obstacles and thus boost the attack performance.\n- Experiments provide several novel observations:\n  - It is an interesting observation that sample-wise CP mostly performs better, while class-wise CP can transfer better.\n  - While almost all previous poisons in this area are linearly separable, the proposed poison is not. This would make availability attacks more undetectable.\n  - A very simple data augmentation method based on Matrix Completion is proposed to mitigate poisons. The authors find that this simple method can perform better than adversarial training.\n\nWeaknesses:\n\n- Given that Matrix Completion is very effective in defending against the proposed attack, it is natural then to ask whether this simple method can defend against previous poisons, such as unlearnable examples and adversarial poisoning.\n- Table 8 tests the defense power of AdvCL (i.e. a type of adversarial training) against the proposed poisons. Is the perturbation radius of adversarial training $\\epsilon=8/255$? Prior work (Tao et al., 2021, Figure 5) has shown that adversarial training with small $\\epsilon$ could perform better. Is this also true in the context of unsupervised contrastive learning? By the way, adversarial training was first identified by Tao et al as a promising defense against those poisons. Thus, the last sentence of the introduction needs to polishing.\n- There are availability attacks that can work by injecting dirty labels into the training data (Biggio et al., 2012). That is to say, not all availability attacks are imperceptible. Thus, the first sentence of the introduction needs to polishing.",
          "clarity,_quality,_novelty_and_reproducibility": "The paper is clearly written, well-organized, and easy to follow. ",
          "summary_of_the_review": "The paper explains why previous poisons fail and shows how to effectively compromise contrastive learning. This paper observes many novel empirical findings. These constitute a thorough study of clean-label availability attacks against unsupervised contrastive learning. ",
          "correctness": "4: All of the claims and statements are well-supported and correct.",
          "technical_novelty_and_significance": "3: The contributions are significant and somewhat new. Aspects of the contributions exist in prior work.",
          "empirical_novelty_and_significance": "3: The contributions are significant and somewhat new. Aspects of the contributions exist in prior work.",
          "flag_for_ethics_review": [
            "NO."
          ],
          "recommendation": "8: accept, good paper"
        },
        "signatures": [
          "ICLR.cc/2023/Conference/Paper3897/Reviewer_gmqR"
        ],
        "readers": [
          "everyone"
        ],
        "nonreaders": [],
        "writers": [
          "ICLR.cc/2023/Conference",
          "ICLR.cc/2023/Conference/Paper3897/Reviewer_gmqR"
        ]
      },
      {
        "id": "tZjP5t0N1CN",
        "original": null,
        "number": 1,
        "cdate": 1674241774820,
        "pdate": null,
        "mdate": null,
        "ddate": null,
        "tcdate": 1674241774820,
        "tmdate": 1674241774820,
        "tddate": null,
        "forum": "f0a_dWEYg-Td",
        "replyto": "f0a_dWEYg-Td",
        "invitation": "ICLR.cc/2023/Conference/Paper3897/-/Decision",
        "content": {
          "title": "Paper Decision",
          "decision": "Accept: notable-top-25%",
          "metareview:_summary,_strengths_and_weaknesses": "The paper studies indiscriminate poisoning attacks on contrastive learning. Existing attack strategies developed for supervised learning are shown to be ineffective on contrastive learning. A novel strategy is thus proposed that not only is shown to be highly effective on contrastive learning but also impacts supervised learning models. A new defense measure is proposed based on data augmentation.\n\nAll reviewers and the AC agree that this paper makes several interesting and novel contributions. As contrastive learning becomes increasingly popular in many fields, it is very important to study how vulnerable various approaches are and to understand how various attacks could harm the resulting models. The paper shed light on several of theses aspects and the authors did a good job at addressing the reviewers comments. \n\nThe weakness of the paper are adequately discussed by the authors and we strongly encourage them to pursue this line of work and perhaps design poisoning attacks that are even more efficient w.r.t to the fraction of poisoned data.\n",
          "justification_for_why_not_higher_score": "The paper provides novel and interesting contributions worthy of a spotlight presentation. However these might not groundbreaking enough to warrant an oral presentation. ",
          "justification_for_why_not_lower_score": "This paper is the first to study indiscriminate poisoning on contrastive learning. \nGiven the increasing use of contrastive learning and the rich insights provided by this paper, the contributions are worthy of a spotlight presentation. ",
          "note_from_PC": "if the above contains the word \"oral\" or \"spotlight\" please see: \"oral\" presentation means -> notable-top-5% and \"spotlight\" means -> notable-top-25%. As stated in our emails, we are disassociating presentation type from AC recommendations"
        },
        "signatures": [
          "ICLR.cc/2023/Conference/Program_Chairs"
        ],
        "readers": [
          "everyone"
        ],
        "nonreaders": [],
        "writers": [
          "ICLR.cc/2023/Conference/Program_Chairs"
        ]
      }
    ]
  }
}