{
  "id": "IM4xp7kGI5V",
  "original": "eilrjhHNXIG",
  "number": 5168,
  "cdate": 1663850412503,
  "mdate": null,
  "ddate": null,
  "tcdate": 1663850412503,
  "tmdate": 1676593156801,
  "tddate": null,
  "tauthor": "~Super_User1",
  "forum": "IM4xp7kGI5V",
  "replyto": null,
  "invitation": "ICLR.cc/2023/Conference/-/Blind_Submission",
  "content": {
    "title": "The Asymmetric Maximum Margin Bias of Quasi-Homogeneous Neural Networks",
    "authorids": [
      "~Daniel_Kunin1",
      "~Atsushi_Yamamura1",
      "~Chao_Ma8",
      "~Surya_Ganguli1"
    ],
    "authors": [
      "Daniel Kunin",
      "Atsushi Yamamura",
      "Chao Ma",
      "Surya Ganguli"
    ],
    "keywords": [
      "margin",
      "maximum-margin",
      "implicit regularization",
      "neural networks",
      "neural collapse",
      "gradient flow",
      "implicit bias",
      "robustness",
      "homogeneous",
      "symmetry",
      "classification"
    ],
    "abstract": "In this work, we explore the maximum-margin bias of quasi-homogeneous neural networks trained with gradient flow on an exponential loss and past a point of separability. We introduce the class of quasi-homogeneous models, which is expressive enough to describe nearly all neural networks with homogeneous activations, even those with biases, residual connections, and normalization layers, while structured enough to enable geometric analysis of its gradient dynamics. Using this analysis, we generalize the existing results of maximum-margin bias for homogeneous networks to this richer class of models. We find that gradient flow implicitly favors a subset of the parameters, unlike in the case of a homogeneous model where all parameters are treated equally. We demonstrate through simple examples how this strong favoritism toward minimizing an asymmetric norm can degrade the robustness of quasi-homogeneous models. On the other hand, we conjecture that this norm-minimization discards, when possible, unnecessary higher-order parameters, reducing the model to a sparser parameterization. Lastly, by applying our theorem to sufficiently expressive neural networks with normalization layers, we reveal a universal mechanism behind the empirical phenomenon of Neural Collapse.",
    "anonymous_url": "I certify that there is no URL (e.g., github page) that could be used to find authors’ identity.",
    "no_acknowledgement_section": "I certify that there is no acknowledgement section in this submission for double blind review.",
    "code_of_ethics": "I acknowledge that I and all co-authors of this work have read and commit to adhering to the ICLR Code of Ethics",
    "submission_guidelines": "Yes",
    "resubmission": "",
    "student_author": "",
    "Please_choose_the_closest_area_that_your_submission_falls_into": "Deep Learning and representational learning",
    "paperhash": "kunin|the_asymmetric_maximum_margin_bias_of_quasihomogeneous_neural_networks",
    "TL;DR": "We generalize implicit max-margin bias to a class of models which describes nearly all networks, identifying a competition between maximizing margin and minimizing an asymmetric parameter norm, which can degrade robustness and explain Neural Collapse",
    "pdf": "/pdf/35e901e92e53dbfee861403dfbe3d0044bfb91a7.pdf",
    "supplementary_material": "/attachment/3925e5817c49a6672c09f716a394f166eb62ed96.zip",
    "_bibtex": "@inproceedings{\nkunin2023the,\ntitle={The Asymmetric Maximum Margin Bias of Quasi-Homogeneous Neural Networks},\nauthor={Daniel Kunin and Atsushi Yamamura and Chao Ma and Surya Ganguli},\nbooktitle={The Eleventh International Conference on Learning Representations },\nyear={2023},\nurl={https://openreview.net/forum?id=IM4xp7kGI5V}\n}",
    "venue": "ICLR 2023 notable top 25%",
    "venueid": "ICLR.cc/2023/Conference"
  },
  "signatures": [
    "ICLR.cc/2023/Conference"
  ],
  "readers": [
    "everyone"
  ],
  "nonreaders": [],
  "writers": [
    "ICLR.cc/2023/Conference"
  ],
  "pdate": 1675279379385,
  "odate": 1664468100000,
  "details": {
    "overwriting": [],
    "tags": [],
    "writable": false,
    "replyCount": 16,
    "directReplyCount": 7,
    "revisions": true,
    "replies": [
      {
        "id": "1bXF0fw1cBx",
        "original": null,
        "number": 1,
        "cdate": 1666416650393,
        "mdate": null,
        "ddate": null,
        "tcdate": 1666416650393,
        "tmdate": 1666416650393,
        "tddate": null,
        "forum": "IM4xp7kGI5V",
        "replyto": "IM4xp7kGI5V",
        "invitation": "ICLR.cc/2023/Conference/Paper5168/-/Official_Review",
        "content": {
          "confidence": "3: You are fairly confident in your assessment. It is possible that you did not understand some parts of the submission or that you are unfamiliar with some pieces of related work. Math/other details were not carefully checked.",
          "summary_of_the_paper": "This paper analyzes the maximum-margin bias of gradient flow on quasi-homogeneous networks under data separation. In contrast to homogeneous networks, different parameters in a quasi-homogeneous network are allowed to have different homogeneity factors; this model can represent bias terms, skip connections, normalization layers, etc. This paper shows that the final maximum-margin bias is determined by the parameters with the maximum homogeneity factor, which naturally generalizes prior results on homogeneous networks. Specifically, it is proved that the final solution is a KKT point of a norm-minimization problem for the parameters with the maximum homogeneity factor, under a data separation condition. It is also discussed that quasi-homogeneous maximum margin can degrade robustness and induce neural collapse.",
          "strength_and_weaknesses": "I think this is a nice paper. The quasi-homogeneous model is very expressive and allows common layers used in deep learning, which can be an interesting model to analyze. The proof naturally generalizes prior analysis on homogeneous networks, and reveals that gradient flow will asymptotically focus on the parameters with largest homogeneity factors. I have the following comments:\n1. Part of Assumption A2 can be included in the definition of quasi-homogeneity, otherwise the definition may look too flexible. For example, given a deep linear network with no bias, we can let lambda be 1 for the last layer and 0 for other layers; this does not violate the definition, but the boundedness condition in A2 does not hold.\n2. Since some $\\lambda_i$ can be 0, $\\hat{\\theta}$ may not be uniquely defined. Can you make its definition more rigorous?\n3. Can you explain how conditional separation (Assumption A7) is used in the proof?",
          "clarity,_quality,_novelty_and_reproducibility": "The paper is novel and well-written.",
          "summary_of_the_review": "This paper introduces an expressive model of quasi-homogeneous networks, and analyzes the maximum-margin bias of gradient flow on such models.",
          "correctness": "4: All of the claims and statements are well-supported and correct.",
          "technical_novelty_and_significance": "4: The contributions are significant, and do not exist in prior works.",
          "empirical_novelty_and_significance": "Not applicable",
          "flag_for_ethics_review": [
            "NO."
          ],
          "recommendation": "8: accept, good paper"
        },
        "signatures": [
          "ICLR.cc/2023/Conference/Paper5168/Reviewer_UHdE"
        ],
        "readers": [
          "everyone"
        ],
        "nonreaders": [],
        "writers": [
          "ICLR.cc/2023/Conference",
          "ICLR.cc/2023/Conference/Paper5168/Reviewer_UHdE"
        ]
      },
      {
        "id": "_c3rTGjQn5l",
        "original": null,
        "number": 2,
        "cdate": 1666466822281,
        "mdate": null,
        "ddate": null,
        "tcdate": 1666466822281,
        "tmdate": 1670098906963,
        "tddate": null,
        "forum": "IM4xp7kGI5V",
        "replyto": "IM4xp7kGI5V",
        "invitation": "ICLR.cc/2023/Conference/Paper5168/-/Official_Review",
        "content": {
          "confidence": "4: You are confident in your assessment, but not absolutely certain. It is unlikely, but not impossible, that you did not understand some parts of the submission or that you are unfamiliar with some pieces of related work.",
          "summary_of_the_paper": "The paper studies the implicit bias of gradient flow with an exponential loss on a class of neural networks called “quasi-homogeneous networks”. This class, which is introduced in the paper, is very rich and includes, e.g., ReLU networks with bias terms and residual connections. The implicit bias of such networks is not implied by previous results, which consider mostly homogeneous networks. The results hold for both binary classification, and multiclass classification with the cross-entropy loss. The implicit bias of quasi-homogeneous networks is characterized by asymmetric margin maximization (which involves only a subset of the parameters). The authors also conjecture that an even more general property holds (a certain cascading weight minimization property). Also, they obtain some implications in the context of robustness and neural collapse. ",
          "strength_and_weaknesses": "The implicit bias of gradient flow in neural networks has been extensively studied in recent years. It is believed that understanding the implicit bias may be a key to understanding generalization in deep learning. In the context of classification with exponential-type losses, the most prominent prior result is by Lyu and Li (2019), and it implies a bias towards margin maximization in parameter space (or at least towards stationary points of the margin maximization problem) in homogeneous networks. The current work extends this result to a large family of non-homogenous networks, which includes ResNets and networks with bias terms. I believe that this contribution is very significant, as it makes a step towards understanding the implicit bias in practical settings. Therefore, I think that it is a very strong paper. \n\nMy main comment is that I think that the paper can benefit from a more detailed discussion on the assumptions made in Theorem 4.1. The authors give several examples of quasi-homogeneous networks, both in the main text and in the appendix, and convince the reader that the class of quasi-homogeneous networks is very rich and includes “nearly all neural networks with homogeneous activations”. While I agree with this statement, I think that the more relevant question is when the other assumptions hold. For example, the authors discuss “networks with residual connections” as an example of quasi-homogeneous networks. However, it seems that these networks do not satisfy Assumption A2, since f is not bounded on the unit “sphere” (in this example, the lambda of the first layer is 0 and of the second layer is positive, hence the unit sphere includes all networks where the second layer’s weight is 1, and by increasing the first layer we can get arbitrarily large outputs). I suspect that many readers might get the impression that since the family of quasi-homogeneous networks is very rich, then the theorem essentially holds in all interesting settings, but it does not seem to be the case. Therefore, such a discussion, in my opinion, is important. A more concrete question for discussion is: when does the theorem apply in ResNets? (I suppose that if the residual block includes only trainable parameters, both skipping and non-skipping, and does not include the identity matrix, then the assumptions should hold if the skip-connections are necessary for separating the data and assuming directional convergence, right?)\n\nSome additional comments:\n- In the proof of Theorem 4.1, you show that the KKT point satisfies the MFCQ condition. It implies that the KKT conditions are necessary for optimality, right? I think that it is a useful fact and it might be worth mentioning in the main text.\n- Page 6: “See App. C for a discussion on how to determine the highest-order…” — Do you mean App. A?\n- Page 7: “$(w_3)$” should be “$(w_1)$”?\n- In Sec. 5, it might be worth discussing that also homogeneous linear networks may converge to non-robust solutions. For example, diagonal linear networks prefer sparse solutions and do not maximize the $\\ell_2$ margin.\n\n",
          "clarity,_quality,_novelty_and_reproducibility": "The paper is well-written, the results are novel and the experiments are well-documented.",
          "summary_of_the_review": "As I discussed above, I think that it is a strong paper and recommend “strong accept”.\n\n-----------------------------------------------\n\nAfter reading the authors' response, I stick with my high score.",
          "correctness": "4: All of the claims and statements are well-supported and correct.",
          "technical_novelty_and_significance": "4: The contributions are significant, and do not exist in prior works.",
          "empirical_novelty_and_significance": "3: The contributions are significant and somewhat new. Aspects of the contributions exist in prior work.",
          "flag_for_ethics_review": [
            "NO."
          ],
          "recommendation": "10: strong accept, should be highlighted at the conference"
        },
        "signatures": [
          "ICLR.cc/2023/Conference/Paper5168/Reviewer_i1KS"
        ],
        "readers": [
          "everyone"
        ],
        "nonreaders": [],
        "writers": [
          "ICLR.cc/2023/Conference",
          "ICLR.cc/2023/Conference/Paper5168/Reviewer_i1KS"
        ]
      },
      {
        "id": "IBbmqhCqEC8",
        "original": null,
        "number": 3,
        "cdate": 1666535122687,
        "mdate": null,
        "ddate": null,
        "tcdate": 1666535122687,
        "tmdate": 1668775638839,
        "tddate": null,
        "forum": "IM4xp7kGI5V",
        "replyto": "IM4xp7kGI5V",
        "invitation": "ICLR.cc/2023/Conference/Paper5168/-/Official_Review",
        "content": {
          "confidence": "3: You are fairly confident in your assessment. It is possible that you did not understand some parts of the submission or that you are unfamiliar with some pieces of related work. Math/other details were not carefully checked.",
          "summary_of_the_paper": "This work studies the implicit bias of quasi-homogeneous networks. Under a conditional separation assumption, it is proved that gradient flow converges to a KKT solution of a certain minimum norm optimization problem. The latter norm depends on a subset of the parameters such as the last layer bias of a fully connected network. Based on the main result, it is shown in a certain setting that the inductive bias of quasi-homogeneous networks is towards non-robust solutions. Furthermore, it is proved that the neural collapse phenomenon occurs for quasi-homogeneous models under certain assumptions.",
          "strength_and_weaknesses": "Strengths:\n1. Strong and novel theoretical results.\n2. Novel definition of quasi-homogeneous networks that may help to understand neural networks in new settings.\n3. Interesting experiments on robustness.\n\nWeaknesses:\n\nThe major weakness is that Theorem 4.1 in its current form is inconsistent. Since the quasi-homogeneous parameter is not unique, for a given network the theorem implies that gradient flow converges to different minimum norm problems. This is impossible, unless:\n1. All such problems are equivalent, or:\n2. Given the assumptions, there is a unique parameterization.\n\nThe authors provide several examples where (1) or (2) above hold, but there is no general proof that they hold for all quasi-homogeneous models. If the theorem implies that either (1) or (2) hold for all quasi-homogeneous models, then this should be stated in the theorem. \n\nAnother issue with the inconsistency is that Definition 3.1 holds for all x. However, the main result only concerns with the training set, therefore it seems that the definition can be only with respect to x in the training set. If we change definition 3.1 to hold for x in the training set, this changes the possible parameterizations of quasi-homogeneous models and the main result. It is not clear which definition should be used.\n\n\nAnother weakness is that conditional separation assumption seems strong. There should be more discussion on this assumption and maybe proofs that it holds in certain realistic settings.\n",
          "clarity,_quality,_novelty_and_reproducibility": "Quality. Most of the theoretical results are strong and solid, except the inconsistency of Theorem 4.1.\n\nNovelty. The definition of quasi-homogeneous networks and the results on their inductive bias are new.\n\nClarity. Mostly the paper is well-written.\n",
          "summary_of_the_review": "This paper presents new and interesting results on the inductive bias of non-homogeneous networks. However, I cannot accept this paper in its current form, because one of the theoretical results is currently inconsistent. If the authors can clarify the statements and write a consistent theorem then I will increase the score.",
          "correctness": "2: Several of the paper’s claims are incorrect or not well-supported.",
          "technical_novelty_and_significance": "4: The contributions are significant, and do not exist in prior works.",
          "empirical_novelty_and_significance": "3: The contributions are significant and somewhat new. Aspects of the contributions exist in prior work.",
          "flag_for_ethics_review": [
            "NO."
          ],
          "recommendation": "8: accept, good paper"
        },
        "signatures": [
          "ICLR.cc/2023/Conference/Paper5168/Reviewer_CPzm"
        ],
        "readers": [
          "everyone"
        ],
        "nonreaders": [],
        "writers": [
          "ICLR.cc/2023/Conference",
          "ICLR.cc/2023/Conference/Paper5168/Reviewer_CPzm"
        ]
      },
      {
        "id": "JX2P7Mo_hs",
        "original": null,
        "number": 4,
        "cdate": 1666873611760,
        "mdate": null,
        "ddate": null,
        "tcdate": 1666873611760,
        "tmdate": 1669969365972,
        "tddate": null,
        "forum": "IM4xp7kGI5V",
        "replyto": "IM4xp7kGI5V",
        "invitation": "ICLR.cc/2023/Conference/Paper5168/-/Official_Review",
        "content": {
          "confidence": "3: You are fairly confident in your assessment. It is possible that you did not understand some parts of the submission or that you are unfamiliar with some pieces of related work. Math/other details were not carefully checked.",
          "summary_of_the_paper": "This paper studies the max margin bias that arise in the gradient flow training procedure of *quasi-homogeneous* neural networks. Quasi-homogeneous networks can be thought of as a generalization of homogeneous networks that are previously studied in the literature (e.g., Lyu & Li (2019) and Ji & Telgarsky (2020)), and they contain a significantly wider range of networks such as ones with bias terms, skip connections, normalization layers, etc. \n\nFor this general class of networks, the paper extends the results by Lyu & Li (2019) to show that the direction at which the network parameter vector converges to corresponds to a first-order KKT point of a (nonconvex) optimization problem (denoted as (P) in the paper). The key difference from Lyu & Li (2019) is that the objective function in (P) is no longer the standard $\\ell_2$ norm; instead, it is the $\\ell_2$ norm of a *subset* of parameters defined by the quasi-homogeneity.\n\nThis result highlights that the gradient flow dynamics is biased toward achieving the maximum margin with respect to only a subset of network parameters. This \"asymmetry\" leads to some interesting consequences, namely that 1) it can hurt robustness of the resulting classifier and 2) it can provide an explanation to the recently observed *neural collapse* phenomenon.",
          "strength_and_weaknesses": "Strengths\n\n1. This paper generalizes the existing theoretical research on homogeneous networks to a greater extent, and the newly introduced class of quasi-homogeneous networks is very general. Hence, the paper develops a theory that applies to many practical networks. \n\n2. Through this extension, the paper uncovers that the max margin bias of gradient flow only applies with respect to a subset of parameters, which is quite an interesting discovery. Moreover, this observation can help explain the empirically observed neural collapse phenomenon.\n\n3. Although I believe assumption A7 is unrealistic in some practical scenarios (see the weaknesses part), the authors present a motivating example (Section 5) that allows us to imagine what might happen without the assumption. They propose a neat conjecture (Conjecture 5.1) which naturally extends Theorem 4.1 to settings without A7. This uncovers an interesting future research direction.\n\nWeaknesses\n\n4. Among the assumptions required for Theorem 4.1, the one that seemed the most unrealistic to me was A7, namely that the highest-degree parameters must contribute to the classifier for it to separate the dataset. The assumption does not hold in some practical scenarios, for example when we have a 1-hidden-layer fully-connected network with bias terms (hence the bias $b^2$ of the output layer is the highest-degree parameter) and the dataset can be separated without the use of $b^2$.\n\n5. As noted by the authors, the diagonal PSD matrix $\\Lambda$ that defines quasi-homogeneity may not be unique. For example, for networks with normalization layers, one can choose *any* values of $\\lambda$ for scale-invariant parameters. The authors discuss in Appendix A on how we can disambiguate between different possible choices of $\\Lambda$ by leveraging assumption A7 and taking a closer look at the optimization problem (P). However, this is only a \"proof by example\" and the paper does not concretely prove that there is only one possible choice of $\\Lambda$ for which Theorem 4.1 applies. Also, it is unclear how we can disambiguate the equivalently working values of $\\Lambda$ without the help of A7. I believe this is the main downside of this paper. \n\nMinor comments\n- To me, the word \"highest-order\" for parameters with $\\lambda_{\\max}$ seems a bit counterintuitive, because these parameters are often those with the lowest \"polynomial degree.\" For example, for $f(x;\\theta) = w^2 \\sigma(w^1 x + b^1) + b^2$, the $b^2$ term with the smallest \"degree.\"\n- In \"Geometric properties\" paragraph on page 4, $\\nabla_\\alpha f(x; \\psi_\\alpha(\\theta)) = \\nabla_\\alpha e^\\alpha f(x;\\theta)$?\n- From Lyu and Li (2019) I believe A2 is stated for a fixed given value of $x$, but the paper doesn't clearly state that. As a result, I once got confused why $|f(x;\\theta)| \\leq k$ must hold for all $x$.\n- It'd be good to put a label (P) next to the optimization problem in Theorem 4.1?\n- At the end of Section 4, \"See App C\" -> \"See App A\".\n",
          "clarity,_quality,_novelty_and_reproducibility": "The writing is mostly clear. The paper is well-written and I found it easy to digest.\n\nAnalyzing the class of quasi-homogeneous networks looks novel, as far as I can tell. In terms of proof techniques, the paper indeed builds upon the techniques developed in Lyu and Li (2019) but it looks like the authors had to overcome some challenges that arise from quasi-homogeneity. However, I did not have the time to fully examine the proofs.\n",
          "summary_of_the_review": "The paper investigates the max margin bias in a very general class of neural networks referred to as quasi-homogeneous networks. The investigation uncovers some interesting and unexpected bias, namely the implicit bias applies with respect to only a subset of parameters. Also, this theoretical result has some important implications to neural collapsing which is of interest.\n\nWhile the paper presents interesting theoretical results, one crucial downside is that the quasi-homogeneity is not completely well-defined. For a given network there can be multiple \"subsets\" of network parameters, and fully disambiguating these cases could use some additional effort.\n\nOverall, my current rating is positive but not too positive; I would be happy to raise my score based on the authors' response.\n",
          "correctness": "3: Some of the paper’s claims have minor issues. A few statements are not well-supported, or require small changes to be made correct.",
          "technical_novelty_and_significance": "4: The contributions are significant, and do not exist in prior works.",
          "empirical_novelty_and_significance": "Not applicable",
          "flag_for_ethics_review": [
            "NO."
          ],
          "recommendation": "8: accept, good paper"
        },
        "signatures": [
          "ICLR.cc/2023/Conference/Paper5168/Reviewer_bFVN"
        ],
        "readers": [
          "everyone"
        ],
        "nonreaders": [],
        "writers": [
          "ICLR.cc/2023/Conference",
          "ICLR.cc/2023/Conference/Paper5168/Reviewer_bFVN"
        ]
      },
      {
        "id": "AJQp_rZFS_G",
        "original": null,
        "number": 1,
        "cdate": 1667782790414,
        "mdate": 1667782790414,
        "ddate": null,
        "tcdate": 1667782790414,
        "tmdate": 1667782790414,
        "tddate": null,
        "forum": "IM4xp7kGI5V",
        "replyto": "IM4xp7kGI5V",
        "invitation": "ICLR.cc/2023/Conference/Paper5168/-/Official_Comment",
        "content": {
          "title": "Thank you to all reviewers.",
          "comment": "We would like to thank all reviewers for their careful and detailed comments.\n\nWe are happy to see that there is consensus among the reviewers on the significance and novelty of our contribution.  We also appreciate the common concern among reviewers around the strength of Assumption 7 and the non-uniqueness of $\\Lambda$ in Definition 3.1. We are currently working on clarifying and explaining these aspects of our work and will provide an updated manuscript and individual replies by the end of the week.\n\nWe greatly appreciate the time and effort you spent reviewing our paper, which we are certain will make our work better."
        },
        "signatures": [
          "ICLR.cc/2023/Conference/Paper5168/Authors"
        ],
        "readers": [
          "everyone"
        ],
        "nonreaders": [],
        "writers": [
          "ICLR.cc/2023/Conference",
          "ICLR.cc/2023/Conference/Paper5168/Authors"
        ]
      },
      {
        "id": "-aInRGdCkRO",
        "original": null,
        "number": 2,
        "cdate": 1668206217139,
        "mdate": 1668206217139,
        "ddate": null,
        "tcdate": 1668206217139,
        "tmdate": 1668206217139,
        "tddate": null,
        "forum": "IM4xp7kGI5V",
        "replyto": "IM4xp7kGI5V",
        "invitation": "ICLR.cc/2023/Conference/Paper5168/-/Official_Comment",
        "content": {
          "title": "Updated Manuscript.",
          "comment": "Thank you again to all reviewers for the time and effort you spent reviewing our paper.  We have tried to incorporate all your feedback and suggestions in our updated manuscript.  Here is a list of the changes:\n\n- Added App. B section where we define a proper $\\Lambda$ and prove the consistency of Theorem 4.1 as suggested by reviewers bFVN and CPzm. \n- Added App. C section discussing the intuition and limitations of our assumptions A1-A7 as suggested by reviewers CPzm and i1KS. \n- We removed the boundedness condition of A2 and introduced Lemma E.1 proving boundedness of the normalized trajectory as suggested by reviewers i1KS and UHdE.\n- Added Lemma A.1 proving the uniqueness of $\\hat{\\theta}$ whenever $\\|\\theta\\|_\\Lambda > 0$ as suggested by reviewer UHdE.\n- Added figure 5 depicting the geometric intuition behind our proof of Neural Collapse in section 6.\n- Added many smaller edits throughout the paper that are described in our individual responses to the reviewers.\n\nThank you again and we hope you will consider our paper an important contribution to the ICLR community.\n"
        },
        "signatures": [
          "ICLR.cc/2023/Conference/Paper5168/Authors"
        ],
        "readers": [
          "everyone"
        ],
        "nonreaders": [],
        "writers": [
          "ICLR.cc/2023/Conference",
          "ICLR.cc/2023/Conference/Paper5168/Authors"
        ]
      },
      {
        "id": "jsOJrDM39qL",
        "original": null,
        "number": 3,
        "cdate": 1668206880336,
        "mdate": null,
        "ddate": null,
        "tcdate": 1668206880336,
        "tmdate": 1668207520593,
        "tddate": null,
        "forum": "IM4xp7kGI5V",
        "replyto": "JX2P7Mo_hs",
        "invitation": "ICLR.cc/2023/Conference/Paper5168/-/Official_Comment",
        "content": {
          "title": "Response to Reviewer bFVN",
          "comment": "Thank you for your positive review and the time you spent pointing out ways to make our work better. First, let us discuss the weaknesses in our paper you pointed out:\n\n**A7 is strong:**\nWe agree, A7 is our strongest assumption, but necessary in our proof.  That said, we did consider what happens when this assumption does not hold.  That is why we introduced Conjecture 5.1 and provided empirical evidence supporting its claim.  We think further generalizing our proof of Theorem 4.1 to Conjecture 5.1 is an interesting direction for future work.  Please see our new Appendix section C where we have a more detailed discussion on the limitations of our assumptions and a possible route towards proving Conjecture 5.1.  Also, for your example of a 1-hidden-layer fully-connected network with bias terms, you are correct that if the dataset can be separated without $b^2$, then this setting will not satisfy A7.  That said, there can be datasets where $b^2$ is necessary, for example, for a network with ReLU activations trained on the binary classification task of separating two concentric spheres, the second layer bias can be necessary.  Thus, the validity of A7 will depend on the interaction of the parameterization of a model and the dataset, and thus it is difficult to assert its validity for general settings, without directly modeling the data as in section 5.\n\n**Non-uniqueness of $\\Lambda$:**\nThe non-uniqueness of $\\Lambda$ is not an issue on its own because $\\Lambda$-Quasi-homogeneity is a property of a function.  Definition 3.1 is well defined, even if there exist multiple valid values of $\\Lambda$ which satisfy it.  Of course, as you mentioned, sometimes it is useful to distinguish among these valid values of $\\Lambda$ such that there is no ambiguity when discussing for example the set of $\\Lambda_{\\max}$ parameters such as in Theorem 4.1.  In our new appendix B section, we thoroughly expand our previous “proof by example” argument and rigorously show that if the assumptions of Theorem 4.1 are met, then the resulting optimization problem (P) is unique.  The key to our proof strategy is defining a “proper” $\\Lambda$ and showing that it is unique in the interior of possible $\\Lambda$ values and that on the boundary it is possible to have multiple proper $\\Lambda$ values, but their resulting optimization problems are equivalent. Please see our new App. B where we present the definition of a proper $\\Lambda$ and a rigorous proof of the consistency of Theorem 4.1.\n\nHere we address your minor comments individually:\n- Your point makes sense, we have replaced “higher-order” and “lower-order” with “higher-rate” and “lower-rate” respectively.\n- This is not a typo, but we did skip the step $\\nabla_\\alpha e^\\alpha f(x;\\theta) = e^\\alpha f(x;\\theta)$.  To prevent confusion we removed the equality and referenced the appendix where there is a complete derivation.\n- You are correct, we added “For any fixed $x$,” to the beginning of Assumption 2.\n- We added the label (P), thanks for the suggestion.\n- Yes, this is a typo.\n\nThank you again for the time you spent reviewing our work and we hope you will consider raising your score. Please let us know if you have any further questions or comments."
        },
        "signatures": [
          "ICLR.cc/2023/Conference/Paper5168/Authors"
        ],
        "readers": [
          "everyone"
        ],
        "nonreaders": [],
        "writers": [
          "ICLR.cc/2023/Conference",
          "ICLR.cc/2023/Conference/Paper5168/Authors"
        ]
      },
      {
        "id": "FRmD9o4pUGk",
        "original": null,
        "number": 4,
        "cdate": 1668207490794,
        "mdate": 1668207490794,
        "ddate": null,
        "tcdate": 1668207490794,
        "tmdate": 1668207490794,
        "tddate": null,
        "forum": "IM4xp7kGI5V",
        "replyto": "IBbmqhCqEC8",
        "invitation": "ICLR.cc/2023/Conference/Paper5168/-/Official_Comment",
        "content": {
          "title": "Response to Reviewer CPzm",
          "comment": "Thank you for your review and the time you spent suggesting ways to make our work better. Let us discuss the weaknesses in our paper you pointed out:\n\n**Non-uniqueness of $\\Lambda$:**\nWe believe that the proof of Theorem 4.1 itself ensures the consistency of the theorem, but as you pointed out, it is not very obvious that your bullet points (1) or (2) holds, and hence the theorem looks inconsistent. To further clarify this point, we generalized our previous example-based argument in the Appendix, and wrote down a proof for the general setting, showing that your bullet points (1) or (2) indeed hold. (Please see Appendix B)\nIn particular, we consider the set of $\\Lambda$ with which the model is quasi-homogeneous, and we show:\n1. The proper choice of $\\Lambda$ satisfying assumptions is unique in the interior of the set, i.e., your bullet point (2).\n2. Although there can be multiple proper choices of $\\Lambda$ on the boundary of the set, the KKT conditions derived from those $\\Lambda$ are unique, i.e., your bullet point (1).\n\n**Inconsistency in Definition 3.1:**\nDefinition 3.1 is independent of the data, and it is solely a property of the model architecture. We believe that your point is that definition 3.1 could be relaxed to quasi-homogeneity only for the given training dataset, and then Theorem 4.1 would still hold.  This is likely true, but there is no inconsistency by using our more strict, data-independent definition 3.1.\n\n**A7 is strong:**\nWe agree, A7 is strong, which is why we considered what happens without it and introduced Conjecture 5.1. While strong, A7 is actually true for many practical networks such as ResNet-18 with batch normalization.  In this case, the last layer parameters, which are $\\Lambda_{\\max}$ parameters, are necessary for classification and thus this network will always satisfy A7.  This is what allows us to apply Theorem 4.1 in section 6 and reveal a mechanism behind Neural Collapse.  Please see our new Appendix section C where we have a more detailed discussion on the limitations of our assumptions and a possible route towards proving Conjecture 5.1.\n\n\nThank you again for the time you spent reviewing our work and we hope you will consider raising your score. Please let us know if you have any further questions or comments."
        },
        "signatures": [
          "ICLR.cc/2023/Conference/Paper5168/Authors"
        ],
        "readers": [
          "everyone"
        ],
        "nonreaders": [],
        "writers": [
          "ICLR.cc/2023/Conference",
          "ICLR.cc/2023/Conference/Paper5168/Authors"
        ]
      },
      {
        "id": "m0N_OIXlsN",
        "original": null,
        "number": 5,
        "cdate": 1668207833625,
        "mdate": 1668207833625,
        "ddate": null,
        "tcdate": 1668207833625,
        "tmdate": 1668207833625,
        "tddate": null,
        "forum": "IM4xp7kGI5V",
        "replyto": "_c3rTGjQn5l",
        "invitation": "ICLR.cc/2023/Conference/Paper5168/-/Official_Comment",
        "content": {
          "title": "Response to Reviewer i1KS",
          "comment": "Thank you for your very positive review!  Please see our updated manuscript which has a more detailed discussion on our assumptions and the choice of $\\Lambda$.  \n\nWe completely agree with your comment that “the paper can benefit from a more detailed discussion on the assumptions made in Theorem 4.1”.  We have decided to add a whole section to the appendix discussing these assumptions and their limitations. Please see the new App. C section.\n\nThank you for pointing out the issue between A2 and networks with residual connections.  We realized that A2 was too strong and as also pointed out by Reviewer UHdE.  We have removed the boundedness condition of A2 entirely because A6 (the convergence of the normalized parameters) is sufficient to show the boundedness of the function along the normalized training trajectory (new Lemma E.1).  In short, Theorem 4.1 will apply to all ResNet-18 models if A6 is satisfied.\n\nIn cases where the residual block diverges, the normalized parameter $\\hat \\theta$ does not converge, and hence Theorem 4.1, which is about the converged value of $\\hat \\theta$, does not hold. Additionally, the divergence of the residual block means that the skip connection part is effectively negligible, and does not play an important role. Hence, we believe that if the skip connections play an important role in the classification task, the residual block does not diverge.\n\nHere we address your additional comments individually:\n- Yes, this is clearly an important point that we forget to mention. We added a new separated lemma (Lemma A.4) saying any feasible point satisfies MFCQ and added a footnote in the main text of Theorem 4.1.\n- Yes, we fixed this reference.\n- Yes, this was a typo.\n- We added a footnote to section 5 mentioning that for higher-order homogeneous models such as a deep linear network the maximum margin bias towards sparse solutions could erode the robustness.\n\nPlease let us know if you have any further questions or comments.  Thank you again for the time you spent reviewing our work.\n"
        },
        "signatures": [
          "ICLR.cc/2023/Conference/Paper5168/Authors"
        ],
        "readers": [
          "everyone"
        ],
        "nonreaders": [],
        "writers": [
          "ICLR.cc/2023/Conference",
          "ICLR.cc/2023/Conference/Paper5168/Authors"
        ]
      },
      {
        "id": "Jmj-m71scw",
        "original": null,
        "number": 6,
        "cdate": 1668208352385,
        "mdate": 1668208352385,
        "ddate": null,
        "tcdate": 1668208352385,
        "tmdate": 1668208352385,
        "tddate": null,
        "forum": "IM4xp7kGI5V",
        "replyto": "1bXF0fw1cBx",
        "invitation": "ICLR.cc/2023/Conference/Paper5168/-/Official_Comment",
        "content": {
          "title": "Response to Reviewer UHdE",
          "comment": "Thank you for your positive review.  Please see our updated manuscript which has a more detailed discussion on our assumptions and the choice of $\\Lambda$.  Here we address your three comments individually:\n\n1. You are correct, the boundedness condition in A2 was too strict. We can actually remove this aspect of A2 entirely because A6 (the convergence of the normalized parameters) is sufficient to show the boundedness of the function along the normalized training trajectory (new Lemma E.1).\n2. As long as the $\\Lambda$-seminorm is non-zero (i.e. $\\|\\theta\\|_\\Lambda > 0$),  $\\hat{\\theta}$ is uniquely defined. This is true for all positive semi-definite $\\Lambda$.  Please see new Lemma A.1 for a formal statement and proof.\n3. Assumption 7 is used to show that the normalized margin is upper-bounded (see Lemma E.2 for the technical details).  Intuitively, A7 is needed to guarantee that $\\tilde{\\gamma}$ converges.  For a homogeneous model, A7 is trivially satisfied and similarly, it is easy to show that $\\tilde{\\gamma}$ is bounded because it is invariant under scaling.  However, for a general $\\Lambda$-quasi-homogeneous setting, $\\tilde{\\gamma}$ is not invariant, and thus we must introduce A7 to guarantee it does not diverge. Please see our new Appendix section C for a more detailed discussion on the limitations of our assumptions.\n\nPlease let us know if you have any further questions or comments.  Thank you again for the time you spent reviewing our work.\n"
        },
        "signatures": [
          "ICLR.cc/2023/Conference/Paper5168/Authors"
        ],
        "readers": [
          "everyone"
        ],
        "nonreaders": [],
        "writers": [
          "ICLR.cc/2023/Conference",
          "ICLR.cc/2023/Conference/Paper5168/Authors"
        ]
      },
      {
        "id": "Q1jSuyh5Upu",
        "original": null,
        "number": 7,
        "cdate": 1668332405639,
        "mdate": 1668332405639,
        "ddate": null,
        "tcdate": 1668332405639,
        "tmdate": 1668332405639,
        "tddate": null,
        "forum": "IM4xp7kGI5V",
        "replyto": "m0N_OIXlsN",
        "invitation": "ICLR.cc/2023/Conference/Paper5168/-/Official_Comment",
        "content": {
          "title": "A question",
          "comment": "Thanks for your response.\nI still don't understand something regarding Assumption A6.\nYou say that \"A6 essentially assumes the convergence of the decision boundary\" and \"A6 is necessary for a technical reason, but we expect that this assumption can be weakened or removed...\". However, you also say that it does not hold in the ResNet example if the residual block diverges. If I understand correctly, there are two contradictions here:\n\n(1) It is possible that the residual block diverges, but the decision boundary converges. For example, it can happen in ResNets in the simple case of a linear activation function and input dimension 1. \n\n(2) If we remove Assumption A6, then the ResNet example will satisfy all the assumptions, but the theorem statement will not hold since $lim_{t \\to \\infty} \\hat{\\theta}$ does not even exist."
        },
        "signatures": [
          "ICLR.cc/2023/Conference/Paper5168/Reviewer_i1KS"
        ],
        "readers": [
          "everyone"
        ],
        "nonreaders": [],
        "writers": [
          "ICLR.cc/2023/Conference",
          "ICLR.cc/2023/Conference/Paper5168/Reviewer_i1KS"
        ]
      },
      {
        "id": "8kKkKh0hlt",
        "original": null,
        "number": 8,
        "cdate": 1668460987928,
        "mdate": 1668460987928,
        "ddate": null,
        "tcdate": 1668460987928,
        "tmdate": 1668460987928,
        "tddate": null,
        "forum": "IM4xp7kGI5V",
        "replyto": "Q1jSuyh5Upu",
        "invitation": "ICLR.cc/2023/Conference/Paper5168/-/Official_Comment",
        "content": {
          "title": "Answer to Reviewer i1KS's Question",
          "comment": "We appreciate your careful reading! Let us clarify the two sentences you pointed out.\n\n(1) You are correct, the sentence “A6 essentially assumes the convergence of the decision boundary” is misleading, in the sense that the two conditions are NOT necessarily equivalent. While A6 **implies** the convergence of the decision boundary, the convergence of the decision boundary does not imply A6, such as in the example you pointed out. In other words, A6 is a stronger condition than the convergence of decision boundary in some cases. This is because, in some cases, there can be multiple points representing the same decision boundary on the unit $\\Lambda$-seminorm space. Hence, the convergence of the decision boundary does not necessarily mean that $\\hat \\theta$ converges. We will change our sentence to make this point clear.\n\n(2) You are correct, it is impossible to completely remove A6 for free, but it might be possible to make it weaker. However, it is currently unknown to us how much we can relax this condition. Lyu & Li are able to avoid A6 for a homogeneous model through a sophisticated argument of the \"limit points\" of $\\hat{\\theta}$, but this argument cannot be applied to the general quasi-homogeneous case directly. We will edit our discussion to make it clear that A6 cannot be removed completely.\n\nThank you for your great question."
        },
        "signatures": [
          "ICLR.cc/2023/Conference/Paper5168/Authors"
        ],
        "readers": [
          "everyone"
        ],
        "nonreaders": [],
        "writers": [
          "ICLR.cc/2023/Conference",
          "ICLR.cc/2023/Conference/Paper5168/Authors"
        ]
      },
      {
        "id": "8dOXBHPGqbz",
        "original": null,
        "number": 9,
        "cdate": 1668498238304,
        "mdate": 1668498238304,
        "ddate": null,
        "tcdate": 1668498238304,
        "tmdate": 1668498238304,
        "tddate": null,
        "forum": "IM4xp7kGI5V",
        "replyto": "8kKkKh0hlt",
        "invitation": "ICLR.cc/2023/Conference/Paper5168/-/Official_Comment",
        "content": {
          "title": "👍",
          "comment": "Thanks"
        },
        "signatures": [
          "ICLR.cc/2023/Conference/Paper5168/Reviewer_i1KS"
        ],
        "readers": [
          "everyone"
        ],
        "nonreaders": [],
        "writers": [
          "ICLR.cc/2023/Conference",
          "ICLR.cc/2023/Conference/Paper5168/Reviewer_i1KS"
        ]
      },
      {
        "id": "ZxzFiXn-JP",
        "original": null,
        "number": 10,
        "cdate": 1668774962203,
        "mdate": 1668774962203,
        "ddate": null,
        "tcdate": 1668774962203,
        "tmdate": 1668774962203,
        "tddate": null,
        "forum": "IM4xp7kGI5V",
        "replyto": "FRmD9o4pUGk",
        "invitation": "ICLR.cc/2023/Conference/Paper5168/-/Official_Comment",
        "content": {
          "title": "Thanks for the response",
          "comment": "I did not go over the math details of Appendix B, but the theorem statement looks ok to me. The other points I mentioned were addressed. I raised the score."
        },
        "signatures": [
          "ICLR.cc/2023/Conference/Paper5168/Reviewer_CPzm"
        ],
        "readers": [
          "everyone"
        ],
        "nonreaders": [],
        "writers": [
          "ICLR.cc/2023/Conference",
          "ICLR.cc/2023/Conference/Paper5168/Reviewer_CPzm"
        ]
      },
      {
        "id": "77Cl3i1kn04",
        "original": null,
        "number": 11,
        "cdate": 1669969346013,
        "mdate": 1669969346013,
        "ddate": null,
        "tcdate": 1669969346013,
        "tmdate": 1669969346013,
        "tddate": null,
        "forum": "IM4xp7kGI5V",
        "replyto": "jsOJrDM39qL",
        "invitation": "ICLR.cc/2023/Conference/Paper5168/-/Official_Comment",
        "content": {
          "title": "Response Acknowledged",
          "comment": "Thanks for the response! I didn't have a chance to read through all the details of Appendix B, but it seems that the authors address the ambiguity issue that I raised; along with other positive reviews, I'm also happy to raise my score. I hope this paper will spur other follow-up results, including the removal of A7."
        },
        "signatures": [
          "ICLR.cc/2023/Conference/Paper5168/Reviewer_bFVN"
        ],
        "readers": [
          "everyone"
        ],
        "nonreaders": [],
        "writers": [
          "ICLR.cc/2023/Conference",
          "ICLR.cc/2023/Conference/Paper5168/Reviewer_bFVN"
        ]
      },
      {
        "id": "hKk6U9C2uA",
        "original": null,
        "number": 1,
        "cdate": 1674241756934,
        "pdate": null,
        "mdate": null,
        "ddate": null,
        "tcdate": 1674241756934,
        "tmdate": 1674241756934,
        "tddate": null,
        "forum": "IM4xp7kGI5V",
        "replyto": "IM4xp7kGI5V",
        "invitation": "ICLR.cc/2023/Conference/Paper5168/-/Decision",
        "content": {
          "title": "Paper Decision",
          "decision": "Accept: notable-top-25%",
          "metareview:_summary,_strengths_and_weaknesses": "This paper studies the max-margin bias that arises in the gradient flow training procedure of quasi-homogeneous neural networks. The latter includes a broad set of networks that are not homogeneous, therefore extending the current theory derived in prior work. The main result of the paper shows that GF converges to a first-order KKT point of a nonconvex optimization problem that minimizes a semi-norm defined in the paper.\n\nThis is an interesting and novel result. All reviewers agree this paper is worth publishing. Some minor issues were initially raised and addressed by the authors. This is a clear acceptance.",
          "justification_for_why_not_higher_score": "Although this is a clear acceptance, the main result of the paper is mostly an extension of known results in the literature, which explain why I do not recommend an oral presentation.",
          "justification_for_why_not_lower_score": "N/A",
          "summary_of_AC-reviewer_meeting": "N/A",
          "note_from_PC": "if the above contains the word \"oral\" or \"spotlight\" please see: \"oral\" presentation means -> notable-top-5% and \"spotlight\" means -> notable-top-25%. As stated in our emails, we are disassociating presentation type from AC recommendations"
        },
        "signatures": [
          "ICLR.cc/2023/Conference/Program_Chairs"
        ],
        "readers": [
          "everyone"
        ],
        "nonreaders": [],
        "writers": [
          "ICLR.cc/2023/Conference/Program_Chairs"
        ]
      }
    ],
    "directReplies": [
      {
        "id": "1bXF0fw1cBx",
        "original": null,
        "number": 1,
        "cdate": 1666416650393,
        "mdate": null,
        "ddate": null,
        "tcdate": 1666416650393,
        "tmdate": 1666416650393,
        "tddate": null,
        "forum": "IM4xp7kGI5V",
        "replyto": "IM4xp7kGI5V",
        "invitation": "ICLR.cc/2023/Conference/Paper5168/-/Official_Review",
        "content": {
          "confidence": "3: You are fairly confident in your assessment. It is possible that you did not understand some parts of the submission or that you are unfamiliar with some pieces of related work. Math/other details were not carefully checked.",
          "summary_of_the_paper": "This paper analyzes the maximum-margin bias of gradient flow on quasi-homogeneous networks under data separation. In contrast to homogeneous networks, different parameters in a quasi-homogeneous network are allowed to have different homogeneity factors; this model can represent bias terms, skip connections, normalization layers, etc. This paper shows that the final maximum-margin bias is determined by the parameters with the maximum homogeneity factor, which naturally generalizes prior results on homogeneous networks. Specifically, it is proved that the final solution is a KKT point of a norm-minimization problem for the parameters with the maximum homogeneity factor, under a data separation condition. It is also discussed that quasi-homogeneous maximum margin can degrade robustness and induce neural collapse.",
          "strength_and_weaknesses": "I think this is a nice paper. The quasi-homogeneous model is very expressive and allows common layers used in deep learning, which can be an interesting model to analyze. The proof naturally generalizes prior analysis on homogeneous networks, and reveals that gradient flow will asymptotically focus on the parameters with largest homogeneity factors. I have the following comments:\n1. Part of Assumption A2 can be included in the definition of quasi-homogeneity, otherwise the definition may look too flexible. For example, given a deep linear network with no bias, we can let lambda be 1 for the last layer and 0 for other layers; this does not violate the definition, but the boundedness condition in A2 does not hold.\n2. Since some $\\lambda_i$ can be 0, $\\hat{\\theta}$ may not be uniquely defined. Can you make its definition more rigorous?\n3. Can you explain how conditional separation (Assumption A7) is used in the proof?",
          "clarity,_quality,_novelty_and_reproducibility": "The paper is novel and well-written.",
          "summary_of_the_review": "This paper introduces an expressive model of quasi-homogeneous networks, and analyzes the maximum-margin bias of gradient flow on such models.",
          "correctness": "4: All of the claims and statements are well-supported and correct.",
          "technical_novelty_and_significance": "4: The contributions are significant, and do not exist in prior works.",
          "empirical_novelty_and_significance": "Not applicable",
          "flag_for_ethics_review": [
            "NO."
          ],
          "recommendation": "8: accept, good paper"
        },
        "signatures": [
          "ICLR.cc/2023/Conference/Paper5168/Reviewer_UHdE"
        ],
        "readers": [
          "everyone"
        ],
        "nonreaders": [],
        "writers": [
          "ICLR.cc/2023/Conference",
          "ICLR.cc/2023/Conference/Paper5168/Reviewer_UHdE"
        ]
      },
      {
        "id": "_c3rTGjQn5l",
        "original": null,
        "number": 2,
        "cdate": 1666466822281,
        "mdate": null,
        "ddate": null,
        "tcdate": 1666466822281,
        "tmdate": 1670098906963,
        "tddate": null,
        "forum": "IM4xp7kGI5V",
        "replyto": "IM4xp7kGI5V",
        "invitation": "ICLR.cc/2023/Conference/Paper5168/-/Official_Review",
        "content": {
          "confidence": "4: You are confident in your assessment, but not absolutely certain. It is unlikely, but not impossible, that you did not understand some parts of the submission or that you are unfamiliar with some pieces of related work.",
          "summary_of_the_paper": "The paper studies the implicit bias of gradient flow with an exponential loss on a class of neural networks called “quasi-homogeneous networks”. This class, which is introduced in the paper, is very rich and includes, e.g., ReLU networks with bias terms and residual connections. The implicit bias of such networks is not implied by previous results, which consider mostly homogeneous networks. The results hold for both binary classification, and multiclass classification with the cross-entropy loss. The implicit bias of quasi-homogeneous networks is characterized by asymmetric margin maximization (which involves only a subset of the parameters). The authors also conjecture that an even more general property holds (a certain cascading weight minimization property). Also, they obtain some implications in the context of robustness and neural collapse. ",
          "strength_and_weaknesses": "The implicit bias of gradient flow in neural networks has been extensively studied in recent years. It is believed that understanding the implicit bias may be a key to understanding generalization in deep learning. In the context of classification with exponential-type losses, the most prominent prior result is by Lyu and Li (2019), and it implies a bias towards margin maximization in parameter space (or at least towards stationary points of the margin maximization problem) in homogeneous networks. The current work extends this result to a large family of non-homogenous networks, which includes ResNets and networks with bias terms. I believe that this contribution is very significant, as it makes a step towards understanding the implicit bias in practical settings. Therefore, I think that it is a very strong paper. \n\nMy main comment is that I think that the paper can benefit from a more detailed discussion on the assumptions made in Theorem 4.1. The authors give several examples of quasi-homogeneous networks, both in the main text and in the appendix, and convince the reader that the class of quasi-homogeneous networks is very rich and includes “nearly all neural networks with homogeneous activations”. While I agree with this statement, I think that the more relevant question is when the other assumptions hold. For example, the authors discuss “networks with residual connections” as an example of quasi-homogeneous networks. However, it seems that these networks do not satisfy Assumption A2, since f is not bounded on the unit “sphere” (in this example, the lambda of the first layer is 0 and of the second layer is positive, hence the unit sphere includes all networks where the second layer’s weight is 1, and by increasing the first layer we can get arbitrarily large outputs). I suspect that many readers might get the impression that since the family of quasi-homogeneous networks is very rich, then the theorem essentially holds in all interesting settings, but it does not seem to be the case. Therefore, such a discussion, in my opinion, is important. A more concrete question for discussion is: when does the theorem apply in ResNets? (I suppose that if the residual block includes only trainable parameters, both skipping and non-skipping, and does not include the identity matrix, then the assumptions should hold if the skip-connections are necessary for separating the data and assuming directional convergence, right?)\n\nSome additional comments:\n- In the proof of Theorem 4.1, you show that the KKT point satisfies the MFCQ condition. It implies that the KKT conditions are necessary for optimality, right? I think that it is a useful fact and it might be worth mentioning in the main text.\n- Page 6: “See App. C for a discussion on how to determine the highest-order…” — Do you mean App. A?\n- Page 7: “$(w_3)$” should be “$(w_1)$”?\n- In Sec. 5, it might be worth discussing that also homogeneous linear networks may converge to non-robust solutions. For example, diagonal linear networks prefer sparse solutions and do not maximize the $\\ell_2$ margin.\n\n",
          "clarity,_quality,_novelty_and_reproducibility": "The paper is well-written, the results are novel and the experiments are well-documented.",
          "summary_of_the_review": "As I discussed above, I think that it is a strong paper and recommend “strong accept”.\n\n-----------------------------------------------\n\nAfter reading the authors' response, I stick with my high score.",
          "correctness": "4: All of the claims and statements are well-supported and correct.",
          "technical_novelty_and_significance": "4: The contributions are significant, and do not exist in prior works.",
          "empirical_novelty_and_significance": "3: The contributions are significant and somewhat new. Aspects of the contributions exist in prior work.",
          "flag_for_ethics_review": [
            "NO."
          ],
          "recommendation": "10: strong accept, should be highlighted at the conference"
        },
        "signatures": [
          "ICLR.cc/2023/Conference/Paper5168/Reviewer_i1KS"
        ],
        "readers": [
          "everyone"
        ],
        "nonreaders": [],
        "writers": [
          "ICLR.cc/2023/Conference",
          "ICLR.cc/2023/Conference/Paper5168/Reviewer_i1KS"
        ]
      },
      {
        "id": "IBbmqhCqEC8",
        "original": null,
        "number": 3,
        "cdate": 1666535122687,
        "mdate": null,
        "ddate": null,
        "tcdate": 1666535122687,
        "tmdate": 1668775638839,
        "tddate": null,
        "forum": "IM4xp7kGI5V",
        "replyto": "IM4xp7kGI5V",
        "invitation": "ICLR.cc/2023/Conference/Paper5168/-/Official_Review",
        "content": {
          "confidence": "3: You are fairly confident in your assessment. It is possible that you did not understand some parts of the submission or that you are unfamiliar with some pieces of related work. Math/other details were not carefully checked.",
          "summary_of_the_paper": "This work studies the implicit bias of quasi-homogeneous networks. Under a conditional separation assumption, it is proved that gradient flow converges to a KKT solution of a certain minimum norm optimization problem. The latter norm depends on a subset of the parameters such as the last layer bias of a fully connected network. Based on the main result, it is shown in a certain setting that the inductive bias of quasi-homogeneous networks is towards non-robust solutions. Furthermore, it is proved that the neural collapse phenomenon occurs for quasi-homogeneous models under certain assumptions.",
          "strength_and_weaknesses": "Strengths:\n1. Strong and novel theoretical results.\n2. Novel definition of quasi-homogeneous networks that may help to understand neural networks in new settings.\n3. Interesting experiments on robustness.\n\nWeaknesses:\n\nThe major weakness is that Theorem 4.1 in its current form is inconsistent. Since the quasi-homogeneous parameter is not unique, for a given network the theorem implies that gradient flow converges to different minimum norm problems. This is impossible, unless:\n1. All such problems are equivalent, or:\n2. Given the assumptions, there is a unique parameterization.\n\nThe authors provide several examples where (1) or (2) above hold, but there is no general proof that they hold for all quasi-homogeneous models. If the theorem implies that either (1) or (2) hold for all quasi-homogeneous models, then this should be stated in the theorem. \n\nAnother issue with the inconsistency is that Definition 3.1 holds for all x. However, the main result only concerns with the training set, therefore it seems that the definition can be only with respect to x in the training set. If we change definition 3.1 to hold for x in the training set, this changes the possible parameterizations of quasi-homogeneous models and the main result. It is not clear which definition should be used.\n\n\nAnother weakness is that conditional separation assumption seems strong. There should be more discussion on this assumption and maybe proofs that it holds in certain realistic settings.\n",
          "clarity,_quality,_novelty_and_reproducibility": "Quality. Most of the theoretical results are strong and solid, except the inconsistency of Theorem 4.1.\n\nNovelty. The definition of quasi-homogeneous networks and the results on their inductive bias are new.\n\nClarity. Mostly the paper is well-written.\n",
          "summary_of_the_review": "This paper presents new and interesting results on the inductive bias of non-homogeneous networks. However, I cannot accept this paper in its current form, because one of the theoretical results is currently inconsistent. If the authors can clarify the statements and write a consistent theorem then I will increase the score.",
          "correctness": "2: Several of the paper’s claims are incorrect or not well-supported.",
          "technical_novelty_and_significance": "4: The contributions are significant, and do not exist in prior works.",
          "empirical_novelty_and_significance": "3: The contributions are significant and somewhat new. Aspects of the contributions exist in prior work.",
          "flag_for_ethics_review": [
            "NO."
          ],
          "recommendation": "8: accept, good paper"
        },
        "signatures": [
          "ICLR.cc/2023/Conference/Paper5168/Reviewer_CPzm"
        ],
        "readers": [
          "everyone"
        ],
        "nonreaders": [],
        "writers": [
          "ICLR.cc/2023/Conference",
          "ICLR.cc/2023/Conference/Paper5168/Reviewer_CPzm"
        ]
      },
      {
        "id": "JX2P7Mo_hs",
        "original": null,
        "number": 4,
        "cdate": 1666873611760,
        "mdate": null,
        "ddate": null,
        "tcdate": 1666873611760,
        "tmdate": 1669969365972,
        "tddate": null,
        "forum": "IM4xp7kGI5V",
        "replyto": "IM4xp7kGI5V",
        "invitation": "ICLR.cc/2023/Conference/Paper5168/-/Official_Review",
        "content": {
          "confidence": "3: You are fairly confident in your assessment. It is possible that you did not understand some parts of the submission or that you are unfamiliar with some pieces of related work. Math/other details were not carefully checked.",
          "summary_of_the_paper": "This paper studies the max margin bias that arise in the gradient flow training procedure of *quasi-homogeneous* neural networks. Quasi-homogeneous networks can be thought of as a generalization of homogeneous networks that are previously studied in the literature (e.g., Lyu & Li (2019) and Ji & Telgarsky (2020)), and they contain a significantly wider range of networks such as ones with bias terms, skip connections, normalization layers, etc. \n\nFor this general class of networks, the paper extends the results by Lyu & Li (2019) to show that the direction at which the network parameter vector converges to corresponds to a first-order KKT point of a (nonconvex) optimization problem (denoted as (P) in the paper). The key difference from Lyu & Li (2019) is that the objective function in (P) is no longer the standard $\\ell_2$ norm; instead, it is the $\\ell_2$ norm of a *subset* of parameters defined by the quasi-homogeneity.\n\nThis result highlights that the gradient flow dynamics is biased toward achieving the maximum margin with respect to only a subset of network parameters. This \"asymmetry\" leads to some interesting consequences, namely that 1) it can hurt robustness of the resulting classifier and 2) it can provide an explanation to the recently observed *neural collapse* phenomenon.",
          "strength_and_weaknesses": "Strengths\n\n1. This paper generalizes the existing theoretical research on homogeneous networks to a greater extent, and the newly introduced class of quasi-homogeneous networks is very general. Hence, the paper develops a theory that applies to many practical networks. \n\n2. Through this extension, the paper uncovers that the max margin bias of gradient flow only applies with respect to a subset of parameters, which is quite an interesting discovery. Moreover, this observation can help explain the empirically observed neural collapse phenomenon.\n\n3. Although I believe assumption A7 is unrealistic in some practical scenarios (see the weaknesses part), the authors present a motivating example (Section 5) that allows us to imagine what might happen without the assumption. They propose a neat conjecture (Conjecture 5.1) which naturally extends Theorem 4.1 to settings without A7. This uncovers an interesting future research direction.\n\nWeaknesses\n\n4. Among the assumptions required for Theorem 4.1, the one that seemed the most unrealistic to me was A7, namely that the highest-degree parameters must contribute to the classifier for it to separate the dataset. The assumption does not hold in some practical scenarios, for example when we have a 1-hidden-layer fully-connected network with bias terms (hence the bias $b^2$ of the output layer is the highest-degree parameter) and the dataset can be separated without the use of $b^2$.\n\n5. As noted by the authors, the diagonal PSD matrix $\\Lambda$ that defines quasi-homogeneity may not be unique. For example, for networks with normalization layers, one can choose *any* values of $\\lambda$ for scale-invariant parameters. The authors discuss in Appendix A on how we can disambiguate between different possible choices of $\\Lambda$ by leveraging assumption A7 and taking a closer look at the optimization problem (P). However, this is only a \"proof by example\" and the paper does not concretely prove that there is only one possible choice of $\\Lambda$ for which Theorem 4.1 applies. Also, it is unclear how we can disambiguate the equivalently working values of $\\Lambda$ without the help of A7. I believe this is the main downside of this paper. \n\nMinor comments\n- To me, the word \"highest-order\" for parameters with $\\lambda_{\\max}$ seems a bit counterintuitive, because these parameters are often those with the lowest \"polynomial degree.\" For example, for $f(x;\\theta) = w^2 \\sigma(w^1 x + b^1) + b^2$, the $b^2$ term with the smallest \"degree.\"\n- In \"Geometric properties\" paragraph on page 4, $\\nabla_\\alpha f(x; \\psi_\\alpha(\\theta)) = \\nabla_\\alpha e^\\alpha f(x;\\theta)$?\n- From Lyu and Li (2019) I believe A2 is stated for a fixed given value of $x$, but the paper doesn't clearly state that. As a result, I once got confused why $|f(x;\\theta)| \\leq k$ must hold for all $x$.\n- It'd be good to put a label (P) next to the optimization problem in Theorem 4.1?\n- At the end of Section 4, \"See App C\" -> \"See App A\".\n",
          "clarity,_quality,_novelty_and_reproducibility": "The writing is mostly clear. The paper is well-written and I found it easy to digest.\n\nAnalyzing the class of quasi-homogeneous networks looks novel, as far as I can tell. In terms of proof techniques, the paper indeed builds upon the techniques developed in Lyu and Li (2019) but it looks like the authors had to overcome some challenges that arise from quasi-homogeneity. However, I did not have the time to fully examine the proofs.\n",
          "summary_of_the_review": "The paper investigates the max margin bias in a very general class of neural networks referred to as quasi-homogeneous networks. The investigation uncovers some interesting and unexpected bias, namely the implicit bias applies with respect to only a subset of parameters. Also, this theoretical result has some important implications to neural collapsing which is of interest.\n\nWhile the paper presents interesting theoretical results, one crucial downside is that the quasi-homogeneity is not completely well-defined. For a given network there can be multiple \"subsets\" of network parameters, and fully disambiguating these cases could use some additional effort.\n\nOverall, my current rating is positive but not too positive; I would be happy to raise my score based on the authors' response.\n",
          "correctness": "3: Some of the paper’s claims have minor issues. A few statements are not well-supported, or require small changes to be made correct.",
          "technical_novelty_and_significance": "4: The contributions are significant, and do not exist in prior works.",
          "empirical_novelty_and_significance": "Not applicable",
          "flag_for_ethics_review": [
            "NO."
          ],
          "recommendation": "8: accept, good paper"
        },
        "signatures": [
          "ICLR.cc/2023/Conference/Paper5168/Reviewer_bFVN"
        ],
        "readers": [
          "everyone"
        ],
        "nonreaders": [],
        "writers": [
          "ICLR.cc/2023/Conference",
          "ICLR.cc/2023/Conference/Paper5168/Reviewer_bFVN"
        ]
      },
      {
        "id": "AJQp_rZFS_G",
        "original": null,
        "number": 1,
        "cdate": 1667782790414,
        "mdate": 1667782790414,
        "ddate": null,
        "tcdate": 1667782790414,
        "tmdate": 1667782790414,
        "tddate": null,
        "forum": "IM4xp7kGI5V",
        "replyto": "IM4xp7kGI5V",
        "invitation": "ICLR.cc/2023/Conference/Paper5168/-/Official_Comment",
        "content": {
          "title": "Thank you to all reviewers.",
          "comment": "We would like to thank all reviewers for their careful and detailed comments.\n\nWe are happy to see that there is consensus among the reviewers on the significance and novelty of our contribution.  We also appreciate the common concern among reviewers around the strength of Assumption 7 and the non-uniqueness of $\\Lambda$ in Definition 3.1. We are currently working on clarifying and explaining these aspects of our work and will provide an updated manuscript and individual replies by the end of the week.\n\nWe greatly appreciate the time and effort you spent reviewing our paper, which we are certain will make our work better."
        },
        "signatures": [
          "ICLR.cc/2023/Conference/Paper5168/Authors"
        ],
        "readers": [
          "everyone"
        ],
        "nonreaders": [],
        "writers": [
          "ICLR.cc/2023/Conference",
          "ICLR.cc/2023/Conference/Paper5168/Authors"
        ]
      },
      {
        "id": "-aInRGdCkRO",
        "original": null,
        "number": 2,
        "cdate": 1668206217139,
        "mdate": 1668206217139,
        "ddate": null,
        "tcdate": 1668206217139,
        "tmdate": 1668206217139,
        "tddate": null,
        "forum": "IM4xp7kGI5V",
        "replyto": "IM4xp7kGI5V",
        "invitation": "ICLR.cc/2023/Conference/Paper5168/-/Official_Comment",
        "content": {
          "title": "Updated Manuscript.",
          "comment": "Thank you again to all reviewers for the time and effort you spent reviewing our paper.  We have tried to incorporate all your feedback and suggestions in our updated manuscript.  Here is a list of the changes:\n\n- Added App. B section where we define a proper $\\Lambda$ and prove the consistency of Theorem 4.1 as suggested by reviewers bFVN and CPzm. \n- Added App. C section discussing the intuition and limitations of our assumptions A1-A7 as suggested by reviewers CPzm and i1KS. \n- We removed the boundedness condition of A2 and introduced Lemma E.1 proving boundedness of the normalized trajectory as suggested by reviewers i1KS and UHdE.\n- Added Lemma A.1 proving the uniqueness of $\\hat{\\theta}$ whenever $\\|\\theta\\|_\\Lambda > 0$ as suggested by reviewer UHdE.\n- Added figure 5 depicting the geometric intuition behind our proof of Neural Collapse in section 6.\n- Added many smaller edits throughout the paper that are described in our individual responses to the reviewers.\n\nThank you again and we hope you will consider our paper an important contribution to the ICLR community.\n"
        },
        "signatures": [
          "ICLR.cc/2023/Conference/Paper5168/Authors"
        ],
        "readers": [
          "everyone"
        ],
        "nonreaders": [],
        "writers": [
          "ICLR.cc/2023/Conference",
          "ICLR.cc/2023/Conference/Paper5168/Authors"
        ]
      },
      {
        "id": "hKk6U9C2uA",
        "original": null,
        "number": 1,
        "cdate": 1674241756934,
        "pdate": null,
        "mdate": null,
        "ddate": null,
        "tcdate": 1674241756934,
        "tmdate": 1674241756934,
        "tddate": null,
        "forum": "IM4xp7kGI5V",
        "replyto": "IM4xp7kGI5V",
        "invitation": "ICLR.cc/2023/Conference/Paper5168/-/Decision",
        "content": {
          "title": "Paper Decision",
          "decision": "Accept: notable-top-25%",
          "metareview:_summary,_strengths_and_weaknesses": "This paper studies the max-margin bias that arises in the gradient flow training procedure of quasi-homogeneous neural networks. The latter includes a broad set of networks that are not homogeneous, therefore extending the current theory derived in prior work. The main result of the paper shows that GF converges to a first-order KKT point of a nonconvex optimization problem that minimizes a semi-norm defined in the paper.\n\nThis is an interesting and novel result. All reviewers agree this paper is worth publishing. Some minor issues were initially raised and addressed by the authors. This is a clear acceptance.",
          "justification_for_why_not_higher_score": "Although this is a clear acceptance, the main result of the paper is mostly an extension of known results in the literature, which explain why I do not recommend an oral presentation.",
          "justification_for_why_not_lower_score": "N/A",
          "summary_of_AC-reviewer_meeting": "N/A",
          "note_from_PC": "if the above contains the word \"oral\" or \"spotlight\" please see: \"oral\" presentation means -> notable-top-5% and \"spotlight\" means -> notable-top-25%. As stated in our emails, we are disassociating presentation type from AC recommendations"
        },
        "signatures": [
          "ICLR.cc/2023/Conference/Program_Chairs"
        ],
        "readers": [
          "everyone"
        ],
        "nonreaders": [],
        "writers": [
          "ICLR.cc/2023/Conference/Program_Chairs"
        ]
      }
    ]
  }
}