{
  "id": "K96AogLDT2K",
  "original": "M-13s5IrYdJ",
  "number": 3849,
  "cdate": 1663850251236,
  "mdate": null,
  "ddate": null,
  "tcdate": 1663850251236,
  "tmdate": 1710206530292,
  "tddate": null,
  "tauthor": "~Super_User1",
  "forum": "K96AogLDT2K",
  "replyto": null,
  "invitation": "ICLR.cc/2023/Conference/-/Blind_Submission",
  "content": {
    "title": "Symmetric Pruning in Quantum Neural Networks",
    "authorids": [
      "~Xinbiao_Wang1",
      "~Junyu_Liu4",
      "~Tongliang_Liu1",
      "~Yong_Luo2",
      "~Yuxuan_Du2",
      "~Dacheng_Tao1"
    ],
    "authors": [
      "Xinbiao Wang",
      "Junyu Liu",
      "Tongliang Liu",
      "Yong Luo",
      "Yuxuan Du",
      "Dacheng Tao"
    ],
    "keywords": [
      "quantum neural networks",
      "symmetry",
      "pruning",
      "quantum neural tangent kernel",
      "effective dimension"
    ],
    "TL;DR": "We prove how the symmetry enhances the training performance of QNNs and then devise an efficient symmetric pruning scheme to distill a symmetric ansatz from an over-parameterized and asymmetric ansatz.",
    "abstract": "Many fundamental properties of a quantum system are captured by its Hamiltonian and ground state. Despite the significance,  ground states preparation (GSP) is classically intractable for large-scale Hamiltonians. Quantum neural networks (QNNs), which exert the power of modern quantum machines, have emerged as a leading protocol to conquer this issue. As such, the performance enhancement of QNNs becomes the core in GSP. Empirical evidence showed that QNNs with handcraft symmetric ans\\\"atze generally experience better trainability than those with asymmetric ans\\\"atze, while theoretical explanations remain vague. To fill this knowledge gap, here we propose the effective quantum neural tangent kernel (EQNTK) and connect this concept with over-parameterization theory to quantify the convergence of QNNs towards the global optima. We uncover that the advance of symmetric ans\\\"atze attributes to their large EQNTK value with low effective dimension, which requests few parameters and quantum circuit depth to reach the over-parameterization regime permitting a benign loss landscape and fast convergence. Guided by EQNTK, we further devise a symmetric pruning (SP) scheme to automatically tailor a symmetric ansatz from an over-parameterized and asymmetric one to greatly improve the performance of QNNs when the explicit symmetry information of Hamiltonian is unavailable. Extensive numerical simulations are conducted to validate the analytical results of EQNTK and the effectiveness of SP. ",
    "pdf": "/pdf/985ba693c6dc7d26909831bb66906ae4f3810a91.pdf",
    "anonymous_url": "I certify that there is no URL (e.g., github page) that could be used to find authors’ identity.",
    "no_acknowledgement_section": "I certify that there is no acknowledgement section in this submission for double blind review.",
    "code_of_ethics": "I acknowledge that I and all co-authors of this work have read and commit to adhering to the ICLR Code of Ethics",
    "submission_guidelines": "Yes",
    "resubmission": "",
    "student_author": "",
    "Please_choose_the_closest_area_that_your_submission_falls_into": "General Machine Learning (ie none of the above)",
    "paperhash": "wang|symmetric_pruning_in_quantum_neural_networks",
    "_bibtex": "@inproceedings{\nwang2023symmetric,\ntitle={Symmetric Pruning in Quantum Neural Networks},\nauthor={Xinbiao Wang and Junyu Liu and Tongliang Liu and Yong Luo and Yuxuan Du and Dacheng Tao},\nbooktitle={The Eleventh International Conference on Learning Representations },\nyear={2023},\nurl={https://openreview.net/forum?id=K96AogLDT2K}\n}",
    "venue": "ICLR 2023 notable top 25%",
    "venueid": "ICLR.cc/2023/Conference",
    "community_implementations": "[![CatalyzeX](/images/catalyzex_icon.svg) 1 code implementation](https://www.catalyzex.com/paper/arxiv:2208.14057/code)"
  },
  "signatures": [
    "ICLR.cc/2023/Conference"
  ],
  "readers": [
    "everyone"
  ],
  "nonreaders": [],
  "writers": [
    "ICLR.cc/2023/Conference"
  ],
  "pdate": 1675279304370,
  "odate": 1664468100000,
  "details": {
    "overwriting": [],
    "tags": [],
    "writable": false,
    "replyCount": 8,
    "directReplyCount": 4,
    "revisions": true,
    "replies": [
      {
        "id": "R67kHwbHQpU",
        "original": null,
        "number": 1,
        "cdate": 1666530535643,
        "mdate": null,
        "ddate": null,
        "tcdate": 1666530535643,
        "tmdate": 1666530535643,
        "tddate": null,
        "forum": "K96AogLDT2K",
        "replyto": "K96AogLDT2K",
        "invitation": "ICLR.cc/2023/Conference/Paper3849/-/Official_Review",
        "content": {
          "confidence": "4: You are confident in your assessment, but not absolutely certain. It is unlikely, but not impossible, that you did not understand some parts of the submission or that you are unfamiliar with some pieces of related work.",
          "summary_of_the_paper": "The article analyzes the convergence of quantum neural networks (QNNs) where the employed ansatz shares the same symmetry of the problem Hamiltonian, and gives an analytical convergence rate under the framework of the quantum neural tangent kernel. More precisely, they use the information of the problem Hamiltonian to shrink the solution space to an invariant space with dimension $d_{eff}$ (dubbed effective dimension). Furthermore, they exploit the effective dimension to propose the effective quantum neural tangent kernel (EQNTK) to capture the training dynamics symmetric ansatz. They show that a symmetric ansatz with a small effective dimension has a large EQNTK, leading to better trainability. Guided by EQNTK, they further devise a paradigm of ansatz design where a symmetric ansatz is extracted from an over-parameterized one by pruning redundant symmetry-breaking gates.",
          "strength_and_weaknesses": "Strength:\n1. The article is well-written and obtains some positive results for the training of QNNs, which is of prominent importance for researchers studying variational quantum algorithms.\n2. The achieved analytical results of convergence based on the EQNTK have practical guidance on trainability without any training procedure. \n3. The proposed symmetric algorithm provides a novel vision for devising a symmetric ansatz to reduce the quantum resource required for reaching the over-parameterization regime. \n\nWeakness:\nThe paper did not discuss the connection with existing studies about geometric quantum machine learning or equivariant quantum circuits. I’d like to see the authors’ response to this issue.\n",
          "clarity,_quality,_novelty_and_reproducibility": "Clarity: the paper is well organized and clearly stated in general.\n\nQuality: this is a high-quality paper.\n\nNovelty: the originality is high.\n\nReproducibility: all important parts are provided for reproducing.",
          "summary_of_the_review": "This paper provides elegant and rigorous theoretical results towards understanding the trainability of QNNs with symmetric ansatzes. The proposed algorithm is effective but still has room for further improvement.",
          "correctness": "4: All of the claims and statements are well-supported and correct.",
          "technical_novelty_and_significance": "3: The contributions are significant and somewhat new. Aspects of the contributions exist in prior work.",
          "empirical_novelty_and_significance": "3: The contributions are significant and somewhat new. Aspects of the contributions exist in prior work.",
          "flag_for_ethics_review": [
            "NO."
          ],
          "details_of_ethics_concerns": "None.",
          "recommendation": "8: accept, good paper"
        },
        "signatures": [
          "ICLR.cc/2023/Conference/Paper3849/Reviewer_WF6w"
        ],
        "readers": [
          "everyone"
        ],
        "nonreaders": [],
        "writers": [
          "ICLR.cc/2023/Conference",
          "ICLR.cc/2023/Conference/Paper3849/Reviewer_WF6w"
        ]
      },
      {
        "id": "b3dGvHCa4T",
        "original": null,
        "number": 2,
        "cdate": 1666576126081,
        "mdate": null,
        "ddate": null,
        "tcdate": 1666576126081,
        "tmdate": 1666576126081,
        "tddate": null,
        "forum": "K96AogLDT2K",
        "replyto": "K96AogLDT2K",
        "invitation": "ICLR.cc/2023/Conference/Paper3849/-/Official_Review",
        "content": {
          "confidence": "4: You are confident in your assessment, but not absolutely certain. It is unlikely, but not impossible, that you did not understand some parts of the submission or that you are unfamiliar with some pieces of related work.",
          "summary_of_the_paper": "This paper studies the trainability of quantum neural networks (QNNs) with symmetric ansatzes and how to exploit the symmetry to improve the trainability of QNNs. More precisely, it provides a theoretical understanding of the better trainability of symmetric ansatz over asymmetric ansatz by proposing the effective quantum neural tangent kernel (EQNTK) and connecting it to the over-parameterization theory. With the support of the theory, it proposes a symmetric pruning algorithm to extract a symmetric ansatz from an over-parameterized but asymmetric ansatz to improve the trainability of QNNs.",
          "strength_and_weaknesses": "Given many recent negative results on the trainability of QNNs, such as the barren plateau and convergence, with the importance of trainability for variational quantum algorithms, results given here are useful for the researchers in this field to devise symmetric ansatz with better training performance to achieve the potential quantum advantage. The results themselves focus on the problem of ground state preparation but they are applicable to general quantum machine learning problems. Their main results of the analytical convergence rate depend on the effective quantum neural tangent kernel, which can be easily calculated by calculating the norm of parameter gradients. This facilitates the evaluation of the convergence of QNNs without any training procedure. Another contribution of this paper is proposing a novel paradigm of exploiting pruning techniques to devise symmetric ansatz. As the symmetry pattern of the problem Hamiltonian is sophisticated, they employ the automorphism algorithm from graph theory to recognize the spatial symmetry of the problem Hamiltonian and apply it to prune the ansatz.\n\nA small collection of numerical simulations is given which show the effectiveness of symmetric pruning and justify the important role of EQNTK in guiding the trainability of QNNs. However, the paper did not numerically show that the EQNTK can capture the training dynamics of QNNs. I would like to see a figure display like Figure 2 in [1] in the author’s response.\n\nTypos:\n- In the sentence “The above results indicate that when the number of trainable parameters scales with $LK ∼ O(d_{eff}^2/(\\eta Tr(H^2 )))$”, the $H$ should be $H^*$.\n- “Recall the considered the problem Hamiltonian is expressed …”.\n\n[1] Junyu Liu, Khadijeh Najafi, Kunal Sharma, Francesco Tacchino, Liang Jiang, and Antonio Mezzacapo. An analytic theory for the dynamics of wide quantum neural networks. arXiv preprint arXiv:2203.16711, 2022b\n",
          "clarity,_quality,_novelty_and_reproducibility": "It is a nice original paper with clear statements.",
          "summary_of_the_review": "This paper obtains important theoretical results showing that constructing symmetric ansatzes improve the trainability of QNNs and provides a practical algorithm to devise symmetric ansatzes.",
          "correctness": "4: All of the claims and statements are well-supported and correct.",
          "technical_novelty_and_significance": "3: The contributions are significant and somewhat new. Aspects of the contributions exist in prior work.",
          "empirical_novelty_and_significance": "3: The contributions are significant and somewhat new. Aspects of the contributions exist in prior work.",
          "flag_for_ethics_review": [
            "NO."
          ],
          "recommendation": "8: accept, good paper"
        },
        "signatures": [
          "ICLR.cc/2023/Conference/Paper3849/Reviewer_1zgw"
        ],
        "readers": [
          "everyone"
        ],
        "nonreaders": [],
        "writers": [
          "ICLR.cc/2023/Conference",
          "ICLR.cc/2023/Conference/Paper3849/Reviewer_1zgw"
        ]
      },
      {
        "id": "xh303xzQ03",
        "original": null,
        "number": 3,
        "cdate": 1667451406691,
        "mdate": null,
        "ddate": null,
        "tcdate": 1667451406691,
        "tmdate": 1668720375223,
        "tddate": null,
        "forum": "K96AogLDT2K",
        "replyto": "K96AogLDT2K",
        "invitation": "ICLR.cc/2023/Conference/Paper3849/-/Official_Review",
        "content": {
          "confidence": "2: You are willing to defend your assessment, but it is quite likely that you did not understand the central parts of the submission or that you are unfamiliar with some pieces of related work. Math/other details were not carefully checked.",
          "summary_of_the_paper": "This paper proposes a quantum NTK framework to improve the training convergence of QNNs for the GSP problem via a symmetric ansatz design with a small effective dimension. It also proposes a novel symmetric pruning algorithm to extract the symmetric ansatz from the overparameterized and assymetric ansatz. Empirical results confirm the effectiveness of this symmetric pruning algorithm and the quantum NTK framework.",
          "strength_and_weaknesses": "Strengths\n+ The paper seems well-motivated and the problem statement is clearly explained.\n+ The convegence bound of QNNs with various symmetric ansatz is significantly improved.\n\nWeaknesses\n- I don't think the authors did a good job at positioning their paper with prior art. For example, I would have liked a thorough comparison with related works in Section 5. Instead of having blanket statements like \"Our results differ from the above literature in both theoretical and practical aspects\", it would be better if the authors can clarify how this work is better in terms of both the QNN training and symmetric ansatz.\n- Can the authors quantify the hardware efficiency improvement of their symmetric ansatz?",
          "clarity,_quality,_novelty_and_reproducibility": "To the best of my knowledge, this work is original. I did a quick search and it seems the authors have referenced related works adequately in the paper. The writing is good, but can be improved for non-experts in this area. In particular, I would have appreciated some primers on GSPs and Hamiltonians.",
          "summary_of_the_review": "This paper appears sound and novel. Please see the weaknesses listed above. I am not an expert in this area, and I am giving a rating of 6 for now. Based on the authors' rebuttal and discussions with other reviewers, I can reconsider my score.\n\n----------\nReview Update\n\nI have changed my score to 8 based on the authors' response.",
          "correctness": "3: Some of the paper’s claims have minor issues. A few statements are not well-supported, or require small changes to be made correct.",
          "technical_novelty_and_significance": "3: The contributions are significant and somewhat new. Aspects of the contributions exist in prior work.",
          "empirical_novelty_and_significance": "3: The contributions are significant and somewhat new. Aspects of the contributions exist in prior work.",
          "flag_for_ethics_review": [
            "NO."
          ],
          "recommendation": "8: accept, good paper"
        },
        "signatures": [
          "ICLR.cc/2023/Conference/Paper3849/Reviewer_feix"
        ],
        "readers": [
          "everyone"
        ],
        "nonreaders": [],
        "writers": [
          "ICLR.cc/2023/Conference",
          "ICLR.cc/2023/Conference/Paper3849/Reviewer_feix"
        ]
      },
      {
        "id": "OkXu-FHWEh",
        "original": null,
        "number": 1,
        "cdate": 1668476555953,
        "mdate": 1668476555953,
        "ddate": null,
        "tcdate": 1668476555953,
        "tmdate": 1668476555953,
        "tddate": null,
        "forum": "K96AogLDT2K",
        "replyto": "xh303xzQ03",
        "invitation": "ICLR.cc/2023/Conference/Paper3849/-/Official_Comment",
        "content": {
          "title": "Response",
          "comment": "We thank Reviewer *feix* for the positive assessment and helpful feedback for improving the quality of our manuscript.  We have updated our manuscript according to the reviewer’s comments (highlighted by the brown color). We hope that the following response can readily address the reviewer’s concerns.\n\n- **\"*I don't think the authors did a good job at positioning their paper with prior art. For example, I would have liked a thorough comparison with related works in Section 5. ......, it would be better if the authors can clarify how this work is better in terms of both the QNN training and symmetric ansatz*.\"**\n\n**Reply:** Thanks for the comments. We have followed the reviewer’s advice to append a more thorough comparison with related works.  In the updated version, we emphasize that a common deficiency of prior studies in the context of **Trainability of QNNs** is the convergence analysis when the ansatz is symmetric (i.e., their convergence analysis either requires an exponential circuit depth for reaching over-parameterization or omits the factor of the circuit depth), while our work compensates for this issue by employing EQNTK to derive a tighter convergence rate (see Section **Related work**)*.* \n\nIn addition, compared with prior literature in the context of **Ansätze with symmetric properties,** we clarify that the EQNTK-enabled symmetric pruning scheme is able to unearth the implicit symmetry of problem Hamiltonians whereas previous studies fail to identify them (see Section **Related work**).\n\n- ***\"Can the authors quantify the hardware efficiency improvement of their symmetric ansatz?\"***\n\n**Reply:** Thanks for the comments. In the revised version, we have followed the reviewer’s suggestion to quantify the hardware efficiency improvement when the symmetric ansatz is employed. To do so, we first specify two standard metrics to quantify the hardware efficiency: 1) the **total** **number of measurements** required to complete one optimization step; 2)  the **circuit depth** required to reach the over-parameterization criteria.  Namely, the first metric concerns the runtime cost in training QNNs, and the second metric evaluates the required quantum resources to construct the quantum circuit. \n\nThe relevant numerical results are discussed in Section G ``**More numerical simulation details**''. In the measure of these two metrics, the achieved numerical results confirm that the symmetric ansatz output by our proposal can **effectively improve hardware efficiency.** As a result, it can simultaneously reduce the required quantum resource for reaching the regime of over-parameterization, enable an efficient implementation on NISQ devices, and more importantly, improve the convergence rate so as to reduce the number of access to the quantum devices. Concisely,  in the task of TFIM, compared with the initial over-parameterized asymmetric ansatz (labeled by 'SP0'), the required number of measurements $M$ for the pruned ansatz can be dramatically reduced by 14 times; meanwhile, the required circuit depth is reduced by 3 times. In the task of MaxCut, the hardware efficiency improvement is problem-dependent. In particular, the required circuit depth is reduced by about 1.8 times and 2 times for the Erdos-Renyi (ER) graph and the 3-regular graph, respectively. For the ER graph, compared to the ansatz returned by 'SP1', the required circuit depth of the ansatz returned by 'SP2' slightly increases from 100 to 130. This increase originates from the fact that the ER graph with a large number of edges requires a relatively deep circuit depth to construct the symmetric ansatz after SP1. Although the circuit depth is subtly increased, an evident benefit is a dramatic reduction of the number of measurements $M$, i.e., compared with the initial ansatz, the required $M$ for the pruned ansatz is reduced by 10 times than that of the initial ansatz.\n\n- **\"*The writing is good, but can be improved for non-experts in this area. In particular, I would have appreciated some primers on GSPs and Hamiltonians*.\"**\n\n**Reply:** We agree with the reviewer’s viewpoint that adding some primers on GSPs and Hamiltonians can facilitate the non-experts in this area. As such, to improve the readability of our manuscript, in Appendix A “**Optimization of QNNs in GSP“**, we append the basics of quantum computing such as *quantum state, quantum gates*, and *quantum measurement*, and the preliminary of *Hamiltonian* and *ground state preparation*.\n\n| **Task** | **Ansatz** | **Shots ($\\times s$)** | **Depth** |\n| --- | --- | --- | --- |\n| TFIM | 'SP0' | 840 | 200|\n| TFIM | 'SP1' | 300| 100| \n| TFIM | 'SP2' | 132| 84| \n| TFIM | 'SP3' | 60| 70| \n| MaxCut (ER) | 'SP0' | 1008| 200|\n| MaxCut (ER) | 'SP1' | 300| 100|\n| MaxCut (ER) | 'SP2' | 160| 130|\n| MaxCut (ER) | 'SP3' | 120| 130|   \n| MaxCut (3-regular) | 'SP0' | 840| 200|\n| MaxCut (3-regular) | 'SP1' | 300| 100|\n| MaxCut (3-regular) | 'SP2' | 150| 100|\n| MaxCut (3-regular) | 'SP3' | 30| 100|  "
        },
        "signatures": [
          "ICLR.cc/2023/Conference/Paper3849/Authors"
        ],
        "readers": [
          "everyone",
          "ICLR.cc/2023/Conference/Program_Chairs",
          "ICLR.cc/2023/Conference/Paper3849/Senior_Area_Chairs",
          "ICLR.cc/2023/Conference/Paper3849/Area_Chairs",
          "ICLR.cc/2023/Conference/Paper3849/Reviewers",
          "ICLR.cc/2023/Conference/Paper3849/Reviewers/Submitted",
          "ICLR.cc/2023/Conference/Paper3849/Authors"
        ],
        "nonreaders": [],
        "writers": [
          "ICLR.cc/2023/Conference",
          "ICLR.cc/2023/Conference/Paper3849/Authors"
        ]
      },
      {
        "id": "fNdDnVeFQGj",
        "original": null,
        "number": 2,
        "cdate": 1668476688902,
        "mdate": 1668476688902,
        "ddate": null,
        "tcdate": 1668476688902,
        "tmdate": 1668476688902,
        "tddate": null,
        "forum": "K96AogLDT2K",
        "replyto": "b3dGvHCa4T",
        "invitation": "ICLR.cc/2023/Conference/Paper3849/-/Official_Comment",
        "content": {
          "title": "Response",
          "comment": "We thank Reviewer *1zgw* for the positive affirmation of our work. We notice that a minor concern of the reviewer is that the original manuscript did not supply numerical verifications for the ability of EQNTK to capture the training dynamics of QNNs. \n\n- **”*However, the paper did not numerically show that the EQNTK can capture the training dynamics of QNNs. I would like to see a figure display like Figure 2 in [1] in the author’s response*.”**\n\n**Reply:** We have followed the reviewer’s suggestion to conduct numerical simulations as done in [1] and analyzed the corresponding training dynamics. The numerical results show that the training dynamics predicted by EQNTK can effectively capture the practical training dynamics evaluated by averaging the results of 30 different initializations. Specifically, the error in each step between the predicted and average training residual errors is below 0.15. All the numerical results are appended to Appendix G ``**More numerical simulation details’’** (highlighted by the blue color). \n\nWe thank the reviewer for pointing out the typos in the manuscript, we have fixed them in the revised version.\n\n[1] *Junyu Liu, Khadijeh Najafi, Kunal Sharma, Francesco Tacchino, Liang Jiang, and Antonio Mezzacapo. An analytic theory for the dynamics of wide quantum neural networks. arXiv preprint arXiv:2203.16711, 2022b*"
        },
        "signatures": [
          "ICLR.cc/2023/Conference/Paper3849/Authors"
        ],
        "readers": [
          "ICLR.cc/2023/Conference/Program_Chairs",
          "everyone",
          "ICLR.cc/2023/Conference/Paper3849/Senior_Area_Chairs",
          "ICLR.cc/2023/Conference/Paper3849/Area_Chairs",
          "ICLR.cc/2023/Conference/Paper3849/Reviewers",
          "ICLR.cc/2023/Conference/Paper3849/Reviewers/Submitted",
          "ICLR.cc/2023/Conference/Paper3849/Authors"
        ],
        "nonreaders": [],
        "writers": [
          "ICLR.cc/2023/Conference",
          "ICLR.cc/2023/Conference/Paper3849/Authors"
        ]
      },
      {
        "id": "nnIpPlRfyNx",
        "original": null,
        "number": 3,
        "cdate": 1668476832199,
        "mdate": 1668476832199,
        "ddate": null,
        "tcdate": 1668476832199,
        "tmdate": 1668476832199,
        "tddate": null,
        "forum": "K96AogLDT2K",
        "replyto": "R67kHwbHQpU",
        "invitation": "ICLR.cc/2023/Conference/Paper3849/-/Official_Comment",
        "content": {
          "title": "Response",
          "comment": "We thank Reviewer *WF6w* for the positive affirmation of our work. We notice that a minor concern of the reviewer is that the original manuscript did not discuss the connection between our works and geometric quantum machine learning or equivariant quantum circuits.\n\n- **”*The paper did not discuss the connection with existing studies about geometric quantum machine learning or equivariant quantum circuits. I’d like to see the authors’ response to this issue*.”**\n\n**Reply:** We have followed the reviewer’s suggestion to add the following words (highlighted by the red color) in the section **Related work** to discuss the connection between our works and geometric quantum machine learning or equivariant quantum circuits. \n\n*”…and utilizing results from the geometric deep learning, where the symmetry of problems comes from the training data.”*"
        },
        "signatures": [
          "ICLR.cc/2023/Conference/Paper3849/Authors"
        ],
        "readers": [
          "ICLR.cc/2023/Conference/Program_Chairs",
          "everyone",
          "ICLR.cc/2023/Conference/Paper3849/Senior_Area_Chairs",
          "ICLR.cc/2023/Conference/Paper3849/Area_Chairs",
          "ICLR.cc/2023/Conference/Paper3849/Reviewers",
          "ICLR.cc/2023/Conference/Paper3849/Reviewers/Submitted",
          "ICLR.cc/2023/Conference/Paper3849/Authors"
        ],
        "nonreaders": [],
        "writers": [
          "ICLR.cc/2023/Conference",
          "ICLR.cc/2023/Conference/Paper3849/Authors"
        ]
      },
      {
        "id": "heFHgTN2Bb",
        "original": null,
        "number": 4,
        "cdate": 1668720308508,
        "mdate": 1668720308508,
        "ddate": null,
        "tcdate": 1668720308508,
        "tmdate": 1668720308508,
        "tddate": null,
        "forum": "K96AogLDT2K",
        "replyto": "OkXu-FHWEh",
        "invitation": "ICLR.cc/2023/Conference/Paper3849/-/Official_Comment",
        "content": {
          "title": "Review Update",
          "comment": "Thanks for your response. I have updated my score to 8."
        },
        "signatures": [
          "ICLR.cc/2023/Conference/Paper3849/Reviewer_feix"
        ],
        "readers": [
          "everyone"
        ],
        "nonreaders": [],
        "writers": [
          "ICLR.cc/2023/Conference",
          "ICLR.cc/2023/Conference/Paper3849/Reviewer_feix"
        ]
      },
      {
        "id": "uuZNTkAn6Cb",
        "original": null,
        "number": 1,
        "cdate": 1674241775416,
        "pdate": null,
        "mdate": null,
        "ddate": null,
        "tcdate": 1674241775416,
        "tmdate": 1674241775416,
        "tddate": null,
        "forum": "K96AogLDT2K",
        "replyto": "K96AogLDT2K",
        "invitation": "ICLR.cc/2023/Conference/Paper3849/-/Decision",
        "content": {
          "title": "Paper Decision",
          "decision": "Accept: notable-top-25%",
          "metareview:_summary,_strengths_and_weaknesses": "This work proposes a quantum neural tangent kernel framework to improve the training convergence of QNNs. It provides a theoretical understanding of the better trainability of the symmetric ansatz over the asymmetric ansatz by proposing the EQNTK and connecting it to over-parameterization theory. With this, they propose a symmetric pruning algorithm to extract a symmetric ansatz from an over-parameterized asymmetric one to improve convergence speed.\n\nStrengths:\n* The work is well-motivated and the problem clearly explained.\n* The analytical results of convergence based on the EQNTK have practical use on guiding trainability.\n* The proposed symmetric algorithm is novel way of devising a symmetric ansatz and reducing quantum resources while improving trainability.\n\nWeaknesses:\n* These have been addressed in the author responses but mostly consisted of better positioning with previous work.",
          "justification_for_why_not_higher_score": "The application of this work is limited to quantum neural networks which may limit its usefulness to the wider community.",
          "justification_for_why_not_lower_score": "The article is well-written and obtains important results that both analyze the trainability of quantum neural networks in terms of a quantum neural tangent kernel and also devises an algorithm that improves their trainability and reduce the quantum resources needed. This paper will likely have a significant impact on the quantum neural network field.",
          "note_from_PC": "if the above contains the word \"oral\" or \"spotlight\" please see: \"oral\" presentation means -> notable-top-5% and \"spotlight\" means -> notable-top-25%. As stated in our emails, we are disassociating presentation type from AC recommendations"
        },
        "signatures": [
          "ICLR.cc/2023/Conference/Program_Chairs"
        ],
        "readers": [
          "everyone"
        ],
        "nonreaders": [],
        "writers": [
          "ICLR.cc/2023/Conference/Program_Chairs"
        ]
      }
    ],
    "directReplies": [
      {
        "id": "R67kHwbHQpU",
        "original": null,
        "number": 1,
        "cdate": 1666530535643,
        "mdate": null,
        "ddate": null,
        "tcdate": 1666530535643,
        "tmdate": 1666530535643,
        "tddate": null,
        "forum": "K96AogLDT2K",
        "replyto": "K96AogLDT2K",
        "invitation": "ICLR.cc/2023/Conference/Paper3849/-/Official_Review",
        "content": {
          "confidence": "4: You are confident in your assessment, but not absolutely certain. It is unlikely, but not impossible, that you did not understand some parts of the submission or that you are unfamiliar with some pieces of related work.",
          "summary_of_the_paper": "The article analyzes the convergence of quantum neural networks (QNNs) where the employed ansatz shares the same symmetry of the problem Hamiltonian, and gives an analytical convergence rate under the framework of the quantum neural tangent kernel. More precisely, they use the information of the problem Hamiltonian to shrink the solution space to an invariant space with dimension $d_{eff}$ (dubbed effective dimension). Furthermore, they exploit the effective dimension to propose the effective quantum neural tangent kernel (EQNTK) to capture the training dynamics symmetric ansatz. They show that a symmetric ansatz with a small effective dimension has a large EQNTK, leading to better trainability. Guided by EQNTK, they further devise a paradigm of ansatz design where a symmetric ansatz is extracted from an over-parameterized one by pruning redundant symmetry-breaking gates.",
          "strength_and_weaknesses": "Strength:\n1. The article is well-written and obtains some positive results for the training of QNNs, which is of prominent importance for researchers studying variational quantum algorithms.\n2. The achieved analytical results of convergence based on the EQNTK have practical guidance on trainability without any training procedure. \n3. The proposed symmetric algorithm provides a novel vision for devising a symmetric ansatz to reduce the quantum resource required for reaching the over-parameterization regime. \n\nWeakness:\nThe paper did not discuss the connection with existing studies about geometric quantum machine learning or equivariant quantum circuits. I’d like to see the authors’ response to this issue.\n",
          "clarity,_quality,_novelty_and_reproducibility": "Clarity: the paper is well organized and clearly stated in general.\n\nQuality: this is a high-quality paper.\n\nNovelty: the originality is high.\n\nReproducibility: all important parts are provided for reproducing.",
          "summary_of_the_review": "This paper provides elegant and rigorous theoretical results towards understanding the trainability of QNNs with symmetric ansatzes. The proposed algorithm is effective but still has room for further improvement.",
          "correctness": "4: All of the claims and statements are well-supported and correct.",
          "technical_novelty_and_significance": "3: The contributions are significant and somewhat new. Aspects of the contributions exist in prior work.",
          "empirical_novelty_and_significance": "3: The contributions are significant and somewhat new. Aspects of the contributions exist in prior work.",
          "flag_for_ethics_review": [
            "NO."
          ],
          "details_of_ethics_concerns": "None.",
          "recommendation": "8: accept, good paper"
        },
        "signatures": [
          "ICLR.cc/2023/Conference/Paper3849/Reviewer_WF6w"
        ],
        "readers": [
          "everyone"
        ],
        "nonreaders": [],
        "writers": [
          "ICLR.cc/2023/Conference",
          "ICLR.cc/2023/Conference/Paper3849/Reviewer_WF6w"
        ]
      },
      {
        "id": "b3dGvHCa4T",
        "original": null,
        "number": 2,
        "cdate": 1666576126081,
        "mdate": null,
        "ddate": null,
        "tcdate": 1666576126081,
        "tmdate": 1666576126081,
        "tddate": null,
        "forum": "K96AogLDT2K",
        "replyto": "K96AogLDT2K",
        "invitation": "ICLR.cc/2023/Conference/Paper3849/-/Official_Review",
        "content": {
          "confidence": "4: You are confident in your assessment, but not absolutely certain. It is unlikely, but not impossible, that you did not understand some parts of the submission or that you are unfamiliar with some pieces of related work.",
          "summary_of_the_paper": "This paper studies the trainability of quantum neural networks (QNNs) with symmetric ansatzes and how to exploit the symmetry to improve the trainability of QNNs. More precisely, it provides a theoretical understanding of the better trainability of symmetric ansatz over asymmetric ansatz by proposing the effective quantum neural tangent kernel (EQNTK) and connecting it to the over-parameterization theory. With the support of the theory, it proposes a symmetric pruning algorithm to extract a symmetric ansatz from an over-parameterized but asymmetric ansatz to improve the trainability of QNNs.",
          "strength_and_weaknesses": "Given many recent negative results on the trainability of QNNs, such as the barren plateau and convergence, with the importance of trainability for variational quantum algorithms, results given here are useful for the researchers in this field to devise symmetric ansatz with better training performance to achieve the potential quantum advantage. The results themselves focus on the problem of ground state preparation but they are applicable to general quantum machine learning problems. Their main results of the analytical convergence rate depend on the effective quantum neural tangent kernel, which can be easily calculated by calculating the norm of parameter gradients. This facilitates the evaluation of the convergence of QNNs without any training procedure. Another contribution of this paper is proposing a novel paradigm of exploiting pruning techniques to devise symmetric ansatz. As the symmetry pattern of the problem Hamiltonian is sophisticated, they employ the automorphism algorithm from graph theory to recognize the spatial symmetry of the problem Hamiltonian and apply it to prune the ansatz.\n\nA small collection of numerical simulations is given which show the effectiveness of symmetric pruning and justify the important role of EQNTK in guiding the trainability of QNNs. However, the paper did not numerically show that the EQNTK can capture the training dynamics of QNNs. I would like to see a figure display like Figure 2 in [1] in the author’s response.\n\nTypos:\n- In the sentence “The above results indicate that when the number of trainable parameters scales with $LK ∼ O(d_{eff}^2/(\\eta Tr(H^2 )))$”, the $H$ should be $H^*$.\n- “Recall the considered the problem Hamiltonian is expressed …”.\n\n[1] Junyu Liu, Khadijeh Najafi, Kunal Sharma, Francesco Tacchino, Liang Jiang, and Antonio Mezzacapo. An analytic theory for the dynamics of wide quantum neural networks. arXiv preprint arXiv:2203.16711, 2022b\n",
          "clarity,_quality,_novelty_and_reproducibility": "It is a nice original paper with clear statements.",
          "summary_of_the_review": "This paper obtains important theoretical results showing that constructing symmetric ansatzes improve the trainability of QNNs and provides a practical algorithm to devise symmetric ansatzes.",
          "correctness": "4: All of the claims and statements are well-supported and correct.",
          "technical_novelty_and_significance": "3: The contributions are significant and somewhat new. Aspects of the contributions exist in prior work.",
          "empirical_novelty_and_significance": "3: The contributions are significant and somewhat new. Aspects of the contributions exist in prior work.",
          "flag_for_ethics_review": [
            "NO."
          ],
          "recommendation": "8: accept, good paper"
        },
        "signatures": [
          "ICLR.cc/2023/Conference/Paper3849/Reviewer_1zgw"
        ],
        "readers": [
          "everyone"
        ],
        "nonreaders": [],
        "writers": [
          "ICLR.cc/2023/Conference",
          "ICLR.cc/2023/Conference/Paper3849/Reviewer_1zgw"
        ]
      },
      {
        "id": "xh303xzQ03",
        "original": null,
        "number": 3,
        "cdate": 1667451406691,
        "mdate": null,
        "ddate": null,
        "tcdate": 1667451406691,
        "tmdate": 1668720375223,
        "tddate": null,
        "forum": "K96AogLDT2K",
        "replyto": "K96AogLDT2K",
        "invitation": "ICLR.cc/2023/Conference/Paper3849/-/Official_Review",
        "content": {
          "confidence": "2: You are willing to defend your assessment, but it is quite likely that you did not understand the central parts of the submission or that you are unfamiliar with some pieces of related work. Math/other details were not carefully checked.",
          "summary_of_the_paper": "This paper proposes a quantum NTK framework to improve the training convergence of QNNs for the GSP problem via a symmetric ansatz design with a small effective dimension. It also proposes a novel symmetric pruning algorithm to extract the symmetric ansatz from the overparameterized and assymetric ansatz. Empirical results confirm the effectiveness of this symmetric pruning algorithm and the quantum NTK framework.",
          "strength_and_weaknesses": "Strengths\n+ The paper seems well-motivated and the problem statement is clearly explained.\n+ The convegence bound of QNNs with various symmetric ansatz is significantly improved.\n\nWeaknesses\n- I don't think the authors did a good job at positioning their paper with prior art. For example, I would have liked a thorough comparison with related works in Section 5. Instead of having blanket statements like \"Our results differ from the above literature in both theoretical and practical aspects\", it would be better if the authors can clarify how this work is better in terms of both the QNN training and symmetric ansatz.\n- Can the authors quantify the hardware efficiency improvement of their symmetric ansatz?",
          "clarity,_quality,_novelty_and_reproducibility": "To the best of my knowledge, this work is original. I did a quick search and it seems the authors have referenced related works adequately in the paper. The writing is good, but can be improved for non-experts in this area. In particular, I would have appreciated some primers on GSPs and Hamiltonians.",
          "summary_of_the_review": "This paper appears sound and novel. Please see the weaknesses listed above. I am not an expert in this area, and I am giving a rating of 6 for now. Based on the authors' rebuttal and discussions with other reviewers, I can reconsider my score.\n\n----------\nReview Update\n\nI have changed my score to 8 based on the authors' response.",
          "correctness": "3: Some of the paper’s claims have minor issues. A few statements are not well-supported, or require small changes to be made correct.",
          "technical_novelty_and_significance": "3: The contributions are significant and somewhat new. Aspects of the contributions exist in prior work.",
          "empirical_novelty_and_significance": "3: The contributions are significant and somewhat new. Aspects of the contributions exist in prior work.",
          "flag_for_ethics_review": [
            "NO."
          ],
          "recommendation": "8: accept, good paper"
        },
        "signatures": [
          "ICLR.cc/2023/Conference/Paper3849/Reviewer_feix"
        ],
        "readers": [
          "everyone"
        ],
        "nonreaders": [],
        "writers": [
          "ICLR.cc/2023/Conference",
          "ICLR.cc/2023/Conference/Paper3849/Reviewer_feix"
        ]
      },
      {
        "id": "uuZNTkAn6Cb",
        "original": null,
        "number": 1,
        "cdate": 1674241775416,
        "pdate": null,
        "mdate": null,
        "ddate": null,
        "tcdate": 1674241775416,
        "tmdate": 1674241775416,
        "tddate": null,
        "forum": "K96AogLDT2K",
        "replyto": "K96AogLDT2K",
        "invitation": "ICLR.cc/2023/Conference/Paper3849/-/Decision",
        "content": {
          "title": "Paper Decision",
          "decision": "Accept: notable-top-25%",
          "metareview:_summary,_strengths_and_weaknesses": "This work proposes a quantum neural tangent kernel framework to improve the training convergence of QNNs. It provides a theoretical understanding of the better trainability of the symmetric ansatz over the asymmetric ansatz by proposing the EQNTK and connecting it to over-parameterization theory. With this, they propose a symmetric pruning algorithm to extract a symmetric ansatz from an over-parameterized asymmetric one to improve convergence speed.\n\nStrengths:\n* The work is well-motivated and the problem clearly explained.\n* The analytical results of convergence based on the EQNTK have practical use on guiding trainability.\n* The proposed symmetric algorithm is novel way of devising a symmetric ansatz and reducing quantum resources while improving trainability.\n\nWeaknesses:\n* These have been addressed in the author responses but mostly consisted of better positioning with previous work.",
          "justification_for_why_not_higher_score": "The application of this work is limited to quantum neural networks which may limit its usefulness to the wider community.",
          "justification_for_why_not_lower_score": "The article is well-written and obtains important results that both analyze the trainability of quantum neural networks in terms of a quantum neural tangent kernel and also devises an algorithm that improves their trainability and reduce the quantum resources needed. This paper will likely have a significant impact on the quantum neural network field.",
          "note_from_PC": "if the above contains the word \"oral\" or \"spotlight\" please see: \"oral\" presentation means -> notable-top-5% and \"spotlight\" means -> notable-top-25%. As stated in our emails, we are disassociating presentation type from AC recommendations"
        },
        "signatures": [
          "ICLR.cc/2023/Conference/Program_Chairs"
        ],
        "readers": [
          "everyone"
        ],
        "nonreaders": [],
        "writers": [
          "ICLR.cc/2023/Conference/Program_Chairs"
        ]
      }
    ]
  }
}