{
  "id": "TatRHT_1cK",
  "original": "aXGy9O1LgqO",
  "number": 3116,
  "cdate": 1663850164469,
  "mdate": null,
  "ddate": null,
  "tcdate": 1663850164469,
  "tmdate": 1710206542812,
  "tddate": null,
  "tauthor": "~Super_User1",
  "forum": "TatRHT_1cK",
  "replyto": null,
  "invitation": "ICLR.cc/2023/Conference/-/Blind_Submission",
  "content": {
    "title": "Quantifying Memorization Across Neural Language Models",
    "authorids": [
      "~Nicholas_Carlini1",
      "~Daphne_Ippolito1",
      "~Matthew_Jagielski1",
      "~Katherine_Lee1",
      "~Florian_Tramer1",
      "~Chiyuan_Zhang1"
    ],
    "authors": [
      "Nicholas Carlini",
      "Daphne Ippolito",
      "Matthew Jagielski",
      "Katherine Lee",
      "Florian Tramer",
      "Chiyuan Zhang"
    ],
    "keywords": [
      "memorization",
      "large language models",
      "duplication"
    ],
    "TL;DR": "Model size, duplication, and context length all impact how easy it is to extract training data from large language models.",
    "abstract": "Large language models (LMs) have been shown to memorize parts of their training data, and when prompted appropriately, they will emit the memorized training data verbatim. This is undesirable because memorization violates privacy (exposing user data), degrades utility (repeated easy-to-memorize text is often low quality), and hurts fairness (some texts are memorized over others).\nWe describe three log-linear relationships that quantify the degree to which LMs emit memorized training data. Memorization significantly grows as we increase (1) the capacity of a model, (2) the number of times an example has been duplicated, and (3) the number of tokens of context used to prompt the model. Surprisingly, we find the situation becomes complicated when generalizing these results across model families. On the whole, we find that memorization in LMs is more prevalent than previously believed and will likely get worse as models continues to scale, at least without active mitigations.",
    "anonymous_url": "I certify that there is no URL (e.g., github page) that could be used to find authors’ identity.",
    "no_acknowledgement_section": "I certify that there is no acknowledgement section in this submission for double blind review.",
    "code_of_ethics": "I acknowledge that I and all co-authors of this work have read and commit to adhering to the ICLR Code of Ethics",
    "submission_guidelines": "Yes",
    "resubmission": "",
    "student_author": "",
    "Please_choose_the_closest_area_that_your_submission_falls_into": "Social Aspects of Machine Learning (eg, AI safety, fairness, privacy, interpretability, human-AI interaction, ethics)",
    "paperhash": "carlini|quantifying_memorization_across_neural_language_models",
    "pdf": "/pdf/6b4201e769d9dc79c8462750821d94951ee50a84.pdf",
    "_bibtex": "@inproceedings{\ncarlini2023quantifying,\ntitle={Quantifying Memorization Across Neural Language Models},\nauthor={Nicholas Carlini and Daphne Ippolito and Matthew Jagielski and Katherine Lee and Florian Tramer and Chiyuan Zhang},\nbooktitle={The Eleventh International Conference on Learning Representations },\nyear={2023},\nurl={https://openreview.net/forum?id=TatRHT_1cK}\n}",
    "venue": "ICLR 2023 notable top 25%",
    "venueid": "ICLR.cc/2023/Conference",
    "community_implementations": "[![CatalyzeX](/images/catalyzex_icon.svg) 2 code implementations](https://www.catalyzex.com/paper/arxiv:2202.07646/code)"
  },
  "signatures": [
    "ICLR.cc/2023/Conference"
  ],
  "readers": [
    "everyone"
  ],
  "nonreaders": [],
  "writers": [
    "ICLR.cc/2023/Conference"
  ],
  "pdate": 1675279261273,
  "odate": 1664468100000,
  "details": {
    "overwriting": [],
    "tags": [],
    "writable": false,
    "replyCount": 18,
    "directReplyCount": 5,
    "revisions": true,
    "replies": [
      {
        "id": "0bxJHIbQybg",
        "original": null,
        "number": 1,
        "cdate": 1666532710533,
        "mdate": null,
        "ddate": null,
        "tcdate": 1666532710533,
        "tmdate": 1669211515547,
        "tddate": null,
        "forum": "TatRHT_1cK",
        "replyto": "TatRHT_1cK",
        "invitation": "ICLR.cc/2023/Conference/Paper3116/-/Official_Review",
        "content": {
          "confidence": "4: You are confident in your assessment, but not absolutely certain. It is unlikely, but not impossible, that you did not understand some parts of the submission or that you are unfamiliar with some pieces of related work.",
          "summary_of_the_paper": "The paper investigates the reproduction of training examples from pre-trained language models.\nThe amount of memorization is measured across 1) different model sizes, 2) the number of times an example is duplicated in the training data, 3) the length of prompt given as input.\nIt is concluded that larger models, more duplication and longer prompt all increase the likelihood of reproducing the training example.\n",
          "strength_and_weaknesses": "Strengths:\n\n* Investigation of the foundational language models is an important topic.\n* The experiments are systematic and more thorough than previous work.\n\nWeaknesses: \n\n* The same properties of pre-trained language models have all been investigated and demonstrated by previous work. There don't seem to be any novel hypotheses or findings.\n* Some of the experiments have questionable setups (more details below).",
          "clarity,_quality,_novelty_and_reproducibility": "The conclusion of the paper is that larger models, more duplication and longer prompts all increase the likelihood of reproducing the training example. All of these properties have been investigated before by previous work, and several of these works are also cited in this paper. The experiments are somewhat more thorough than previous work (although not without issues), but neither the hypotheses nor the findings are novel. Therefore the novelty of the paper seems to be limited to scaling up previous diagnostic experiments.\n\nOne of the contributions highlighted in the introduction is the finding that GPT-J memorizes at least 1% of its dataset, compared to a previous lower measurement for GPT-2.\nHowever, these are two different models, and more importantly they have been trained on different datasets. The experiments show that the number of duplicates present in the training set leads to more examples being memorized. So it seems that the simplest explanation to GPT-J memorizing more than GPT-2 would be that the training data for GPT-J contained more duplicates.\n\nThe main set of results are presented on a dataset that controls both the distribution of duplication and the distribution of length. This would be suitable for presenting results at different duplication and length levels, but the results with different model size or prompt length become less meaningful due to the artificial nature of the distributions. Furthermore, because the data is controlled for two distributions at the same time, it is unclear how these two distributions interact and what kind of artefacts that may create. Luckily, results on a random distribution are also reported as auxiliary experiments.\n\nGPT-2 is reported as a baseline on the same dataset of examples from the training set of GPT-J. However, it is a different model trained on a different dataset. We also don't know what percentage of those particular examples were present in the GPT-2 training set and how many times they were duplicated there, so it's unclear what the baseline is meant to show.\n\nExperiments with other models (e.g. T5) find lower rates of memorization depending on the duplication counts. But these experiments are performed on the same data that was constructed specifically from the duplicated examples of GPT-J? It seems that result is explained simply by those examples not being duplicated in the T5 training data.\n\nWhen experimenting with different prompt lengths, is seems different sets of examples are chosen so that they would match the correct prompt length. That would mean the results are on different texts, and the prompt length is not the only thing that is varied. There may be other properties of the texts that are correlated with their length, particularly if that dataset also favours highly duplicated examples.\n\nThe practical applicability of these experiments needs some more discussion. First, it's unclear what would be the realistic scenario where an attacker would know 100+ exact tokens from the training set but not the next token. The paper also discusses that the results are skewed by correctly generating long sequences of whitespace, which doesn't seem like a practical case of memorization.\n\nIt is said that most models use random sampling to generate, but only greedy sampling is investigated in this paper. It seems results with random sampling would then have more practical usefulness. The choice of restricting to greedy sampling could at least be motivated more.",
          "summary_of_the_review": "The investigated area is important and the experiments are more thorough than in previous work.\nHowever, the novelty of the experiments and the findings is limited and it is not clear that all the experiments show what they are claiming to show.",
          "correctness": "3: Some of the paper’s claims have minor issues. A few statements are not well-supported, or require small changes to be made correct.",
          "technical_novelty_and_significance": "2: The contributions are only marginally significant or novel.",
          "empirical_novelty_and_significance": "2: The contributions are only marginally significant or novel.",
          "flag_for_ethics_review": [
            "NO."
          ],
          "recommendation": "6: marginally above the acceptance threshold"
        },
        "signatures": [
          "ICLR.cc/2023/Conference/Paper3116/Reviewer_6k5t"
        ],
        "readers": [
          "everyone"
        ],
        "nonreaders": [],
        "writers": [
          "ICLR.cc/2023/Conference",
          "ICLR.cc/2023/Conference/Paper3116/Reviewer_6k5t"
        ]
      },
      {
        "id": "LjntxbGxna_",
        "original": null,
        "number": 2,
        "cdate": 1666594201732,
        "mdate": null,
        "ddate": null,
        "tcdate": 1666594201732,
        "tmdate": 1666594201732,
        "tddate": null,
        "forum": "TatRHT_1cK",
        "replyto": "TatRHT_1cK",
        "invitation": "ICLR.cc/2023/Conference/Paper3116/-/Official_Review",
        "content": {
          "confidence": "4: You are confident in your assessment, but not absolutely certain. It is unlikely, but not impossible, that you did not understand some parts of the submission or that you are unfamiliar with some pieces of related work.",
          "summary_of_the_paper": "This paper extensively studies the memorization of training data in neural language models. First, it defines memorization as \"given a prefix, the model can generation a continuation that exists in the training data\". Then, it focuses on three aspects that affect a model's memorization rate: duplication times, length of prefix and model scales. It draws three main conclusions from a series experiments: (1) bigger models memorize more; (2) data that has more duplicates are memorized more; (3) longer prefixes can more easily extract memorized text. Furthermore, authors extend their experiments to other types of language models and models that are trained on deduplicated training data.",
          "strength_and_weaknesses": "**Strength**\n1. Paper is very well written and easy to understand.\n2. The experiments conducted in this paper are quite extensive and results are convincing.\n3. I appreciate that authors perform experiments on recently released models, e.g. OPT, although its training data is not fully transparent to the public.\n\n**Weakness**\n1. Duplication is a very important factor in the paper when measuring memorization, but I didn't find how a sequence of length l is obtained /extracted from the training data. Did you consider all the substrings of length l in the training data? Did the segmentation you used to obtain substrings match that of those deduplication methods used for pre-training (section 5.2)? Are there overlap between sequences of length 100 and sequences of length 200?\n2. As discussed in the paper, the biased sampling method normalized by length and duplication times is more biased towards duplicated sequences, although there are experiments on uniformly sampled subsets, I think doing experiments on a subsets without any duplications is necessary. Again, duplication is dependent on how the substring is defined, which is worth discussing.\n3. The definition of memorization is pretty strict in this paper, but in reality a paraphrased continuation which might not exactly exist in training corpus can still leak data. I think studying the generation in a relaxed setting is more interesting, e.g. consider using paraphrased prefixes or perturb the prefixes, as considering the paraphrased continuation can be hard to quantify the extractability.\n4. Although authors provide many qualitative memorization examples, it's still hard for me to have a clear idea what types of sequences are more easily extracted, I think a dedicated section",
          "clarity,_quality,_novelty_and_reproducibility": "This paper provides insights to pre-training language models: model can memorize even when using deduplicated training data.\nAs pointed in the weakness section, it's not clear how a substring is defined in this paper and how this relates to deduplication method. Thus, I find this paper lacking guidance or insights on how we can reduce repetition, which makes this paper not a huge significant contribution compared to previous papers that also reveal similar observations.\n\nA missing reference: Memorization Without Overfitting: Analyzing the\nTraining Dynamics of Large Language Models, as the other important dimension when measuring memorization is the order of training data presented to the language models.",
          "summary_of_the_review": "The empirical results presents in this paper provide insights to pre-training language models: model can memorize even when using deduplicated training data. But it lacks guidance or insights on how to reduce memorization and the explicit complications brought by memorization. Thus I feel that this paper has marginal contributions.",
          "correctness": "3: Some of the paper’s claims have minor issues. A few statements are not well-supported, or require small changes to be made correct.",
          "technical_novelty_and_significance": "1: The contributions are neither significant nor novel.",
          "empirical_novelty_and_significance": "2: The contributions are only marginally significant or novel.",
          "flag_for_ethics_review": [
            "NO."
          ],
          "recommendation": "5: marginally below the acceptance threshold"
        },
        "signatures": [
          "ICLR.cc/2023/Conference/Paper3116/Reviewer_CQAU"
        ],
        "readers": [
          "everyone"
        ],
        "nonreaders": [],
        "writers": [
          "ICLR.cc/2023/Conference",
          "ICLR.cc/2023/Conference/Paper3116/Reviewer_CQAU"
        ]
      },
      {
        "id": "XHJ74Ybfi_",
        "original": null,
        "number": 3,
        "cdate": 1666619731374,
        "mdate": null,
        "ddate": null,
        "tcdate": 1666619731374,
        "tmdate": 1666619731374,
        "tddate": null,
        "forum": "TatRHT_1cK",
        "replyto": "TatRHT_1cK",
        "invitation": "ICLR.cc/2023/Conference/Paper3116/-/Official_Review",
        "content": {
          "confidence": "4: You are confident in your assessment, but not absolutely certain. It is unlikely, but not impossible, that you did not understand some parts of the submission or that you are unfamiliar with some pieces of related work.",
          "summary_of_the_paper": "The paper studies memorization in large language models and tries to quantify memorization rates depending on prefix length, duplication rate in training data and model size. The authors define an example memorised (given prefix of some length) if greedy decoding conditioned on this prefix reproduces the training example verbatim. This allows to estimate memorization rate in a more thorough manner differently from e.g. extraction attacks done in previous work. Experiments are conducted for different datasets (Pile, C4), models (GPT, T5, etc) and settings (e.g., with or without deduplication). The authors find that memorization rate is log-linear with respect to model size, prefix length and duplication rate in training.",
          "strength_and_weaknesses": "Strengths:\n\n1) The problem is important\n\n2) The methodology is solid, the experiments are thorough\n\n3) The definition of memorization is reasonable and makes a lot of sense when dealing with language models: the paper considers generated examples and not e.g. token-level accuracy or loss\n\nWeaknesses:\n\nThe results are expected and some of the trends in one way or another were reported in previous work. \nHowever, I believe that overall the paper gives a solid ground for future work on memorization.\n",
          "clarity,_quality,_novelty_and_reproducibility": "Some comments:\n\nIntro, paragraph 3: “While McCoy et al. (2021) broadly study the extent to which language models memorize, their focus is on how to avoid the problem and ensure novelty of model outputs, rather than on studying model risk through identifying the maximal amount of data memorization.” - I believe this description of the work by McCoy is not accurate. They focus on evaluating novelty rather than ensuring it.\n\nTypos:\n\nAbstract: “models continues”\n\nSection 3.2, paragraph 1: “throughput”",
          "summary_of_the_review": "The paper measures memorization for NLMs by looking at how often output of greedy decoding given prefix reproduces training examples verbatim. The experiments show log-linear memorization rate with respect to model size, prefix length and duplication rate in training. The results are not surprising, but given solid methodology and thorough experiments I believe overall the paper is of good quality and can give a solid ground for future work on memorisation.",
          "correctness": "4: All of the claims and statements are well-supported and correct.",
          "technical_novelty_and_significance": "3: The contributions are significant and somewhat new. Aspects of the contributions exist in prior work.",
          "empirical_novelty_and_significance": "3: The contributions are significant and somewhat new. Aspects of the contributions exist in prior work.",
          "flag_for_ethics_review": [
            "NO."
          ],
          "recommendation": "8: accept, good paper"
        },
        "signatures": [
          "ICLR.cc/2023/Conference/Paper3116/Reviewer_G66g"
        ],
        "readers": [
          "everyone"
        ],
        "nonreaders": [],
        "writers": [
          "ICLR.cc/2023/Conference",
          "ICLR.cc/2023/Conference/Paper3116/Reviewer_G66g"
        ]
      },
      {
        "id": "yDrjElUUT-",
        "original": null,
        "number": 4,
        "cdate": 1666651021557,
        "mdate": null,
        "ddate": null,
        "tcdate": 1666651021557,
        "tmdate": 1666651021557,
        "tddate": null,
        "forum": "TatRHT_1cK",
        "replyto": "TatRHT_1cK",
        "invitation": "ICLR.cc/2023/Conference/Paper3116/-/Official_Review",
        "content": {
          "confidence": "4: You are confident in your assessment, but not absolutely certain. It is unlikely, but not impossible, that you did not understand some parts of the submission or that you are unfamiliar with some pieces of related work.",
          "summary_of_the_paper": "This paper proposes a simple method to measure how well LLMs memorize training data. The authors found that memorization increases when 1) the model size is increased 2) the sample size is increased 3) the context of the example is increased. \nConsidering the level of memorization of T5 and comparing it with causal language models of similar size is the most interesting part of this paper for me. ",
          "strength_and_weaknesses": "Strength:It's an interesting and intuitive idea in the paperI found the paper to be easy to read and understand. Very interesting results and analysis.\n\nWeaknesses:\n- Limited novelty",
          "clarity,_quality,_novelty_and_reproducibility": "The paper is clear and reproducible. \nIt has limited novelty. ",
          "summary_of_the_review": "This is an important topic, and the paper is interesting. Although the idea is not that novel, I think this is a good addition to the conference. ",
          "correctness": "4: All of the claims and statements are well-supported and correct.",
          "technical_novelty_and_significance": "2: The contributions are only marginally significant or novel.",
          "empirical_novelty_and_significance": "2: The contributions are only marginally significant or novel.",
          "flag_for_ethics_review": [
            "NO."
          ],
          "recommendation": "6: marginally above the acceptance threshold"
        },
        "signatures": [
          "ICLR.cc/2023/Conference/Paper3116/Reviewer_vuN8"
        ],
        "readers": [
          "everyone"
        ],
        "nonreaders": [],
        "writers": [
          "ICLR.cc/2023/Conference",
          "ICLR.cc/2023/Conference/Paper3116/Reviewer_vuN8"
        ]
      },
      {
        "id": "4f5VShnYRD",
        "original": null,
        "number": 1,
        "cdate": 1668755714366,
        "mdate": 1668755714366,
        "ddate": null,
        "tcdate": 1668755714366,
        "tmdate": 1668755714366,
        "tddate": null,
        "forum": "TatRHT_1cK",
        "replyto": "yDrjElUUT-",
        "invitation": "ICLR.cc/2023/Conference/Paper3116/-/Official_Comment",
        "content": {
          "title": "Author Response",
          "comment": "We appreciate the reviewer’s comments on the fact that this paper has interesting results and analysis. We would be curious to hear what “limited novelty” concerns the reviewer has – to the best of our knowledge, we are the first to rigorously study how memorization scales with model size or training data repetition, and we show that prior estimates of the fraction of content memorized by a language model under-count by over 1,000,000x."
        },
        "signatures": [
          "ICLR.cc/2023/Conference/Paper3116/Authors"
        ],
        "readers": [
          "everyone"
        ],
        "nonreaders": [],
        "writers": [
          "ICLR.cc/2023/Conference",
          "ICLR.cc/2023/Conference/Paper3116/Authors"
        ]
      },
      {
        "id": "OMCTXcefAX",
        "original": null,
        "number": 2,
        "cdate": 1668755758390,
        "mdate": 1668755758390,
        "ddate": null,
        "tcdate": 1668755758390,
        "tmdate": 1668755758390,
        "tddate": null,
        "forum": "TatRHT_1cK",
        "replyto": "XHJ74Ybfi_",
        "invitation": "ICLR.cc/2023/Conference/Paper3116/-/Official_Comment",
        "content": {
          "title": "Author Response",
          "comment": "We agree with the reviewer that several of the trends we report are expected given anecdotes provided in prior work; the goal of our paper is to make these collections of beliefs something that can be actually measured empirically for future work to use with confidence. We are the first to show models memorize orders of magnitude more data than previously believed.\n\nWe will update the paper to address the clarity suggestions, and revise our description of McCoy et al.\n"
        },
        "signatures": [
          "ICLR.cc/2023/Conference/Paper3116/Authors"
        ],
        "readers": [
          "everyone"
        ],
        "nonreaders": [],
        "writers": [
          "ICLR.cc/2023/Conference",
          "ICLR.cc/2023/Conference/Paper3116/Authors"
        ]
      },
      {
        "id": "Z-tIFH9QR6U",
        "original": null,
        "number": 3,
        "cdate": 1668755887721,
        "mdate": 1668755887721,
        "ddate": null,
        "tcdate": 1668755887721,
        "tmdate": 1668755887721,
        "tddate": null,
        "forum": "TatRHT_1cK",
        "replyto": "LjntxbGxna_",
        "invitation": "ICLR.cc/2023/Conference/Paper3116/-/Official_Comment",
        "content": {
          "title": "Author Response",
          "comment": "We address each of your questions below:\n\n> Did you consider all the substrings of length l in the training data?\n\nWe randomly sampled from among all strings of length l to make the problem computationally tractable. Our results have margins of error of near-zero given that we sample ~100,000 sequences.\n\n> Did the segmentation you used to obtain substrings match that of those deduplication methods used for pre-training (section 5.2)? \n\nDuring train set deduplication we used an approximate deduplication method, and to find repeated sequences we used an exact duplicate matching algorithm.\n\n> Are there overlap between sequences of length 100 and sequences of length 200?\n\nYes.\n\n> I think doing experiments on a subsets without any duplications is necessary\n\nWe agree and that’s why we also ran experiments on a uniform sampling of the data (Figure 2). Does the reviewer have suggestions for other experiments to run?\n\n> The definition of memorization is pretty strict in this paper\n\nWe agree, however here we follow in line with prior work that studies exact duplication (Carlini et al. 2020). We hope that future work will expand our study to approximate versions of memorization—our work represents a strict lower bound on memorization which we have shown is already very high.\n\n> it's still hard for me to have a clear idea what types of sequences are more easily extracted\n\nWe can include more examples of memorization in the appendix of our paper to show this. A study of what kinds of text are more memorizable than others is an important subject for future work.\n\n>  I find this paper lacking guidance or insights on how we can reduce repetition\n\nThe goal of our paper is to study the phenomenon rigorously. Once we have shown the effect is true, future work can aim to solve the problem. However the first step is to understand the effect, and that is our goal here.\n"
        },
        "signatures": [
          "ICLR.cc/2023/Conference/Paper3116/Authors"
        ],
        "readers": [
          "everyone"
        ],
        "nonreaders": [],
        "writers": [
          "ICLR.cc/2023/Conference",
          "ICLR.cc/2023/Conference/Paper3116/Authors"
        ]
      },
      {
        "id": "XYfOIWiQJho",
        "original": null,
        "number": 4,
        "cdate": 1668755949196,
        "mdate": 1668755949196,
        "ddate": null,
        "tcdate": 1668755949196,
        "tmdate": 1668755949196,
        "tddate": null,
        "forum": "TatRHT_1cK",
        "replyto": "0bxJHIbQybg",
        "invitation": "ICLR.cc/2023/Conference/Paper3116/-/Official_Comment",
        "content": {
          "title": "Author Response",
          "comment": "> All of these properties have been investigated before by previous work\n\nWe agree that prior work has anecdotal evidence that model scale and prompt length contribute to memorization, but to the best of our knowledge no serious study has been done of these factors. If the reviewer is aware of any study of this nature please let us know.\n\n> but neither the hypotheses nor the findings are novel\n\nWe respectfully disagree. A finding does not need to be “surprising” to be novel. Anecdotally the research community believed many of the findings we show, but we actually do the work to demonstrate they are true across settings. This is important and novel even if unsurprising.\n\n> So it seems that the simplest explanation to GPT-J memorizing more than GPT-2 would be that the training data for GPT-J contained more duplicates\n\nIf the reviewer honestly believes that the conclusion of our paper is that GPT-J memorizes 1,000,000x as much data as GPT-2 then we believe that this is a massively novel and significant finding. We believe the much more likely observation is that prior work *undercounted* memorization by 1,000,000x — especially because this prior work explicitly said so: “Note that this is likely an extremely loose lower bound. We only manually inspected 1,800 potential candidate memorized samples; if we had started with more candidates we would likely have identified significantly more memorized content”.\n\n> There may be other properties of the texts that are correlated with their length, particularly if that dataset also favours highly duplicated examples.\n\nWe show in the appendix that length does not factor into difficulty of examples. \n"
        },
        "signatures": [
          "ICLR.cc/2023/Conference/Paper3116/Authors"
        ],
        "readers": [
          "everyone"
        ],
        "nonreaders": [],
        "writers": [
          "ICLR.cc/2023/Conference",
          "ICLR.cc/2023/Conference/Paper3116/Authors"
        ]
      },
      {
        "id": "LtB1ugMVHtR",
        "original": null,
        "number": 7,
        "cdate": 1669211142503,
        "mdate": 1669211142503,
        "ddate": null,
        "tcdate": 1669211142503,
        "tmdate": 1669211142503,
        "tddate": null,
        "forum": "TatRHT_1cK",
        "replyto": "XYfOIWiQJho",
        "invitation": "ICLR.cc/2023/Conference/Paper3116/-/Official_Comment",
        "content": {
          "title": "Reviewer response",
          "comment": "You repeatedly refer to previous work as \"anecdotal\", in a seeming attempt to belittle it. I would say the experiments by Carlini et al are quite thorough, they just took a different approach.\n\nI will slightly raise my score for this paper as it has some experiments that may provide useful information.\nHowever, the comparisons to previous work and the comparisons to other models are still highly problematic.\nCarlini et al investigated memorisation by either prompting on a) only the sentence start token, or b) randomly crawled internet text.\nIn contrast, your experiments prompt with 50 tokens directly from the training data. Therefore the difficulty of reproduction is much lower in your setting, so the higher success rate is expected. Taken to the limit, one could prompt based on the full sequence and only generate one word for completion, and the success rate would even be much higher.\n\nAny assertions about memorisation in other models besides GPT-J in this paper (e.g. using them as baselines) are not valid because they do not consider the training data of those models, therefore there is no way to know if a particular example was memorised or not."
        },
        "signatures": [
          "ICLR.cc/2023/Conference/Paper3116/Reviewer_6k5t"
        ],
        "readers": [
          "everyone"
        ],
        "nonreaders": [],
        "writers": [
          "ICLR.cc/2023/Conference",
          "ICLR.cc/2023/Conference/Paper3116/Reviewer_6k5t"
        ]
      },
      {
        "id": "do7ujOTB1cN",
        "original": null,
        "number": 9,
        "cdate": 1669226543602,
        "mdate": 1669226543602,
        "ddate": null,
        "tcdate": 1669226543602,
        "tmdate": 1669226543602,
        "tddate": null,
        "forum": "TatRHT_1cK",
        "replyto": "LtB1ugMVHtR",
        "invitation": "ICLR.cc/2023/Conference/Paper3116/-/Official_Comment",
        "content": {
          "title": "Clarification our comparison to prior work",
          "comment": "We do not intend to belittle prior work---we quite like the work of Carlini et al. and our paper is a direct extension of theirs.\n\nLet's recall what experiment Carlini et al. (2021) performs. They find a single training document that was contained in the GPT-2 training dataset, that repeated 13 URLs either 8, 17, 33, 35, 51, 56, 64, 72, 76, 113, or 359 times. They find GPT-2 XL memorized more of these than GPT-2 Medium which memorizes more than GPT-2 Small. So they've done 13 x 3 = 39 total pairs of model evaluations to understand memorization, and from this they draw two predictions about scale and duplications. These predictions appear true! But it actually does need to be shown empirically---and that's what we're doing here.\n\nIn order to do this, we run ~1,000,000 sequences through models that are even 6x larger across several categories of neural networks. This is what gives us the confidence to say that we actually believe these scaling hypotheses.\n\nFinally, the other major difference between our two papers is that Carlini et al. (2021) is computing a *lower* bound of memorization, and we are computing an *upper* bound of memorization assuming full adversarial knowledge to \"quantify the memorization\" even if it's not possible that an attack could recover this memorization."
        },
        "signatures": [
          "ICLR.cc/2023/Conference/Paper3116/Authors"
        ],
        "readers": [
          "everyone"
        ],
        "nonreaders": [],
        "writers": [
          "ICLR.cc/2023/Conference",
          "ICLR.cc/2023/Conference/Paper3116/Authors"
        ]
      },
      {
        "id": "BmI72mIvI2x",
        "original": null,
        "number": 10,
        "cdate": 1669245891843,
        "mdate": 1669245891843,
        "ddate": null,
        "tcdate": 1669245891843,
        "tmdate": 1669245891843,
        "tddate": null,
        "forum": "TatRHT_1cK",
        "replyto": "do7ujOTB1cN",
        "invitation": "ICLR.cc/2023/Conference/Paper3116/-/Official_Comment",
        "content": {
          "title": "Reviewer response",
          "comment": "Absolutely nowhere in your paper or in your previous comments have you previously indicated that your estimates are an **upper** bound. Quite the contrary, the paper seems to claim to present a new lower bound: \"memorizes **at least** 1% of its training dataset\". \n\nPlease update your paper accordingly."
        },
        "signatures": [
          "ICLR.cc/2023/Conference/Paper3116/Reviewer_6k5t"
        ],
        "readers": [
          "everyone"
        ],
        "nonreaders": [],
        "writers": [
          "ICLR.cc/2023/Conference",
          "ICLR.cc/2023/Conference/Paper3116/Reviewer_6k5t"
        ]
      },
      {
        "id": "Vl8ylB6Af0r",
        "original": null,
        "number": 11,
        "cdate": 1669247431248,
        "mdate": 1669247431248,
        "ddate": null,
        "tcdate": 1669247431248,
        "tmdate": 1669247431248,
        "tddate": null,
        "forum": "TatRHT_1cK",
        "replyto": "BmI72mIvI2x",
        "invitation": "ICLR.cc/2023/Conference/Paper3116/-/Official_Comment",
        "content": {
          "title": "Bounds; upper and lower",
          "comment": "Sorry let us clarify: there are two kinds of bounds here. Both of the statements are true at the same time.\n\nOne bound is \"upper/lower bound for what an attack can achieve\". This is what we meant in the comment you are replying to.\n- A lower bound (Carlini et al. 2021) can be demonstrated by a practical attack. This paper sets a lower bound of ~600 memorized examples in the 40GB dataset.\n- An upper bound (our paper) can be demonstrated by showing what the model memorizes by sampling with long context, and then we know that the amount you could extract with the Carlini et al. (2021) attack must be lower because it has access to strictly less prompt information.\n\nAnother bound is \"upper/lower bounds of total amount of memorization\". This is what we meant in the introduction to the paper.\n- A lower bound can be demonstrated by showing that there exists a strategy to use lots of context, with arg-max decoding, to recover training data. This is what we have done---show that the model does memorize at least 1% of its training dataset.\n- An upper bound could be demonstrated by some other approach, but we don't try to do this. We try to show a lower bound on what the model definitely memorizes."
        },
        "signatures": [
          "ICLR.cc/2023/Conference/Paper3116/Authors"
        ],
        "readers": [
          "everyone"
        ],
        "nonreaders": [],
        "writers": [
          "ICLR.cc/2023/Conference",
          "ICLR.cc/2023/Conference/Paper3116/Authors"
        ]
      },
      {
        "id": "_a_tw5_Ky9",
        "original": null,
        "number": 12,
        "cdate": 1669250594551,
        "mdate": 1669250594551,
        "ddate": null,
        "tcdate": 1669250594551,
        "tmdate": 1669250594551,
        "tddate": null,
        "forum": "TatRHT_1cK",
        "replyto": "Vl8ylB6Af0r",
        "invitation": "ICLR.cc/2023/Conference/Paper3116/-/Official_Comment",
        "content": {
          "title": "Reviewer comment",
          "comment": "I agree with the part about \"upper/lower bound for what an attack can achieve\". And this difference from Carlini et al should be clarified in the paper.\n\nI am not sure I can agree with the lower bound on memorization.\nIf I give 100 tokens of context and show 2% success at recovering the rest, is this now an \"improved\" lower bound on memorization? Or if I give n-1 tokens as input, correctly predict the last token 80% of the time, is this a lower bound as well?"
        },
        "signatures": [
          "ICLR.cc/2023/Conference/Paper3116/Reviewer_6k5t"
        ],
        "readers": [
          "everyone"
        ],
        "nonreaders": [],
        "writers": [
          "ICLR.cc/2023/Conference",
          "ICLR.cc/2023/Conference/Paper3116/Reviewer_6k5t"
        ]
      },
      {
        "id": "IpW-abrmo8",
        "original": null,
        "number": 13,
        "cdate": 1669251877136,
        "mdate": null,
        "ddate": null,
        "tcdate": 1669251877136,
        "tmdate": 1669251891422,
        "tddate": null,
        "forum": "TatRHT_1cK",
        "replyto": "_a_tw5_Ky9",
        "invitation": "ICLR.cc/2023/Conference/Paper3116/-/Official_Comment",
        "content": {
          "title": "Yes that is what a lower bound means",
          "comment": "When we say something is a \"lower bound\" we mean it bounds the true number from below. For example, if an algorithm takes exactly 3 * n^2 operations to complete, then a first paper might slow a lower bound of 3 * n operations, another paper might improve this lower bound to max(n^2, 3 * n), and a final paper might give a tight bound of 3 * n^2.\n\nSimilarly, here, we have shown a lower bound of 1% of the dataset that we can extract. But future work might be able to do better, and if some future paper shows that with some improved algorithm they can recover 2% of the dataset they will have improved on our lower bound.\n\nNow to talk precisely about the suggestion you are giving here: one has to be careful when computing the 1% number: it is invalid to count the prompt length in this measurement. So for example, if we show that we can predict the final 1 token of every document in the dataset given the n-1 prior tokens, the total fraction of data we have extracted from this model will be just (#documents)/(#tokens), which for a dataset like the Pile is <<1%. So that specific method wouldn't actually give a tighter bound.\n\nThe tightest bound we could build using our techniques would be to compute the fraction of the dataset you could extract given exactly the prior n-1 tokens for every value of n. But this would be quadratically hard to estimate. So instead we compute this number by rounding down to the multiple next lowest multiple of 50. So for example, we consider the first 50 tokens of every document as impossible to extract, and measure the difficulty of extracting tokens 50-99 assuming the adversary only has access to tokens 0-49, etc. So what we're measuring already subsumes the suggestion you've given of prompting with 100 tokens.\n\nSo, if future work was able to show a tighter lower bound by measuring with a more refined analysis technique we would view that as progress. We're not claiming that our bounds are tight in any way. (For example, we show that using beam search might give an even better lower bound.) But we believe our bound is useful."
        },
        "signatures": [
          "ICLR.cc/2023/Conference/Paper3116/Authors"
        ],
        "readers": [
          "everyone"
        ],
        "nonreaders": [],
        "writers": [
          "ICLR.cc/2023/Conference",
          "ICLR.cc/2023/Conference/Paper3116/Authors"
        ]
      },
      {
        "id": "5RuduY4ZgER",
        "original": null,
        "number": 14,
        "cdate": 1669254518498,
        "mdate": 1669254518498,
        "ddate": null,
        "tcdate": 1669254518498,
        "tmdate": 1669254518498,
        "tddate": null,
        "forum": "TatRHT_1cK",
        "replyto": "IpW-abrmo8",
        "invitation": "ICLR.cc/2023/Conference/Paper3116/-/Official_Comment",
        "content": {
          "title": "Reviewer response",
          "comment": "I am well aware of what the definition of a lower bound is, thank you.\n\n\"So instead we compute this number by rounding down to the multiple next lowest multiple of 50. So for example, we consider the first 50 tokens of every document as impossible to extract, and measure the difficulty of extracting tokens 50-99 assuming the adversary only has access to tokens 0-49, etc. So what we're measuring already subsumes the suggestion you've given of prompting with 100 tokens.\"\n\nThis is some really weird mental gymnastics. \n\nSurely you agree that giving more context as input makes it more likely for the language model to predict the correct next word? Using 50 tokens as context, you got a higher memorization percentage than Carlini et al, who used 0 tokens of context. And if I ran a new experiment with 100 tokens of context, I would most likely get a higher percentage than your 1%. \n\nSimilarly, having to generate only the 50 tokens of a sequence (as you chose to do) is easier than Carlini et al, who tried to generate full sequences of unknown length. And if I ran an experiment that measures the generation of only 1 token, then that will have a much higher success rate than 1%.\n\nIf I now run your experiments using 100 tokens of context and 1 token to generate, it will likely get around 50% accuracy. Surely you can't say that this means the model has memorized 50% of the training data (or that it's a lower bound for memorization).\nSo why exactly is your chosen 50 tokens of context and 50 tokens to generate a useful lower bound for training data memorization?"
        },
        "signatures": [
          "ICLR.cc/2023/Conference/Paper3116/Reviewer_6k5t"
        ],
        "readers": [
          "everyone"
        ],
        "nonreaders": [],
        "writers": [
          "ICLR.cc/2023/Conference",
          "ICLR.cc/2023/Conference/Paper3116/Reviewer_6k5t"
        ]
      },
      {
        "id": "Dyr24Qr1466",
        "original": null,
        "number": 15,
        "cdate": 1669257798022,
        "mdate": 1669257798022,
        "ddate": null,
        "tcdate": 1669257798022,
        "tmdate": 1669257798022,
        "tddate": null,
        "forum": "TatRHT_1cK",
        "replyto": "5RuduY4ZgER",
        "invitation": "ICLR.cc/2023/Conference/Paper3116/-/Official_Comment",
        "content": {
          "title": "Clarifying definitions",
          "comment": "There are two numbers here that matter. The first is the amount of context, which we vary from 50 tokens to 450 tokens. The second is how many tokens have to be extracted for us to count this as \"memorization\", and following Lee et al. (2022) we set this to 50 tokens. The reason we pick 50 tokens and not, say, 1 token is that we agree with Lee et al. and do not believe generating 1 token at a time counts as \"memorization\" because it could just as well be generalization.\n\nGiven this, the number we report as a lower bound is the following: \"given any strategy, what fraction of the training data can be perfectly recovered as part of a 50-token substring?\"\n\nWe lower bound this by basically asking the question \"Given all of the context up to this token, can we complete the 50 following tokens verbatim?\" Except instead of considering all possible contexts, we pick the longest context from among [50, 100, 150, ..., 450] so that we don't have to do quadratic work. We believe stopping at 450 is valid because it looks like (from our scaling curves) there are diminishing returns after this point.\n\nCertainly we agree that our task is easier than giving 0 tokens of context. The comment we are trying to make above is that we're not setting a context of just 50 tokens as some arbitrary number (as opposed to 100 as you say, or anything else) which would be very hard to justify; rather, we are trying to give the most context possible in order to compute this metric.\n\nWe of course agree this is a hyperparameter of 50-tokens-to-count-as-memorization could vary. We've set it at a very conservative value where we hope most researchers would agree that 50 tokens of text being a verbatim match means it was memorized. But if some future paper picked a smaller value for this constant, then the numbers would be incomparable because the definitions would not match. And if some paper wanted to set it to 1, observed that 50% of the time we could predict this correctly, and wanted to argue this meant 50% of the data was extractable they could try and make this argument. But in our paper we don't do this."
        },
        "signatures": [
          "ICLR.cc/2023/Conference/Paper3116/Authors"
        ],
        "readers": [
          "everyone"
        ],
        "nonreaders": [],
        "writers": [
          "ICLR.cc/2023/Conference",
          "ICLR.cc/2023/Conference/Paper3116/Authors"
        ]
      },
      {
        "id": "pHXkK6ZpCI",
        "original": null,
        "number": 16,
        "cdate": 1669283628169,
        "mdate": 1669283628169,
        "ddate": null,
        "tcdate": 1669283628169,
        "tmdate": 1669283628169,
        "tddate": null,
        "forum": "TatRHT_1cK",
        "replyto": "Dyr24Qr1466",
        "invitation": "ICLR.cc/2023/Conference/Paper3116/-/Official_Comment",
        "content": {
          "title": "Reviewer comment",
          "comment": "I do agree with most of this. My point is that these are all important caveats and specifications of your work which should be made clear in the paper.\n\nThe paper currently presents the 1% finding as a tighter lower bound compared to previous work, such as Carlini et al.\nWhen in fact you have redefined the task and made it easier. Just as another paper using different amounts of context and generation target amounts would not be comparable to your results, your results are not comparable to the previous work.\n\nI do think your experiments as-is have value. I just disagree with how they are framed in the context of previous work, both in terms of comparing to previous results and making assertions about memorisation of other models besides GPT-J.\n"
        },
        "signatures": [
          "ICLR.cc/2023/Conference/Paper3116/Reviewer_6k5t"
        ],
        "readers": [
          "everyone"
        ],
        "nonreaders": [],
        "writers": [
          "ICLR.cc/2023/Conference",
          "ICLR.cc/2023/Conference/Paper3116/Reviewer_6k5t"
        ]
      },
      {
        "id": "SfFtMkiXuvr",
        "original": null,
        "number": 1,
        "cdate": 1674241786203,
        "pdate": null,
        "mdate": null,
        "ddate": null,
        "tcdate": 1674241786203,
        "tmdate": 1674241786203,
        "tddate": null,
        "forum": "TatRHT_1cK",
        "replyto": "TatRHT_1cK",
        "invitation": "ICLR.cc/2023/Conference/Paper3116/-/Decision",
        "content": {
          "title": "Paper Decision",
          "decision": "Accept: notable-top-25%",
          "metareview:_summary,_strengths_and_weaknesses": "The paper performs an extensive study of memorization in large neural language models. It proposes a methodology to quantify memorization rates and perform experiments on a number of language models. A number of factors influencing memorization are identified, including model capacity, data duplication and prompt length). According to the paper’s methodology, a much larger proportion of training data is memorized by large language models such as GPT-J than claimed by previous work. While memorization in language models has been studied before, and most of the findings are not surprising, the paper does provide more extensive empirical evidence of memorization than previous work. ",
          "justification_for_why_not_higher_score": "The paper's findings are of wide interest due to the current interest in the performance and behaviour of large language models. However, the paper does not have enough novelty to justify an oral presentation.",
          "justification_for_why_not_lower_score": "The spotlight recommendation is mostly based on the current wide interest in the performance and behaviour of large language models, which means that the paper’s findings might be of interest to a larger audience. Otherwise it would also be suited as a poster presentation. ",
          "note_from_PC": "if the above contains the word \"oral\" or \"spotlight\" please see: \"oral\" presentation means -> notable-top-5% and \"spotlight\" means -> notable-top-25%. As stated in our emails, we are disassociating presentation type from AC recommendations"
        },
        "signatures": [
          "ICLR.cc/2023/Conference/Program_Chairs"
        ],
        "readers": [
          "everyone"
        ],
        "nonreaders": [],
        "writers": [
          "ICLR.cc/2023/Conference/Program_Chairs"
        ]
      }
    ],
    "directReplies": [
      {
        "id": "0bxJHIbQybg",
        "original": null,
        "number": 1,
        "cdate": 1666532710533,
        "mdate": null,
        "ddate": null,
        "tcdate": 1666532710533,
        "tmdate": 1669211515547,
        "tddate": null,
        "forum": "TatRHT_1cK",
        "replyto": "TatRHT_1cK",
        "invitation": "ICLR.cc/2023/Conference/Paper3116/-/Official_Review",
        "content": {
          "confidence": "4: You are confident in your assessment, but not absolutely certain. It is unlikely, but not impossible, that you did not understand some parts of the submission or that you are unfamiliar with some pieces of related work.",
          "summary_of_the_paper": "The paper investigates the reproduction of training examples from pre-trained language models.\nThe amount of memorization is measured across 1) different model sizes, 2) the number of times an example is duplicated in the training data, 3) the length of prompt given as input.\nIt is concluded that larger models, more duplication and longer prompt all increase the likelihood of reproducing the training example.\n",
          "strength_and_weaknesses": "Strengths:\n\n* Investigation of the foundational language models is an important topic.\n* The experiments are systematic and more thorough than previous work.\n\nWeaknesses: \n\n* The same properties of pre-trained language models have all been investigated and demonstrated by previous work. There don't seem to be any novel hypotheses or findings.\n* Some of the experiments have questionable setups (more details below).",
          "clarity,_quality,_novelty_and_reproducibility": "The conclusion of the paper is that larger models, more duplication and longer prompts all increase the likelihood of reproducing the training example. All of these properties have been investigated before by previous work, and several of these works are also cited in this paper. The experiments are somewhat more thorough than previous work (although not without issues), but neither the hypotheses nor the findings are novel. Therefore the novelty of the paper seems to be limited to scaling up previous diagnostic experiments.\n\nOne of the contributions highlighted in the introduction is the finding that GPT-J memorizes at least 1% of its dataset, compared to a previous lower measurement for GPT-2.\nHowever, these are two different models, and more importantly they have been trained on different datasets. The experiments show that the number of duplicates present in the training set leads to more examples being memorized. So it seems that the simplest explanation to GPT-J memorizing more than GPT-2 would be that the training data for GPT-J contained more duplicates.\n\nThe main set of results are presented on a dataset that controls both the distribution of duplication and the distribution of length. This would be suitable for presenting results at different duplication and length levels, but the results with different model size or prompt length become less meaningful due to the artificial nature of the distributions. Furthermore, because the data is controlled for two distributions at the same time, it is unclear how these two distributions interact and what kind of artefacts that may create. Luckily, results on a random distribution are also reported as auxiliary experiments.\n\nGPT-2 is reported as a baseline on the same dataset of examples from the training set of GPT-J. However, it is a different model trained on a different dataset. We also don't know what percentage of those particular examples were present in the GPT-2 training set and how many times they were duplicated there, so it's unclear what the baseline is meant to show.\n\nExperiments with other models (e.g. T5) find lower rates of memorization depending on the duplication counts. But these experiments are performed on the same data that was constructed specifically from the duplicated examples of GPT-J? It seems that result is explained simply by those examples not being duplicated in the T5 training data.\n\nWhen experimenting with different prompt lengths, is seems different sets of examples are chosen so that they would match the correct prompt length. That would mean the results are on different texts, and the prompt length is not the only thing that is varied. There may be other properties of the texts that are correlated with their length, particularly if that dataset also favours highly duplicated examples.\n\nThe practical applicability of these experiments needs some more discussion. First, it's unclear what would be the realistic scenario where an attacker would know 100+ exact tokens from the training set but not the next token. The paper also discusses that the results are skewed by correctly generating long sequences of whitespace, which doesn't seem like a practical case of memorization.\n\nIt is said that most models use random sampling to generate, but only greedy sampling is investigated in this paper. It seems results with random sampling would then have more practical usefulness. The choice of restricting to greedy sampling could at least be motivated more.",
          "summary_of_the_review": "The investigated area is important and the experiments are more thorough than in previous work.\nHowever, the novelty of the experiments and the findings is limited and it is not clear that all the experiments show what they are claiming to show.",
          "correctness": "3: Some of the paper’s claims have minor issues. A few statements are not well-supported, or require small changes to be made correct.",
          "technical_novelty_and_significance": "2: The contributions are only marginally significant or novel.",
          "empirical_novelty_and_significance": "2: The contributions are only marginally significant or novel.",
          "flag_for_ethics_review": [
            "NO."
          ],
          "recommendation": "6: marginally above the acceptance threshold"
        },
        "signatures": [
          "ICLR.cc/2023/Conference/Paper3116/Reviewer_6k5t"
        ],
        "readers": [
          "everyone"
        ],
        "nonreaders": [],
        "writers": [
          "ICLR.cc/2023/Conference",
          "ICLR.cc/2023/Conference/Paper3116/Reviewer_6k5t"
        ]
      },
      {
        "id": "LjntxbGxna_",
        "original": null,
        "number": 2,
        "cdate": 1666594201732,
        "mdate": null,
        "ddate": null,
        "tcdate": 1666594201732,
        "tmdate": 1666594201732,
        "tddate": null,
        "forum": "TatRHT_1cK",
        "replyto": "TatRHT_1cK",
        "invitation": "ICLR.cc/2023/Conference/Paper3116/-/Official_Review",
        "content": {
          "confidence": "4: You are confident in your assessment, but not absolutely certain. It is unlikely, but not impossible, that you did not understand some parts of the submission or that you are unfamiliar with some pieces of related work.",
          "summary_of_the_paper": "This paper extensively studies the memorization of training data in neural language models. First, it defines memorization as \"given a prefix, the model can generation a continuation that exists in the training data\". Then, it focuses on three aspects that affect a model's memorization rate: duplication times, length of prefix and model scales. It draws three main conclusions from a series experiments: (1) bigger models memorize more; (2) data that has more duplicates are memorized more; (3) longer prefixes can more easily extract memorized text. Furthermore, authors extend their experiments to other types of language models and models that are trained on deduplicated training data.",
          "strength_and_weaknesses": "**Strength**\n1. Paper is very well written and easy to understand.\n2. The experiments conducted in this paper are quite extensive and results are convincing.\n3. I appreciate that authors perform experiments on recently released models, e.g. OPT, although its training data is not fully transparent to the public.\n\n**Weakness**\n1. Duplication is a very important factor in the paper when measuring memorization, but I didn't find how a sequence of length l is obtained /extracted from the training data. Did you consider all the substrings of length l in the training data? Did the segmentation you used to obtain substrings match that of those deduplication methods used for pre-training (section 5.2)? Are there overlap between sequences of length 100 and sequences of length 200?\n2. As discussed in the paper, the biased sampling method normalized by length and duplication times is more biased towards duplicated sequences, although there are experiments on uniformly sampled subsets, I think doing experiments on a subsets without any duplications is necessary. Again, duplication is dependent on how the substring is defined, which is worth discussing.\n3. The definition of memorization is pretty strict in this paper, but in reality a paraphrased continuation which might not exactly exist in training corpus can still leak data. I think studying the generation in a relaxed setting is more interesting, e.g. consider using paraphrased prefixes or perturb the prefixes, as considering the paraphrased continuation can be hard to quantify the extractability.\n4. Although authors provide many qualitative memorization examples, it's still hard for me to have a clear idea what types of sequences are more easily extracted, I think a dedicated section",
          "clarity,_quality,_novelty_and_reproducibility": "This paper provides insights to pre-training language models: model can memorize even when using deduplicated training data.\nAs pointed in the weakness section, it's not clear how a substring is defined in this paper and how this relates to deduplication method. Thus, I find this paper lacking guidance or insights on how we can reduce repetition, which makes this paper not a huge significant contribution compared to previous papers that also reveal similar observations.\n\nA missing reference: Memorization Without Overfitting: Analyzing the\nTraining Dynamics of Large Language Models, as the other important dimension when measuring memorization is the order of training data presented to the language models.",
          "summary_of_the_review": "The empirical results presents in this paper provide insights to pre-training language models: model can memorize even when using deduplicated training data. But it lacks guidance or insights on how to reduce memorization and the explicit complications brought by memorization. Thus I feel that this paper has marginal contributions.",
          "correctness": "3: Some of the paper’s claims have minor issues. A few statements are not well-supported, or require small changes to be made correct.",
          "technical_novelty_and_significance": "1: The contributions are neither significant nor novel.",
          "empirical_novelty_and_significance": "2: The contributions are only marginally significant or novel.",
          "flag_for_ethics_review": [
            "NO."
          ],
          "recommendation": "5: marginally below the acceptance threshold"
        },
        "signatures": [
          "ICLR.cc/2023/Conference/Paper3116/Reviewer_CQAU"
        ],
        "readers": [
          "everyone"
        ],
        "nonreaders": [],
        "writers": [
          "ICLR.cc/2023/Conference",
          "ICLR.cc/2023/Conference/Paper3116/Reviewer_CQAU"
        ]
      },
      {
        "id": "XHJ74Ybfi_",
        "original": null,
        "number": 3,
        "cdate": 1666619731374,
        "mdate": null,
        "ddate": null,
        "tcdate": 1666619731374,
        "tmdate": 1666619731374,
        "tddate": null,
        "forum": "TatRHT_1cK",
        "replyto": "TatRHT_1cK",
        "invitation": "ICLR.cc/2023/Conference/Paper3116/-/Official_Review",
        "content": {
          "confidence": "4: You are confident in your assessment, but not absolutely certain. It is unlikely, but not impossible, that you did not understand some parts of the submission or that you are unfamiliar with some pieces of related work.",
          "summary_of_the_paper": "The paper studies memorization in large language models and tries to quantify memorization rates depending on prefix length, duplication rate in training data and model size. The authors define an example memorised (given prefix of some length) if greedy decoding conditioned on this prefix reproduces the training example verbatim. This allows to estimate memorization rate in a more thorough manner differently from e.g. extraction attacks done in previous work. Experiments are conducted for different datasets (Pile, C4), models (GPT, T5, etc) and settings (e.g., with or without deduplication). The authors find that memorization rate is log-linear with respect to model size, prefix length and duplication rate in training.",
          "strength_and_weaknesses": "Strengths:\n\n1) The problem is important\n\n2) The methodology is solid, the experiments are thorough\n\n3) The definition of memorization is reasonable and makes a lot of sense when dealing with language models: the paper considers generated examples and not e.g. token-level accuracy or loss\n\nWeaknesses:\n\nThe results are expected and some of the trends in one way or another were reported in previous work. \nHowever, I believe that overall the paper gives a solid ground for future work on memorization.\n",
          "clarity,_quality,_novelty_and_reproducibility": "Some comments:\n\nIntro, paragraph 3: “While McCoy et al. (2021) broadly study the extent to which language models memorize, their focus is on how to avoid the problem and ensure novelty of model outputs, rather than on studying model risk through identifying the maximal amount of data memorization.” - I believe this description of the work by McCoy is not accurate. They focus on evaluating novelty rather than ensuring it.\n\nTypos:\n\nAbstract: “models continues”\n\nSection 3.2, paragraph 1: “throughput”",
          "summary_of_the_review": "The paper measures memorization for NLMs by looking at how often output of greedy decoding given prefix reproduces training examples verbatim. The experiments show log-linear memorization rate with respect to model size, prefix length and duplication rate in training. The results are not surprising, but given solid methodology and thorough experiments I believe overall the paper is of good quality and can give a solid ground for future work on memorisation.",
          "correctness": "4: All of the claims and statements are well-supported and correct.",
          "technical_novelty_and_significance": "3: The contributions are significant and somewhat new. Aspects of the contributions exist in prior work.",
          "empirical_novelty_and_significance": "3: The contributions are significant and somewhat new. Aspects of the contributions exist in prior work.",
          "flag_for_ethics_review": [
            "NO."
          ],
          "recommendation": "8: accept, good paper"
        },
        "signatures": [
          "ICLR.cc/2023/Conference/Paper3116/Reviewer_G66g"
        ],
        "readers": [
          "everyone"
        ],
        "nonreaders": [],
        "writers": [
          "ICLR.cc/2023/Conference",
          "ICLR.cc/2023/Conference/Paper3116/Reviewer_G66g"
        ]
      },
      {
        "id": "yDrjElUUT-",
        "original": null,
        "number": 4,
        "cdate": 1666651021557,
        "mdate": null,
        "ddate": null,
        "tcdate": 1666651021557,
        "tmdate": 1666651021557,
        "tddate": null,
        "forum": "TatRHT_1cK",
        "replyto": "TatRHT_1cK",
        "invitation": "ICLR.cc/2023/Conference/Paper3116/-/Official_Review",
        "content": {
          "confidence": "4: You are confident in your assessment, but not absolutely certain. It is unlikely, but not impossible, that you did not understand some parts of the submission or that you are unfamiliar with some pieces of related work.",
          "summary_of_the_paper": "This paper proposes a simple method to measure how well LLMs memorize training data. The authors found that memorization increases when 1) the model size is increased 2) the sample size is increased 3) the context of the example is increased. \nConsidering the level of memorization of T5 and comparing it with causal language models of similar size is the most interesting part of this paper for me. ",
          "strength_and_weaknesses": "Strength:It's an interesting and intuitive idea in the paperI found the paper to be easy to read and understand. Very interesting results and analysis.\n\nWeaknesses:\n- Limited novelty",
          "clarity,_quality,_novelty_and_reproducibility": "The paper is clear and reproducible. \nIt has limited novelty. ",
          "summary_of_the_review": "This is an important topic, and the paper is interesting. Although the idea is not that novel, I think this is a good addition to the conference. ",
          "correctness": "4: All of the claims and statements are well-supported and correct.",
          "technical_novelty_and_significance": "2: The contributions are only marginally significant or novel.",
          "empirical_novelty_and_significance": "2: The contributions are only marginally significant or novel.",
          "flag_for_ethics_review": [
            "NO."
          ],
          "recommendation": "6: marginally above the acceptance threshold"
        },
        "signatures": [
          "ICLR.cc/2023/Conference/Paper3116/Reviewer_vuN8"
        ],
        "readers": [
          "everyone"
        ],
        "nonreaders": [],
        "writers": [
          "ICLR.cc/2023/Conference",
          "ICLR.cc/2023/Conference/Paper3116/Reviewer_vuN8"
        ]
      },
      {
        "id": "SfFtMkiXuvr",
        "original": null,
        "number": 1,
        "cdate": 1674241786203,
        "pdate": null,
        "mdate": null,
        "ddate": null,
        "tcdate": 1674241786203,
        "tmdate": 1674241786203,
        "tddate": null,
        "forum": "TatRHT_1cK",
        "replyto": "TatRHT_1cK",
        "invitation": "ICLR.cc/2023/Conference/Paper3116/-/Decision",
        "content": {
          "title": "Paper Decision",
          "decision": "Accept: notable-top-25%",
          "metareview:_summary,_strengths_and_weaknesses": "The paper performs an extensive study of memorization in large neural language models. It proposes a methodology to quantify memorization rates and perform experiments on a number of language models. A number of factors influencing memorization are identified, including model capacity, data duplication and prompt length). According to the paper’s methodology, a much larger proportion of training data is memorized by large language models such as GPT-J than claimed by previous work. While memorization in language models has been studied before, and most of the findings are not surprising, the paper does provide more extensive empirical evidence of memorization than previous work. ",
          "justification_for_why_not_higher_score": "The paper's findings are of wide interest due to the current interest in the performance and behaviour of large language models. However, the paper does not have enough novelty to justify an oral presentation.",
          "justification_for_why_not_lower_score": "The spotlight recommendation is mostly based on the current wide interest in the performance and behaviour of large language models, which means that the paper’s findings might be of interest to a larger audience. Otherwise it would also be suited as a poster presentation. ",
          "note_from_PC": "if the above contains the word \"oral\" or \"spotlight\" please see: \"oral\" presentation means -> notable-top-5% and \"spotlight\" means -> notable-top-25%. As stated in our emails, we are disassociating presentation type from AC recommendations"
        },
        "signatures": [
          "ICLR.cc/2023/Conference/Program_Chairs"
        ],
        "readers": [
          "everyone"
        ],
        "nonreaders": [],
        "writers": [
          "ICLR.cc/2023/Conference/Program_Chairs"
        ]
      }
    ]
  }
}