{
  "id": "u-RuvyDYqCM",
  "original": "fcA2XAgEaDT",
  "number": 5763,
  "cdate": 1663850487481,
  "mdate": null,
  "ddate": null,
  "tcdate": 1663850487481,
  "tmdate": 1710206497981,
  "tddate": null,
  "tauthor": "~Super_User1",
  "forum": "u-RuvyDYqCM",
  "replyto": null,
  "invitation": "ICLR.cc/2023/Conference/-/Blind_Submission",
  "content": {
    "title": "The In-Sample Softmax for Offline Reinforcement Learning",
    "authorids": [
      "~Chenjun_Xiao1",
      "~Han_Wang8",
      "~Yangchen_Pan2",
      "~Adam_White1",
      "~Martha_White1"
    ],
    "authors": [
      "Chenjun Xiao",
      "Han Wang",
      "Yangchen Pan",
      "Adam White",
      "Martha White"
    ],
    "keywords": [
      "Offline Reinforcement Learning"
    ],
    "TL;DR": "A novel Bellman operator that avoids bootstrapping on out-of-sample actions. ",
    "abstract": "Reinforcement learning (RL) agents can leverage batches of previously collected data to extract a reasonable control policy. An emerging issue in this offline RL setting, however, is that the bootstrapping update underlying many of our methods suffers from insufficient action-coverage: standard max operator may select a maximal action that has not been seen in the dataset. Bootstrapping from these inaccurate values can lead to overestimation and even divergence. There are a growing number of methods that attempt to approximate an in-sample max, that only uses actions well-covered by the dataset. We highlight a simple fact: it is more straightforward to approximate an in-sample softmax using only actions in the dataset. We show that policy iteration based on the in-sample softmax converges, and that for decreasing temperatures it approaches the in-sample max. We derive an In-Sample Actor-Critic (AC), using this in-sample softmax, and show that it is consistently better or comparable to existing offline RL methods, and is also well-suited to fine-tuning. We release the code at github.com/hwang-ua/inac_pytorch.",
    "anonymous_url": "I certify that there is no URL (e.g., github page) that could be used to find authors’ identity.",
    "no_acknowledgement_section": "I certify that there is no acknowledgement section in this submission for double blind review.",
    "code_of_ethics": "I acknowledge that I and all co-authors of this work have read and commit to adhering to the ICLR Code of Ethics",
    "submission_guidelines": "Yes",
    "resubmission": "",
    "student_author": "",
    "Please_choose_the_closest_area_that_your_submission_falls_into": "Reinforcement Learning (eg, decision and control, planning, hierarchical RL, robotics)",
    "paperhash": "xiao|the_insample_softmax_for_offline_reinforcement_learning",
    "pdf": "/pdf/69f475d9352b20ebc3fc03da590f54192f7856ec.pdf",
    "supplementary_material": "",
    "_bibtex": "@inproceedings{\nxiao2023the,\ntitle={The In-Sample Softmax for Offline Reinforcement Learning},\nauthor={Chenjun Xiao and Han Wang and Yangchen Pan and Adam White and Martha White},\nbooktitle={The Eleventh International Conference on Learning Representations },\nyear={2023},\nurl={https://openreview.net/forum?id=u-RuvyDYqCM}\n}",
    "venue": "ICLR 2023 notable top 25%",
    "venueid": "ICLR.cc/2023/Conference",
    "community_implementations": "[![CatalyzeX](/images/catalyzex_icon.svg) 2 code implementations](https://www.catalyzex.com/paper/arxiv:2302.14372/code)"
  },
  "signatures": [
    "ICLR.cc/2023/Conference"
  ],
  "readers": [
    "everyone"
  ],
  "nonreaders": [],
  "writers": [
    "ICLR.cc/2023/Conference"
  ],
  "pdate": 1675279409875,
  "odate": 1664468100000,
  "details": {
    "overwriting": [],
    "tags": [],
    "writable": false,
    "replyCount": 8,
    "directReplyCount": 4,
    "revisions": true,
    "replies": [
      {
        "id": "F3xuWMPVLc",
        "original": null,
        "number": 1,
        "cdate": 1666509914852,
        "mdate": null,
        "ddate": null,
        "tcdate": 1666509914852,
        "tmdate": 1666509914852,
        "tddate": null,
        "forum": "u-RuvyDYqCM",
        "replyto": "u-RuvyDYqCM",
        "invitation": "ICLR.cc/2023/Conference/Paper5763/-/Official_Review",
        "content": {
          "confidence": "4: You are confident in your assessment, but not absolutely certain. It is unlikely, but not impossible, that you did not understand some parts of the submission or that you are unfamiliar with some pieces of related work.",
          "summary_of_the_paper": "The paper proposes an Actor-Critic RL algorithm able to learn from an offline dataset, while addressing the problem of out-of-distribution actions. The core contribution of the paper is the identification of how nicely soft policies and Q-updates (based on the softmax over actions) are amenable to updates robust to out-of-distribution actions. The resulting algorithm looks like the Soft Actor-Critic, but with the actor and critic losses slightly modified to introduce a term that depends on the estimated behavior policy used to collect samples in the dataset. Experimental results show that the resulting algorithm outperforms several baselines on standard benchmarks, and a theoretical analysis explains why the algorithm makes sense.",
          "strength_and_weaknesses": "Strengths:\n\n- The paper is very interesting to read and the idea is exciting! Some parts of the paper, that may appear simple (such as Equation 5, the trick to reduce the important of $\\pi_D$), are eye-opening.\n- The proposed algorithm is a relatively simple modification of the standard soft actor-critic losses. Nothing extra to compute, no resampling of the dataset to do. The algorithm seems easy to implement, and at almost no computational cost compared to vanilla SAC.\n- The paper is very clear and well-presented. Just the right amount of maths is given to understand how the new losses are designed, why they make sense, and how they can be implemented. Equations 14 to 16 are nicely grouped together to give a direct overview of the full (modified) SAC algorithm.\n- The sanity check is very nice to have, more papers should have a small and simple sanity check like this.\n\nWeaknesses:\n\n- The empirical evaluation is not as precise and complete as in other papers. Even in the appendix, I did not find absolute scores obtained by the agents in the environments (to be easy able to verify that the baseline scores match what other papers report, and to easily compare the scores obtained by IAC with baselines not present in the paper). Normalized scores are not that useful and usually hide more information than they reveal. Evaluation on AntMaze could also have been interesting: some people motivate that AntMaze is more difficult than the Mujoco tasks due to its sparse reward function, that better stresses the ability of an RL agent to bootstrap (instead of just following $r_t$).",
          "clarity,_quality,_novelty_and_reproducibility": "- Clarity: high. The paper is easy to read and to follow, takes time to explain everything needed to understand the algorithm, and does not have any distracting part.\n- Quality: high. The proposed method is sound, easy to implement, cheap to compute, and compatible with state-of-the-art RL algorithms of the family of Soft Actor-Critic.\n- Originality: high. The proposed algorithm is, to my knowledge, novel. Its derivation is interesting and novel too.",
          "summary_of_the_review": "Very well-written paper with sufficient (but can be improved) empirical results. I would strongly advocate for the authors to include raw (un-normalized) scores in the final version of the paper, for ease of comparison against algorithms not present in this particular paper.",
          "correctness": "4: All of the claims and statements are well-supported and correct.",
          "technical_novelty_and_significance": "3: The contributions are significant and somewhat new. Aspects of the contributions exist in prior work.",
          "empirical_novelty_and_significance": "2: The contributions are only marginally significant or novel.",
          "flag_for_ethics_review": [
            "NO."
          ],
          "recommendation": "8: accept, good paper"
        },
        "signatures": [
          "ICLR.cc/2023/Conference/Paper5763/Reviewer_xpgy"
        ],
        "readers": [
          "everyone"
        ],
        "nonreaders": [],
        "writers": [
          "ICLR.cc/2023/Conference",
          "ICLR.cc/2023/Conference/Paper5763/Reviewer_xpgy"
        ]
      },
      {
        "id": "emtE4zrvQ7",
        "original": null,
        "number": 2,
        "cdate": 1666673881455,
        "mdate": null,
        "ddate": null,
        "tcdate": 1666673881455,
        "tmdate": 1666673881455,
        "tddate": null,
        "forum": "u-RuvyDYqCM",
        "replyto": "u-RuvyDYqCM",
        "invitation": "ICLR.cc/2023/Conference/Paper5763/-/Official_Review",
        "content": {
          "confidence": "3: You are fairly confident in your assessment. It is possible that you did not understand some parts of the submission or that you are unfamiliar with some pieces of related work. Math/other details were not carefully checked.",
          "summary_of_the_paper": "In maximum entropy RL, we use a soft Bellman optimality equations where the standard max operation is replaced by the log-sum-exp operation. Just as researchers have proposed to use in-sample max instead of max over the entire action space, this paper propose to use in-sample softmax to improve the softmax operation, such that we only uses actions well-covered by the dataset. Some theoretical study are provided to show the convergence property similar to softmax. Experimental results demonstrate the effectiveness of the proposed in-sample softmax operation for a SAC-type algorithm on various offline RL benchmarks.",
          "strength_and_weaknesses": "Strength:\n- The paper is well-written and easy to follow.\n- Nice theoretical characterization.\n- Experiments results seem promising.\n\nWeaknesses/Questions:\n- The idea is a bit straightforward (though not necessarily a weakness), as we have in-sample max to improve max, it seems not surprising to use in-sample softmax to replace softmax.\n- The explanation/derivation in page 4 before section 4 may not be necessary as the math seems trivial. Also some argument could be more accurate (e.g. when $\\pi_D(a|s) = 0$, equation (7) is undefined since $\\log(\\pi_D(a|s) )$ does not exist).\n- The in-sample softmax optimal policy approaches the in-sample optimal policy as the temperature approaches zero. In practice, how do you choose the temperature. Have you considered annealing the temperature for better performance?",
          "clarity,_quality,_novelty_and_reproducibility": "See above for more detailed comments.",
          "summary_of_the_review": "The paper propose to use in-sample softmax instead of softmax for maximum entropy offline RL, which leads to in-sample SAC that shows promising results on some offline RL benchmarks. The idea is interesting, though being a straightforward extension of existing ideas.",
          "correctness": "4: All of the claims and statements are well-supported and correct.",
          "technical_novelty_and_significance": "3: The contributions are significant and somewhat new. Aspects of the contributions exist in prior work.",
          "empirical_novelty_and_significance": "3: The contributions are significant and somewhat new. Aspects of the contributions exist in prior work.",
          "flag_for_ethics_review": [
            "NO."
          ],
          "recommendation": "6: marginally above the acceptance threshold"
        },
        "signatures": [
          "ICLR.cc/2023/Conference/Paper5763/Reviewer_Dopc"
        ],
        "readers": [
          "everyone"
        ],
        "nonreaders": [],
        "writers": [
          "ICLR.cc/2023/Conference",
          "ICLR.cc/2023/Conference/Paper5763/Reviewer_Dopc"
        ]
      },
      {
        "id": "EMeC-PPCMGS",
        "original": null,
        "number": 3,
        "cdate": 1667455745953,
        "mdate": null,
        "ddate": null,
        "tcdate": 1667455745953,
        "tmdate": 1667455745953,
        "tddate": null,
        "forum": "u-RuvyDYqCM",
        "replyto": "u-RuvyDYqCM",
        "invitation": "ICLR.cc/2023/Conference/Paper5763/-/Official_Review",
        "content": {
          "confidence": "4: You are confident in your assessment, but not absolutely certain. It is unlikely, but not impossible, that you did not understand some parts of the submission or that you are unfamiliar with some pieces of related work.",
          "summary_of_the_paper": "The paper proposes an offline RL algorithm based on the principles of in-sample maximization (when fitting the Q function) and maximum-entropy RL. It introduces the in-sample softmax, which is a straightforward modification of the usual softmax used in MaxEnt RL to only include actions in the support of the behavior policy, similarly to Batch-Constrained Q-Learning (BCQ). The convergence of in-sample soft policy iteration to an optimal policy (for an appropriate definition of optimal) is proved.\n\nThe main novelty is in showing that this in-sample softmax can be written as an expectation over samples from the dataset, reducing dependence on the behavior policy. Using this identity, the authors develop an algorithm similar to Soft Actor-Critic (SAC), which they dub In-sample Actor-Critic (InAC). Experiments demonstrate that InAC is effective in avoiding out-of-distribution (OOD) actions and attains high performance in both purely offline and offline-to-online settings.",
          "strength_and_weaknesses": "Strengths:\n* The paper presents a clean motivating theory that is not too far removed from the practical implementation.\n* Unlike some other offline RL algorithms, InAC does not enforce constraints between the learned policy and the estimated behavior policy. This is good because imperfections in the estimated behavior policy can bias learning.\n* Experiments show that the algorithm can effectively avoid OOD actions.\n* The performance of the algorithm is similar to or better than existing algorithms, both for offline and offline-to-online learning.\n\nWeaknesses:\n* Judging by Figure 3, it seems that some of the algorithms have not converged within the 0.8M iterations. Obviously it is good that InAC learns faster, but it’s possible that the other algorithms could reduce the gap if given more iterations. Since training time is typically not the constraining factor in offline RL, I think all algorithms should be run to convergence.",
          "clarity,_quality,_novelty_and_reproducibility": "The paper is generally clear and well-written.\n\nThe in-sample softmax, while a combination of existing ideas, is novel to my knowledge. More importantly, the authors show identity (5), which is the core algorithmic innovation and addresses a key issue in offline RL.\n\nThe authors include detailed descriptions of the experimental setup and hyperparameters for reproducibility purposes.\n\nA small note: in equation (47), I think the final equality is the wrong way. (The logic would be correct and match the statement of the lemma if the sign were flipped.)",
          "summary_of_the_review": "I think the paper presents a useful idea and algorithm with compelling results, and therefore should be accepted.",
          "correctness": "4: All of the claims and statements are well-supported and correct.",
          "technical_novelty_and_significance": "3: The contributions are significant and somewhat new. Aspects of the contributions exist in prior work.",
          "empirical_novelty_and_significance": "3: The contributions are significant and somewhat new. Aspects of the contributions exist in prior work.",
          "flag_for_ethics_review": [
            "NO."
          ],
          "recommendation": "8: accept, good paper"
        },
        "signatures": [
          "ICLR.cc/2023/Conference/Paper5763/Reviewer_LBrh"
        ],
        "readers": [
          "everyone"
        ],
        "nonreaders": [],
        "writers": [
          "ICLR.cc/2023/Conference",
          "ICLR.cc/2023/Conference/Paper5763/Reviewer_LBrh"
        ]
      },
      {
        "id": "q7o8XNRMXy",
        "original": null,
        "number": 2,
        "cdate": 1668483508514,
        "mdate": 1668483508514,
        "ddate": null,
        "tcdate": 1668483508514,
        "tmdate": 1668483508514,
        "tddate": null,
        "forum": "u-RuvyDYqCM",
        "replyto": "EMeC-PPCMGS",
        "invitation": "ICLR.cc/2023/Conference/Paper5763/-/Official_Comment",
        "content": {
          "title": "Reply",
          "comment": "We thank the reviewer for acknowledging our contribution and providing insightful suggestions. The detailed responses are provided below. \n\n**0.8 M iterations**\n\nWe provide learning curves with 1.2 M training steps in Appendix B.1 (Figure 15). In our original experiment setup the mini-batch size was set to 100 (Appendix B.4). During the rebuttal period we find that using batch size 256 increases the performance of all algorithms in general. We thus use this new parameter and report the results after 1.2 M training iterations. The observations remain similar as our previous results: although the gap between IQL (the strongest baseline) and InAC reduces, our algorithm still performs best or nearly so across all domains. Due to the running time, we have not got the CQL results yet. We will add it to the camera ready version.\n\n**Equation 47**\n\nThanks for pointing out this error. Yes, final equality is the wrong way. We have fixed this bug in the revision. \n"
        },
        "signatures": [
          "ICLR.cc/2023/Conference/Paper5763/Authors"
        ],
        "readers": [
          "everyone"
        ],
        "nonreaders": [],
        "writers": [
          "ICLR.cc/2023/Conference",
          "ICLR.cc/2023/Conference/Paper5763/Authors"
        ]
      },
      {
        "id": "eZKBaigZAn",
        "original": null,
        "number": 3,
        "cdate": 1668483662355,
        "mdate": 1668483662355,
        "ddate": null,
        "tcdate": 1668483662355,
        "tmdate": 1668483662355,
        "tddate": null,
        "forum": "u-RuvyDYqCM",
        "replyto": "emtE4zrvQ7",
        "invitation": "ICLR.cc/2023/Conference/Paper5763/-/Official_Comment",
        "content": {
          "title": "Reply",
          "comment": "We thank the reviewer for the overall positive feedback and providing insightful suggestions. The detailed responses are provided below. \n\n**The idea is straightforward.** \n\nWe agree that the in-sample softmax seems to be a simple idea at a first glance. However, we also believe that the significance of a contribution should be judged by whether it can solve major algorithmic/theoretical challenges in an elegant way. If the proposed method indeed matches this criteria, we believe “simple” should be a strength but not a weakness. \n\n\n\n**Equation 7 is undefined when $\\pi_D(a|s)=0$.** \n\nThanks for pointing out this problem. We would like to clarify that whenever $\\pi_D(a|s)=0$, $\\pi_{\\pi_D, q} (a|s) = 0$. We have added a discussion in the revision to clarify the definition on the footnote of page 4. \n\n\n**Temperature**. \n\nFor all experiments included, we swept the temperature in [1.0, 0.5, 0.33, 0.1, 0.01] and reported the best result (see Appendix B.4). In our results, temperature=0.1 and 0.01 were both good in most settings, with 0.01 notably better for the expert dataset. In our offline setting, we can pick a smaller temperature because we do not need to explore the space, so it is more reasonable to set it to one of these two smaller values. Of course, it could still have interesting interactions in terms of convergence (learning in fewer iterations on the offline dataset) and reaching a different solution. It is possible something like annealing could improve convergence, by starting at a higher temperature and then annealing to 0.01. We have not yet tested this idea, but we like the suggestion and will be trying it in future work.  \n\n"
        },
        "signatures": [
          "ICLR.cc/2023/Conference/Paper5763/Authors"
        ],
        "readers": [
          "everyone"
        ],
        "nonreaders": [],
        "writers": [
          "ICLR.cc/2023/Conference",
          "ICLR.cc/2023/Conference/Paper5763/Authors"
        ]
      },
      {
        "id": "CAd4Py5O29",
        "original": null,
        "number": 4,
        "cdate": 1668483758696,
        "mdate": 1668483758696,
        "ddate": null,
        "tcdate": 1668483758696,
        "tmdate": 1668483758696,
        "tddate": null,
        "forum": "u-RuvyDYqCM",
        "replyto": "F3xuWMPVLc",
        "invitation": "ICLR.cc/2023/Conference/Paper5763/-/Official_Comment",
        "content": {
          "title": "Reply",
          "comment": "We thank the reviewer for acknowledging our contribution and providing insightful suggestions. The detailed responses are provided below. \n\n\n**Absolute scores.**\n\nThanks for pointing out this issue. We note that other works that use the D4RL dataset also use the normalized score to report the result. The difference is that previous works use the range 0-100 to report the normalized score, while we use the range 0-1. We agree that this makes it hard to compare with other baselines that are not present in the paper. To fix this, we have updated Figure 2, 3, 10, and 11 for offline learning results, and Figure 4 and 13 for fine-tuning results. We also add the absolute score for offline learning and fine-tuning (Figure 12 and 14 in Appendix) to facilitate comparisons to results reported in standard Mujoco benchmarks. \n\n\n**AntMaze.**\n\nOur key competitor, IQL, has not previously been run on sparse-reward Ant Maze. Instead, they ran it on a dense-reward version (see https://github.com/ikostrikov/implicit_q_learning/blob/09d700248117881a75cb21f0adb95c6c8a694cb2/train_offline.py#L68). \n\nWe did run the comparison in the dense-reward Ant Maze setting they used. InAC had a better performance than IQL in d4rl’s antmaze-umaze-diverse-v0 dataset, and similar performance to IQL in antmaze-umaze-v0 dataset. We added the learning curve in Figure 16 in the Appendix.\n\nAs for the sparse reward setting, we were not able to get IQL to work well, and so it is clearly an environment where we could see interesting differences! Thank you for this suggestion. As this will take some time to understand, and time to properly tune parameters, etc, as a next step, we will be investigating these methods in sparse-reward Ant Maze.\n"
        },
        "signatures": [
          "ICLR.cc/2023/Conference/Paper5763/Authors"
        ],
        "readers": [
          "everyone"
        ],
        "nonreaders": [],
        "writers": [
          "ICLR.cc/2023/Conference",
          "ICLR.cc/2023/Conference/Paper5763/Authors"
        ]
      },
      {
        "id": "3wac7KsqYq",
        "original": null,
        "number": 1,
        "cdate": 1674241747172,
        "pdate": null,
        "mdate": null,
        "ddate": null,
        "tcdate": 1674241747172,
        "tmdate": 1674241747172,
        "tddate": null,
        "forum": "u-RuvyDYqCM",
        "replyto": "u-RuvyDYqCM",
        "invitation": "ICLR.cc/2023/Conference/Paper5763/-/Decision",
        "content": {
          "title": "Paper Decision",
          "decision": "Accept: notable-top-25%",
          "metareview:_summary,_strengths_and_weaknesses": "Summary:\nThis paper studies offline RL. The main novelty is showing that in-sample softmax can be written as an expectation over samples from the dataset, reducing dependence on the behavior policy. It proves the convergence of the in-sample soft policy iteration. Experimental results show that the resulting algorithm outperforms several baselines on standard benchmarks.\n\nStrength:\n-  Clean motivating theory,  theory inspired practical implementation.\n-  no constraints enforced between the learned policy and the estimated behavior policy. \n- Experiments show that the algorithm can effectively avoid OOD actions and have good performance.\n\nWeakness:\n- The empirical evaluation is not as precise and complete as in other papers.\n\n\n",
          "justification_for_why_not_higher_score": "The experiments are not as precise and complete as in previous papers.",
          "justification_for_why_not_lower_score": "The proposed algorithm is simple and effective and have good empirical performance.",
          "note_from_PC": "if the above contains the word \"oral\" or \"spotlight\" please see: \"oral\" presentation means -> notable-top-5% and \"spotlight\" means -> notable-top-25%. As stated in our emails, we are disassociating presentation type from AC recommendations"
        },
        "signatures": [
          "ICLR.cc/2023/Conference/Program_Chairs"
        ],
        "readers": [
          "everyone"
        ],
        "nonreaders": [],
        "writers": [
          "ICLR.cc/2023/Conference/Program_Chairs"
        ]
      },
      {
        "id": "TZBIF3mnuLv",
        "original": null,
        "number": 1,
        "cdate": 1677362904724,
        "mdate": 1677362904724,
        "ddate": null,
        "tcdate": 1677362904724,
        "tmdate": 1677362904724,
        "tddate": null,
        "forum": "u-RuvyDYqCM",
        "replyto": "CAd4Py5O29",
        "invitation": "ICLR.cc/2023/Conference/Paper5763/-/Public_Comment",
        "content": {
          "title": "IQL runs on sparse-reward Ant Maze.",
          "comment": "IQL actually runs on the sparse-reward Ant Maze. The IQL agent only receives 0 score when reaches the goal otherwise it receives -1. The reward signal is shifted by 1 and is equivalent to the sparse-reward setting."
        },
        "signatures": [
          "~Yuwei_Fu1"
        ],
        "readers": [
          "everyone"
        ],
        "nonreaders": [],
        "writers": [
          "ICLR.cc/2023/Conference",
          "~Yuwei_Fu1"
        ]
      }
    ],
    "directReplies": [
      {
        "id": "F3xuWMPVLc",
        "original": null,
        "number": 1,
        "cdate": 1666509914852,
        "mdate": null,
        "ddate": null,
        "tcdate": 1666509914852,
        "tmdate": 1666509914852,
        "tddate": null,
        "forum": "u-RuvyDYqCM",
        "replyto": "u-RuvyDYqCM",
        "invitation": "ICLR.cc/2023/Conference/Paper5763/-/Official_Review",
        "content": {
          "confidence": "4: You are confident in your assessment, but not absolutely certain. It is unlikely, but not impossible, that you did not understand some parts of the submission or that you are unfamiliar with some pieces of related work.",
          "summary_of_the_paper": "The paper proposes an Actor-Critic RL algorithm able to learn from an offline dataset, while addressing the problem of out-of-distribution actions. The core contribution of the paper is the identification of how nicely soft policies and Q-updates (based on the softmax over actions) are amenable to updates robust to out-of-distribution actions. The resulting algorithm looks like the Soft Actor-Critic, but with the actor and critic losses slightly modified to introduce a term that depends on the estimated behavior policy used to collect samples in the dataset. Experimental results show that the resulting algorithm outperforms several baselines on standard benchmarks, and a theoretical analysis explains why the algorithm makes sense.",
          "strength_and_weaknesses": "Strengths:\n\n- The paper is very interesting to read and the idea is exciting! Some parts of the paper, that may appear simple (such as Equation 5, the trick to reduce the important of $\\pi_D$), are eye-opening.\n- The proposed algorithm is a relatively simple modification of the standard soft actor-critic losses. Nothing extra to compute, no resampling of the dataset to do. The algorithm seems easy to implement, and at almost no computational cost compared to vanilla SAC.\n- The paper is very clear and well-presented. Just the right amount of maths is given to understand how the new losses are designed, why they make sense, and how they can be implemented. Equations 14 to 16 are nicely grouped together to give a direct overview of the full (modified) SAC algorithm.\n- The sanity check is very nice to have, more papers should have a small and simple sanity check like this.\n\nWeaknesses:\n\n- The empirical evaluation is not as precise and complete as in other papers. Even in the appendix, I did not find absolute scores obtained by the agents in the environments (to be easy able to verify that the baseline scores match what other papers report, and to easily compare the scores obtained by IAC with baselines not present in the paper). Normalized scores are not that useful and usually hide more information than they reveal. Evaluation on AntMaze could also have been interesting: some people motivate that AntMaze is more difficult than the Mujoco tasks due to its sparse reward function, that better stresses the ability of an RL agent to bootstrap (instead of just following $r_t$).",
          "clarity,_quality,_novelty_and_reproducibility": "- Clarity: high. The paper is easy to read and to follow, takes time to explain everything needed to understand the algorithm, and does not have any distracting part.\n- Quality: high. The proposed method is sound, easy to implement, cheap to compute, and compatible with state-of-the-art RL algorithms of the family of Soft Actor-Critic.\n- Originality: high. The proposed algorithm is, to my knowledge, novel. Its derivation is interesting and novel too.",
          "summary_of_the_review": "Very well-written paper with sufficient (but can be improved) empirical results. I would strongly advocate for the authors to include raw (un-normalized) scores in the final version of the paper, for ease of comparison against algorithms not present in this particular paper.",
          "correctness": "4: All of the claims and statements are well-supported and correct.",
          "technical_novelty_and_significance": "3: The contributions are significant and somewhat new. Aspects of the contributions exist in prior work.",
          "empirical_novelty_and_significance": "2: The contributions are only marginally significant or novel.",
          "flag_for_ethics_review": [
            "NO."
          ],
          "recommendation": "8: accept, good paper"
        },
        "signatures": [
          "ICLR.cc/2023/Conference/Paper5763/Reviewer_xpgy"
        ],
        "readers": [
          "everyone"
        ],
        "nonreaders": [],
        "writers": [
          "ICLR.cc/2023/Conference",
          "ICLR.cc/2023/Conference/Paper5763/Reviewer_xpgy"
        ]
      },
      {
        "id": "emtE4zrvQ7",
        "original": null,
        "number": 2,
        "cdate": 1666673881455,
        "mdate": null,
        "ddate": null,
        "tcdate": 1666673881455,
        "tmdate": 1666673881455,
        "tddate": null,
        "forum": "u-RuvyDYqCM",
        "replyto": "u-RuvyDYqCM",
        "invitation": "ICLR.cc/2023/Conference/Paper5763/-/Official_Review",
        "content": {
          "confidence": "3: You are fairly confident in your assessment. It is possible that you did not understand some parts of the submission or that you are unfamiliar with some pieces of related work. Math/other details were not carefully checked.",
          "summary_of_the_paper": "In maximum entropy RL, we use a soft Bellman optimality equations where the standard max operation is replaced by the log-sum-exp operation. Just as researchers have proposed to use in-sample max instead of max over the entire action space, this paper propose to use in-sample softmax to improve the softmax operation, such that we only uses actions well-covered by the dataset. Some theoretical study are provided to show the convergence property similar to softmax. Experimental results demonstrate the effectiveness of the proposed in-sample softmax operation for a SAC-type algorithm on various offline RL benchmarks.",
          "strength_and_weaknesses": "Strength:\n- The paper is well-written and easy to follow.\n- Nice theoretical characterization.\n- Experiments results seem promising.\n\nWeaknesses/Questions:\n- The idea is a bit straightforward (though not necessarily a weakness), as we have in-sample max to improve max, it seems not surprising to use in-sample softmax to replace softmax.\n- The explanation/derivation in page 4 before section 4 may not be necessary as the math seems trivial. Also some argument could be more accurate (e.g. when $\\pi_D(a|s) = 0$, equation (7) is undefined since $\\log(\\pi_D(a|s) )$ does not exist).\n- The in-sample softmax optimal policy approaches the in-sample optimal policy as the temperature approaches zero. In practice, how do you choose the temperature. Have you considered annealing the temperature for better performance?",
          "clarity,_quality,_novelty_and_reproducibility": "See above for more detailed comments.",
          "summary_of_the_review": "The paper propose to use in-sample softmax instead of softmax for maximum entropy offline RL, which leads to in-sample SAC that shows promising results on some offline RL benchmarks. The idea is interesting, though being a straightforward extension of existing ideas.",
          "correctness": "4: All of the claims and statements are well-supported and correct.",
          "technical_novelty_and_significance": "3: The contributions are significant and somewhat new. Aspects of the contributions exist in prior work.",
          "empirical_novelty_and_significance": "3: The contributions are significant and somewhat new. Aspects of the contributions exist in prior work.",
          "flag_for_ethics_review": [
            "NO."
          ],
          "recommendation": "6: marginally above the acceptance threshold"
        },
        "signatures": [
          "ICLR.cc/2023/Conference/Paper5763/Reviewer_Dopc"
        ],
        "readers": [
          "everyone"
        ],
        "nonreaders": [],
        "writers": [
          "ICLR.cc/2023/Conference",
          "ICLR.cc/2023/Conference/Paper5763/Reviewer_Dopc"
        ]
      },
      {
        "id": "EMeC-PPCMGS",
        "original": null,
        "number": 3,
        "cdate": 1667455745953,
        "mdate": null,
        "ddate": null,
        "tcdate": 1667455745953,
        "tmdate": 1667455745953,
        "tddate": null,
        "forum": "u-RuvyDYqCM",
        "replyto": "u-RuvyDYqCM",
        "invitation": "ICLR.cc/2023/Conference/Paper5763/-/Official_Review",
        "content": {
          "confidence": "4: You are confident in your assessment, but not absolutely certain. It is unlikely, but not impossible, that you did not understand some parts of the submission or that you are unfamiliar with some pieces of related work.",
          "summary_of_the_paper": "The paper proposes an offline RL algorithm based on the principles of in-sample maximization (when fitting the Q function) and maximum-entropy RL. It introduces the in-sample softmax, which is a straightforward modification of the usual softmax used in MaxEnt RL to only include actions in the support of the behavior policy, similarly to Batch-Constrained Q-Learning (BCQ). The convergence of in-sample soft policy iteration to an optimal policy (for an appropriate definition of optimal) is proved.\n\nThe main novelty is in showing that this in-sample softmax can be written as an expectation over samples from the dataset, reducing dependence on the behavior policy. Using this identity, the authors develop an algorithm similar to Soft Actor-Critic (SAC), which they dub In-sample Actor-Critic (InAC). Experiments demonstrate that InAC is effective in avoiding out-of-distribution (OOD) actions and attains high performance in both purely offline and offline-to-online settings.",
          "strength_and_weaknesses": "Strengths:\n* The paper presents a clean motivating theory that is not too far removed from the practical implementation.\n* Unlike some other offline RL algorithms, InAC does not enforce constraints between the learned policy and the estimated behavior policy. This is good because imperfections in the estimated behavior policy can bias learning.\n* Experiments show that the algorithm can effectively avoid OOD actions.\n* The performance of the algorithm is similar to or better than existing algorithms, both for offline and offline-to-online learning.\n\nWeaknesses:\n* Judging by Figure 3, it seems that some of the algorithms have not converged within the 0.8M iterations. Obviously it is good that InAC learns faster, but it’s possible that the other algorithms could reduce the gap if given more iterations. Since training time is typically not the constraining factor in offline RL, I think all algorithms should be run to convergence.",
          "clarity,_quality,_novelty_and_reproducibility": "The paper is generally clear and well-written.\n\nThe in-sample softmax, while a combination of existing ideas, is novel to my knowledge. More importantly, the authors show identity (5), which is the core algorithmic innovation and addresses a key issue in offline RL.\n\nThe authors include detailed descriptions of the experimental setup and hyperparameters for reproducibility purposes.\n\nA small note: in equation (47), I think the final equality is the wrong way. (The logic would be correct and match the statement of the lemma if the sign were flipped.)",
          "summary_of_the_review": "I think the paper presents a useful idea and algorithm with compelling results, and therefore should be accepted.",
          "correctness": "4: All of the claims and statements are well-supported and correct.",
          "technical_novelty_and_significance": "3: The contributions are significant and somewhat new. Aspects of the contributions exist in prior work.",
          "empirical_novelty_and_significance": "3: The contributions are significant and somewhat new. Aspects of the contributions exist in prior work.",
          "flag_for_ethics_review": [
            "NO."
          ],
          "recommendation": "8: accept, good paper"
        },
        "signatures": [
          "ICLR.cc/2023/Conference/Paper5763/Reviewer_LBrh"
        ],
        "readers": [
          "everyone"
        ],
        "nonreaders": [],
        "writers": [
          "ICLR.cc/2023/Conference",
          "ICLR.cc/2023/Conference/Paper5763/Reviewer_LBrh"
        ]
      },
      {
        "id": "3wac7KsqYq",
        "original": null,
        "number": 1,
        "cdate": 1674241747172,
        "pdate": null,
        "mdate": null,
        "ddate": null,
        "tcdate": 1674241747172,
        "tmdate": 1674241747172,
        "tddate": null,
        "forum": "u-RuvyDYqCM",
        "replyto": "u-RuvyDYqCM",
        "invitation": "ICLR.cc/2023/Conference/Paper5763/-/Decision",
        "content": {
          "title": "Paper Decision",
          "decision": "Accept: notable-top-25%",
          "metareview:_summary,_strengths_and_weaknesses": "Summary:\nThis paper studies offline RL. The main novelty is showing that in-sample softmax can be written as an expectation over samples from the dataset, reducing dependence on the behavior policy. It proves the convergence of the in-sample soft policy iteration. Experimental results show that the resulting algorithm outperforms several baselines on standard benchmarks.\n\nStrength:\n-  Clean motivating theory,  theory inspired practical implementation.\n-  no constraints enforced between the learned policy and the estimated behavior policy. \n- Experiments show that the algorithm can effectively avoid OOD actions and have good performance.\n\nWeakness:\n- The empirical evaluation is not as precise and complete as in other papers.\n\n\n",
          "justification_for_why_not_higher_score": "The experiments are not as precise and complete as in previous papers.",
          "justification_for_why_not_lower_score": "The proposed algorithm is simple and effective and have good empirical performance.",
          "note_from_PC": "if the above contains the word \"oral\" or \"spotlight\" please see: \"oral\" presentation means -> notable-top-5% and \"spotlight\" means -> notable-top-25%. As stated in our emails, we are disassociating presentation type from AC recommendations"
        },
        "signatures": [
          "ICLR.cc/2023/Conference/Program_Chairs"
        ],
        "readers": [
          "everyone"
        ],
        "nonreaders": [],
        "writers": [
          "ICLR.cc/2023/Conference/Program_Chairs"
        ]
      }
    ]
  }
}