{
  "id": "VA1YpcNr7ul",
  "original": "RQ8wV0gx_MA",
  "number": 886,
  "cdate": 1663849897269,
  "mdate": null,
  "ddate": null,
  "tcdate": 1663849897269,
  "tmdate": 1677610139400,
  "tddate": null,
  "tauthor": "~Super_User1",
  "forum": "VA1YpcNr7ul",
  "replyto": null,
  "invitation": "ICLR.cc/2023/Conference/-/Blind_Submission",
  "content": {
    "title": "DASHA: Distributed Nonconvex Optimization with Communication Compression and Optimal Oracle Complexity",
    "authorids": [
      "~Alexander_Tyurin1",
      "~Peter_Richtárik1"
    ],
    "authors": [
      "Alexander Tyurin",
      "Peter Richtárik"
    ],
    "keywords": [
      "Nonconvex Optimization",
      "Variance Reduction",
      "Compressed Communication",
      "Distributed Optimization"
    ],
    "TL;DR": "We provide a new method that improves the state-of-the-art theoretical complexity of distributed optimization methods with compressed communication in the nonconvex regime.",
    "abstract": "We develop and analyze  DASHA: a new family of methods for nonconvex distributed optimization problems. When the local functions at the nodes have a finite-sum or an expectation form, our new methods, DASHA-PAGE, DASHA-MVR and DASHA-SYNC-MVR, improve the theoretical oracle and communication complexity of the previous state-of-the-art method MARINA by Gorbunov et al. (2020). In particular, to achieve an $\\varepsilon$-stationary point, and considering the random sparsifier Rand$K$ as an example, our methods compute the optimal number of gradients $\\mathcal{O}\\left(\\frac{\\sqrt{m}}{\\varepsilon\\sqrt{n}}\\right)$ and $\\mathcal{O}\\left(\\frac{\\sigma}{\\varepsilon^{3/2}n}\\right)$ in finite-sum and expectation form cases, respectively, while maintaining the SOTA communication complexity $\\mathcal{O}\\left(\\frac{d}{\\varepsilon \\sqrt{n}}\\right)$. Furthermore, unlike MARINA, the new methods DASHA, DASHA-PAGE and DASHA-MVR send compressed vectors only, which makes them more practical for federated learning. We extend our results to the case when the functions satisfy the Polyak-Lojasiewicz condition. Finally, our theory is corroborated in practice: we see a significant improvement in experiments with nonconvex classification and training of deep learning models.",
    "pdf": "/pdf/b48aa1d65ec14a3d0d8248dd7e332ea750bdee69.pdf",
    "anonymous_url": "I certify that there is no URL (e.g., github page) that could be used to find authors’ identity.",
    "no_acknowledgement_section": "I certify that there is no acknowledgement section in this submission for double blind review.",
    "code_of_ethics": "I acknowledge that I and all co-authors of this work have read and commit to adhering to the ICLR Code of Ethics",
    "submission_guidelines": "Yes",
    "resubmission": "",
    "student_author": "",
    "Please_choose_the_closest_area_that_your_submission_falls_into": "Optimization (eg, convex and non-convex optimization)",
    "paperhash": "tyurin|dasha_distributed_nonconvex_optimization_with_communication_compression_and_optimal_oracle_complexity",
    "_bibtex": "@inproceedings{\ntyurin2023dasha,\ntitle={{DASHA}: Distributed Nonconvex Optimization with Communication Compression and Optimal Oracle Complexity},\nauthor={Alexander Tyurin and Peter Richt{\\'a}rik},\nbooktitle={The Eleventh International Conference on Learning Representations },\nyear={2023},\nurl={https://openreview.net/forum?id=VA1YpcNr7ul}\n}",
    "venue": "ICLR 2023 notable top 25%",
    "venueid": "ICLR.cc/2023/Conference"
  },
  "signatures": [
    "ICLR.cc/2023/Conference"
  ],
  "readers": [
    "everyone"
  ],
  "nonreaders": [],
  "writers": [
    "ICLR.cc/2023/Conference"
  ],
  "pdate": 1675279132679,
  "odate": 1664468100000,
  "details": {
    "overwriting": [],
    "tags": [],
    "writable": false,
    "replyCount": 11,
    "directReplyCount": 5,
    "revisions": true,
    "replies": [
      {
        "id": "x2-WqMX20Uo",
        "original": null,
        "number": 1,
        "cdate": 1666649314303,
        "mdate": null,
        "ddate": null,
        "tcdate": 1666649314303,
        "tmdate": 1666649882268,
        "tddate": null,
        "forum": "VA1YpcNr7ul",
        "replyto": "VA1YpcNr7ul",
        "invitation": "ICLR.cc/2023/Conference/Paper886/-/Official_Review",
        "content": {
          "confidence": "3: You are fairly confident in your assessment. It is possible that you did not understand some parts of the submission or that you are unfamiliar with some pieces of related work. Math/other details were not carefully checked.",
          "summary_of_the_paper": "This paper proposes a novel propose novel methods improving the theoretical oracle and communication complexity of the previous state-of-the-art method. New methods can compress vectors, which makes them more useful in federated learning",
          "strength_and_weaknesses": "Strength: This paper proposes a novel propose novel methods improving the theoretical oracle and communication complexity of the previous state-of-the-art method. This paper is theoretically sound in general\n\nWeaknesses: Some experiments on federated learning should be done to verify the performance.",
          "clarity,_quality,_novelty_and_reproducibility": "This paper is presented clearly,  only minor flaws.",
          "summary_of_the_review": "This paper proposes a novel propose novel methods improving the theoretical oracle and communication complexity of the previous state-of-the-art method. New methods can compress vectors, which makes them more useful in federated learning\nThe paper is theoretically sound, and the current version can be significantly improved in the following aspects:\n1.\tPage 21, 1/n^2  ∑_(i=1)^nE_C[...] should be  1/n  ∑_(i=1)^nE_C[...].\n2.   Page 29,   E_h [‖h^(t+1)-∇f(x^(t+1) )‖^2 ]≤  ((1-p))/(n^2 B^2 )..... should be E_h [‖h^(t+1)-∇f(x^(t+1) )‖^2 ]≤  ((1-p))/(n B^2 )..... \n3.  Finally, some experiments on federated learning should be done to verify the performance.",
          "correctness": "4: All of the claims and statements are well-supported and correct.",
          "technical_novelty_and_significance": "4: The contributions are significant, and do not exist in prior works.",
          "empirical_novelty_and_significance": "4: The contributions are significant, and do not exist in prior works.",
          "flag_for_ethics_review": [
            "NO."
          ],
          "recommendation": "6: marginally above the acceptance threshold"
        },
        "signatures": [
          "ICLR.cc/2023/Conference/Paper886/Reviewer_cCdR"
        ],
        "readers": [
          "everyone"
        ],
        "nonreaders": [],
        "writers": [
          "ICLR.cc/2023/Conference",
          "ICLR.cc/2023/Conference/Paper886/Reviewer_cCdR"
        ]
      },
      {
        "id": "64XQHfkHQRK",
        "original": null,
        "number": 2,
        "cdate": 1666653342151,
        "mdate": null,
        "ddate": null,
        "tcdate": 1666653342151,
        "tmdate": 1666653342151,
        "tddate": null,
        "forum": "VA1YpcNr7ul",
        "replyto": "VA1YpcNr7ul",
        "invitation": "ICLR.cc/2023/Conference/Paper886/-/Official_Review",
        "content": {
          "confidence": "3: You are fairly confident in your assessment. It is possible that you did not understand some parts of the submission or that you are unfamiliar with some pieces of related work. Math/other details were not carefully checked.",
          "summary_of_the_paper": "The focus of this paper is on distributed nonconvex smooth optimization in a setting where there is synchronization among the $n$ workers and there is a central server that is coordinating communications among the workers. The authors are interested in obtaining an $\\varepsilon$-approximate first-order stationary point as a solution to three variants of the finite-sum distributed optimization problem in which the objective function $f$ is respectively:\n\n- $f(x) = \\frac{1}{n} \\sum_{i=1}^n f_i(x)$ (Gradient Setting)\n- Each local function $f_i(x)$ has a further finite-sum form (Finite-Sum Setting)\n- Each local function is expectation of a stochastic function (Stochastic Setting)\n\nThe authors aim to reduce the number of communications rounds needed in these three settings to achieve optimal oracle complexity, and this is accomplished through the use of independent, unbiased compressors at each worker. The resulting algorithms are respectively termed DASHA, DASHA-PAGE, DASHA-MVR, and DASHA-SYNC-MVR, where DASHA-SYNC-MVR is a variant of DASHA-MVR in which workers synchronize with each other every once in a while using uncompressed messages.",
          "strength_and_weaknesses": "**Strengths**\n- The authors provide rigorous theoretical guarantees for the four different variants of DASHA for distributed nonconvex optimization. The results show that DASHA and DASHA-PAGE improve on the SOTA communications complexity without requiring any uncompressed synchronization steps. The variant DASHA-SYNC-MVR also improves on the SOTA communications complexity while requiring communications of uncompressed messages.\n- Results of a substantial number of numerical experiments are provided in the paper to showcase the superiority of DASHA over the SOTA algorithm MARINA.\n\n**Weaknesses**\n- DASHA is a mash-up between MARINA and existing distributed nonconvex optimization methods. Other than the fact that three variants of DASHA get rid of the uncompressed synchronization in MARINA, this reviewer could not pinpoint a difference between MARINA and DASHA. As such, the main novelty of this work seems to be in terms of theoretical analysis of MARINA when the uncompressed synchronization step is removed. The authors could have done a better job of clarifying where does this novelty lie in the analysis (e.g., pinpointing the key analytical approaches in the lemma that helped improve the analysis).\n- The experimental results are not described clearly in my opinion. It is not clear from reading the description how did the authors count the number of bits. Additionally, how exactly was the fine tuning done for the step sizes in the experiments? The results for stochastic setting don't seem as convincing for the case of $K = 2000$ and the choice of $B=1$ also seems strange.\n\n**Some Additional Feedback**\n- The mathematical expressions in the abstract have symbols that are not defined in the abstract and one has to guess about them till one gets to the later part of the paper.\n- Section 1.1: Might be useful to clarify what is the expectation going to be over.\n- Equation (2): We have $\\frac{1}{n}$ in both this equation and in (1). Is this right?\n- Definition 1.1: Does $\\omega$ really belong to $\\mathbb{R}$? Can it be negative?\n- Section 4, Third paragraph: Why does it say that it provides a \"suboptimal oracle complexity w.r.t. $\\omega$\"? Are not the additional factors not a function of $\\omega$?",
          "clarity,_quality,_novelty_and_reproducibility": "**Clarity and Quality**\n- The paper is very well written and it was a pleasure to read it.\n\n**Novelty**\n- As noted above under weaknesses, the novelty of this paper in terms of algorithmic development is minimal. One might even argue if the class of algorithms in this paper should be given a new name or should the name be a variant of MARINA. The main novelty of this work is in terms of theoretical developments, but the authors need to do a better job of clarifying the novelty of that part of the work.\n\n**Reproducibility**\n- The paper follows the narrow definition of reproducibility in the sense that a GitHub repo is present for this paper. However, the ReadMe for the repo is extremely minimal and does not satisfy the requirements for full reproducibility in my opinion.",
          "summary_of_the_review": "Overall, it is a very nicely written paper and was a real pleasure to read. The algorithmic novelty of this work seems to be overstated. The theoretical novelty of the work needs to clarified better so that the reader can appreciate it. The experiment results also need to be described in a better fashion, rather than simply being presented.",
          "correctness": "4: All of the claims and statements are well-supported and correct.",
          "technical_novelty_and_significance": "3: The contributions are significant and somewhat new. Aspects of the contributions exist in prior work.",
          "empirical_novelty_and_significance": "1: The contributions are neither significant nor novel.",
          "flag_for_ethics_review": [
            "NO."
          ],
          "recommendation": "6: marginally above the acceptance threshold"
        },
        "signatures": [
          "ICLR.cc/2023/Conference/Paper886/Reviewer_f95g"
        ],
        "readers": [
          "everyone"
        ],
        "nonreaders": [],
        "writers": [
          "ICLR.cc/2023/Conference",
          "ICLR.cc/2023/Conference/Paper886/Reviewer_f95g"
        ]
      },
      {
        "id": "rNHtvf6mo4",
        "original": null,
        "number": 3,
        "cdate": 1667100202950,
        "mdate": null,
        "ddate": null,
        "tcdate": 1667100202950,
        "tmdate": 1667100202950,
        "tddate": null,
        "forum": "VA1YpcNr7ul",
        "replyto": "VA1YpcNr7ul",
        "invitation": "ICLR.cc/2023/Conference/Paper886/-/Official_Review",
        "content": {
          "confidence": "3: You are fairly confident in your assessment. It is possible that you did not understand some parts of the submission or that you are unfamiliar with some pieces of related work. Math/other details were not carefully checked.",
          "summary_of_the_paper": "The goal of the paper is to solve, to $\\epsilon$-additive accuracy, finite-sum non-convex optimization under the coordinator model of distributed computation, with as small a communication cost as possible. Each server (there are $n$ of them) has access to an oracle: the paper studies three natural variants, the gradient, the mini-batch gradient, and stochastic gradient.",
          "strength_and_weaknesses": "STRENGTHS - I think the paper studies an important problem, is very clearly written, and seems to have done a reasonable job of comparing against prior work. \n\nWEAKNESSES - This isn't really a weakness, rather a question I have (perhaps the authors can address this in their rebuttal) --- Is the proposed algorithm a \"distributed version\" of SVRG (or some algorithm in that family)? Again, even if it is, I don't think that's a problem, I just think (if it is), it would help contextualize the paper better by discussing this connection.",
          "clarity,_quality,_novelty_and_reproducibility": "I think the paper is very nicely written! ",
          "summary_of_the_review": "I recommend acceptance of this paper: the problem is interesting in its own right and of great practical importance to modern machine learning where functions are potentially nonconvex and dimensions large, and the algorithms make intuitive sense. I also appreciate the effort put into keeping the paper clear and easy-to-understand. ",
          "correctness": "4: All of the claims and statements are well-supported and correct.",
          "technical_novelty_and_significance": "3: The contributions are significant and somewhat new. Aspects of the contributions exist in prior work.",
          "empirical_novelty_and_significance": "Not applicable",
          "flag_for_ethics_review": [
            "NO."
          ],
          "recommendation": "8: accept, good paper"
        },
        "signatures": [
          "ICLR.cc/2023/Conference/Paper886/Reviewer_xs5t"
        ],
        "readers": [
          "everyone"
        ],
        "nonreaders": [],
        "writers": [
          "ICLR.cc/2023/Conference",
          "ICLR.cc/2023/Conference/Paper886/Reviewer_xs5t"
        ]
      },
      {
        "id": "8uUegkYvBs",
        "original": null,
        "number": 4,
        "cdate": 1667220772697,
        "mdate": null,
        "ddate": null,
        "tcdate": 1667220772697,
        "tmdate": 1667220772697,
        "tddate": null,
        "forum": "VA1YpcNr7ul",
        "replyto": "VA1YpcNr7ul",
        "invitation": "ICLR.cc/2023/Conference/Paper886/-/Official_Review",
        "content": {
          "confidence": "4: You are confident in your assessment, but not absolutely certain. It is unlikely, but not impossible, that you did not understand some parts of the submission or that you are unfamiliar with some pieces of related work.",
          "summary_of_the_paper": "The paper studies convergence of compressed SGD to a first-order stationary point. The paper considers unbiased compressors and improves state-of-the-art convergence rate and communication complexity for both finite-sum and stochastic settings. The algorithms presented in the paper differ in update rules and their requirement for periodical synchronization. The paper uses unbiased RandK compressor with the proper K to avoid synchronization.\n",
          "strength_and_weaknesses": "I have the following suggestions about the paper:\n-- I think the paper would benefit from outlining the proofs\n-- The proofs look similar to that of MARINA. Can you please elaborate on the differences between the techniques in these two papers?\n",
          "clarity,_quality,_novelty_and_reproducibility": "I would suggest the following changes:\n-- I believe it would be better to extract Line 8 of Algorithm 1 into a separate equation.\n-- I think it’s better to just follow footnote 2, and  replace all smoothness constants with L.\n",
          "summary_of_the_review": "Solid paper, accept.",
          "correctness": "4: All of the claims and statements are well-supported and correct.",
          "technical_novelty_and_significance": "3: The contributions are significant and somewhat new. Aspects of the contributions exist in prior work.",
          "empirical_novelty_and_significance": "3: The contributions are significant and somewhat new. Aspects of the contributions exist in prior work.",
          "flag_for_ethics_review": [
            "NO."
          ],
          "recommendation": "6: marginally above the acceptance threshold"
        },
        "signatures": [
          "ICLR.cc/2023/Conference/Paper886/Reviewer_hqd4"
        ],
        "readers": [
          "everyone"
        ],
        "nonreaders": [],
        "writers": [
          "ICLR.cc/2023/Conference",
          "ICLR.cc/2023/Conference/Paper886/Reviewer_hqd4"
        ]
      },
      {
        "id": "UmEGHYF30k1",
        "original": null,
        "number": 1,
        "cdate": 1667972986726,
        "mdate": 1667972986726,
        "ddate": null,
        "tcdate": 1667972986726,
        "tmdate": 1667972986726,
        "tddate": null,
        "forum": "VA1YpcNr7ul",
        "replyto": "8uUegkYvBs",
        "invitation": "ICLR.cc/2023/Conference/Paper886/-/Official_Comment",
        "content": {
          "title": "Response to Reviewer hqd4",
          "comment": "> I have the following suggestions about the paper: -- I think the paper would benefit from outlining the proofs -- The proofs look similar to that of MARINA. Can you please elaborate on the differences between the techniques in these two papers?\n\nYes, we will be most happy to add more insights about the differences between the DASHA and MARINA proofs, and why we our new approach leads to an improved convergence rate of MARINA. We will do this very soon.\n\n> I would suggest the following changes: -- I believe it would be better to extract Line 8 of Algorithm 1 into a separate equation. -- I think it’s better to just follow footnote 2, and replace all smoothness constants with $L$.\n\nWe believe that it is far better to keep the smoothness constants as they are for at least two reasons: 1) the obtained bounds are tighter this way (notice that the constants can be different), 2) the convergence rates are more easily interpretable the way we present them; for instance, please take a look at Theorem 6.7, only the smoothness constant $L_{\\sigma}$ improves with the batch size $B.$"
        },
        "signatures": [
          "ICLR.cc/2023/Conference/Paper886/Authors"
        ],
        "readers": [
          "everyone"
        ],
        "nonreaders": [],
        "writers": [
          "ICLR.cc/2023/Conference",
          "ICLR.cc/2023/Conference/Paper886/Authors"
        ]
      },
      {
        "id": "ih2ADQNZl7A",
        "original": null,
        "number": 2,
        "cdate": 1667974113187,
        "mdate": 1667974113187,
        "ddate": null,
        "tcdate": 1667974113187,
        "tmdate": 1667974113187,
        "tddate": null,
        "forum": "VA1YpcNr7ul",
        "replyto": "rNHtvf6mo4",
        "invitation": "ICLR.cc/2023/Conference/Paper886/-/Official_Comment",
        "content": {
          "title": "Response to Reviewer xs5t",
          "comment": "Thank you for the enthusiastic support of our work! We are also excited by our results; in particular because distributed computation has become the norm in modern ML by now, because communication is a key bottleneck, and because our method achieves new theoretical SOTA rates, despite vast amount of effort by the community to push the boundaries.\n\n> Is the proposed algorithm a \"distributed version\" of SVRG (or some algorithm in that family)? Again, even if it is, I don't think that's a problem, I just think (if it is), it would help contextualize the paper better by discussing this connection.\n\nNo, our method is not a distributed variant of SVRG. One can argue that gradient descent is a distributed version of SVRG - indeed, as one increases the minibatch size in SVRG so that more workers participate, one obtains gradient descent in the limit with full worker participation. \n\nAnother way to interpret your question is this: While SVRG is a variance reduced method for reducing the variance coming from subsampling for finite-sum optimization over data stored on a single node, what is the simplest variance reduced method that reduces the variance coming from gradient compression in distributed finite-sum optimization? The answer is: this is the DIANA method of Mishchenko et al (https://arxiv.org/abs/1901.09269); see also https://www.tandfonline.com/doi/full/10.1080/10556788.2022.2117355 .  Both DIANA and SVRG can be analyzed in a unified fashion using the formalism of Gorbunov et al (http://proceedings.mlr.press/v108/gorbunov20a/gorbunov20a.pdf), as both satisfy their key Assumption 4.1. However, neither MARINA nor DASHA are analyzable this way, and the key reason is that they use biased gradient estimators. Indeed, it is well known that, for example, SVRG does not obtain the optimal oracle complexity for nonconvex finite-sum single-node problems, and that one has to resort to more elaborate methods in that case, such as SARAH by Nguyen et al (https://arxiv.org/pdf/1703.00102.pdf) or PAGE by Li et al (https://proceedings.mlr.press/v139/li21a.html). Likewise, in the distributed regime with communication compression, DIANA (the closest analogue of SVRG in the distributed regime) is inferior to MARINA, which was shown in the MARINA paper. In our paper, we further improve on MARINA, obtaining new theoretical SOTA rates. All of the methods mentioned above belong to a large and diverse class of so-called \"variance-reduced\" methods.\n\nIn the nonconvex case, MARINA can be interpreted as a\"distributed version\" of PAGE, while DASHA can be interpreted as a \"distributed version\" of MVR (see https://arxiv.org/pdf/1905.10018.pdf). "
        },
        "signatures": [
          "ICLR.cc/2023/Conference/Paper886/Authors"
        ],
        "readers": [
          "everyone"
        ],
        "nonreaders": [],
        "writers": [
          "ICLR.cc/2023/Conference",
          "ICLR.cc/2023/Conference/Paper886/Authors"
        ]
      },
      {
        "id": "vLHMMmO1iwB",
        "original": null,
        "number": 3,
        "cdate": 1667976431975,
        "mdate": 1667976431975,
        "ddate": null,
        "tcdate": 1667976431975,
        "tmdate": 1667976431975,
        "tddate": null,
        "forum": "VA1YpcNr7ul",
        "replyto": "64XQHfkHQRK",
        "invitation": "ICLR.cc/2023/Conference/Paper886/-/Official_Comment",
        "content": {
          "title": "Response to Reviewer f95g ",
          "comment": "Thanks for the helpful review.\n\n> DASHA is a mash-up between MARINA and existing distributed nonconvex optimization methods. Other than the fact that three variants of DASHA get rid of the uncompressed synchronization in MARINA, this reviewer could not pinpoint a difference between MARINA and DASHA. As such, the main novelty of this work seems to be in terms of theoretical analysis of MARINA when the uncompressed synchronization step is removed. The authors could have done a better job of clarifying where does this novelty lie in the analysis (e.g., pinpointing the key analytical approaches in the lemma that helped improve the analysis).\n\nWe want to note that the difference between the algorithms MARINA and DASHA themselves is significant, and we are happy to elaborate more about the differences in the camera-ready version - this will give us extra space to do so. That is to say, the difference is not only in the analysis - the algorithmic difference matters greatly. We agree adding such comments will be beneficial. \n\nThe easiest way to think about the difference between MARINA and DASHA is this: MARINA can be interpreted as a\"distributed version\" of PAGE of Li et al (https://proceedings.mlr.press/v139/li21a.html), while DASHA can be interpreted as a \"distributed version\" of the momentum variance reduction (MVR) method of Cutkosky and Orabona (see https://arxiv.org/abs/1905.10018). Just as PAGE and MVR differ significantly, so do MARINA and DASHA. \n\nThe gradient estimator in DASHA (in its simplest variant; using the first option in step 8 of Alg 1) is:\n$$g^{t+1} = \\frac{1}{n} \\sum_{i=1}^n g_i^{t+1},$$\nwhere\n$$g_i^{t+1} = g_i^t + {\\cal C}_i \\left(\\nabla f_i(x^{t+1}) - \\nabla f_i(x^{t}) - a(g_i^t - \\nabla f_i(x^{t}) ) \\right).$$\n\nOn the other hand, the gradient estimator in MARINA is:\n$$g^{t+1} = \\frac{1}{n} \\sum_{i=1}^n g_i^{t+1},$$\nwhere\n$$g_i^{t+1} = g^t + {\\cal C}_i \\left( \\nabla f_i(x^{t+1}) - \\nabla f_i(x^{t})  \\right)$$\n\nNotice that DASHA subtracts the extra \"momentum\" term $a(g_i^t - \\nabla f_i(x^{t}) )$ from the vector that is about to get compressed; and this is ultimately responsible for the various theoretical improvements we get with DASHA over MARINA. It is not possible to say that DASHA is a variant of MARINA. \n\nDespite the fact that the algorithmic change is seemingly small, it has profound theoretical consequences (leading to new theoretical SOTA), and we believe this is what ultimately matters.  For example, SVRG resulted by a small modification of SGD, and yet this had a strong effect.\n\nIf you are still unconvinced that MARINA and DASHA differ substantially, please let us know, and we will elaborate further.\n\nWe will elaborate on this more in the camera ready.\n\n> It is not clear from reading the description how did the authors count the number of bits.\n\nIf nodes compress via the RandK compressor, for example, then the number of bits sent equals $K * 32$ (if we use 32 bits to represent one float) instead of $d*32$, which is what it would take to send the full $d$-dimensional vector instead. This is a compression ratio of $d:K$. \n\nWe do not innovate in terms of the actual compression operators, which are by now standard in the literature, which is why we did not comment on this in detail. However, we will add clarifications in the camera ready version of the paper should the paper get accepted.\n\n> Additionally, how exactly was the fine tuning done for the step sizes in the experiments?\n\nWe took all step sizes from the set $2^{-10}$, $2^{-9}$, ..., $2^{10}$.\n\n> Might be useful to clarify what is the expectation going to be over.\n\nIndeed, we will clarify. We take expectation only over the possibly random vector $\\widehat{x}.$ The function $f$ does not depend on any randomness (this is different from the functions $f_i(\\dot, \\xi)$ that are random).\n\n> We have $1/n$  in both this equation and in (1). Is this right?\n\nThanks for noticing. This is a typo. There should be $1/m$ instead. Thank you!\n\n> Does $\\omega$  really belong to $\\mathbb R$? Can it be negative?\n\nFrom the definition of a compression operator, it follows that $\\omega$ cannot be negative. Indeed, since\n$0 \\leq {\\rm E} ||C(x) - x||^2 \\leq \\omega ||x||^2$, it must be the case that $\\omega \\geq 0.$\n\n>  Section 4, Third paragraph: Why does it say that it provides a \"suboptimal oracle complexity w.r.t. $\\omega$\"? Are not the additional factors not a function of $\\omega$?\n\nWe are not sure if we understood the question correctly. Please let us know if we did not and we will be most happy to reply.\n\nWe are talking there about the terms with the superscript (c). For instance, in Table~1, the term $B \\omega \\sqrt{\\frac{\\sigma^2}{\\varepsilon B N}}$ has worse dependence than the terms $B \\omega$ in other algorithms. But, as we explain in the paper, we can always choose the parameter $K$ of RandK such that this term does not dominate.\n\n> The paper is very well written and it was a pleasure to read it.\n\nThank you! We very much appreciate this."
        },
        "signatures": [
          "ICLR.cc/2023/Conference/Paper886/Authors"
        ],
        "readers": [
          "everyone"
        ],
        "nonreaders": [],
        "writers": [
          "ICLR.cc/2023/Conference",
          "ICLR.cc/2023/Conference/Paper886/Authors"
        ]
      },
      {
        "id": "0B0eohAQ4WK",
        "original": null,
        "number": 4,
        "cdate": 1667976857409,
        "mdate": 1667976857409,
        "ddate": null,
        "tcdate": 1667976857409,
        "tmdate": 1667976857409,
        "tddate": null,
        "forum": "VA1YpcNr7ul",
        "replyto": "x2-WqMX20Uo",
        "invitation": "ICLR.cc/2023/Conference/Paper886/-/Official_Comment",
        "content": {
          "title": "Response to Reviewer cCdR",
          "comment": "> Strength: This paper proposes a novel propose novel methods improving the theoretical oracle and communication complexity of the previous state-of-the-art method. This paper is theoretically sound in general.\n\n> This paper proposes a novel propose novel methods improving the theoretical oracle and communication complexity of the previous state-of-the-art method. New methods can compress vectors, which makes them more useful in federated learning The paper is theoretically sound\n\n> This paper is presented clearly, only minor flaws.\n\nThanks for the positive comments; they are very much appreciated!\n\n> Page 21, $\\frac{1}{n^2} \\sum_{i=1}^n$... should be $\\frac{1}{n} \\sum_{i=1}^n$...\n\nWe disagree; our derivation is correct in this place. Let us explain. Assume that $\\xi_1, \\dots, \\xi_n$ are independent random vectors with expected values $a_1, \\dots, a_n$. Then\n$${\\rm E} ||\\frac{1}{n} \\sum_{i=1}^n (\\xi_i - a_i)||^2 = \\frac{1}{n^2}\\sum_{i=1}^n {\\rm E}||\\xi_i - a_i||^2 + \\frac{1}{n^2}\\sum_{i \\neq j} {\\rm E} \\langle \\xi_i - a_i, \\xi_i - a_i \\rangle = \\frac{1}{n^2}\\sum_i {\\rm E}||\\xi_i - a_i||^2,$$ where we used independence.\n\n> Page 29...\n\nOur derivation is correct here, too. The same reasoning applies.\n\n> Finally, some experiments on federated learning should be done to verify the performance.\n\nPlease note that, in Section A in the Appendix we evaluated our new algorithm on different datasets and tasks and compared it with the previous state-of-the-art method MARINA in the distributed environment.\n\n---\n\nIf you believe we addressed your comments, please do consider raising your score. Thank you!\n\n\n"
        },
        "signatures": [
          "ICLR.cc/2023/Conference/Paper886/Authors"
        ],
        "readers": [
          "everyone"
        ],
        "nonreaders": [],
        "writers": [
          "ICLR.cc/2023/Conference",
          "ICLR.cc/2023/Conference/Paper886/Authors"
        ]
      },
      {
        "id": "piuMisig-Vp",
        "original": null,
        "number": 5,
        "cdate": 1667981435517,
        "mdate": 1667981435517,
        "ddate": null,
        "tcdate": 1667981435517,
        "tmdate": 1667981435517,
        "tddate": null,
        "forum": "VA1YpcNr7ul",
        "replyto": "8uUegkYvBs",
        "invitation": "ICLR.cc/2023/Conference/Paper886/-/Official_Comment",
        "content": {
          "title": "A New Section \"Intuition Behind DASHA\"",
          "comment": "We added a section called \"Intuition Behind DASHA\" to the appendix. We tried to elaborate more on the differences between DASHA and MARINA."
        },
        "signatures": [
          "ICLR.cc/2023/Conference/Paper886/Authors"
        ],
        "readers": [
          "everyone"
        ],
        "nonreaders": [],
        "writers": [
          "ICLR.cc/2023/Conference",
          "ICLR.cc/2023/Conference/Paper886/Authors"
        ]
      },
      {
        "id": "2dvaxOn6pD",
        "original": null,
        "number": 6,
        "cdate": 1667981728676,
        "mdate": null,
        "ddate": null,
        "tcdate": 1667981728676,
        "tmdate": 1667982569580,
        "tddate": null,
        "forum": "VA1YpcNr7ul",
        "replyto": "64XQHfkHQRK",
        "invitation": "ICLR.cc/2023/Conference/Paper886/-/Official_Comment",
        "content": {
          "title": "A New Section \"Intuition Behind DASHA\"",
          "comment": "We prepared a follow-up to our last comment. We added a new section, \"Intuition Behind DASHA,\" to the appendix. We briefly tried to explain the differences in the proofs between DASHA and MARINA and why we get better convergence rates."
        },
        "signatures": [
          "ICLR.cc/2023/Conference/Paper886/Authors"
        ],
        "readers": [
          "everyone"
        ],
        "nonreaders": [],
        "writers": [
          "ICLR.cc/2023/Conference",
          "ICLR.cc/2023/Conference/Paper886/Authors"
        ]
      },
      {
        "id": "jsaTszsUtj",
        "original": null,
        "number": 1,
        "cdate": 1674241821816,
        "pdate": null,
        "mdate": null,
        "ddate": null,
        "tcdate": 1674241821816,
        "tmdate": 1674241821816,
        "tddate": null,
        "forum": "VA1YpcNr7ul",
        "replyto": "VA1YpcNr7ul",
        "invitation": "ICLR.cc/2023/Conference/Paper886/-/Decision",
        "content": {
          "title": "Paper Decision",
          "decision": "Accept: notable-top-25%",
          "metareview:_summary,_strengths_and_weaknesses": "The paper studies the problem of distributed optimization and proposes a faily of algorithms DASHA which improve upon the best known guarantees for the particular settings of interest such as every worker having access to a finite sum or a stochastic oracle. The algorithm further makes other contributions in order to make it more practical than the current SOTA (MARINA) as in it only sends compressed vectors and removes the need for sync across all clients. The reviewers are overall very positive about the method and the paper presentation and unanimously recommended an accept. ",
          "justification_for_why_not_higher_score": "The paper is not a breakthrough commensurate with an Oral accept. The reviewer scores also suggest that with most reviewers opting for a 'solid paper accept' rating.   ",
          "justification_for_why_not_lower_score": "The paper is clearly a solid contribution as highlighted by the reviewers. The consistent scores across the reviewers vouches for the solidity of the paper and some reviewers have suggested a high score as well. ",
          "note_from_PC": "if the above contains the word \"oral\" or \"spotlight\" please see: \"oral\" presentation means -> notable-top-5% and \"spotlight\" means -> notable-top-25%. As stated in our emails, we are disassociating presentation type from AC recommendations"
        },
        "signatures": [
          "ICLR.cc/2023/Conference/Program_Chairs"
        ],
        "readers": [
          "everyone"
        ],
        "nonreaders": [],
        "writers": [
          "ICLR.cc/2023/Conference/Program_Chairs"
        ]
      }
    ],
    "directReplies": [
      {
        "id": "x2-WqMX20Uo",
        "original": null,
        "number": 1,
        "cdate": 1666649314303,
        "mdate": null,
        "ddate": null,
        "tcdate": 1666649314303,
        "tmdate": 1666649882268,
        "tddate": null,
        "forum": "VA1YpcNr7ul",
        "replyto": "VA1YpcNr7ul",
        "invitation": "ICLR.cc/2023/Conference/Paper886/-/Official_Review",
        "content": {
          "confidence": "3: You are fairly confident in your assessment. It is possible that you did not understand some parts of the submission or that you are unfamiliar with some pieces of related work. Math/other details were not carefully checked.",
          "summary_of_the_paper": "This paper proposes a novel propose novel methods improving the theoretical oracle and communication complexity of the previous state-of-the-art method. New methods can compress vectors, which makes them more useful in federated learning",
          "strength_and_weaknesses": "Strength: This paper proposes a novel propose novel methods improving the theoretical oracle and communication complexity of the previous state-of-the-art method. This paper is theoretically sound in general\n\nWeaknesses: Some experiments on federated learning should be done to verify the performance.",
          "clarity,_quality,_novelty_and_reproducibility": "This paper is presented clearly,  only minor flaws.",
          "summary_of_the_review": "This paper proposes a novel propose novel methods improving the theoretical oracle and communication complexity of the previous state-of-the-art method. New methods can compress vectors, which makes them more useful in federated learning\nThe paper is theoretically sound, and the current version can be significantly improved in the following aspects:\n1.\tPage 21, 1/n^2  ∑_(i=1)^nE_C[...] should be  1/n  ∑_(i=1)^nE_C[...].\n2.   Page 29,   E_h [‖h^(t+1)-∇f(x^(t+1) )‖^2 ]≤  ((1-p))/(n^2 B^2 )..... should be E_h [‖h^(t+1)-∇f(x^(t+1) )‖^2 ]≤  ((1-p))/(n B^2 )..... \n3.  Finally, some experiments on federated learning should be done to verify the performance.",
          "correctness": "4: All of the claims and statements are well-supported and correct.",
          "technical_novelty_and_significance": "4: The contributions are significant, and do not exist in prior works.",
          "empirical_novelty_and_significance": "4: The contributions are significant, and do not exist in prior works.",
          "flag_for_ethics_review": [
            "NO."
          ],
          "recommendation": "6: marginally above the acceptance threshold"
        },
        "signatures": [
          "ICLR.cc/2023/Conference/Paper886/Reviewer_cCdR"
        ],
        "readers": [
          "everyone"
        ],
        "nonreaders": [],
        "writers": [
          "ICLR.cc/2023/Conference",
          "ICLR.cc/2023/Conference/Paper886/Reviewer_cCdR"
        ]
      },
      {
        "id": "64XQHfkHQRK",
        "original": null,
        "number": 2,
        "cdate": 1666653342151,
        "mdate": null,
        "ddate": null,
        "tcdate": 1666653342151,
        "tmdate": 1666653342151,
        "tddate": null,
        "forum": "VA1YpcNr7ul",
        "replyto": "VA1YpcNr7ul",
        "invitation": "ICLR.cc/2023/Conference/Paper886/-/Official_Review",
        "content": {
          "confidence": "3: You are fairly confident in your assessment. It is possible that you did not understand some parts of the submission or that you are unfamiliar with some pieces of related work. Math/other details were not carefully checked.",
          "summary_of_the_paper": "The focus of this paper is on distributed nonconvex smooth optimization in a setting where there is synchronization among the $n$ workers and there is a central server that is coordinating communications among the workers. The authors are interested in obtaining an $\\varepsilon$-approximate first-order stationary point as a solution to three variants of the finite-sum distributed optimization problem in which the objective function $f$ is respectively:\n\n- $f(x) = \\frac{1}{n} \\sum_{i=1}^n f_i(x)$ (Gradient Setting)\n- Each local function $f_i(x)$ has a further finite-sum form (Finite-Sum Setting)\n- Each local function is expectation of a stochastic function (Stochastic Setting)\n\nThe authors aim to reduce the number of communications rounds needed in these three settings to achieve optimal oracle complexity, and this is accomplished through the use of independent, unbiased compressors at each worker. The resulting algorithms are respectively termed DASHA, DASHA-PAGE, DASHA-MVR, and DASHA-SYNC-MVR, where DASHA-SYNC-MVR is a variant of DASHA-MVR in which workers synchronize with each other every once in a while using uncompressed messages.",
          "strength_and_weaknesses": "**Strengths**\n- The authors provide rigorous theoretical guarantees for the four different variants of DASHA for distributed nonconvex optimization. The results show that DASHA and DASHA-PAGE improve on the SOTA communications complexity without requiring any uncompressed synchronization steps. The variant DASHA-SYNC-MVR also improves on the SOTA communications complexity while requiring communications of uncompressed messages.\n- Results of a substantial number of numerical experiments are provided in the paper to showcase the superiority of DASHA over the SOTA algorithm MARINA.\n\n**Weaknesses**\n- DASHA is a mash-up between MARINA and existing distributed nonconvex optimization methods. Other than the fact that three variants of DASHA get rid of the uncompressed synchronization in MARINA, this reviewer could not pinpoint a difference between MARINA and DASHA. As such, the main novelty of this work seems to be in terms of theoretical analysis of MARINA when the uncompressed synchronization step is removed. The authors could have done a better job of clarifying where does this novelty lie in the analysis (e.g., pinpointing the key analytical approaches in the lemma that helped improve the analysis).\n- The experimental results are not described clearly in my opinion. It is not clear from reading the description how did the authors count the number of bits. Additionally, how exactly was the fine tuning done for the step sizes in the experiments? The results for stochastic setting don't seem as convincing for the case of $K = 2000$ and the choice of $B=1$ also seems strange.\n\n**Some Additional Feedback**\n- The mathematical expressions in the abstract have symbols that are not defined in the abstract and one has to guess about them till one gets to the later part of the paper.\n- Section 1.1: Might be useful to clarify what is the expectation going to be over.\n- Equation (2): We have $\\frac{1}{n}$ in both this equation and in (1). Is this right?\n- Definition 1.1: Does $\\omega$ really belong to $\\mathbb{R}$? Can it be negative?\n- Section 4, Third paragraph: Why does it say that it provides a \"suboptimal oracle complexity w.r.t. $\\omega$\"? Are not the additional factors not a function of $\\omega$?",
          "clarity,_quality,_novelty_and_reproducibility": "**Clarity and Quality**\n- The paper is very well written and it was a pleasure to read it.\n\n**Novelty**\n- As noted above under weaknesses, the novelty of this paper in terms of algorithmic development is minimal. One might even argue if the class of algorithms in this paper should be given a new name or should the name be a variant of MARINA. The main novelty of this work is in terms of theoretical developments, but the authors need to do a better job of clarifying the novelty of that part of the work.\n\n**Reproducibility**\n- The paper follows the narrow definition of reproducibility in the sense that a GitHub repo is present for this paper. However, the ReadMe for the repo is extremely minimal and does not satisfy the requirements for full reproducibility in my opinion.",
          "summary_of_the_review": "Overall, it is a very nicely written paper and was a real pleasure to read. The algorithmic novelty of this work seems to be overstated. The theoretical novelty of the work needs to clarified better so that the reader can appreciate it. The experiment results also need to be described in a better fashion, rather than simply being presented.",
          "correctness": "4: All of the claims and statements are well-supported and correct.",
          "technical_novelty_and_significance": "3: The contributions are significant and somewhat new. Aspects of the contributions exist in prior work.",
          "empirical_novelty_and_significance": "1: The contributions are neither significant nor novel.",
          "flag_for_ethics_review": [
            "NO."
          ],
          "recommendation": "6: marginally above the acceptance threshold"
        },
        "signatures": [
          "ICLR.cc/2023/Conference/Paper886/Reviewer_f95g"
        ],
        "readers": [
          "everyone"
        ],
        "nonreaders": [],
        "writers": [
          "ICLR.cc/2023/Conference",
          "ICLR.cc/2023/Conference/Paper886/Reviewer_f95g"
        ]
      },
      {
        "id": "rNHtvf6mo4",
        "original": null,
        "number": 3,
        "cdate": 1667100202950,
        "mdate": null,
        "ddate": null,
        "tcdate": 1667100202950,
        "tmdate": 1667100202950,
        "tddate": null,
        "forum": "VA1YpcNr7ul",
        "replyto": "VA1YpcNr7ul",
        "invitation": "ICLR.cc/2023/Conference/Paper886/-/Official_Review",
        "content": {
          "confidence": "3: You are fairly confident in your assessment. It is possible that you did not understand some parts of the submission or that you are unfamiliar with some pieces of related work. Math/other details were not carefully checked.",
          "summary_of_the_paper": "The goal of the paper is to solve, to $\\epsilon$-additive accuracy, finite-sum non-convex optimization under the coordinator model of distributed computation, with as small a communication cost as possible. Each server (there are $n$ of them) has access to an oracle: the paper studies three natural variants, the gradient, the mini-batch gradient, and stochastic gradient.",
          "strength_and_weaknesses": "STRENGTHS - I think the paper studies an important problem, is very clearly written, and seems to have done a reasonable job of comparing against prior work. \n\nWEAKNESSES - This isn't really a weakness, rather a question I have (perhaps the authors can address this in their rebuttal) --- Is the proposed algorithm a \"distributed version\" of SVRG (or some algorithm in that family)? Again, even if it is, I don't think that's a problem, I just think (if it is), it would help contextualize the paper better by discussing this connection.",
          "clarity,_quality,_novelty_and_reproducibility": "I think the paper is very nicely written! ",
          "summary_of_the_review": "I recommend acceptance of this paper: the problem is interesting in its own right and of great practical importance to modern machine learning where functions are potentially nonconvex and dimensions large, and the algorithms make intuitive sense. I also appreciate the effort put into keeping the paper clear and easy-to-understand. ",
          "correctness": "4: All of the claims and statements are well-supported and correct.",
          "technical_novelty_and_significance": "3: The contributions are significant and somewhat new. Aspects of the contributions exist in prior work.",
          "empirical_novelty_and_significance": "Not applicable",
          "flag_for_ethics_review": [
            "NO."
          ],
          "recommendation": "8: accept, good paper"
        },
        "signatures": [
          "ICLR.cc/2023/Conference/Paper886/Reviewer_xs5t"
        ],
        "readers": [
          "everyone"
        ],
        "nonreaders": [],
        "writers": [
          "ICLR.cc/2023/Conference",
          "ICLR.cc/2023/Conference/Paper886/Reviewer_xs5t"
        ]
      },
      {
        "id": "8uUegkYvBs",
        "original": null,
        "number": 4,
        "cdate": 1667220772697,
        "mdate": null,
        "ddate": null,
        "tcdate": 1667220772697,
        "tmdate": 1667220772697,
        "tddate": null,
        "forum": "VA1YpcNr7ul",
        "replyto": "VA1YpcNr7ul",
        "invitation": "ICLR.cc/2023/Conference/Paper886/-/Official_Review",
        "content": {
          "confidence": "4: You are confident in your assessment, but not absolutely certain. It is unlikely, but not impossible, that you did not understand some parts of the submission or that you are unfamiliar with some pieces of related work.",
          "summary_of_the_paper": "The paper studies convergence of compressed SGD to a first-order stationary point. The paper considers unbiased compressors and improves state-of-the-art convergence rate and communication complexity for both finite-sum and stochastic settings. The algorithms presented in the paper differ in update rules and their requirement for periodical synchronization. The paper uses unbiased RandK compressor with the proper K to avoid synchronization.\n",
          "strength_and_weaknesses": "I have the following suggestions about the paper:\n-- I think the paper would benefit from outlining the proofs\n-- The proofs look similar to that of MARINA. Can you please elaborate on the differences between the techniques in these two papers?\n",
          "clarity,_quality,_novelty_and_reproducibility": "I would suggest the following changes:\n-- I believe it would be better to extract Line 8 of Algorithm 1 into a separate equation.\n-- I think it’s better to just follow footnote 2, and  replace all smoothness constants with L.\n",
          "summary_of_the_review": "Solid paper, accept.",
          "correctness": "4: All of the claims and statements are well-supported and correct.",
          "technical_novelty_and_significance": "3: The contributions are significant and somewhat new. Aspects of the contributions exist in prior work.",
          "empirical_novelty_and_significance": "3: The contributions are significant and somewhat new. Aspects of the contributions exist in prior work.",
          "flag_for_ethics_review": [
            "NO."
          ],
          "recommendation": "6: marginally above the acceptance threshold"
        },
        "signatures": [
          "ICLR.cc/2023/Conference/Paper886/Reviewer_hqd4"
        ],
        "readers": [
          "everyone"
        ],
        "nonreaders": [],
        "writers": [
          "ICLR.cc/2023/Conference",
          "ICLR.cc/2023/Conference/Paper886/Reviewer_hqd4"
        ]
      },
      {
        "id": "jsaTszsUtj",
        "original": null,
        "number": 1,
        "cdate": 1674241821816,
        "pdate": null,
        "mdate": null,
        "ddate": null,
        "tcdate": 1674241821816,
        "tmdate": 1674241821816,
        "tddate": null,
        "forum": "VA1YpcNr7ul",
        "replyto": "VA1YpcNr7ul",
        "invitation": "ICLR.cc/2023/Conference/Paper886/-/Decision",
        "content": {
          "title": "Paper Decision",
          "decision": "Accept: notable-top-25%",
          "metareview:_summary,_strengths_and_weaknesses": "The paper studies the problem of distributed optimization and proposes a faily of algorithms DASHA which improve upon the best known guarantees for the particular settings of interest such as every worker having access to a finite sum or a stochastic oracle. The algorithm further makes other contributions in order to make it more practical than the current SOTA (MARINA) as in it only sends compressed vectors and removes the need for sync across all clients. The reviewers are overall very positive about the method and the paper presentation and unanimously recommended an accept. ",
          "justification_for_why_not_higher_score": "The paper is not a breakthrough commensurate with an Oral accept. The reviewer scores also suggest that with most reviewers opting for a 'solid paper accept' rating.   ",
          "justification_for_why_not_lower_score": "The paper is clearly a solid contribution as highlighted by the reviewers. The consistent scores across the reviewers vouches for the solidity of the paper and some reviewers have suggested a high score as well. ",
          "note_from_PC": "if the above contains the word \"oral\" or \"spotlight\" please see: \"oral\" presentation means -> notable-top-5% and \"spotlight\" means -> notable-top-25%. As stated in our emails, we are disassociating presentation type from AC recommendations"
        },
        "signatures": [
          "ICLR.cc/2023/Conference/Program_Chairs"
        ],
        "readers": [
          "everyone"
        ],
        "nonreaders": [],
        "writers": [
          "ICLR.cc/2023/Conference/Program_Chairs"
        ]
      }
    ]
  }
}