{
  "id": "vtVDI3w_BLL",
  "original": "IdHiCciuM7",
  "number": 1430,
  "cdate": 1663849960506,
  "mdate": null,
  "ddate": null,
  "tcdate": 1663849960506,
  "tmdate": 1677522553524,
  "tddate": null,
  "tauthor": "~Super_User1",
  "forum": "vtVDI3w_BLL",
  "replyto": null,
  "invitation": "ICLR.cc/2023/Conference/-/Blind_Submission",
  "content": {
    "title": "AANG : Automating Auxiliary Learning",
    "authorids": [
      "~Lucio_M._Dery1",
      "~Paul_Michel1",
      "~Mikhail_Khodak1",
      "~Graham_Neubig1",
      "~Ameet_Talwalkar1"
    ],
    "authors": [
      "Lucio M. Dery",
      "Paul Michel",
      "Mikhail Khodak",
      "Graham Neubig",
      "Ameet Talwalkar"
    ],
    "keywords": [
      "auxiliary learning",
      "automl",
      "natural language processing",
      "meta-learning",
      "algorithmic stability",
      "multitask learning"
    ],
    "TL;DR": "We automatically generate a suite of auxiliary objectives and give a theoretically informed, efficient algorithm for searching the space of generated objectives to find those most useful to a specified end-task.",
    "abstract": "Auxiliary objectives, supplementary learning signals that are introduced to help aid learning on data-starved or highly complex end-tasks, are commonplace in machine learning. Whilst much work has been done to formulate useful auxiliary objectives, their construction is still an art which proceeds by slow and tedious hand-design. Intuition for how and when these objectives improve end-task performance has also had limited theoretical backing. In this work, we present an approach for automatically generating a suite of auxiliary objectives. We achieve this by deconstructing existing objectives within a novel unified taxonomy, identifying connections between them, and generating new ones based on the uncovered structure. Next, we theoretically formalize widely-held intuitions about how auxiliary learning improves generalization on the end-task. This leads us to a principled and efficient algorithm for searching the space of generated objectives to find those most useful to a specified end-task.\nWith natural language processing (NLP) as our domain of study, we demonstrate that our automated auxiliary learning pipeline leads to strong improvements over competitive baselines across continued training experiments on a pre-trained model on 5 NLP end-tasks.",
    "anonymous_url": "I certify that there is no URL (e.g., github page) that could be used to find authors’ identity.",
    "no_acknowledgement_section": "I certify that there is no acknowledgement section in this submission for double blind review.",
    "code_of_ethics": "I acknowledge that I and all co-authors of this work have read and commit to adhering to the ICLR Code of Ethics",
    "submission_guidelines": "Yes",
    "resubmission": "",
    "student_author": "",
    "Please_choose_the_closest_area_that_your_submission_falls_into": "Unsupervised and Self-supervised learning",
    "paperhash": "dery|aang_automating_auxiliary_learning",
    "pdf": "/pdf/89801dac56ce056d438ce9105f85d897747fa081.pdf",
    "supplementary_material": "/attachment/63c1d8036f53ddb644881cc07ab785dbb7cdbd59.zip",
    "_bibtex": "@inproceedings{\ndery2023aang,\ntitle={{AANG} : Automating Auxiliary Learning},\nauthor={Lucio M. Dery and Paul Michel and Mikhail Khodak and Graham Neubig and Ameet Talwalkar},\nbooktitle={The Eleventh International Conference on Learning Representations },\nyear={2023},\nurl={https://openreview.net/forum?id=vtVDI3w_BLL}\n}",
    "venue": "ICLR 2023 notable top 25%",
    "venueid": "ICLR.cc/2023/Conference"
  },
  "signatures": [
    "ICLR.cc/2023/Conference"
  ],
  "readers": [
    "everyone"
  ],
  "nonreaders": [],
  "writers": [
    "ICLR.cc/2023/Conference"
  ],
  "pdate": 1675279164610,
  "odate": 1664468100000,
  "details": {
    "overwriting": [],
    "tags": [],
    "writable": false,
    "replyCount": 19,
    "directReplyCount": 7,
    "revisions": true,
    "replies": [
      {
        "id": "tje-89VC61",
        "original": null,
        "number": 1,
        "cdate": 1665741003102,
        "mdate": null,
        "ddate": null,
        "tcdate": 1665741003102,
        "tmdate": 1665744500574,
        "tddate": null,
        "forum": "vtVDI3w_BLL",
        "replyto": "vtVDI3w_BLL",
        "invitation": "ICLR.cc/2023/Conference/Paper1430/-/Official_Review",
        "content": {
          "confidence": "4: You are confident in your assessment, but not absolutely certain. It is unlikely, but not impossible, that you did not understand some parts of the submission or that you are unfamiliar with some pieces of related work.",
          "summary_of_the_paper": "The pretrain-(continued-pretrain)-finetune paradigm has been de-facto in recent NLP state-of-the-arts. However, the construction of auxiliary objectives still need carefully design by experts. This paper proposes to automatically generate a suite of auxiliary objectives. Specifically, they provide theoretical bound for the generalization error in auxiliary learning, and design an efficient algorithm for searching the space of generated objectives to find those most useful to a specified end-task.",
          "strength_and_weaknesses": "**Strength**\n* This is the first work that propose to automatically generate auxilliary objectives\n* The experimental resutls seems promising\n\n\n**Weaknesses**\n* The proposed method presents (potentially heavy) extra computational cost\n* The proposed method only run experiments on continued pretraining setting and the datasets are relatively small.",
          "clarity,_quality,_novelty_and_reproducibility": "The paper is easy to follow and is quite novel.",
          "summary_of_the_review": "To the best of my knowledge, this is the first work that propose to automatically generate auxilliary objectives. Moreover, it provides good results both theoretically and practically. ",
          "correctness": "4: All of the claims and statements are well-supported and correct.",
          "technical_novelty_and_significance": "4: The contributions are significant, and do not exist in prior works.",
          "empirical_novelty_and_significance": "4: The contributions are significant, and do not exist in prior works.",
          "flag_for_ethics_review": [
            "NO."
          ],
          "recommendation": "8: accept, good paper"
        },
        "signatures": [
          "ICLR.cc/2023/Conference/Paper1430/Reviewer_pGCt"
        ],
        "readers": [
          "everyone"
        ],
        "nonreaders": [],
        "writers": [
          "ICLR.cc/2023/Conference",
          "ICLR.cc/2023/Conference/Paper1430/Reviewer_pGCt"
        ]
      },
      {
        "id": "SJPfJDrfXD",
        "original": null,
        "number": 2,
        "cdate": 1666695902917,
        "mdate": null,
        "ddate": null,
        "tcdate": 1666695902917,
        "tmdate": 1666695902917,
        "tddate": null,
        "forum": "vtVDI3w_BLL",
        "replyto": "vtVDI3w_BLL",
        "invitation": "ICLR.cc/2023/Conference/Paper1430/-/Official_Review",
        "content": {
          "confidence": "4: You are confident in your assessment, but not absolutely certain. It is unlikely, but not impossible, that you did not understand some parts of the submission or that you are unfamiliar with some pieces of related work.",
          "summary_of_the_paper": "This paper proposes AANG to automatically generate a suite of auxiliary objectives for end tasks. AANG builds a unified framework/pipeline that consists of several parts: input data, input transformation, model representation, and output. AANG uses algorithmic stability to search for the best combination in each part. The experiments are conducted on the NLP domain, and the results demonstrate the effectiveness of the proposed method. ",
          "strength_and_weaknesses": "This paper proposes AANG to automatically generate a suite of auxiliary objectives for end tasks. AANG builds a unified framework/pipeline that consists of several parts: input data, input transformation, model representation, and output. AANG uses algorithmic stability to search for the best combination in each part. The experiments are conducted on the NLP domain, and the results demonstrate the effectiveness of the proposed method. \n\nEven though many techniques used in this paper are proposed by other works, this paper delicately combines them.\n\nThe paper presents a solid theoretical analysis of the proposed algorithm.\n\nIt would be better to extend and deepen the experiment to non-NLP tasks.",
          "clarity,_quality,_novelty_and_reproducibility": "What if there is more than one end task? ",
          "summary_of_the_review": "I think this paper is novel and soild enough. It can meet the acceptance line of ICLR.",
          "correctness": "3: Some of the paper’s claims have minor issues. A few statements are not well-supported, or require small changes to be made correct.",
          "technical_novelty_and_significance": "4: The contributions are significant, and do not exist in prior works.",
          "empirical_novelty_and_significance": "4: The contributions are significant, and do not exist in prior works.",
          "flag_for_ethics_review": [
            "NO."
          ],
          "recommendation": "8: accept, good paper"
        },
        "signatures": [
          "ICLR.cc/2023/Conference/Paper1430/Reviewer_rBEM"
        ],
        "readers": [
          "everyone"
        ],
        "nonreaders": [],
        "writers": [
          "ICLR.cc/2023/Conference",
          "ICLR.cc/2023/Conference/Paper1430/Reviewer_rBEM"
        ]
      },
      {
        "id": "t6aUJ9bXlR",
        "original": null,
        "number": 3,
        "cdate": 1666940146593,
        "mdate": null,
        "ddate": null,
        "tcdate": 1666940146593,
        "tmdate": 1666940653674,
        "tddate": null,
        "forum": "vtVDI3w_BLL",
        "replyto": "vtVDI3w_BLL",
        "invitation": "ICLR.cc/2023/Conference/Paper1430/-/Official_Review",
        "content": {
          "confidence": "3: You are fairly confident in your assessment. It is possible that you did not understand some parts of the submission or that you are unfamiliar with some pieces of related work. Math/other details were not carefully checked.",
          "summary_of_the_paper": "The paper proposes an approach using meta-learning to learn to weight multiple auxiliary losses for any given target task. They first define a space of auxiliary losses that contains popular self-supervised methods like BERT and XLNet as special cases. Then they propose to learn the weighting over a given space of such losses using the META-TARTAN algorithm from previous work. Approach is evaluated on 5 classification tasks where the dynamic weight learning on auxilary losses improves over a multi-task baseline on 4 out 5 datasets by.",
          "strength_and_weaknesses": "Strengths\n- An approach to dynamically learn auxiliary loss weighting that could be useful for finetuning pre-trained models on specific tasks.\n- Empirical results include statistical significance, and interesting analysis of how weights vary during training.\n\nWeaknesses\n- The paper was a bit tough to follow. The setting up of the auxiliary loss space was more detailed than it needed to be. In particular, I do not find this setup to be specially illuminating, or inspiring new losses just by its construction (as one would not trivially expect every possible choice of loss in this space to be useful). It would have been better to provide more details in sections 4/5/6. The paper also assumes knowledge of META-TARTAN paper and heavily relies on it.\n- Differences from the META-TARTAN paper are not clear and are not explicitly mentioned. It should be an important baseline but it seems it is not compared.\n- It is not clear if the multi-task baseline is trained in the same way, i.e. with all the 24 losses in the auxiliary space and updating based on a random subset of 24 losses (which introduces some regularization from overfitting). Improvements over the existing multi-task results appear minor.\n- When scaling on the number of auxiliary objectives, the authors find no improvement. This is disappointing as one would expect that trivially taking the cartesian product of the space of choices will yield a large number of uninteresting losses and the approach is incapable of pruning them out.",
          "clarity,_quality,_novelty_and_reproducibility": "The overall clarity of the paper can be improved by providing more details about the training algorithm and a high-level description.\n\nThe approach seems novel, though it builds and relies heavily on META-TARTAN. The new thing seems to be about the change in dynamic weight updates and it would be good to clarify these differences.\n\nCode is not provided, though there are more experimental details and hyper-parameters in supplementary to help with reproducibility.",
          "summary_of_the_review": "I am not entirely convinced of the utility of this method and it lacks some important baseline comparisons (see weaknesses above).",
          "correctness": "3: Some of the paper’s claims have minor issues. A few statements are not well-supported, or require small changes to be made correct.",
          "technical_novelty_and_significance": "2: The contributions are only marginally significant or novel.",
          "empirical_novelty_and_significance": "2: The contributions are only marginally significant or novel.",
          "flag_for_ethics_review": [
            "NO."
          ],
          "recommendation": "5: marginally below the acceptance threshold"
        },
        "signatures": [
          "ICLR.cc/2023/Conference/Paper1430/Reviewer_KWWF"
        ],
        "readers": [
          "everyone"
        ],
        "nonreaders": [],
        "writers": [
          "ICLR.cc/2023/Conference",
          "ICLR.cc/2023/Conference/Paper1430/Reviewer_KWWF"
        ]
      },
      {
        "id": "JWinE9G6na",
        "original": null,
        "number": 4,
        "cdate": 1667191788531,
        "mdate": null,
        "ddate": null,
        "tcdate": 1667191788531,
        "tmdate": 1667191788531,
        "tddate": null,
        "forum": "vtVDI3w_BLL",
        "replyto": "vtVDI3w_BLL",
        "invitation": "ICLR.cc/2023/Conference/Paper1430/-/Official_Review",
        "content": {
          "confidence": "3: You are fairly confident in your assessment. It is possible that you did not understand some parts of the submission or that you are unfamiliar with some pieces of related work. Math/other details were not carefully checked.",
          "summary_of_the_paper": "The paper studied the problem of how to take advantage of auxiliary loss functions in continuously adapting a pretrained language model. The author proposed to automatically pick auxiliary loss functions from a search space. The loss functions are reweighted during the learning process based on how they can help the downstream task. Author conducted experiments in four datasets to demonstrate the effectiveness of the AANG algorithm. Ablation study also shows that the algorithm for updating the weight for each loss function is effective and can pick auxiliary losses that are mostly related to the downstream problem.\n",
          "strength_and_weaknesses": "Strength: \n1. The paper studied a novel problem: trying to automatically pick auxiliary loss functions from a large search-space.\n2. Experiments show that AANG is able to outperform baselines (Table 2). Figure 4 also shows that AANG is able to identify the important loss functions during the training procedure, and the weighted + META-Train variant outperforms assigning equal weights to each loss function.\n\nWeakness:\n1. The computational complexity of AANG is higher due to the meta-learning phase.\n2. The reviewer feels that the author needs to compare with advanced pretraining + distillation algorithms, like \"[NeurIPS2020] MINILM: Deep Self-Attention Distillation for Task-Agnostic Compression of Pre-Trained Transformers\". In the paper, the author only compared with GPT / XLNet / BERT objectives. However, these objectives may not be suitable for continuous pretraining and the author needs to compare with stronger baselines.\n3. The final language model adapted via AANG is applicable to a single specific downstream applications. The author may need to study if the final backbone model adapted via AANG can also generalize to other tasks.",
          "clarity,_quality,_novelty_and_reproducibility": "Clarity: The paper is well-written and easy-to-understand.\n\n\nQuality: The paper is technically sound. Certain weakness in evaluation is pointed out in the \"Weakness\" section above.\n\nNovelty: The reviewer feels that the automated auxiliary learning problem is novel. The technical that the author adopted for solving the problem is marginally novel because it largely depends on META-TRAIN\n\nReproducibility: Reproducing such type of AutoML-related work is challenging. Since the author has not released the source code, the reviewer is not sure if all the results are reproducible.",
          "summary_of_the_review": "Voted for weak rejection due to concern in experimental evaluation, and the computational complexity of the AANG algorithm. The problem of automatically search for auxiliary learning tasks that are helpful for adapting the model is novel.\n",
          "correctness": "3: Some of the paper’s claims have minor issues. A few statements are not well-supported, or require small changes to be made correct.",
          "technical_novelty_and_significance": "3: The contributions are significant and somewhat new. Aspects of the contributions exist in prior work.",
          "empirical_novelty_and_significance": "2: The contributions are only marginally significant or novel.",
          "flag_for_ethics_review": [
            "NO."
          ],
          "recommendation": "5: marginally below the acceptance threshold"
        },
        "signatures": [
          "ICLR.cc/2023/Conference/Paper1430/Reviewer_oyPz"
        ],
        "readers": [
          "everyone"
        ],
        "nonreaders": [],
        "writers": [
          "ICLR.cc/2023/Conference",
          "ICLR.cc/2023/Conference/Paper1430/Reviewer_oyPz"
        ]
      },
      {
        "id": "nMjkPPHtxK2",
        "original": null,
        "number": 1,
        "cdate": 1668053559648,
        "mdate": 1668053559648,
        "ddate": null,
        "tcdate": 1668053559648,
        "tmdate": 1668053559648,
        "tddate": null,
        "forum": "vtVDI3w_BLL",
        "replyto": "tje-89VC61",
        "invitation": "ICLR.cc/2023/Conference/Paper1430/-/Official_Comment",
        "content": {
          "title": "Response to Reviewer pGCt",
          "comment": "We would like to thank the reviewer for committing time to provide feedback on our paper and appreciate the positive words about the paper being novel and solid. We address specific concerns below : \n\n> ““The proposed method presents (potentially heavy) extra computational cost”\n\nWe recognize that using meta-learning comes at an extra computational cost. We acknowledge this fact in Section 8 (Limitations and Conclusion) and presented the Static Multitask-TD variant (Table 2) as a more compute-friendly alternative that still leads to significant improvements over comparable baselines like TAPT and vanilla fine-tuning. \nIn the case where the extra computational overhead of meta-learning can be borne, we presented the task sub-sampling approach in Section 5 in order to prevent the meta-learning cost from prohibitively scaling with the size of the search space.\nPlease see also our general response for more discussions on the computational cost of AANG\n\n---\n\n> ““The proposed method only run experiments on continued pretraining setting and the datasets are relatively small”\n\nWe acknowledge that our method is general enough that it can be used in the pre-training setting. Unfortunately, we do not have the compute resources to experiment with using AANG with large scale pre-training. This inspired us to focus on the continued pre-training setting. The continued pre-training is very popular amongst everyday practitioners whom we target. Our choice of datasets was informed by the fact that : \n1. These datasets were featured in previous work on continued pre-training [1, 2] which we feature as baselines.\n2. Auxiliary learning has been shown to improve results more in the low-resource setting [1, 2, 3]\n3. Low resource problems are relatively ignored in the era of big-data and large models.\n\n[1] Gururangan, Suchin, et al. \"Don't stop pretraining: adapt language models to domains and tasks.\" arXiv preprint arXiv:2004.10964 (2020)\n\n[2] Dery, Lucio M., et al. \"Should we be pre-training? an argument for end-task aware training as an alternative.\" arXiv preprint arXiv:2109.07437 (2021).\n\n[3] Weighted Training for Cross-Task Learning: https://openreview.net/forum?id=ltM1RMZntpu\n"
        },
        "signatures": [
          "ICLR.cc/2023/Conference/Paper1430/Authors"
        ],
        "readers": [
          "everyone"
        ],
        "nonreaders": [],
        "writers": [
          "ICLR.cc/2023/Conference",
          "ICLR.cc/2023/Conference/Paper1430/Authors"
        ]
      },
      {
        "id": "ybOmxfJ6hTQ",
        "original": null,
        "number": 2,
        "cdate": 1668053638170,
        "mdate": 1668053638170,
        "ddate": null,
        "tcdate": 1668053638170,
        "tmdate": 1668053638170,
        "tddate": null,
        "forum": "vtVDI3w_BLL",
        "replyto": "SJPfJDrfXD",
        "invitation": "ICLR.cc/2023/Conference/Paper1430/-/Official_Comment",
        "content": {
          "title": "Response to Reviewer rBEM",
          "comment": "Thank you for committing time to provide feedback on our paper and appreciate the recognition that our work is “novel and solid”. We address specific concerns below : \n\n> ““It would be better to extend and deepen the experiment to non-NLP tasks”\n\nWe recognize the potential for AANG to be leveraged in many domains, not just NLP.  While the current paper focuses on NLP tasks, we definitely believe that automating auxiliary learning in other domains is a promising future direction of exploration.  \n\n---\n\n> “What if there is more than one end-task”\n\nAANG is easily extensible to the setting of multiple end-tasks. In this case, we can construct the meta-learning objective as a weighted aggregate of the individual end-task losses. The input and output sections of our pipeline would also be updated to reflect that there are now multiple end-task datasets and losses we can choose from. This expands the search space of auxiliary objectives.\n"
        },
        "signatures": [
          "ICLR.cc/2023/Conference/Paper1430/Authors"
        ],
        "readers": [
          "everyone"
        ],
        "nonreaders": [],
        "writers": [
          "ICLR.cc/2023/Conference",
          "ICLR.cc/2023/Conference/Paper1430/Authors"
        ]
      },
      {
        "id": "2HGtNRlaETc",
        "original": null,
        "number": 3,
        "cdate": 1668054096607,
        "mdate": 1668054096607,
        "ddate": null,
        "tcdate": 1668054096607,
        "tmdate": 1668054096607,
        "tddate": null,
        "forum": "vtVDI3w_BLL",
        "replyto": "t6aUJ9bXlR",
        "invitation": "ICLR.cc/2023/Conference/Paper1430/-/Official_Comment",
        "content": {
          "title": "Response to Reviewer KWWF",
          "comment": "We would like to thank the reviewer for committing time to provide feedback on our paper. We address specific concerns below \n\n> “Differences from the META-TARTAN paper are not clear and are not explicitly mentioned. It should be an important baseline but it seems it is not compared to”\n\n**Please note that Meta-Tartan as presented in Dery et al 2021b is presented as (Z) BERT-Style in Table 2 of our paper**.  We apologise that this was not clear, we have updated the paper to make it more explicit that (Z) is the Dery et al 2021b  baseline. We obtain improvements over Dery et al 2021b ( [Z] Bert-style in Table 2) in 4 out of the 5 tasks we experimented with. Figure 3 also features improvements of AANG over META-TARTAN variants when external data is involved.  Also, please see our general response about our specific contributions beyond Dery et al 2021b. We have also added Appendix B (in blue) to discuss META-TARTAN further\n\n---\n\n>“How is the multi-task baseline trained? … with all the 24 losses in the auxiliary space and updating based on a random subset of 24 losses (which introduces some regularization from overfitting)”\n\nOur static multitask baseline is trained exactly the same way as with the meta-learning variants of AANG. Specifically, we train the multitask baseline by setting the (meta) learning rates \nof the factors to 0 so they are not changed from their initial, equal weight setting.\n**We cross-validate the number of tasks that are sub-sampled in the same space as for our AANG algorithm (We use the hyperparameters in Table 5 - but we set sopt_lr and aux_lr to 0). Thus the regularising effect of sub-sampling tasks cannot account for the superior performance of meta-learning adaptive weights over static multitask weights (Table 2).**\nWe have updated the text of the paper (highlighted in blue) to make this explicit.\n\n---\n\n>“In particular, I do not find this setup to be specially illuminating, or inspiring new losses just by its construction (as one would not trivially expect every possible choice of loss in this space to be useful)”\n\nWe agree with the reviewer that **a-priori, we would not expect all tasks in the constructed search space to be useful to the end-task**. However, **we do expect some tasks to be helpful to the end-task** but since we do not know these a-priori, we are left with the approach of exhaustive enumeration and subsequently adaptively selecting the best tasks via meta-learning. \nPlease note that our meta-learning of adaptive task weights is introduced exactly to solve this problem – to give a sense of which tasks are useful to the end-tasks and which are not. Indeed, Figures 4 and 5 show that our algorithm distinguishes the impact of different tasks on the end-task. The performance improvement of meta-learning over static multitasking (Table 2) suggests that our algorithm is learning to upweight useful auxiliary tasks and down-weight harmful ones.  \n\n---\n\n> “The approach seems novel, though it builds and relies heavily on META-TARTAN. The new thing seems to be about the change in dynamic weight updates and it would be good to clarify these”\n\nPlease see our general response about specific contributions of our paper that go beyond Meta-Tartan. In summary\nMETA-TARTAN as an algorithm assumes auxiliary tasks are given a-priori. We provide a way to construct the set of auxiliary objectives.\nMETA-TARTAN as is, does not scale well with more tasks and also does not take into account the relationship between tasks.\nDery et al 2021b does not theoretically ground META-TARTAN. We do so for our variant of the algorithm. \n\n---\n\n> “The overall clarity of the paper can be improved by providing more details about the training algorithm”\n\nThank you for the feedback. We have modified Section 5 (all modifications highlighted blue text) to better detail the training algorithm at a high level. \n\n"
        },
        "signatures": [
          "ICLR.cc/2023/Conference/Paper1430/Authors"
        ],
        "readers": [
          "everyone"
        ],
        "nonreaders": [],
        "writers": [
          "ICLR.cc/2023/Conference",
          "ICLR.cc/2023/Conference/Paper1430/Authors"
        ]
      },
      {
        "id": "fvZvWlCqzo",
        "original": null,
        "number": 4,
        "cdate": 1668054150522,
        "mdate": 1668054150522,
        "ddate": null,
        "tcdate": 1668054150522,
        "tmdate": 1668054150522,
        "tddate": null,
        "forum": "vtVDI3w_BLL",
        "replyto": "2HGtNRlaETc",
        "invitation": "ICLR.cc/2023/Conference/Paper1430/-/Official_Comment",
        "content": {
          "title": "Continued Response",
          "comment": ">“When scaling on the number of auxiliary objectives, the authors find no improvement. This is disappointing as one would expect that trivially taking the cartesian product of the space of choices will yield a large number of uninteresting losses and the approach is incapable of pruning them out”\n\nThe reviewer is right in observing very little gains (0.44% improvement in ACL-ARC) when we scale up the number of tasks from 24 to 40 – we acknowledged this in section 7.2.\n**Please note that as we mention in section 7.2, this marginal improvement is as a result of the type of dataset used to construct the extra 16 tasks (specifically, these tasks are constructed using out-of-task data)**. Our theory posits that the impact of extra data depends on the similarity of the newly introduced tasks with the primary task. This similarity is very dependent on the degree of mismatch between the task data and heterogenous domain data. **Thus, at a fixed number of auxiliary tasks, we would need much more data to offset the domain mismatch so as to see marked improvement, a point we raised in Section 7.2**.\nAlso in Section 7.2 and later in Section 8, we acknowledge that our inexact search algorithm is not perfect – it's a good enough proof of concept but more work is needed in the future to improve upon it. Given the scale of our contributions as mentioned in the general response, we deemed further attempts to improve the search algorithm as best left for future exploration. \n\n--- \n\n> “Code is not provided, though there are more experimental details and hyper-parameters in supplementary to”\n\nApologies for forgetting to mention this, but we will definitely be releasing the code and data necessary to replicate our experiments after the review process.\n\n"
        },
        "signatures": [
          "ICLR.cc/2023/Conference/Paper1430/Authors"
        ],
        "readers": [
          "everyone"
        ],
        "nonreaders": [],
        "writers": [
          "ICLR.cc/2023/Conference",
          "ICLR.cc/2023/Conference/Paper1430/Authors"
        ]
      },
      {
        "id": "pORqsfCigBF",
        "original": null,
        "number": 5,
        "cdate": 1668054401899,
        "mdate": 1668054401899,
        "ddate": null,
        "tcdate": 1668054401899,
        "tmdate": 1668054401899,
        "tddate": null,
        "forum": "vtVDI3w_BLL",
        "replyto": "JWinE9G6na",
        "invitation": "ICLR.cc/2023/Conference/Paper1430/-/Official_Comment",
        "content": {
          "title": "Response to Reviewer oyPz",
          "comment": "We appreciate the time spent by the reviewer to provide feedback on our paper. We address specific concerns below : \n\n>“The computational complexity of AANG is higher due to the meta-learning phase”\n\nWe recognize that using meta-learning comes at an extra computational cost. We acknowledge this fact in Section 8 (Limitations and Conclusion) and presented the Static Multitask-TD variant (Table 2) as a more compute-friendly alternative that still leads to significant improvements over comparable baselines like TAPT and vanilla fine-tuning. \nIn the case where the extra computational overhead of meta-learning can be borne, we presented the task sub-sampling approach in Section 5 in order to prevent the meta-learning cost from prohibitively scaling with the size of the search space.\nPlease see also our general response for more discussions on the computational cost of AANG\n\n\n---\n\n> “The final language model adapted via AANG is applicable to a single specific downstream applications. The author may need to study if the final backbone model adapted via AANG can also generalized to other tasks”\n\nThough our work (specifically the automatic generation of a large space of auxiliary objectives for pre-training) can be leveraged in the pre-training setting, within the scope of this paper we chose to focus on the setting where we have a single target task of interest that we know a-priori because of the computational burden of task general pre-training.  **We would like to highlight that our setting is more similar/related to \"Fine-tuning a pre-trained model” on a specific end-task**. This is by far the most popular setting relevant to everyday practitioners and thus warrants our attention. \n\n---\n\n> “The reviewer feels that the author needs to compare with advanced pretraining + distillation algorithms, like [NeurIPS2020] MINILM: Deep Self-Attention Distillation for Task-Agnostic Compression of Pre-Trained Transformers”\n\nWe would like to emphasise that **we are mainly concerned with the setting where we continue to train a pre-trained model on a specific end-task (not pre-training from scratch or distillation)**. We decided to focus on the above setting since it is more widespread amongst everyday ML practitioners who use pre-trained models but (like us) cannot bear the compute cost of large scale pre-training / distillation.  Thus,  whilst our methods are complementary to advanced-pretraining and distillation (and specifically [4] as cited by the reviewer), these settings are outside of the current scope of our work. We have added more text to the paper (in blue) to clarify the setting that we operate under.\n\n--- \n> “In the paper, the author only compared with GPT / XLNet / BERT objectives. However, these objectives may not be suitable for continuous pre-training and the author needs to compare with stronger baselines”\n\nPlease note that in several NLP works like [1, 2, 3], the listed objectives GPT / XLNet / BERT, and particularly the masked language modelling approach, are shown to be quite effective for continued pre-training.  We thus disagree with the assertion that these objectives are not strong baselines. **We however welcome the suggestions from the reviewer about the specific, stronger baselines for our continued training setting**.\n\n--- \n\n> “Since the author has not released the source code, the reviewer is not sure if all the results are reproducible”\n\nApologies for forgetting to mention this, but we will definitely be releasing the code and data necessary to replicate our experiments after the review process.  \n\n[1] Gururangan, Suchin, et al. \"Don't stop pretraining: adapt language models to domains and tasks.\" arXiv preprint arXiv:2004.10964 (2020)\n\n[2] Dery, Lucio M., et al. \"Should we be pre-training? an argument for end-task aware training as an alternative.\" arXiv preprint arXiv:2109.07437 (2021).\n\n[3] Louvan, Samuel, Silvia Casola, and Bernardo Magnini. \"Investigating Continued Pretraining for Zero-Shot Cross-Lingual Spoken Language Understanding.\" CLiC-it. 2021.\n\n[4]MINILM: Deep Self-Attention Distillation for Task-Agnostic Compression of Pre-Trained Transformers"
        },
        "signatures": [
          "ICLR.cc/2023/Conference/Paper1430/Authors"
        ],
        "readers": [
          "everyone"
        ],
        "nonreaders": [],
        "writers": [
          "ICLR.cc/2023/Conference",
          "ICLR.cc/2023/Conference/Paper1430/Authors"
        ]
      },
      {
        "id": "h3C0xCIgxN",
        "original": null,
        "number": 6,
        "cdate": 1668054754126,
        "mdate": 1668054754126,
        "ddate": null,
        "tcdate": 1668054754126,
        "tmdate": 1668054754126,
        "tddate": null,
        "forum": "vtVDI3w_BLL",
        "replyto": "vtVDI3w_BLL",
        "invitation": "ICLR.cc/2023/Conference/Paper1430/-/Official_Comment",
        "content": {
          "title": "General Response",
          "comment": "We would like to thank all reviewers for their insightful questions and feedback. We appreciate the value that your feedback adds to improving our work further.  **Please note that we have uploaded an updated version of the paper where all modifications are highlighted in blue text**. Below, we address some common themes that came up in your reviews.\n\n## Our Contributions and Connections to META-TARTAN [Dery et al 2021b]\n\nReviewers oyPz  and KWWF expressed concern about the technical novelty of the work beyond META-TARTAN introduced by Dery et al 2021b. We would like to provide some clarification here, which mostly rehashes what we mention in the intro of our paper and section 5.\nCompared to Dery et al 2021b, we make three distinct contributions to the field of auxiliary learning. We list them below \n1. **Novel Problem Formulation**: As far as we are aware of, we are the first to formulate the problem of automated auxiliary learning.  Specifically, we presented an approach for automatically constructing a suite of auxiliary objectives based on existing objectives. Please note that Dery et al 2021b perform auxiliary learning with only the DAPT/TAPT variants of the BERT objective. They effectively assume that the search space of objectives (the 2 they explore) is given before-hand. Our approach automatically creates the search space. \n2. **Theoretical Novelty**: Again, to the best of our knowledge, we are the first work to provide an exploration of why auxiliary learning improves primary task performance via algorithmic stability. Dery et al 2021b, in introducing META-TARTAN do not attempt to give a theoretical characterization of why the algorithm improves end-task performance.\n3. **Algorithm Improvements to META-TARTAN**:  Please note that META-TARAN as presented in Dery et al 2021b was used with only 2 auxiliary tasks. When scaling to more tasks, using META-TARTAN naively becomes computationally prohibitive. Specifically, on a search space of N tasks, META-TARTAN requires O(N) order computation per step.  We improve upon this by introducing the task sub-sampling of (k << N) which reduces the compute overhead to O(k). To account for the impact of sub-sampling as an approximation, we introduced the factorised modelling of task weights which allows sharing of information between auxiliary tasks that might themselves be related – “Because we model each w^k via a factored approach, even if an objective is not sampled its weight is implicitly updated” – (quoted from Section 5)\n**We have updated the text of the paper in Appendix B (blue text) to provide further discussion on META-TARTAN and to make our differences more clear**\n\n## Computational Cost of AANG\nReviewers pGCt  and rBEM expressed concern about the computational overhead introduced by AANG.  As we mentioned in Section 8 (Limitations and Conclusion), we acknowledge that using meta-learning introduces extra computational overhead because we have to independently compute meta-gradients for each auxiliary task thus requiring O(k) forward-backward operations for k sampled tasks compared to O(1) for static multitasking. To tackle this shortcoming :  \n1. At the end of Section 5, we introduced a sampling approach that prevents the meta-learning overhead from scaling with the size of the search space. Given a search space of size N, we subsample $k \\ll N$ during each training step. In the most extreme case, one can choose $k=1$. This sampling comes at the cost of our algorithm being an approximate search instead of exact. We provide practitioners with the ability to tune the number of sub-sampled tasks (Table 3) based on how much compute they have available.\n2. We presented the Static Multitask-TD baseline as an alternative to doing adaptive task selection via meta-learning. Note that this baseline underperforms the meta-learning version on average but still does significantly better than the strong non-meta-learning baselines we evaluated against. Compute-restricted practitioners can use this as an alternative.\n"
        },
        "signatures": [
          "ICLR.cc/2023/Conference/Paper1430/Authors"
        ],
        "readers": [
          "everyone"
        ],
        "nonreaders": [],
        "writers": [
          "ICLR.cc/2023/Conference",
          "ICLR.cc/2023/Conference/Paper1430/Authors"
        ]
      },
      {
        "id": "yPIK1y6Wz7",
        "original": null,
        "number": 7,
        "cdate": 1668441096574,
        "mdate": 1668441096574,
        "ddate": null,
        "tcdate": 1668441096574,
        "tmdate": 1668441096574,
        "tddate": null,
        "forum": "vtVDI3w_BLL",
        "replyto": "JWinE9G6na",
        "invitation": "ICLR.cc/2023/Conference/Paper1430/-/Official_Comment",
        "content": {
          "title": "Revision Deadline Approaching",
          "comment": "Hi Reviewer oyPz\n\nSince the window for modifying our submission is drawing near (Nov 18th) we would appreciate it if you could let us know if our responses have sufficiently addressed your concerns. If they haven’t, please let us know what is lacking so we can work on making changes before the deadline in a few days.\nThank you."
        },
        "signatures": [
          "ICLR.cc/2023/Conference/Paper1430/Authors"
        ],
        "readers": [
          "everyone"
        ],
        "nonreaders": [],
        "writers": [
          "ICLR.cc/2023/Conference",
          "ICLR.cc/2023/Conference/Paper1430/Authors"
        ]
      },
      {
        "id": "IEWbkH9Ow3v",
        "original": null,
        "number": 8,
        "cdate": 1668441165018,
        "mdate": 1668441165018,
        "ddate": null,
        "tcdate": 1668441165018,
        "tmdate": 1668441165018,
        "tddate": null,
        "forum": "vtVDI3w_BLL",
        "replyto": "t6aUJ9bXlR",
        "invitation": "ICLR.cc/2023/Conference/Paper1430/-/Official_Comment",
        "content": {
          "title": "Revision Deadline Approaching",
          "comment": "Hi Reviewer KWWF,\n\nSince the window for modifying our submission is drawing near (Nov 18th) we would appreciate it if you could let us know if our responses have sufficiently addressed your concerns. If they haven’t, please let us know what is lacking so we can work on making changes before the deadline in a few days.\nThank you."
        },
        "signatures": [
          "ICLR.cc/2023/Conference/Paper1430/Authors"
        ],
        "readers": [
          "everyone"
        ],
        "nonreaders": [],
        "writers": [
          "ICLR.cc/2023/Conference",
          "ICLR.cc/2023/Conference/Paper1430/Authors"
        ]
      },
      {
        "id": "2Qw_dNDHgnA",
        "original": null,
        "number": 9,
        "cdate": 1668976163097,
        "mdate": 1668976163097,
        "ddate": null,
        "tcdate": 1668976163097,
        "tmdate": 1668976163097,
        "tddate": null,
        "forum": "vtVDI3w_BLL",
        "replyto": "vtVDI3w_BLL",
        "invitation": "ICLR.cc/2023/Conference/Paper1430/-/Official_Comment",
        "content": {
          "title": "Discussion Stage 2",
          "comment": "Hi Reviewers, \n\nThanks again for providing feedback on our paper. Since the second phase of discussion has started, please let us know if our updated paper and responses have clarified your questions / concerns. \n\n**We hope that our responses to your concerns, warrant a re-evaluation of your initial reviews in light of the added information or at least inspire engagement with us for further clarification.** \n\nThank you. "
        },
        "signatures": [
          "ICLR.cc/2023/Conference/Paper1430/Authors"
        ],
        "readers": [
          "everyone"
        ],
        "nonreaders": [],
        "writers": [
          "ICLR.cc/2023/Conference",
          "ICLR.cc/2023/Conference/Paper1430/Authors"
        ]
      },
      {
        "id": "mmSQQkvSHC",
        "original": null,
        "number": 10,
        "cdate": 1669612694703,
        "mdate": 1669612694703,
        "ddate": null,
        "tcdate": 1669612694703,
        "tmdate": 1669612694703,
        "tddate": null,
        "forum": "vtVDI3w_BLL",
        "replyto": "t6aUJ9bXlR",
        "invitation": "ICLR.cc/2023/Conference/Paper1430/-/Official_Comment",
        "content": {
          "title": "Engage with us as rebuttal period enters the last legs",
          "comment": "Hi Reviewer KWWF\n\nIt would be great if you could engage with us as the rebuttal process enters its last legs.\n**Unfortunately, we have had zero engagement throughout this nearly month long rebuttal process despite having sent multiple diligent reminders**. \n\nGiven that a critical part of the summary of your review is an absence of a baseline -- **which we show already exists in the paper and improve upon in settings with and without external data** -- and have taken steps to make clearer in the updated version, we  would appreciate at least an acknowledgement  of this or  a request for followup clarification.\n\nThank you."
        },
        "signatures": [
          "ICLR.cc/2023/Conference/Paper1430/Authors"
        ],
        "readers": [
          "everyone"
        ],
        "nonreaders": [],
        "writers": [
          "ICLR.cc/2023/Conference",
          "ICLR.cc/2023/Conference/Paper1430/Authors"
        ]
      },
      {
        "id": "4Abovv4hb-6",
        "original": null,
        "number": 11,
        "cdate": 1669612993130,
        "mdate": 1669612993130,
        "ddate": null,
        "tcdate": 1669612993130,
        "tmdate": 1669612993130,
        "tddate": null,
        "forum": "vtVDI3w_BLL",
        "replyto": "JWinE9G6na",
        "invitation": "ICLR.cc/2023/Conference/Paper1430/-/Official_Comment",
        "content": {
          "title": "Engage with us as rebuttal period enters the last legs",
          "comment": "Hi Reviewer oyPz\n\nIt would be great if you could engage with us as the rebuttal process enters its last legs.\n**Unfortunately, we have had zero engagement throughout this nearly month long rebuttal process despite having sent multiple diligent reminders**. \n\nIn our response to your review we emphasized that  **the setting we are in is most similar to finetuning a pre-trained model rather than pre-training a model from scratch**. We highlighted multiple parts of the paper that mention the fact that we are in the continued training setting and so the reviewer's request for a pre-training based baseline is outside the scope we consider.  We also **highlighted multiple ways in which we have attempted to compensate for the computational overhead of meta-learning**. \n\nWe  would appreciate at least an acknowledgement  of this or  a request for followup clarification.\n\nThank you."
        },
        "signatures": [
          "ICLR.cc/2023/Conference/Paper1430/Authors"
        ],
        "readers": [
          "everyone"
        ],
        "nonreaders": [],
        "writers": [
          "ICLR.cc/2023/Conference",
          "ICLR.cc/2023/Conference/Paper1430/Authors"
        ]
      },
      {
        "id": "ay4wq9k-JE",
        "original": null,
        "number": 12,
        "cdate": 1669958782586,
        "mdate": 1669958782586,
        "ddate": null,
        "tcdate": 1669958782586,
        "tmdate": 1669958782586,
        "tddate": null,
        "forum": "vtVDI3w_BLL",
        "replyto": "t6aUJ9bXlR",
        "invitation": "ICLR.cc/2023/Conference/Paper1430/-/Official_Comment",
        "content": {
          "title": "Post Rebuttal",
          "comment": "I have read the author responses as well as the other reviews. I thank the authors for their thorough response which helped answer the questions that were unclear in the initial draft of the work. It is good that Meta-Tartan was included in the experiments. However, my main concerns with the paper were that there is only marginal improvement over multi-task baseline and when scaling the number of losses (which arguably is what the method should be most useful for) the author's find no improvement. Moreover, I don't think the novelty of the unified taxonomy (which is listed as a contribution) is an important contribution and technical contributions seem fairly limited over Meta-Tartan (which are not reflected strongly in experiments either). As such, I retain my original rating assessment."
        },
        "signatures": [
          "ICLR.cc/2023/Conference/Paper1430/Reviewer_KWWF"
        ],
        "readers": [
          "everyone"
        ],
        "nonreaders": [],
        "writers": [
          "ICLR.cc/2023/Conference",
          "ICLR.cc/2023/Conference/Paper1430/Reviewer_KWWF"
        ]
      },
      {
        "id": "NEB1uK6e5o",
        "original": null,
        "number": 13,
        "cdate": 1670102032688,
        "mdate": 1670102032688,
        "ddate": null,
        "tcdate": 1670102032688,
        "tmdate": 1670102032688,
        "tddate": null,
        "forum": "vtVDI3w_BLL",
        "replyto": "ay4wq9k-JE",
        "invitation": "ICLR.cc/2023/Conference/Paper1430/-/Official_Comment",
        "content": {
          "title": "Response to Reviewer KWWF ",
          "comment": "Thank you for your response to our rebuttal - we appreciate your opinion!\n\nWith respect to the significance of the taxonomy and technical contributions over META-TARTAN, we realize that opinions may differ on this, but we respectfully disagree (and the other reviewers rBEM and pGCt seem to have also appreciated the novelty and/or significance of this contribution).\n\nWith respect to our methods providing “no improvement over the multi-task baseline”, we would like to clarify two things:\n1. What is called “the multitask baseline” is actually also a method that we proposed in this paper (since the tasks in this baseline are created from our search-space), although the weights of the tasks are not meta-learned\n2. We feel that “no improvement” is not an accurate characterization, in fact AANG provides a gain of 1.1% on average over 5 tasks over this multi-task system. Whether this could be considered marginal or not is subjective — we don’t think it is, but recognize that opinions may differ."
        },
        "signatures": [
          "ICLR.cc/2023/Conference/Paper1430/Authors"
        ],
        "readers": [
          "everyone"
        ],
        "nonreaders": [],
        "writers": [
          "ICLR.cc/2023/Conference",
          "ICLR.cc/2023/Conference/Paper1430/Authors"
        ]
      },
      {
        "id": "T0L5YLdCml",
        "original": null,
        "number": 14,
        "cdate": 1670362230902,
        "mdate": 1670362230902,
        "ddate": null,
        "tcdate": 1670362230902,
        "tmdate": 1670362230902,
        "tddate": null,
        "forum": "vtVDI3w_BLL",
        "replyto": "JWinE9G6na",
        "invitation": "ICLR.cc/2023/Conference/Paper1430/-/Official_Comment",
        "content": {
          "title": "Last week of discussion : Engage with us",
          "comment": "Hi Reviewer oyPz\n\n**We have been comprehensive about responding to your review, and we would hope that since we have only a week left in the discussion phase, you could let us know if you have any further clarifying questions.**. \n\nAs noted, **the experimental evaluation you requested is outside of the setting that we explore our work in** (both in terms of the practical setting we address for practitioners and our own compute budget availabilities). We hope that in light of this, you will re-evaluate your assessment of our work.\n\nThank you\n"
        },
        "signatures": [
          "ICLR.cc/2023/Conference/Paper1430/Authors"
        ],
        "readers": [
          "everyone"
        ],
        "nonreaders": [],
        "writers": [
          "ICLR.cc/2023/Conference",
          "ICLR.cc/2023/Conference/Paper1430/Authors"
        ]
      },
      {
        "id": "hPjDmjTW90",
        "original": null,
        "number": 1,
        "cdate": 1674241814184,
        "pdate": null,
        "mdate": null,
        "ddate": null,
        "tcdate": 1674241814184,
        "tmdate": 1674241814184,
        "tddate": null,
        "forum": "vtVDI3w_BLL",
        "replyto": "vtVDI3w_BLL",
        "invitation": "ICLR.cc/2023/Conference/Paper1430/-/Decision",
        "content": {
          "title": "Paper Decision",
          "decision": "Accept: notable-top-25%",
          "metareview:_summary,_strengths_and_weaknesses": "This paper concerns ways to take advantage of auxiliary losses when training/adapting a pretrained model. The paper categorizes losses along several dimensions and proposes a method to automatically pick losses based on downstream task performance.\n\nThe paper offers a way to organize the plethora of auxiliary losses out there and an interesting idea of how to train in auto ML settings. The paper shows empirical improvements on four out of five datasets.\n\nSome of the exposition can be improved as parts are laborious to read through. The ideas are only tested on language tasks -- it will be a lot more convincing if the paper demonstrated that the same ideas work in other domains.",
          "justification_for_why_not_higher_score": "The paper makes general claims, but focuses only on language. More experiments in other domains would have shed a light on that.",
          "justification_for_why_not_lower_score": "The paper has an interesting idea and findings that will potentially be useful to other researchers. Two of the three reviewers felt that the paper is quite strong.",
          "note_from_PC": "if the above contains the word \"oral\" or \"spotlight\" please see: \"oral\" presentation means -> notable-top-5% and \"spotlight\" means -> notable-top-25%. As stated in our emails, we are disassociating presentation type from AC recommendations"
        },
        "signatures": [
          "ICLR.cc/2023/Conference/Program_Chairs"
        ],
        "readers": [
          "everyone"
        ],
        "nonreaders": [],
        "writers": [
          "ICLR.cc/2023/Conference/Program_Chairs"
        ]
      }
    ],
    "directReplies": [
      {
        "id": "tje-89VC61",
        "original": null,
        "number": 1,
        "cdate": 1665741003102,
        "mdate": null,
        "ddate": null,
        "tcdate": 1665741003102,
        "tmdate": 1665744500574,
        "tddate": null,
        "forum": "vtVDI3w_BLL",
        "replyto": "vtVDI3w_BLL",
        "invitation": "ICLR.cc/2023/Conference/Paper1430/-/Official_Review",
        "content": {
          "confidence": "4: You are confident in your assessment, but not absolutely certain. It is unlikely, but not impossible, that you did not understand some parts of the submission or that you are unfamiliar with some pieces of related work.",
          "summary_of_the_paper": "The pretrain-(continued-pretrain)-finetune paradigm has been de-facto in recent NLP state-of-the-arts. However, the construction of auxiliary objectives still need carefully design by experts. This paper proposes to automatically generate a suite of auxiliary objectives. Specifically, they provide theoretical bound for the generalization error in auxiliary learning, and design an efficient algorithm for searching the space of generated objectives to find those most useful to a specified end-task.",
          "strength_and_weaknesses": "**Strength**\n* This is the first work that propose to automatically generate auxilliary objectives\n* The experimental resutls seems promising\n\n\n**Weaknesses**\n* The proposed method presents (potentially heavy) extra computational cost\n* The proposed method only run experiments on continued pretraining setting and the datasets are relatively small.",
          "clarity,_quality,_novelty_and_reproducibility": "The paper is easy to follow and is quite novel.",
          "summary_of_the_review": "To the best of my knowledge, this is the first work that propose to automatically generate auxilliary objectives. Moreover, it provides good results both theoretically and practically. ",
          "correctness": "4: All of the claims and statements are well-supported and correct.",
          "technical_novelty_and_significance": "4: The contributions are significant, and do not exist in prior works.",
          "empirical_novelty_and_significance": "4: The contributions are significant, and do not exist in prior works.",
          "flag_for_ethics_review": [
            "NO."
          ],
          "recommendation": "8: accept, good paper"
        },
        "signatures": [
          "ICLR.cc/2023/Conference/Paper1430/Reviewer_pGCt"
        ],
        "readers": [
          "everyone"
        ],
        "nonreaders": [],
        "writers": [
          "ICLR.cc/2023/Conference",
          "ICLR.cc/2023/Conference/Paper1430/Reviewer_pGCt"
        ]
      },
      {
        "id": "SJPfJDrfXD",
        "original": null,
        "number": 2,
        "cdate": 1666695902917,
        "mdate": null,
        "ddate": null,
        "tcdate": 1666695902917,
        "tmdate": 1666695902917,
        "tddate": null,
        "forum": "vtVDI3w_BLL",
        "replyto": "vtVDI3w_BLL",
        "invitation": "ICLR.cc/2023/Conference/Paper1430/-/Official_Review",
        "content": {
          "confidence": "4: You are confident in your assessment, but not absolutely certain. It is unlikely, but not impossible, that you did not understand some parts of the submission or that you are unfamiliar with some pieces of related work.",
          "summary_of_the_paper": "This paper proposes AANG to automatically generate a suite of auxiliary objectives for end tasks. AANG builds a unified framework/pipeline that consists of several parts: input data, input transformation, model representation, and output. AANG uses algorithmic stability to search for the best combination in each part. The experiments are conducted on the NLP domain, and the results demonstrate the effectiveness of the proposed method. ",
          "strength_and_weaknesses": "This paper proposes AANG to automatically generate a suite of auxiliary objectives for end tasks. AANG builds a unified framework/pipeline that consists of several parts: input data, input transformation, model representation, and output. AANG uses algorithmic stability to search for the best combination in each part. The experiments are conducted on the NLP domain, and the results demonstrate the effectiveness of the proposed method. \n\nEven though many techniques used in this paper are proposed by other works, this paper delicately combines them.\n\nThe paper presents a solid theoretical analysis of the proposed algorithm.\n\nIt would be better to extend and deepen the experiment to non-NLP tasks.",
          "clarity,_quality,_novelty_and_reproducibility": "What if there is more than one end task? ",
          "summary_of_the_review": "I think this paper is novel and soild enough. It can meet the acceptance line of ICLR.",
          "correctness": "3: Some of the paper’s claims have minor issues. A few statements are not well-supported, or require small changes to be made correct.",
          "technical_novelty_and_significance": "4: The contributions are significant, and do not exist in prior works.",
          "empirical_novelty_and_significance": "4: The contributions are significant, and do not exist in prior works.",
          "flag_for_ethics_review": [
            "NO."
          ],
          "recommendation": "8: accept, good paper"
        },
        "signatures": [
          "ICLR.cc/2023/Conference/Paper1430/Reviewer_rBEM"
        ],
        "readers": [
          "everyone"
        ],
        "nonreaders": [],
        "writers": [
          "ICLR.cc/2023/Conference",
          "ICLR.cc/2023/Conference/Paper1430/Reviewer_rBEM"
        ]
      },
      {
        "id": "t6aUJ9bXlR",
        "original": null,
        "number": 3,
        "cdate": 1666940146593,
        "mdate": null,
        "ddate": null,
        "tcdate": 1666940146593,
        "tmdate": 1666940653674,
        "tddate": null,
        "forum": "vtVDI3w_BLL",
        "replyto": "vtVDI3w_BLL",
        "invitation": "ICLR.cc/2023/Conference/Paper1430/-/Official_Review",
        "content": {
          "confidence": "3: You are fairly confident in your assessment. It is possible that you did not understand some parts of the submission or that you are unfamiliar with some pieces of related work. Math/other details were not carefully checked.",
          "summary_of_the_paper": "The paper proposes an approach using meta-learning to learn to weight multiple auxiliary losses for any given target task. They first define a space of auxiliary losses that contains popular self-supervised methods like BERT and XLNet as special cases. Then they propose to learn the weighting over a given space of such losses using the META-TARTAN algorithm from previous work. Approach is evaluated on 5 classification tasks where the dynamic weight learning on auxilary losses improves over a multi-task baseline on 4 out 5 datasets by.",
          "strength_and_weaknesses": "Strengths\n- An approach to dynamically learn auxiliary loss weighting that could be useful for finetuning pre-trained models on specific tasks.\n- Empirical results include statistical significance, and interesting analysis of how weights vary during training.\n\nWeaknesses\n- The paper was a bit tough to follow. The setting up of the auxiliary loss space was more detailed than it needed to be. In particular, I do not find this setup to be specially illuminating, or inspiring new losses just by its construction (as one would not trivially expect every possible choice of loss in this space to be useful). It would have been better to provide more details in sections 4/5/6. The paper also assumes knowledge of META-TARTAN paper and heavily relies on it.\n- Differences from the META-TARTAN paper are not clear and are not explicitly mentioned. It should be an important baseline but it seems it is not compared.\n- It is not clear if the multi-task baseline is trained in the same way, i.e. with all the 24 losses in the auxiliary space and updating based on a random subset of 24 losses (which introduces some regularization from overfitting). Improvements over the existing multi-task results appear minor.\n- When scaling on the number of auxiliary objectives, the authors find no improvement. This is disappointing as one would expect that trivially taking the cartesian product of the space of choices will yield a large number of uninteresting losses and the approach is incapable of pruning them out.",
          "clarity,_quality,_novelty_and_reproducibility": "The overall clarity of the paper can be improved by providing more details about the training algorithm and a high-level description.\n\nThe approach seems novel, though it builds and relies heavily on META-TARTAN. The new thing seems to be about the change in dynamic weight updates and it would be good to clarify these differences.\n\nCode is not provided, though there are more experimental details and hyper-parameters in supplementary to help with reproducibility.",
          "summary_of_the_review": "I am not entirely convinced of the utility of this method and it lacks some important baseline comparisons (see weaknesses above).",
          "correctness": "3: Some of the paper’s claims have minor issues. A few statements are not well-supported, or require small changes to be made correct.",
          "technical_novelty_and_significance": "2: The contributions are only marginally significant or novel.",
          "empirical_novelty_and_significance": "2: The contributions are only marginally significant or novel.",
          "flag_for_ethics_review": [
            "NO."
          ],
          "recommendation": "5: marginally below the acceptance threshold"
        },
        "signatures": [
          "ICLR.cc/2023/Conference/Paper1430/Reviewer_KWWF"
        ],
        "readers": [
          "everyone"
        ],
        "nonreaders": [],
        "writers": [
          "ICLR.cc/2023/Conference",
          "ICLR.cc/2023/Conference/Paper1430/Reviewer_KWWF"
        ]
      },
      {
        "id": "JWinE9G6na",
        "original": null,
        "number": 4,
        "cdate": 1667191788531,
        "mdate": null,
        "ddate": null,
        "tcdate": 1667191788531,
        "tmdate": 1667191788531,
        "tddate": null,
        "forum": "vtVDI3w_BLL",
        "replyto": "vtVDI3w_BLL",
        "invitation": "ICLR.cc/2023/Conference/Paper1430/-/Official_Review",
        "content": {
          "confidence": "3: You are fairly confident in your assessment. It is possible that you did not understand some parts of the submission or that you are unfamiliar with some pieces of related work. Math/other details were not carefully checked.",
          "summary_of_the_paper": "The paper studied the problem of how to take advantage of auxiliary loss functions in continuously adapting a pretrained language model. The author proposed to automatically pick auxiliary loss functions from a search space. The loss functions are reweighted during the learning process based on how they can help the downstream task. Author conducted experiments in four datasets to demonstrate the effectiveness of the AANG algorithm. Ablation study also shows that the algorithm for updating the weight for each loss function is effective and can pick auxiliary losses that are mostly related to the downstream problem.\n",
          "strength_and_weaknesses": "Strength: \n1. The paper studied a novel problem: trying to automatically pick auxiliary loss functions from a large search-space.\n2. Experiments show that AANG is able to outperform baselines (Table 2). Figure 4 also shows that AANG is able to identify the important loss functions during the training procedure, and the weighted + META-Train variant outperforms assigning equal weights to each loss function.\n\nWeakness:\n1. The computational complexity of AANG is higher due to the meta-learning phase.\n2. The reviewer feels that the author needs to compare with advanced pretraining + distillation algorithms, like \"[NeurIPS2020] MINILM: Deep Self-Attention Distillation for Task-Agnostic Compression of Pre-Trained Transformers\". In the paper, the author only compared with GPT / XLNet / BERT objectives. However, these objectives may not be suitable for continuous pretraining and the author needs to compare with stronger baselines.\n3. The final language model adapted via AANG is applicable to a single specific downstream applications. The author may need to study if the final backbone model adapted via AANG can also generalize to other tasks.",
          "clarity,_quality,_novelty_and_reproducibility": "Clarity: The paper is well-written and easy-to-understand.\n\n\nQuality: The paper is technically sound. Certain weakness in evaluation is pointed out in the \"Weakness\" section above.\n\nNovelty: The reviewer feels that the automated auxiliary learning problem is novel. The technical that the author adopted for solving the problem is marginally novel because it largely depends on META-TRAIN\n\nReproducibility: Reproducing such type of AutoML-related work is challenging. Since the author has not released the source code, the reviewer is not sure if all the results are reproducible.",
          "summary_of_the_review": "Voted for weak rejection due to concern in experimental evaluation, and the computational complexity of the AANG algorithm. The problem of automatically search for auxiliary learning tasks that are helpful for adapting the model is novel.\n",
          "correctness": "3: Some of the paper’s claims have minor issues. A few statements are not well-supported, or require small changes to be made correct.",
          "technical_novelty_and_significance": "3: The contributions are significant and somewhat new. Aspects of the contributions exist in prior work.",
          "empirical_novelty_and_significance": "2: The contributions are only marginally significant or novel.",
          "flag_for_ethics_review": [
            "NO."
          ],
          "recommendation": "5: marginally below the acceptance threshold"
        },
        "signatures": [
          "ICLR.cc/2023/Conference/Paper1430/Reviewer_oyPz"
        ],
        "readers": [
          "everyone"
        ],
        "nonreaders": [],
        "writers": [
          "ICLR.cc/2023/Conference",
          "ICLR.cc/2023/Conference/Paper1430/Reviewer_oyPz"
        ]
      },
      {
        "id": "h3C0xCIgxN",
        "original": null,
        "number": 6,
        "cdate": 1668054754126,
        "mdate": 1668054754126,
        "ddate": null,
        "tcdate": 1668054754126,
        "tmdate": 1668054754126,
        "tddate": null,
        "forum": "vtVDI3w_BLL",
        "replyto": "vtVDI3w_BLL",
        "invitation": "ICLR.cc/2023/Conference/Paper1430/-/Official_Comment",
        "content": {
          "title": "General Response",
          "comment": "We would like to thank all reviewers for their insightful questions and feedback. We appreciate the value that your feedback adds to improving our work further.  **Please note that we have uploaded an updated version of the paper where all modifications are highlighted in blue text**. Below, we address some common themes that came up in your reviews.\n\n## Our Contributions and Connections to META-TARTAN [Dery et al 2021b]\n\nReviewers oyPz  and KWWF expressed concern about the technical novelty of the work beyond META-TARTAN introduced by Dery et al 2021b. We would like to provide some clarification here, which mostly rehashes what we mention in the intro of our paper and section 5.\nCompared to Dery et al 2021b, we make three distinct contributions to the field of auxiliary learning. We list them below \n1. **Novel Problem Formulation**: As far as we are aware of, we are the first to formulate the problem of automated auxiliary learning.  Specifically, we presented an approach for automatically constructing a suite of auxiliary objectives based on existing objectives. Please note that Dery et al 2021b perform auxiliary learning with only the DAPT/TAPT variants of the BERT objective. They effectively assume that the search space of objectives (the 2 they explore) is given before-hand. Our approach automatically creates the search space. \n2. **Theoretical Novelty**: Again, to the best of our knowledge, we are the first work to provide an exploration of why auxiliary learning improves primary task performance via algorithmic stability. Dery et al 2021b, in introducing META-TARTAN do not attempt to give a theoretical characterization of why the algorithm improves end-task performance.\n3. **Algorithm Improvements to META-TARTAN**:  Please note that META-TARAN as presented in Dery et al 2021b was used with only 2 auxiliary tasks. When scaling to more tasks, using META-TARTAN naively becomes computationally prohibitive. Specifically, on a search space of N tasks, META-TARTAN requires O(N) order computation per step.  We improve upon this by introducing the task sub-sampling of (k << N) which reduces the compute overhead to O(k). To account for the impact of sub-sampling as an approximation, we introduced the factorised modelling of task weights which allows sharing of information between auxiliary tasks that might themselves be related – “Because we model each w^k via a factored approach, even if an objective is not sampled its weight is implicitly updated” – (quoted from Section 5)\n**We have updated the text of the paper in Appendix B (blue text) to provide further discussion on META-TARTAN and to make our differences more clear**\n\n## Computational Cost of AANG\nReviewers pGCt  and rBEM expressed concern about the computational overhead introduced by AANG.  As we mentioned in Section 8 (Limitations and Conclusion), we acknowledge that using meta-learning introduces extra computational overhead because we have to independently compute meta-gradients for each auxiliary task thus requiring O(k) forward-backward operations for k sampled tasks compared to O(1) for static multitasking. To tackle this shortcoming :  \n1. At the end of Section 5, we introduced a sampling approach that prevents the meta-learning overhead from scaling with the size of the search space. Given a search space of size N, we subsample $k \\ll N$ during each training step. In the most extreme case, one can choose $k=1$. This sampling comes at the cost of our algorithm being an approximate search instead of exact. We provide practitioners with the ability to tune the number of sub-sampled tasks (Table 3) based on how much compute they have available.\n2. We presented the Static Multitask-TD baseline as an alternative to doing adaptive task selection via meta-learning. Note that this baseline underperforms the meta-learning version on average but still does significantly better than the strong non-meta-learning baselines we evaluated against. Compute-restricted practitioners can use this as an alternative.\n"
        },
        "signatures": [
          "ICLR.cc/2023/Conference/Paper1430/Authors"
        ],
        "readers": [
          "everyone"
        ],
        "nonreaders": [],
        "writers": [
          "ICLR.cc/2023/Conference",
          "ICLR.cc/2023/Conference/Paper1430/Authors"
        ]
      },
      {
        "id": "2Qw_dNDHgnA",
        "original": null,
        "number": 9,
        "cdate": 1668976163097,
        "mdate": 1668976163097,
        "ddate": null,
        "tcdate": 1668976163097,
        "tmdate": 1668976163097,
        "tddate": null,
        "forum": "vtVDI3w_BLL",
        "replyto": "vtVDI3w_BLL",
        "invitation": "ICLR.cc/2023/Conference/Paper1430/-/Official_Comment",
        "content": {
          "title": "Discussion Stage 2",
          "comment": "Hi Reviewers, \n\nThanks again for providing feedback on our paper. Since the second phase of discussion has started, please let us know if our updated paper and responses have clarified your questions / concerns. \n\n**We hope that our responses to your concerns, warrant a re-evaluation of your initial reviews in light of the added information or at least inspire engagement with us for further clarification.** \n\nThank you. "
        },
        "signatures": [
          "ICLR.cc/2023/Conference/Paper1430/Authors"
        ],
        "readers": [
          "everyone"
        ],
        "nonreaders": [],
        "writers": [
          "ICLR.cc/2023/Conference",
          "ICLR.cc/2023/Conference/Paper1430/Authors"
        ]
      },
      {
        "id": "hPjDmjTW90",
        "original": null,
        "number": 1,
        "cdate": 1674241814184,
        "pdate": null,
        "mdate": null,
        "ddate": null,
        "tcdate": 1674241814184,
        "tmdate": 1674241814184,
        "tddate": null,
        "forum": "vtVDI3w_BLL",
        "replyto": "vtVDI3w_BLL",
        "invitation": "ICLR.cc/2023/Conference/Paper1430/-/Decision",
        "content": {
          "title": "Paper Decision",
          "decision": "Accept: notable-top-25%",
          "metareview:_summary,_strengths_and_weaknesses": "This paper concerns ways to take advantage of auxiliary losses when training/adapting a pretrained model. The paper categorizes losses along several dimensions and proposes a method to automatically pick losses based on downstream task performance.\n\nThe paper offers a way to organize the plethora of auxiliary losses out there and an interesting idea of how to train in auto ML settings. The paper shows empirical improvements on four out of five datasets.\n\nSome of the exposition can be improved as parts are laborious to read through. The ideas are only tested on language tasks -- it will be a lot more convincing if the paper demonstrated that the same ideas work in other domains.",
          "justification_for_why_not_higher_score": "The paper makes general claims, but focuses only on language. More experiments in other domains would have shed a light on that.",
          "justification_for_why_not_lower_score": "The paper has an interesting idea and findings that will potentially be useful to other researchers. Two of the three reviewers felt that the paper is quite strong.",
          "note_from_PC": "if the above contains the word \"oral\" or \"spotlight\" please see: \"oral\" presentation means -> notable-top-5% and \"spotlight\" means -> notable-top-25%. As stated in our emails, we are disassociating presentation type from AC recommendations"
        },
        "signatures": [
          "ICLR.cc/2023/Conference/Program_Chairs"
        ],
        "readers": [
          "everyone"
        ],
        "nonreaders": [],
        "writers": [
          "ICLR.cc/2023/Conference/Program_Chairs"
        ]
      }
    ]
  }
}