{
  "id": "XCTVFJwS9LJ",
  "original": "8fwT8Vpe_0",
  "number": 1902,
  "cdate": 1663850017532,
  "mdate": null,
  "ddate": null,
  "tcdate": 1663850017532,
  "tmdate": 1710206566237,
  "tddate": null,
  "tauthor": "~Super_User1",
  "forum": "XCTVFJwS9LJ",
  "replyto": null,
  "invitation": "ICLR.cc/2023/Conference/-/Blind_Submission",
  "content": {
    "title": "Flow Annealed Importance Sampling Bootstrap",
    "authorids": [
      "~Laurence_Illing_Midgley1",
      "~Vincent_Stimper1",
      "~Gregor_N._C._Simm1",
      "~Bernhard_Schölkopf1",
      "~José_Miguel_Hernández-Lobato1"
    ],
    "authors": [
      "Laurence Illing Midgley",
      "Vincent Stimper",
      "Gregor N. C. Simm",
      "Bernhard Schölkopf",
      "José Miguel Hernández-Lobato"
    ],
    "keywords": [
      "Normalizing flow",
      "Boltzmann distribution",
      "Boltzmann generator",
      "Annealed Importance Sampling",
      "Approximate Inference"
    ],
    "TL;DR": "We train normalizing flows to fit multi-modal target distributions by generating samples where the flow is a poor approximation of the target using an annealed importance sampling bootstrap procedure.",
    "abstract": "Normalizing flows are tractable density models that can approximate complicated target distributions, e.g. Boltzmann distributions of physical systems. However, current methods for training flows either suffer from mode-seeking behavior, use samples from the target generated beforehand by expensive MCMC methods, or use stochastic losses that have high variance. To avoid these problems, we augment flows with annealed importance sampling (AIS) and minimize the mass-covering $\\alpha$-divergence with $\\alpha=2$, which minimizes importance weight variance. Our method, Flow AIS Bootstrap (FAB), uses AIS to generate samples in regions where the flow is a poor approximation of the target, facilitating the discovery of new modes. We apply FAB to multimodal targets and show that we can approximate them very accurately where previous methods fail. To the best of our knowledge, we are the first to learn the Boltzmann distribution of the alanine dipeptide molecule using only the unnormalized target density, without access to samples generated via Molecular Dynamics (MD) simulations: FAB produces better results than training via maximum likelihood on MD samples while using 100 times fewer target evaluations. After reweighting the samples, we obtain unbiased histograms of dihedral angles that are almost identical to the ground truth.",
    "anonymous_url": "I certify that there is no URL (e.g., github page) that could be used to find authors’ identity.",
    "no_acknowledgement_section": "I certify that there is no acknowledgement section in this submission for double blind review.",
    "code_of_ethics": "I acknowledge that I and all co-authors of this work have read and commit to adhering to the ICLR Code of Ethics",
    "submission_guidelines": "Yes",
    "resubmission": "",
    "student_author": "",
    "Please_choose_the_closest_area_that_your_submission_falls_into": "Machine Learning for Sciences (eg biology, physics, health sciences, social sciences, climate/sustainability )",
    "paperhash": "midgley|flow_annealed_importance_sampling_bootstrap",
    "pdf": "/pdf/b982ed337b6c3ff43fb3fa4e63f9492b31f03e06.pdf",
    "supplementary_material": "",
    "_bibtex": "@inproceedings{\nmidgley2023flow,\ntitle={Flow Annealed Importance Sampling Bootstrap},\nauthor={Laurence Illing Midgley and Vincent Stimper and Gregor N. C. Simm and Bernhard Sch{\\\"o}lkopf and Jos{\\'e} Miguel Hern{\\'a}ndez-Lobato},\nbooktitle={The Eleventh International Conference on Learning Representations },\nyear={2023},\nurl={https://openreview.net/forum?id=XCTVFJwS9LJ}\n}",
    "venue": "ICLR 2023 notable top 25%",
    "venueid": "ICLR.cc/2023/Conference",
    "community_implementations": "[![CatalyzeX](/images/catalyzex_icon.svg) 1 code implementation](https://www.catalyzex.com/paper/arxiv:2208.01893/code)"
  },
  "signatures": [
    "ICLR.cc/2023/Conference"
  ],
  "readers": [
    "everyone"
  ],
  "nonreaders": [],
  "writers": [
    "ICLR.cc/2023/Conference"
  ],
  "pdate": 1675279190528,
  "odate": 1664468100000,
  "details": {
    "overwriting": [],
    "tags": [],
    "writable": false,
    "replyCount": 19,
    "directReplyCount": 8,
    "revisions": true,
    "replies": [
      {
        "id": "BvhIMhItuS",
        "original": null,
        "number": 1,
        "cdate": 1666410990189,
        "mdate": null,
        "ddate": null,
        "tcdate": 1666410990189,
        "tmdate": 1666410990189,
        "tddate": null,
        "forum": "XCTVFJwS9LJ",
        "replyto": "XCTVFJwS9LJ",
        "invitation": "ICLR.cc/2023/Conference/Paper1902/-/Official_Review",
        "content": {
          "confidence": "3: You are fairly confident in your assessment. It is possible that you did not understand some parts of the submission or that you are unfamiliar with some pieces of related work. Math/other details were not carefully checked.",
          "summary_of_the_paper": "This paper proposes to train normalizing flows with annealed importance sampling (AIS). The loss function, which is the 2-divergence, is approximated using importance weighted AIS samples targeted at the distribution with the zero-variance IS estimator. A replay buffer is introduced to reduce the computational burden of the AIS step. The algorithm has good performance on approximating a 2-d Gaussian mixture distribution and the Boltzmann distribution of alanine dipeptide.",
          "strength_and_weaknesses": "**Strength**\n- The proposed algorithm introduces AIS in the training of normalizing flows. With importance sampling, one is able to sample from the region with larger loss. The computation cost of AIS is reduced by introducing a replay buffer.\n- The algorithm is competitive in the reported numerical experiments.\n\n**Weakness**\n- There are a lot of tuning parameters in the AIS part of the algorithm: the number of intermediate distributions in AIS, $\\beta_i$ for each intermediate distribution; number of MCMC steps used to sample from each intermediate distribution; number of gradient steps per AIS step $L$; $M$. The paper does not discuss how sensitive the performance is to these parameters or how should one choose the parameters.\n- It seems that the algorithm should work for other $\\alpha$. It is not clear why the paper only considers $\\alpha=2$. Some discussion or empirical results with different $\\alpha$ would help.\n- The AIS step is trying to fit $p^2/q$, which is as challenging as the original problem of fitting $p$. One might wonder how the proposed method compares with pure AIS. For example, flow without AIS has bad performance as shown in Figure 8. So one might ask what's the performance of AIS alone.\n- The \"bootstrap\" in the paper is not the bootstrap commonly seen. There is only one line of explanation in Section 3.1. I think the paper could benefit from more elaborate explanations of why the procedure is called \"bootstrap\", since it's in the name of the algorithm.\n\n**Minor comments**\n- The notation $N$ is abused. In Equation (3), $N$ is the number of intermediate distributions. In other places, $N$ is the number of samples generated by AIS.\n- One might expect a plot with $\\alpha=2$ in Figure 1 since the whole paper is about $\\alpha=2$.",
          "clarity,_quality,_novelty_and_reproducibility": "The idea of combining AIS with flows and introducing a replay buffer to reduce cost is new. The paper is well structured and clearly written. The paper provides enough details of the experiments.\n",
          "summary_of_the_review": "The paper provides a novel algorithm for training normalizing flows. The algorithm is competitive in the reported experiments. The writing is clear. The weakness includes the complexity of tuning parameters and the lack of comparison with the baseline of AIS alone.",
          "correctness": "4: All of the claims and statements are well-supported and correct.",
          "technical_novelty_and_significance": "3: The contributions are significant and somewhat new. Aspects of the contributions exist in prior work.",
          "empirical_novelty_and_significance": "3: The contributions are significant and somewhat new. Aspects of the contributions exist in prior work.",
          "flag_for_ethics_review": [
            "NO."
          ],
          "recommendation": "6: marginally above the acceptance threshold"
        },
        "signatures": [
          "ICLR.cc/2023/Conference/Paper1902/Reviewer_xTnc"
        ],
        "readers": [
          "everyone"
        ],
        "nonreaders": [],
        "writers": [
          "ICLR.cc/2023/Conference",
          "ICLR.cc/2023/Conference/Paper1902/Reviewer_xTnc"
        ]
      },
      {
        "id": "u7eYLuRV527",
        "original": null,
        "number": 2,
        "cdate": 1666470047412,
        "mdate": null,
        "ddate": null,
        "tcdate": 1666470047412,
        "tmdate": 1666470047412,
        "tddate": null,
        "forum": "XCTVFJwS9LJ",
        "replyto": "XCTVFJwS9LJ",
        "invitation": "ICLR.cc/2023/Conference/Paper1902/-/Official_Review",
        "content": {
          "confidence": "5: You are absolutely certain about your assessment. You are very familiar with the related work and checked the math/other details carefully.",
          "summary_of_the_paper": "The authors use the 2-divergence (Chi^2) as the objective function for sampling target distribution. And they parameterize the distribution by a normalizing flow. They use importance sampling ideas to approximate the Chi^2 divergence. By solving the proposed optimization method numerically, they directly simulate the Gibbs distribution from Molecular Dynamics. Numerical results demonstrate the simplicity of the method.  ",
          "strength_and_weaknesses": "Strength: The paper is written well with clear mathematics.\n\nWeakness: The authors need to demonstrate (motivate) why alpha=2 works better.  Does the author try other f-divergences? ",
          "clarity,_quality,_novelty_and_reproducibility": "The paper is clear. ",
          "summary_of_the_review": "Overall, the paper is written well. Some analytical examples of Chi^2 divergences can be studied. This could explain or motivate why it works better in numerics. ",
          "correctness": "4: All of the claims and statements are well-supported and correct.",
          "technical_novelty_and_significance": "2: The contributions are only marginally significant or novel.",
          "empirical_novelty_and_significance": "2: The contributions are only marginally significant or novel.",
          "flag_for_ethics_review": [
            "NO."
          ],
          "recommendation": "5: marginally below the acceptance threshold"
        },
        "signatures": [
          "ICLR.cc/2023/Conference/Paper1902/Reviewer_tRrj"
        ],
        "readers": [
          "everyone"
        ],
        "nonreaders": [],
        "writers": [
          "ICLR.cc/2023/Conference",
          "ICLR.cc/2023/Conference/Paper1902/Reviewer_tRrj"
        ]
      },
      {
        "id": "ji7DbDqVESK",
        "original": null,
        "number": 3,
        "cdate": 1666857713205,
        "mdate": null,
        "ddate": null,
        "tcdate": 1666857713205,
        "tmdate": 1666857713205,
        "tddate": null,
        "forum": "XCTVFJwS9LJ",
        "replyto": "XCTVFJwS9LJ",
        "invitation": "ICLR.cc/2023/Conference/Paper1902/-/Official_Review",
        "content": {
          "confidence": "3: You are fairly confident in your assessment. It is possible that you did not understand some parts of the submission or that you are unfamiliar with some pieces of related work. Math/other details were not carefully checked.",
          "summary_of_the_paper": "The normalizing Flow-based method is used to estimate complex densities.  However, current methods for training flows have some drawbacks, including expensive computing with MCMC simulations. In this work, the authors propose low AIS Bootstrap method to generate samples with a theoretical and numerical guarantees. \n\n\n\n",
          "strength_and_weaknesses": "1. In section 3.1, they claim “p^2/q is the minimum variance importance sampling distribution for D_{α=2}(p||q)”. Can the authors explain further about this point?  \n2. In Many Well Experiments(Appendix E), it seems that their method can not beat the Flow w/ ML method based on Table 4. The Ep(x)[log q(x)], Mean log q (xmodes ) and DKL[p||q] results of those two methods are exactly the same. \n3. Could the authors provide computation time for different methods? \n",
          "clarity,_quality,_novelty_and_reproducibility": "The question of how to estimate the flow-based method is important, and the proposed method is clear.",
          "summary_of_the_review": "\nOverall, the writing is easy to follow and the proposed method seems to work well in 2-d case.\nHowever, the method does not demonstrate improvements over the baseline method in higher\ndimensional cases.",
          "correctness": "4: All of the claims and statements are well-supported and correct.",
          "technical_novelty_and_significance": "3: The contributions are significant and somewhat new. Aspects of the contributions exist in prior work.",
          "empirical_novelty_and_significance": "2: The contributions are only marginally significant or novel.",
          "flag_for_ethics_review": [
            "NO."
          ],
          "recommendation": "6: marginally above the acceptance threshold"
        },
        "signatures": [
          "ICLR.cc/2023/Conference/Paper1902/Reviewer_1QZD"
        ],
        "readers": [
          "everyone"
        ],
        "nonreaders": [],
        "writers": [
          "ICLR.cc/2023/Conference",
          "ICLR.cc/2023/Conference/Paper1902/Reviewer_1QZD"
        ]
      },
      {
        "id": "Dx-y5MuDtD7",
        "original": null,
        "number": 4,
        "cdate": 1667515829778,
        "mdate": null,
        "ddate": null,
        "tcdate": 1667515829778,
        "tmdate": 1667686509757,
        "tddate": null,
        "forum": "XCTVFJwS9LJ",
        "replyto": "XCTVFJwS9LJ",
        "invitation": "ICLR.cc/2023/Conference/Paper1902/-/Official_Review",
        "content": {
          "confidence": "4: You are confident in your assessment, but not absolutely certain. It is unlikely, but not impossible, that you did not understand some parts of the submission or that you are unfamiliar with some pieces of related work.",
          "summary_of_the_paper": "This paper proposes a method for training normalizing flows using a mass-covering objective which does not require samples from the target distribution.   Existing methods often optimize a mode-seeking objective when target samples are not available, although the experiments section highlights applications (such a learning mixtures of Gaussians or a molecular Boltzmann distribution) where mode-seeking optimization fails to match a multi-modal target.\n\nThe current work overcomes these limitations by evaluating flow density training gradients on approximate samples from the the optimal proposal for estimating the α-divergence with α=2.    Minimizing this divergence as a function of q corresponds to minimizing the variance of the importance weights when sampling under q.   Annealed Importance Sampling (with a replay buffer) is used to transform samples generated by the flow into samples from the optimal α=2 proposal, which emphasizes regions in the sample space where the current flow model does not match the target.\n\n",
          "strength_and_weaknesses": "**Strengths:**  The paper is well-motivated in proposing a method for training mass-covering flows without access to target samples.   I am happy to see work utilizing the importance sampling variance-minimization interpretation of the α=2 divergence.   \n\nThe authors essentially solve estimation of the Boltzmann dist. for alaine dipeptide molecule.   I do not fully appreciate the significance, but this does represent a 'state-of-the-art'-style result, in which the motivating aspects of the proposed method figure prominently.\n\n\n**Weaknesses:**\nOne question is to what extent the proposed α=2 objective is preferred to MLE with $KL[p : q]$ in general / practice.   Similar derivations should apply using AIS to sample from p and minimize $KL[p : q]$(the only thing that should change is the AIS target and importance weights, if I understand correctly).\n\nResults are nearly identical for α=2 vs. MLE with exact or MD samples (both essentially solve the problems), so it doesn't seem absolutely necessary to run additional baselines (or to open up the discussion to less justified values of α).     Still, the exposition should state the generality of the AIS bootstrap approach in applying to these divergences, especially since accurate sampling for higher values of α should be more challenging in practice.\n\n",
          "clarity,_quality,_novelty_and_reproducibility": "Most comments here are with respect to clarity.   Novelty and quality of the work is high and the appendix appears to have extensive experimental details, although I did not review.\n\n\n**Sec 3** \nOn first pass, I found myself conflating two notions of 'minimum variance', which I think could be clarified by the exposition.    Minimizing the α=2 divergence corresponds to minimizing variance of IS weights when sampling under $q$, but $g$ is the 'minimum variance' is the minimum variance proposal for estimation of the α=2 divergence.     One way to emphasize / summarize might be: at test time, we'd like to sample from flow model $q$ (=> minimize α=2), but α=2 is hard to estimate during training (=> sample from $g$).   \n\n* The last sentence under Eq. 2 could more clearly specify that samples are drawn from $q$.\n\n* In Sec. 3.1, I think it would be useful to discuss alternatives to the minimum variance proposal $g$, especially since sampling from $q$ and $p$ directly end up forming baselines later in the paper.    Only after rejecting these options might the reader fully appreciate the choice of $g$!     \n\n\n\n**Experiments** \nI found the experiment sections difficult to follow.   It may be useful to demarcate \"experimental design\" details and \"analysis of results\".\n\n* In particular,  I left Sec. 4.2 with very little sense for what Φ and ψ are, how they fit into the sampling/estimation task, etc.   More high-level definition of the problem (perhaps with fewer preprocessing or experimental details, for space) would be useful here.\n\n* Please clarify which KL divergence is being calculated in Table 2 ($KL[q:p]$?).    I assume reweighting in Fig 4 is for samples from q, using importance weights wrt p (?)\n\n\nMinor comments:  \n\n* A concrete expression for estimating expected values using AIS weights would be useful in Sec 2 or App A (e.g. to ease Eq 12).\n* Probably best to use to term \"perfect transitions\" for exact, independent AIS samples\n",
          "summary_of_the_review": "I am happy with this paper overall.   The experiments show success in proposing a mass-covering loss for normalizing flow training which can be used when target samples are not available.    Some concerns regarding presentation have been raised above.  ",
          "correctness": "4: All of the claims and statements are well-supported and correct.",
          "technical_novelty_and_significance": "3: The contributions are significant and somewhat new. Aspects of the contributions exist in prior work.",
          "empirical_novelty_and_significance": "4: The contributions are significant, and do not exist in prior works.",
          "flag_for_ethics_review": [
            "NO."
          ],
          "recommendation": "8: accept, good paper"
        },
        "signatures": [
          "ICLR.cc/2023/Conference/Paper1902/Reviewer_8zPW"
        ],
        "readers": [
          "everyone"
        ],
        "nonreaders": [],
        "writers": [
          "ICLR.cc/2023/Conference",
          "ICLR.cc/2023/Conference/Paper1902/Reviewer_8zPW"
        ]
      },
      {
        "id": "A0Jw4cdAXJH",
        "original": null,
        "number": 5,
        "cdate": 1667540702556,
        "mdate": null,
        "ddate": null,
        "tcdate": 1667540702556,
        "tmdate": 1667757570916,
        "tddate": null,
        "forum": "XCTVFJwS9LJ",
        "replyto": "XCTVFJwS9LJ",
        "invitation": "ICLR.cc/2023/Conference/Paper1902/-/Official_Review",
        "content": {
          "confidence": "3: You are fairly confident in your assessment. It is possible that you did not understand some parts of the submission or that you are unfamiliar with some pieces of related work. Math/other details were not carefully checked.",
          "summary_of_the_paper": "This paper proposed a method, Flow AIS Bootstrap (FAB) that uses AIS to train flows to approximate complex, unnormalized distributions. Authors used. Alpha divergence with alpha=2 as the objective as it encourages mode covering and minimizes importance weight variance. Authors further reduce the computational cost of FAB by introducing a replay buffer with various tricks, and the authors show empirical evidence of the effectiveness of FAB on toy distributions and on the more sophisticated Boltzmann distribution of alanine dipeptide. \n\n",
          "strength_and_weaknesses": "Strength:\n\n1. I find FAB to be well-motivated. I wasn’t familiar with Boltzmann generators but I find the adoption of AIS to train Flows for this problem to be clever. AIS samples are usually pretty good, but mostly it was only used to estimate the partition function. I have previously thought that the AIS samples could be put to better use, and in this paper the alanine dipeptide problem is a perfect use case because we have access to only the unnormalized density, but to train an explicit generative model we need samples. Yet directly training with the ML objective has various problems, AIS comes to the rescue.\n\n2. I find the use of Alpha divergence with alpha=2 to be clever and appropriate as it encourages mode covering and minimizes importance weight variance at the same time. \n\n3. I find the decomposition of HMC step sizes to be clever (In Appendix E.3). I don’t recall seeing it in prior works, is it a novel contribution by the authors? \n\n4. The FAB method is theoretically sound.\n\n5. It seems authors have sufficiently explored various ways to empirically improve FAB, tricks including the replay buffer (and various nuanced decisions went into improving that including using mini batching with probability proportional to old AIS weights and reweighting etc) are well-motivated and empirically shown to be useful.\n\n6. As a result, the FAB method is empirically strong and convincing. On the toy example, Figure2 is convincing at showing the effectiveness of FAB with buffer, without ground truth samples, it performs as well as Flow trained with ML objective with access to ground truth samples. Similarly Table 1, Table 2 and Figure 3, Figure 4 show strong evidence of the effectiveness of the method. \n\nWeakness:\n\n1. The step sizes tuning for the HMC is tricky, because to conform to mathematical correctness, it is necessary to load the step sizes from a given run and repeat the same run with different random seeds, so that the Markovian property is not violated. I don’t think the authors did this? Granted it probably doesn’t make a big difference empirically, but authors could consider at least verifying how much of a difference this would make. For more details, see Appendix C.3 of https://arxiv.org/pdf/2008.06653.pdf \n",
          "clarity,_quality,_novelty_and_reproducibility": "Clarity: I find this paper to be well-written and clear.\nQuality: See strength 4,5,6\nNovelty: See strength 1,2,3\nReproducibility: The code is included, going through the code it seems all experiments are included. But I don’t have enough time to run the code unfortunately. However based on going through the appendix, it seems the results will be reproducible. \n",
          "summary_of_the_review": "In summary, I think this paper is novel both in terms of the method itself and in terms of the specific use case. And authors have shown strong empirical evidence of the superiority of the method.  I would recommend accept. ",
          "correctness": "4: All of the claims and statements are well-supported and correct.",
          "technical_novelty_and_significance": "4: The contributions are significant, and do not exist in prior works.",
          "empirical_novelty_and_significance": "4: The contributions are significant, and do not exist in prior works.",
          "flag_for_ethics_review": [
            "NO."
          ],
          "recommendation": "8: accept, good paper"
        },
        "signatures": [
          "ICLR.cc/2023/Conference/Paper1902/Reviewer_itRu"
        ],
        "readers": [
          "everyone"
        ],
        "nonreaders": [],
        "writers": [
          "ICLR.cc/2023/Conference",
          "ICLR.cc/2023/Conference/Paper1902/Reviewer_itRu"
        ]
      },
      {
        "id": "eUzk5BPZW0",
        "original": null,
        "number": 6,
        "cdate": 1667676049882,
        "mdate": 1667676049882,
        "ddate": null,
        "tcdate": 1667676049882,
        "tmdate": 1667676049882,
        "tddate": null,
        "forum": "XCTVFJwS9LJ",
        "replyto": "XCTVFJwS9LJ",
        "invitation": "ICLR.cc/2023/Conference/Paper1902/-/Official_Review",
        "content": {
          "confidence": "3: You are fairly confident in your assessment. It is possible that you did not understand some parts of the submission or that you are unfamiliar with some pieces of related work. Math/other details were not carefully checked.",
          "summary_of_the_paper": "This paper proposes a strategy to augment flows with annealed importance sampling (AIS) with the objective to minimize importance weight variance. AIS is responsible to generate samples in regions where the flow struggles. The proposed FAB was shown to produce\nbetter results than training via maximum likelihood on MD samples with less computational demand. ",
          "strength_and_weaknesses": "Strength: I like the idea of using AIS to cover for regions in the sample space where the current flow model struggle. The experimental results also supported the claim.\n\nWeakness: My concern is over the particular choice of α=2 objective. Why does minimizing variance indicate that this objective works better for the flow?",
          "clarity,_quality,_novelty_and_reproducibility": "Overall this paper is clear to read, well written and the novelty is high. The code is included, so I assume that the reproducibility should be high. ",
          "summary_of_the_review": "In summary, I think this paper is novel both in terms of the method itself and in terms of the specific use case. And authors have shown strong empirical evidence of the superiority of the method. I would recommend accept.",
          "correctness": "4: All of the claims and statements are well-supported and correct.",
          "technical_novelty_and_significance": "4: The contributions are significant, and do not exist in prior works.",
          "empirical_novelty_and_significance": "4: The contributions are significant, and do not exist in prior works.",
          "flag_for_ethics_review": [
            "NO."
          ],
          "details_of_ethics_concerns": "I like this paper overall. Clearly sufficient novelty and the experimental part is also convincng. Therefore, I would recommend accept.",
          "recommendation": "6: marginally above the acceptance threshold"
        },
        "signatures": [
          "ICLR.cc/2023/Conference/Paper1902/Reviewer_A5bQ"
        ],
        "readers": [
          "everyone"
        ],
        "nonreaders": [],
        "writers": [
          "ICLR.cc/2023/Conference",
          "ICLR.cc/2023/Conference/Paper1902/Reviewer_A5bQ"
        ]
      },
      {
        "id": "z__AlPKUUu",
        "original": null,
        "number": 1,
        "cdate": 1668186364962,
        "mdate": null,
        "ddate": null,
        "tcdate": 1668186364962,
        "tmdate": 1668526701928,
        "tddate": null,
        "forum": "XCTVFJwS9LJ",
        "replyto": "XCTVFJwS9LJ",
        "invitation": "ICLR.cc/2023/Conference/Paper1902/-/Official_Comment",
        "content": {
          "title": "Reply to all reviewers",
          "comment": "Thank you for your reviews. We appreciate your valuable comments. We identified two common question topics across reviews which we would like to address together.\n\n\nFirstly, multiple reviewers asked for justification for our choice of setting $\\alpha=2$ for the $\\alpha$-divergence, and comparisons with alternative divergences.\nThe reason we picked this is for its theoretical properties: It is mass covering, and is equivalent to minimizing the variance in the importance weights or, equivalently, maximizing the effective sample size.\nOur goal is to use the trained flow as an importance sampler and having low variance in the importance sampling weights will generally lower the variance in the importance sampling estimates. \nThis is discussed in Appendix E of [*Divergence measures and message passing* by Minka 2006](https://groups.seas.harvard.edu/courses/cs281/papers/minka-divergence.pdf). \n\nAs noted by reviewers, the FAB style of approach may be applied to $alpha$-divergence with other values of $\\alpha$.\nWe have added the derivation of the FAB loss for arbitrary values of $\\alpha$ to Appendix B. \nSetting $\\alpha=1$ is equivalent to using a maximum likelihood objective / minimising the forward kl - which was also asked about by reviewers. \n\nWe have also added further experiments where we run the FAB algorithm with different values of $\\alpha$ to see whether our theoretical claims are empirically justified.\nFor alanine dipeptide, we trained models with FAB using $\\alpha \\in \\{0.25, 0.5, 1, 1.5, 3\\}$ in addition to the already existing experiments with $\\alpha = 2$.\nBelow, the results for FAB with a replay buffer using different $\\alpha$-values are reported. The results are averaged over 3 runs and the standard error is given as uncertainty. Best results are emphasized in **bold**.\n| $\\alpha$ | ESS (\\%)         | $\\mathrm{E}_{p(x)} \\left[ \\log q (x) \\right]$ | KLD | KLD w/ RW |\n|----------|-----------------|-----------------------------------------------|-----|-----------|\n| $0.25$ | $0.021 \\pm 0.000$ | $-546 \\pm 14$ | $5.36 \\pm 0.72$ | $10.9 \\pm 1.4$ | \n| $0.5$ | $0.023 \\pm 0.001$ | $-606 \\pm 20$ | $4.84 \\pm 0.95$ | $10.4 \\pm 1.9$ | \n| $1$ | $0.027 \\pm 0.000$ | $60.1 \\pm 9.0$ | $2.79 \\pm 0.81$ | $6.73 \\pm 1.76$ | \n| $1.5$ | $89.4 \\pm 0.3$ | $211.49 \\pm 0.02$ | $(1.44 \\pm 0.90)\\times 10^{-2}$ | $(1.52 \\pm 0.93)\\times 10^{-2}$ | \n| $2$ | $\\mathbf{92.8} \\pm \\mathbf{0.1}$ | $\\mathbf{211.54} \\pm \\mathbf{0.00}$ | $\\mathbf{(3.42} \\pm \\mathbf{0.45)\\times 10^{-3}}$ | $\\mathbf{(2.51} \\pm \\mathbf{0.39)\\times 10^{-3}}$ | \n| $3$ | $\\mathbf{93.9} \\pm \\mathbf{1.1}$ | $211.49 \\pm 0.03$ | $(2.58 \\pm 0.96)\\times 10^{-2}$ | $(2.19 \\pm 0.82)\\times 10^{-2}$ | \n\nIn the following table, the results for FAB without a replay buffer using different $\\alpha$-values are reported. The results are averaged over 3 runs and the standard error is given as uncertainty. Best results are emphasized in **bold**.\n| $\\alpha$ | ESS (\\%)         | $\\mathrm{E}_{p(x)} \\left[ \\log q (x) \\right]$ | KLD | KLD w/ RW |\n|----------|-----------------|-----------------------------------------------|-----|-----------|\n| $0.25$ | $1.7 \\pm 0.3$ | $198.71 \\pm 0.09$ | $3.94 \\pm 0.40$ | $8.45 \\pm 0.20$ | \n| $0.5$ | $9.4 \\pm 4.4$ | $-192 \\pm 326$ | $7.70 \\pm 5.59$ | $7.99 \\pm 5.49$ | \n| $1$ | $15.8 \\pm 4.9$ | $210.16 \\pm 0.40$ | $(1.09 \\pm 0.19)\\times 10^{-1}$ | $(5.60 \\pm 0.75)\\times 10^{-2}$ | \n| $1.5$ | $34.8 \\pm 3.6$ | $210.87 \\pm 0.07$ | $(7.72 \\pm 0.72)\\times 10^{-2}$ | $(4.04 \\pm 0.04)\\times 10^{-2}$ | \n| $2$ | $\\mathbf{52.2} \\pm \\mathbf{1.3}$ | $\\mathbf{211.13} \\pm \\mathbf{0.03}$ | $\\mathbf{(6.28} \\pm \\mathbf{0.33)\\times10^{-2}}$ | $\\mathbf{(2.66} \\pm \\mathbf{0.90)\\times 10^{-2}}$ | \n| $3$ | $24.8 \\pm 4.6$ | $210.48 \\pm 0.14$ | $(1.31 \\pm 0.05)\\times 10^{-1}$ | $(3.88 \\pm 0.03)\\times 10^{-2}$ |\n\nSetting $\\alpha = 2$ turns out to be the best choices regarding almost all performance metrics, while values close to $2$ still perform better than the baselines not using samples from the target distribution. We added these results and the analysis in Appendix F.2 of our manuscript."
        },
        "signatures": [
          "ICLR.cc/2023/Conference/Paper1902/Authors"
        ],
        "readers": [
          "everyone"
        ],
        "nonreaders": [],
        "writers": [
          "ICLR.cc/2023/Conference",
          "ICLR.cc/2023/Conference/Paper1902/Authors"
        ]
      },
      {
        "id": "b6DC8gVNKgZ",
        "original": null,
        "number": 2,
        "cdate": 1668186682548,
        "mdate": 1668186682548,
        "ddate": null,
        "tcdate": 1668186682548,
        "tmdate": 1668186682548,
        "tddate": null,
        "forum": "XCTVFJwS9LJ",
        "replyto": "z__AlPKUUu",
        "invitation": "ICLR.cc/2023/Conference/Paper1902/-/Official_Comment",
        "content": {
          "title": "Reply to all reviewers (cont.)",
          "comment": "Secondly, several reviewers asked why we selected $p^2/q$ as the AIS target distribution and how it compares to alternatives. \nThis choice is justified as follows:\nGiven an integral $\\int f(x) dx$ where $f(x) \\geq 0$, the minimum variance importance sampling distribution for estimation of this is given by $g(x) \\propto f(x)$.\nThis is a common result in importance sampling literature, that we note in a footnote on page 3 with citations to literature that explain this link in detail. \nFor the $\\alpha=2$-divergence loss we have $D_{\\alpha=2}(p \\| q) \\propto p^2/q$, which gives the minimum variance importance sampling distribution $p^2/q$.  \nThus sampling approximately from this distribution using AIS provides a lower variance estimate of the loss which is important for obtaining a good training signal for the flow.\nOne alternative choice is to run AIS targeting $p$, and then to write the loss as an expectation over $p$ (similarly to if we were using samples from $p$). \nIn Appendix C.2, we provide a comparison of using $p$ versus $p^2/q$ as the target for AIS on a simple 1D Gaussian, and find that $p^2/q$ is superior. \nIn Appendix C.2 we also provide analysis (theoretical and empirical) comparing the estimation of $\\alpha=2$ divergence directly using samples from directly from $q$ and $p$. "
        },
        "signatures": [
          "ICLR.cc/2023/Conference/Paper1902/Authors"
        ],
        "readers": [
          "everyone"
        ],
        "nonreaders": [],
        "writers": [
          "ICLR.cc/2023/Conference",
          "ICLR.cc/2023/Conference/Paper1902/Authors"
        ]
      },
      {
        "id": "IdYHa1eJvDn",
        "original": null,
        "number": 3,
        "cdate": 1668186943353,
        "mdate": 1668186943353,
        "ddate": null,
        "tcdate": 1668186943353,
        "tmdate": 1668186943353,
        "tddate": null,
        "forum": "XCTVFJwS9LJ",
        "replyto": "eUzk5BPZW0",
        "invitation": "ICLR.cc/2023/Conference/Paper1902/-/Official_Comment",
        "content": {
          "title": "Reply to Reviewer A5bQ",
          "comment": "We thank you for your review and are glad that you appreciate the novelty and clarity of our work.\n\nYour question regarding the motivation behind $\\alpha=2$ was common across multiple reviewers - so we have responded to it along with the others in a single comment."
        },
        "signatures": [
          "ICLR.cc/2023/Conference/Paper1902/Authors"
        ],
        "readers": [
          "everyone"
        ],
        "nonreaders": [],
        "writers": [
          "ICLR.cc/2023/Conference",
          "ICLR.cc/2023/Conference/Paper1902/Authors"
        ]
      },
      {
        "id": "VYQmc_Xtc3P",
        "original": null,
        "number": 4,
        "cdate": 1668187034234,
        "mdate": 1668187034234,
        "ddate": null,
        "tcdate": 1668187034234,
        "tmdate": 1668187034234,
        "tddate": null,
        "forum": "XCTVFJwS9LJ",
        "replyto": "A0Jw4cdAXJH",
        "invitation": "ICLR.cc/2023/Conference/Paper1902/-/Official_Comment",
        "content": {
          "title": "Reply to Reviewer itRu",
          "comment": "Thank you for the detailed review. We are pleased that you appreciate our choice of setting $\\alpha=2$, which we further empirically justify in a comment to all reviewers as well as in the Appendix of our updated manuscript.\n\nWe agree that adapting shared parameters across AIS within a forward pass violates Markov property. \nThe effect of this is probably minor as the step size changes are relatively small for each run. \nAlso for evaluation we always fix the parameters of AIS, so this is only present during training - this similar to the \"preliminary\" versus \"formal\" run in the paper that you linked to. \nWe have added a note in the Appendix to clarify this for the reader. "
        },
        "signatures": [
          "ICLR.cc/2023/Conference/Paper1902/Authors"
        ],
        "readers": [
          "everyone"
        ],
        "nonreaders": [],
        "writers": [
          "ICLR.cc/2023/Conference",
          "ICLR.cc/2023/Conference/Paper1902/Authors"
        ]
      },
      {
        "id": "BprqtO70jfF",
        "original": null,
        "number": 5,
        "cdate": 1668187227950,
        "mdate": 1668187227950,
        "ddate": null,
        "tcdate": 1668187227950,
        "tmdate": 1668187227950,
        "tddate": null,
        "forum": "XCTVFJwS9LJ",
        "replyto": "Dx-y5MuDtD7",
        "invitation": "ICLR.cc/2023/Conference/Paper1902/-/Official_Comment",
        "content": {
          "title": "Reply to Reviewer 8zPW",
          "comment": "Thank you for the detailed review!\n\nYou are correct that we can use AIS to estimate the forward KL divergence using $p$ as the target distribution.  \nWe note that $\\mathrm{KL}[p || q]$ is a special case of alpha divergence where $\\alpha=1$.\nWe have now added a version of FAB that works for arbitrary values of $\\alpha$to Appendix B. \nWe have also added experiments for FAB with various values of $\\alpha$ including $\\alpha=1$ on the dipeptide problem to the Appendix. \nWe found that $\\alpha=2$ worked best.\nQuestions regarding the choice of $\\alpha=2$ were common across reviewers so we responded to these together. \nWe refer you to this comment for further discussion. \n\nWe agree that it is important to make the distinction clear between the two different notions of minimum variance and that it can be a bit confusing to the reader. We have updated the paper to include the 'test time' vs 'training time' distinction that you mentioned.  \n\nWe are sorry that the definition and role of $\\phi$ and $\\psi$ are still unclear. The molecule is parametrized in internal coordinates, i.e. bond lengths, bond angles, and dihedral angles. These coordinates are defined e.g. in the *Materials and methods* Section [(Noé et al., 2019)](https://www.science.org/doi/10.1126/science.aaw1147) or Appendix G.1 and Figure 11 in [(Stimper et al., 2022)](https://proceedings.mlr.press/v151/stimper22a/stimper22a.pdf). Two of these dihedral angles are $\\phi$ and $\\psi$. The marginal distribution of $(\\phi, \\psi)$ represented as a histogram given samples from the Boltzmann distribution (or a model of it) is called the Ramachandran plot. It plays an important role in analyzing proteins, as it can be used to determine how a protein locally folds. \nThe KL divergences are computed by getting the Ramachandran plot from the test set as well as from samples from the desired model and then estimating it numerically on the histogram grid. As you said, reweighting is done through the importance weights given the model and the target. Thereby, we generated the rightmost plot in Figure 4, but we also computed the KL divergences of the Ramachandran plot histograms obtained with reweighting with respect to the ground truth.\nI hope we clarified what $\\phi$ and $\\psi$ are and which role they play in our analysis. We extended their description in our manuscript as well.\n\nRegarding the minor comments, we have added expressions for estimating expectations with AIS to both Section 2 and Appendix A. Moreover, we added \"perfect transitions\" for exact independent samples for MCMC transitions in AIS."
        },
        "signatures": [
          "ICLR.cc/2023/Conference/Paper1902/Authors"
        ],
        "readers": [
          "everyone"
        ],
        "nonreaders": [],
        "writers": [
          "ICLR.cc/2023/Conference",
          "ICLR.cc/2023/Conference/Paper1902/Authors"
        ]
      },
      {
        "id": "pg6ROle13wl",
        "original": null,
        "number": 6,
        "cdate": 1668187356975,
        "mdate": 1668187356975,
        "ddate": null,
        "tcdate": 1668187356975,
        "tmdate": 1668187356975,
        "tddate": null,
        "forum": "XCTVFJwS9LJ",
        "replyto": "ji7DbDqVESK",
        "invitation": "ICLR.cc/2023/Conference/Paper1902/-/Official_Comment",
        "content": {
          "title": "Reply to Reviewer 1QZD",
          "comment": "Multiple reviewers also asked about the choice of $g=p^2/q$ - so we have added a comment describing the motivation behind this choice, and provide links to further analyses of alternatives to this that we included in the Appendix. We refer you to this comment. \n\nTraining by ML requires being able to sample from the target. However, we are interested in the case when we cannot sample from the target. Hence, this is not for direct comparison, as the methods apply in different circumstances. Hence we use the --- in the tables to show that this method is \"separate\".\nIn the case of the alanine dipeptide example, we have to run expensive MD simulations to obtain samples. \nAfter accounting for the target evaluations needed for MD, we see that training by ML is more expensive. \nThe most common approach from literature for training without samples is the \"Flow w/ KLD\" baseline, see [(Noé et al., 2019)](https://www.science.org/doi/10.1126/science.aaw1147), that our method strongly outperforms in all of the experiments. \n\nRegarding the computational cost, the most relevant quantities are the number of flow and target evaluations, which are done during training. We listed them in the appendix, see e.g. Table 3, Table 5, and Table 6. How these numbers translate to a runtime depends on the available resources and the implementation. For the dipeptide experiments, we already gave a rough overview in the paragraph **Computational resources** in Appendix F.1. However, we agree that it is interesting to see how this information translates to the runtime for all methods. We report them in the table below, which we also added to our manuscript in Appendix F.1. \n\n| Training method | Runtime |\n|-----------------|---------|\n| Flow w/ ML      | 13.8h   |\n| Flow w/ $D_{\\alpha=2}$ | 20.0h   |\n| Flow w/ KLD     | 20.0h   |\n| RBD w/ KLD      | 82.5h   |\n| SNF w/ KLD      | 170h    |\n| FAB w/o buffer  | 18.8h   |\n| FAB w/ buffer   | 15.7h   |\n\nAlthough training the flow with ML is faster than training with FAB, note that generating the data for ML training with MD requires an additional 9.4 kCPUh, which would take 131h when executed on one server."
        },
        "signatures": [
          "ICLR.cc/2023/Conference/Paper1902/Authors"
        ],
        "readers": [
          "everyone"
        ],
        "nonreaders": [],
        "writers": [
          "ICLR.cc/2023/Conference",
          "ICLR.cc/2023/Conference/Paper1902/Authors"
        ]
      },
      {
        "id": "50nWVRO6oz",
        "original": null,
        "number": 7,
        "cdate": 1668187408225,
        "mdate": 1668187408225,
        "ddate": null,
        "tcdate": 1668187408225,
        "tmdate": 1668187408225,
        "tddate": null,
        "forum": "XCTVFJwS9LJ",
        "replyto": "u7eYLuRV527",
        "invitation": "ICLR.cc/2023/Conference/Paper1902/-/Official_Comment",
        "content": {
          "title": "Reply to Reviewer tRrj",
          "comment": "We thank you for your review and appreciate that you like the clarity of our manuscript.\n\nYour main criticism regarding the justification for using the $\\alpha=2$-divergence is shared by several of the other reviewers, which is why we addressed them in a generic reply. If you have any other concerns, please feel free to leave a comment here."
        },
        "signatures": [
          "ICLR.cc/2023/Conference/Paper1902/Authors"
        ],
        "readers": [
          "everyone"
        ],
        "nonreaders": [],
        "writers": [
          "ICLR.cc/2023/Conference",
          "ICLR.cc/2023/Conference/Paper1902/Authors"
        ]
      },
      {
        "id": "BOFvgJOR69",
        "original": null,
        "number": 8,
        "cdate": 1668187596585,
        "mdate": 1668187596585,
        "ddate": null,
        "tcdate": 1668187596585,
        "tmdate": 1668187596585,
        "tddate": null,
        "forum": "XCTVFJwS9LJ",
        "replyto": "BvhIMhItuS",
        "invitation": "ICLR.cc/2023/Conference/Paper1902/-/Official_Comment",
        "content": {
          "title": "Reply to Reviewer xTnc",
          "comment": "The number of AIS distributions improves the quality of the gradient estimation at each step, at the cost of extra compute. \nIn general we aimed to pick a small number of intermediate distributions to keep the cost per iteration low. \nWe found that the training procedure was robust even when using a low number of AIS distributions.\nWe used only 1 intermediate distribution for the GMM problem, and 4 for the Many Well and Dipeptide problems.\nWe agree that obtaining a principled way of selecting these hyper-parameters would be useful.\nOne step we make towards this is the analysis of the number of intermediate distributions required as we scale the dimensionality of the problem in Appendix C.2 - where we suggest increasing the number of AIS distributions linearly with the dimensionality of the problem. \nHowever it would be advantageous to study this in further work. \n\nWe use a relatively simple version of AIS/MCMC and cite literature for more advanced ways of selecting/optimizing these hyper-parameters. \nIn general we expect that these more advanced techniques should further improve FAB.\nFor example for $B_i$ we chose linear spacing for simplicity.\n[(Brekelmans et.al 2020)](https://arxiv.org/abs/2012.07823) provides a more advanced techniques for selecting this. \nAlso notably [(Doucet et.al 2022)](https://arxiv.org/abs/2208.07698) provides a method of tuning the full extended target distribution of AIS.\n\n\nIn the prioritized experience replay paper [(Schaul et al., 2016)](https://arxiv.org/abs/1511.05952) they sample each experience 8 times on average, which is the value of $L$ that we used for the alanine dipeptide problem.\nFor the GMM problem in some preliminary experiments we found that setting $L=4$ tended to perform better so we left it at this value. \nIn general we expect that setting L=8 should provide a good choice. \nIncreasing $L$ decreases the amount of computation spent on AIS for training, however setting $L$ high may result in the flow \"overfitting\" on the buffer experience.\n\nAIS requires a proposal. When trying to benchmark the performance of AIS alone, we can use for instance the base distribution as proposal. For alanine dipeptide, this is a uniform distribution for the dihedral angles along rotatable bonds and Gaussian distributions for all other coordinates. With this setting, we only achive an ESS of $1.26\\times10^{-4}$ and the KL divergence of the Ramachandran plots is $1.96$, which is comparable to the worst models we considered.\n\nThe meaning of the word *bootstrap* we had in mind is “using one's existing resources to improve oneself”. This is a generic interpretation of the word bootstrap. We acknowledge that the word is overloaded and, hence, can be confusing. In statistics, this term is often used for a resampling method, and there exist other interpretations in other disciplines.\nFAB is a bootstrapping method according to the generic notion of the word since it uses the flow in combination with AIS to estimate a loss in order to improve the flow. While improving the flow, we get a better initial distribution for AIS, and so on.\nWe included a definition of the word in the introduction of our manuscript. \n\nWe have applied the fix for the abuse of notation with N - thanks!"
        },
        "signatures": [
          "ICLR.cc/2023/Conference/Paper1902/Authors"
        ],
        "readers": [
          "everyone"
        ],
        "nonreaders": [],
        "writers": [
          "ICLR.cc/2023/Conference",
          "ICLR.cc/2023/Conference/Paper1902/Authors"
        ]
      },
      {
        "id": "HcTpZMnjaG",
        "original": null,
        "number": 9,
        "cdate": 1668589093048,
        "mdate": 1668589093048,
        "ddate": null,
        "tcdate": 1668589093048,
        "tmdate": 1668589093048,
        "tddate": null,
        "forum": "XCTVFJwS9LJ",
        "replyto": "b6DC8gVNKgZ",
        "invitation": "ICLR.cc/2023/Conference/Paper1902/-/Official_Comment",
        "content": {
          "title": "Reply to all reviewers (cont.)",
          "comment": "We have now also added a study of FAB varying $\\alpha \\in \\{0.25, 0.5, 1, 1.5, 3\\}$ for the GMM problem to Appendix D.3. \nGenerally, on the GMM problem the differences in performance between different choices of $\\alpha$ was less stark than for the alanine dipeptide problem, and all methods with $\\alpha \\geq 1$ are able to obtain a reasonably good fit for the target.\nThe reason that the differences in performance are smaller is because the problem is easier. \nFor FAB without the replay buffer, $\\alpha=2$ had slightly superior performance compared to FAB with other values of $\\alpha$. \nFor FAB with the buffer $\\alpha=2$ and $\\alpha=3$ achieve the best performance. \nAlong with the results on the alanine dipeptide problem, this provides further support for the choice of $\\alpha=2$. "
        },
        "signatures": [
          "ICLR.cc/2023/Conference/Paper1902/Authors"
        ],
        "readers": [
          "everyone"
        ],
        "nonreaders": [],
        "writers": [
          "ICLR.cc/2023/Conference",
          "ICLR.cc/2023/Conference/Paper1902/Authors"
        ]
      },
      {
        "id": "aaDlKD_3bE",
        "original": null,
        "number": 10,
        "cdate": 1668619424004,
        "mdate": null,
        "ddate": null,
        "tcdate": 1668619424004,
        "tmdate": 1668619483094,
        "tddate": null,
        "forum": "XCTVFJwS9LJ",
        "replyto": "BprqtO70jfF",
        "invitation": "ICLR.cc/2023/Conference/Paper1902/-/Official_Comment",
        "content": {
          "title": "thanks for addressing concenrs",
          "comment": "Thank you for the comprehensive reply!  This explanation of the Alanine Dipeptide molecule was particularly useful.   If the authors agree, it seems useful to include some of this detail in place of discussing preprocessing steps and molecule chirality in the first 2 paragraphs of Sec 4.2.    Thank you for the additional experiments as well.\n\nBeyond-the-scope of current review comments : \n\n- If extending the method to differentiable AIS methods, it may be interesting to consider the SNIS weights in the surrogate loss (Eq. 7) as arising from an IWAE-style objective (e.g. [Zhang et. al 2021 Eq. 23](https://arxiv.org/pdf/2107.10211.pdf))\n$$ \\mathcal{S}(\\theta) = \\log \\frac{1}{K} \\sum_k w_{AIS}^{(k)}(x_{0:T}, \\theta) \\implies \\nabla_{\\theta}  \\mathcal{S}(\\theta) = \\frac{w_{AIS}^{(k)}(x_{0:T}, \\theta) }{\\sum_k w_{AIS}^{(k)}(x_{0:T}, \\theta) } \\nabla_{\\theta}  \\log w_{AIS}^{(k)}(x_{0:T}, \\theta) $$\n\n\n- In the response to Rev. xTnc, note that  [Brekelmans et.al 2020](https://arxiv.org/abs/2012.07823) (conference version [Masrani et. al 2021](https://arxiv.org/abs/2107.00745)]) changes the path of intermediate densities (moving away geometric averaging), and does not concern the spacing of densities along the geometric path.   For scheduling, see e.g. [Grosse et. al 2013](https://www.cs.toronto.edu/~rgrosse/nips2013-moment.pdf) or [Kiwaki 2015](https://arxiv.org/pdf/1502.05313.pdf), although these approaches may not be very practical.   I don't think this is a weakness of the current paper."
        },
        "signatures": [
          "ICLR.cc/2023/Conference/Paper1902/Reviewer_8zPW"
        ],
        "readers": [
          "everyone"
        ],
        "nonreaders": [],
        "writers": [
          "ICLR.cc/2023/Conference",
          "ICLR.cc/2023/Conference/Paper1902/Reviewer_8zPW"
        ]
      },
      {
        "id": "DBeuLCbHkD",
        "original": null,
        "number": 11,
        "cdate": 1668698133023,
        "mdate": 1668698133023,
        "ddate": null,
        "tcdate": 1668698133023,
        "tmdate": 1668698133023,
        "tddate": null,
        "forum": "XCTVFJwS9LJ",
        "replyto": "BOFvgJOR69",
        "invitation": "ICLR.cc/2023/Conference/Paper1902/-/Official_Comment",
        "content": {
          "title": "Clarification",
          "comment": "Reviewer 8zPW [noted](https://openreview.net/forum?id=XCTVFJwS9LJ&noteId=aaDlKD_3bE) that our response here has an inaccuracy as the method from [Brekelmans et.al 2020](https://arxiv.org/abs/2012.07823) is not for selection of $\\beta_i$. Thus we add the following correction:\n\nThe following text\n> For example for $\\beta_i$ we choose linear spacing for simplicity. [Brekelmans et.al 2020](https://arxiv.org/abs/2012.07823) provides a more advanced techniques for selecting this. \n\nshould instead be\n> For example, for the intermediate distributions we use a geometric path; $\\log p_i(\\mathbf{x}) = \\beta_i \\log p_0(\\mathbf{x}) + (1 - \\beta_i) \\log p_M(\\mathbf{x})$, with linear spacing between 0 and 1 for $\\beta_i$ which we choose for simplicity. An alternative is to use the geometric path with $\\beta_i$ spaced geometrically rather than linearly. [Masrani et.al 2020](https://arxiv.org/abs/2107.00745) provides a more advanced/general technique for selecting the intermediate distributions than the geometric path.\n"
        },
        "signatures": [
          "ICLR.cc/2023/Conference/Paper1902/Authors"
        ],
        "readers": [
          "everyone"
        ],
        "nonreaders": [],
        "writers": [
          "ICLR.cc/2023/Conference",
          "ICLR.cc/2023/Conference/Paper1902/Authors"
        ]
      },
      {
        "id": "qR7AEEa3dHi",
        "original": null,
        "number": 12,
        "cdate": 1668699275409,
        "mdate": 1668699275409,
        "ddate": null,
        "tcdate": 1668699275409,
        "tmdate": 1668699275409,
        "tddate": null,
        "forum": "XCTVFJwS9LJ",
        "replyto": "aaDlKD_3bE",
        "invitation": "ICLR.cc/2023/Conference/Paper1902/-/Official_Comment",
        "content": {
          "title": "Thanks",
          "comment": "Indeed that is relevant - thanks for the pointer! We have added a comment clarifying our response to Rev. xTnc. "
        },
        "signatures": [
          "ICLR.cc/2023/Conference/Paper1902/Authors"
        ],
        "readers": [
          "everyone"
        ],
        "nonreaders": [],
        "writers": [
          "ICLR.cc/2023/Conference",
          "ICLR.cc/2023/Conference/Paper1902/Authors"
        ]
      },
      {
        "id": "fs0CAClubG",
        "original": null,
        "number": 1,
        "cdate": 1674241803925,
        "pdate": null,
        "mdate": null,
        "ddate": null,
        "tcdate": 1674241803925,
        "tmdate": 1674241803925,
        "tddate": null,
        "forum": "XCTVFJwS9LJ",
        "replyto": "XCTVFJwS9LJ",
        "invitation": "ICLR.cc/2023/Conference/Paper1902/-/Decision",
        "content": {
          "title": "Paper Decision",
          "decision": "Accept: notable-top-25%",
          "metareview:_summary,_strengths_and_weaknesses": "This paper presents a method for learning flow-like models to match complex multimodal distributions which are typically hard to sample from with MCMC-like methods. It augments the flows with AIS and adapts them to minimize the alpha=2 divergence (which is beneficial for reducing the variance of importance weights). Experiments show the method improves upon existing flow methods for complex multimodal distributions.\n\nThe reviewers checked this paper pretty carefully and are impressed with the novelty and clarity. The method is innovative both in learning AIS-like samplers for inference (which is usually pretty hard, despite its effectiveness for partition function estimation), in the use of 2-divergence, and for carefully considering various details around HMC. They have some minor criticisms, mostly relating to the difficulty of tuning hyperparameters and whether the 2-divergence is really better than other choices such as MLE. These aren't critical issues, and indeed are the sort of thing that's more or less inevitable for papers with significant novelty. I believe the paper should be accepted.\n",
          "justification_for_why_not_higher_score": "This work may meet the bar for an oral presentation, depending on the strength of other contenders.",
          "justification_for_why_not_lower_score": "I think the paper is well above the cutoff for acceptance for the reasons outlined above. Note that the reviewers who read the paper more carefully gave it higher scores, so in spirit the average score is maybe a bit above 7.",
          "note_from_PC": "if the above contains the word \"oral\" or \"spotlight\" please see: \"oral\" presentation means -> notable-top-5% and \"spotlight\" means -> notable-top-25%. As stated in our emails, we are disassociating presentation type from AC recommendations"
        },
        "signatures": [
          "ICLR.cc/2023/Conference/Program_Chairs"
        ],
        "readers": [
          "everyone"
        ],
        "nonreaders": [],
        "writers": [
          "ICLR.cc/2023/Conference/Program_Chairs"
        ]
      }
    ],
    "directReplies": [
      {
        "id": "BvhIMhItuS",
        "original": null,
        "number": 1,
        "cdate": 1666410990189,
        "mdate": null,
        "ddate": null,
        "tcdate": 1666410990189,
        "tmdate": 1666410990189,
        "tddate": null,
        "forum": "XCTVFJwS9LJ",
        "replyto": "XCTVFJwS9LJ",
        "invitation": "ICLR.cc/2023/Conference/Paper1902/-/Official_Review",
        "content": {
          "confidence": "3: You are fairly confident in your assessment. It is possible that you did not understand some parts of the submission or that you are unfamiliar with some pieces of related work. Math/other details were not carefully checked.",
          "summary_of_the_paper": "This paper proposes to train normalizing flows with annealed importance sampling (AIS). The loss function, which is the 2-divergence, is approximated using importance weighted AIS samples targeted at the distribution with the zero-variance IS estimator. A replay buffer is introduced to reduce the computational burden of the AIS step. The algorithm has good performance on approximating a 2-d Gaussian mixture distribution and the Boltzmann distribution of alanine dipeptide.",
          "strength_and_weaknesses": "**Strength**\n- The proposed algorithm introduces AIS in the training of normalizing flows. With importance sampling, one is able to sample from the region with larger loss. The computation cost of AIS is reduced by introducing a replay buffer.\n- The algorithm is competitive in the reported numerical experiments.\n\n**Weakness**\n- There are a lot of tuning parameters in the AIS part of the algorithm: the number of intermediate distributions in AIS, $\\beta_i$ for each intermediate distribution; number of MCMC steps used to sample from each intermediate distribution; number of gradient steps per AIS step $L$; $M$. The paper does not discuss how sensitive the performance is to these parameters or how should one choose the parameters.\n- It seems that the algorithm should work for other $\\alpha$. It is not clear why the paper only considers $\\alpha=2$. Some discussion or empirical results with different $\\alpha$ would help.\n- The AIS step is trying to fit $p^2/q$, which is as challenging as the original problem of fitting $p$. One might wonder how the proposed method compares with pure AIS. For example, flow without AIS has bad performance as shown in Figure 8. So one might ask what's the performance of AIS alone.\n- The \"bootstrap\" in the paper is not the bootstrap commonly seen. There is only one line of explanation in Section 3.1. I think the paper could benefit from more elaborate explanations of why the procedure is called \"bootstrap\", since it's in the name of the algorithm.\n\n**Minor comments**\n- The notation $N$ is abused. In Equation (3), $N$ is the number of intermediate distributions. In other places, $N$ is the number of samples generated by AIS.\n- One might expect a plot with $\\alpha=2$ in Figure 1 since the whole paper is about $\\alpha=2$.",
          "clarity,_quality,_novelty_and_reproducibility": "The idea of combining AIS with flows and introducing a replay buffer to reduce cost is new. The paper is well structured and clearly written. The paper provides enough details of the experiments.\n",
          "summary_of_the_review": "The paper provides a novel algorithm for training normalizing flows. The algorithm is competitive in the reported experiments. The writing is clear. The weakness includes the complexity of tuning parameters and the lack of comparison with the baseline of AIS alone.",
          "correctness": "4: All of the claims and statements are well-supported and correct.",
          "technical_novelty_and_significance": "3: The contributions are significant and somewhat new. Aspects of the contributions exist in prior work.",
          "empirical_novelty_and_significance": "3: The contributions are significant and somewhat new. Aspects of the contributions exist in prior work.",
          "flag_for_ethics_review": [
            "NO."
          ],
          "recommendation": "6: marginally above the acceptance threshold"
        },
        "signatures": [
          "ICLR.cc/2023/Conference/Paper1902/Reviewer_xTnc"
        ],
        "readers": [
          "everyone"
        ],
        "nonreaders": [],
        "writers": [
          "ICLR.cc/2023/Conference",
          "ICLR.cc/2023/Conference/Paper1902/Reviewer_xTnc"
        ]
      },
      {
        "id": "u7eYLuRV527",
        "original": null,
        "number": 2,
        "cdate": 1666470047412,
        "mdate": null,
        "ddate": null,
        "tcdate": 1666470047412,
        "tmdate": 1666470047412,
        "tddate": null,
        "forum": "XCTVFJwS9LJ",
        "replyto": "XCTVFJwS9LJ",
        "invitation": "ICLR.cc/2023/Conference/Paper1902/-/Official_Review",
        "content": {
          "confidence": "5: You are absolutely certain about your assessment. You are very familiar with the related work and checked the math/other details carefully.",
          "summary_of_the_paper": "The authors use the 2-divergence (Chi^2) as the objective function for sampling target distribution. And they parameterize the distribution by a normalizing flow. They use importance sampling ideas to approximate the Chi^2 divergence. By solving the proposed optimization method numerically, they directly simulate the Gibbs distribution from Molecular Dynamics. Numerical results demonstrate the simplicity of the method.  ",
          "strength_and_weaknesses": "Strength: The paper is written well with clear mathematics.\n\nWeakness: The authors need to demonstrate (motivate) why alpha=2 works better.  Does the author try other f-divergences? ",
          "clarity,_quality,_novelty_and_reproducibility": "The paper is clear. ",
          "summary_of_the_review": "Overall, the paper is written well. Some analytical examples of Chi^2 divergences can be studied. This could explain or motivate why it works better in numerics. ",
          "correctness": "4: All of the claims and statements are well-supported and correct.",
          "technical_novelty_and_significance": "2: The contributions are only marginally significant or novel.",
          "empirical_novelty_and_significance": "2: The contributions are only marginally significant or novel.",
          "flag_for_ethics_review": [
            "NO."
          ],
          "recommendation": "5: marginally below the acceptance threshold"
        },
        "signatures": [
          "ICLR.cc/2023/Conference/Paper1902/Reviewer_tRrj"
        ],
        "readers": [
          "everyone"
        ],
        "nonreaders": [],
        "writers": [
          "ICLR.cc/2023/Conference",
          "ICLR.cc/2023/Conference/Paper1902/Reviewer_tRrj"
        ]
      },
      {
        "id": "ji7DbDqVESK",
        "original": null,
        "number": 3,
        "cdate": 1666857713205,
        "mdate": null,
        "ddate": null,
        "tcdate": 1666857713205,
        "tmdate": 1666857713205,
        "tddate": null,
        "forum": "XCTVFJwS9LJ",
        "replyto": "XCTVFJwS9LJ",
        "invitation": "ICLR.cc/2023/Conference/Paper1902/-/Official_Review",
        "content": {
          "confidence": "3: You are fairly confident in your assessment. It is possible that you did not understand some parts of the submission or that you are unfamiliar with some pieces of related work. Math/other details were not carefully checked.",
          "summary_of_the_paper": "The normalizing Flow-based method is used to estimate complex densities.  However, current methods for training flows have some drawbacks, including expensive computing with MCMC simulations. In this work, the authors propose low AIS Bootstrap method to generate samples with a theoretical and numerical guarantees. \n\n\n\n",
          "strength_and_weaknesses": "1. In section 3.1, they claim “p^2/q is the minimum variance importance sampling distribution for D_{α=2}(p||q)”. Can the authors explain further about this point?  \n2. In Many Well Experiments(Appendix E), it seems that their method can not beat the Flow w/ ML method based on Table 4. The Ep(x)[log q(x)], Mean log q (xmodes ) and DKL[p||q] results of those two methods are exactly the same. \n3. Could the authors provide computation time for different methods? \n",
          "clarity,_quality,_novelty_and_reproducibility": "The question of how to estimate the flow-based method is important, and the proposed method is clear.",
          "summary_of_the_review": "\nOverall, the writing is easy to follow and the proposed method seems to work well in 2-d case.\nHowever, the method does not demonstrate improvements over the baseline method in higher\ndimensional cases.",
          "correctness": "4: All of the claims and statements are well-supported and correct.",
          "technical_novelty_and_significance": "3: The contributions are significant and somewhat new. Aspects of the contributions exist in prior work.",
          "empirical_novelty_and_significance": "2: The contributions are only marginally significant or novel.",
          "flag_for_ethics_review": [
            "NO."
          ],
          "recommendation": "6: marginally above the acceptance threshold"
        },
        "signatures": [
          "ICLR.cc/2023/Conference/Paper1902/Reviewer_1QZD"
        ],
        "readers": [
          "everyone"
        ],
        "nonreaders": [],
        "writers": [
          "ICLR.cc/2023/Conference",
          "ICLR.cc/2023/Conference/Paper1902/Reviewer_1QZD"
        ]
      },
      {
        "id": "Dx-y5MuDtD7",
        "original": null,
        "number": 4,
        "cdate": 1667515829778,
        "mdate": null,
        "ddate": null,
        "tcdate": 1667515829778,
        "tmdate": 1667686509757,
        "tddate": null,
        "forum": "XCTVFJwS9LJ",
        "replyto": "XCTVFJwS9LJ",
        "invitation": "ICLR.cc/2023/Conference/Paper1902/-/Official_Review",
        "content": {
          "confidence": "4: You are confident in your assessment, but not absolutely certain. It is unlikely, but not impossible, that you did not understand some parts of the submission or that you are unfamiliar with some pieces of related work.",
          "summary_of_the_paper": "This paper proposes a method for training normalizing flows using a mass-covering objective which does not require samples from the target distribution.   Existing methods often optimize a mode-seeking objective when target samples are not available, although the experiments section highlights applications (such a learning mixtures of Gaussians or a molecular Boltzmann distribution) where mode-seeking optimization fails to match a multi-modal target.\n\nThe current work overcomes these limitations by evaluating flow density training gradients on approximate samples from the the optimal proposal for estimating the α-divergence with α=2.    Minimizing this divergence as a function of q corresponds to minimizing the variance of the importance weights when sampling under q.   Annealed Importance Sampling (with a replay buffer) is used to transform samples generated by the flow into samples from the optimal α=2 proposal, which emphasizes regions in the sample space where the current flow model does not match the target.\n\n",
          "strength_and_weaknesses": "**Strengths:**  The paper is well-motivated in proposing a method for training mass-covering flows without access to target samples.   I am happy to see work utilizing the importance sampling variance-minimization interpretation of the α=2 divergence.   \n\nThe authors essentially solve estimation of the Boltzmann dist. for alaine dipeptide molecule.   I do not fully appreciate the significance, but this does represent a 'state-of-the-art'-style result, in which the motivating aspects of the proposed method figure prominently.\n\n\n**Weaknesses:**\nOne question is to what extent the proposed α=2 objective is preferred to MLE with $KL[p : q]$ in general / practice.   Similar derivations should apply using AIS to sample from p and minimize $KL[p : q]$(the only thing that should change is the AIS target and importance weights, if I understand correctly).\n\nResults are nearly identical for α=2 vs. MLE with exact or MD samples (both essentially solve the problems), so it doesn't seem absolutely necessary to run additional baselines (or to open up the discussion to less justified values of α).     Still, the exposition should state the generality of the AIS bootstrap approach in applying to these divergences, especially since accurate sampling for higher values of α should be more challenging in practice.\n\n",
          "clarity,_quality,_novelty_and_reproducibility": "Most comments here are with respect to clarity.   Novelty and quality of the work is high and the appendix appears to have extensive experimental details, although I did not review.\n\n\n**Sec 3** \nOn first pass, I found myself conflating two notions of 'minimum variance', which I think could be clarified by the exposition.    Minimizing the α=2 divergence corresponds to minimizing variance of IS weights when sampling under $q$, but $g$ is the 'minimum variance' is the minimum variance proposal for estimation of the α=2 divergence.     One way to emphasize / summarize might be: at test time, we'd like to sample from flow model $q$ (=> minimize α=2), but α=2 is hard to estimate during training (=> sample from $g$).   \n\n* The last sentence under Eq. 2 could more clearly specify that samples are drawn from $q$.\n\n* In Sec. 3.1, I think it would be useful to discuss alternatives to the minimum variance proposal $g$, especially since sampling from $q$ and $p$ directly end up forming baselines later in the paper.    Only after rejecting these options might the reader fully appreciate the choice of $g$!     \n\n\n\n**Experiments** \nI found the experiment sections difficult to follow.   It may be useful to demarcate \"experimental design\" details and \"analysis of results\".\n\n* In particular,  I left Sec. 4.2 with very little sense for what Φ and ψ are, how they fit into the sampling/estimation task, etc.   More high-level definition of the problem (perhaps with fewer preprocessing or experimental details, for space) would be useful here.\n\n* Please clarify which KL divergence is being calculated in Table 2 ($KL[q:p]$?).    I assume reweighting in Fig 4 is for samples from q, using importance weights wrt p (?)\n\n\nMinor comments:  \n\n* A concrete expression for estimating expected values using AIS weights would be useful in Sec 2 or App A (e.g. to ease Eq 12).\n* Probably best to use to term \"perfect transitions\" for exact, independent AIS samples\n",
          "summary_of_the_review": "I am happy with this paper overall.   The experiments show success in proposing a mass-covering loss for normalizing flow training which can be used when target samples are not available.    Some concerns regarding presentation have been raised above.  ",
          "correctness": "4: All of the claims and statements are well-supported and correct.",
          "technical_novelty_and_significance": "3: The contributions are significant and somewhat new. Aspects of the contributions exist in prior work.",
          "empirical_novelty_and_significance": "4: The contributions are significant, and do not exist in prior works.",
          "flag_for_ethics_review": [
            "NO."
          ],
          "recommendation": "8: accept, good paper"
        },
        "signatures": [
          "ICLR.cc/2023/Conference/Paper1902/Reviewer_8zPW"
        ],
        "readers": [
          "everyone"
        ],
        "nonreaders": [],
        "writers": [
          "ICLR.cc/2023/Conference",
          "ICLR.cc/2023/Conference/Paper1902/Reviewer_8zPW"
        ]
      },
      {
        "id": "A0Jw4cdAXJH",
        "original": null,
        "number": 5,
        "cdate": 1667540702556,
        "mdate": null,
        "ddate": null,
        "tcdate": 1667540702556,
        "tmdate": 1667757570916,
        "tddate": null,
        "forum": "XCTVFJwS9LJ",
        "replyto": "XCTVFJwS9LJ",
        "invitation": "ICLR.cc/2023/Conference/Paper1902/-/Official_Review",
        "content": {
          "confidence": "3: You are fairly confident in your assessment. It is possible that you did not understand some parts of the submission or that you are unfamiliar with some pieces of related work. Math/other details were not carefully checked.",
          "summary_of_the_paper": "This paper proposed a method, Flow AIS Bootstrap (FAB) that uses AIS to train flows to approximate complex, unnormalized distributions. Authors used. Alpha divergence with alpha=2 as the objective as it encourages mode covering and minimizes importance weight variance. Authors further reduce the computational cost of FAB by introducing a replay buffer with various tricks, and the authors show empirical evidence of the effectiveness of FAB on toy distributions and on the more sophisticated Boltzmann distribution of alanine dipeptide. \n\n",
          "strength_and_weaknesses": "Strength:\n\n1. I find FAB to be well-motivated. I wasn’t familiar with Boltzmann generators but I find the adoption of AIS to train Flows for this problem to be clever. AIS samples are usually pretty good, but mostly it was only used to estimate the partition function. I have previously thought that the AIS samples could be put to better use, and in this paper the alanine dipeptide problem is a perfect use case because we have access to only the unnormalized density, but to train an explicit generative model we need samples. Yet directly training with the ML objective has various problems, AIS comes to the rescue.\n\n2. I find the use of Alpha divergence with alpha=2 to be clever and appropriate as it encourages mode covering and minimizes importance weight variance at the same time. \n\n3. I find the decomposition of HMC step sizes to be clever (In Appendix E.3). I don’t recall seeing it in prior works, is it a novel contribution by the authors? \n\n4. The FAB method is theoretically sound.\n\n5. It seems authors have sufficiently explored various ways to empirically improve FAB, tricks including the replay buffer (and various nuanced decisions went into improving that including using mini batching with probability proportional to old AIS weights and reweighting etc) are well-motivated and empirically shown to be useful.\n\n6. As a result, the FAB method is empirically strong and convincing. On the toy example, Figure2 is convincing at showing the effectiveness of FAB with buffer, without ground truth samples, it performs as well as Flow trained with ML objective with access to ground truth samples. Similarly Table 1, Table 2 and Figure 3, Figure 4 show strong evidence of the effectiveness of the method. \n\nWeakness:\n\n1. The step sizes tuning for the HMC is tricky, because to conform to mathematical correctness, it is necessary to load the step sizes from a given run and repeat the same run with different random seeds, so that the Markovian property is not violated. I don’t think the authors did this? Granted it probably doesn’t make a big difference empirically, but authors could consider at least verifying how much of a difference this would make. For more details, see Appendix C.3 of https://arxiv.org/pdf/2008.06653.pdf \n",
          "clarity,_quality,_novelty_and_reproducibility": "Clarity: I find this paper to be well-written and clear.\nQuality: See strength 4,5,6\nNovelty: See strength 1,2,3\nReproducibility: The code is included, going through the code it seems all experiments are included. But I don’t have enough time to run the code unfortunately. However based on going through the appendix, it seems the results will be reproducible. \n",
          "summary_of_the_review": "In summary, I think this paper is novel both in terms of the method itself and in terms of the specific use case. And authors have shown strong empirical evidence of the superiority of the method.  I would recommend accept. ",
          "correctness": "4: All of the claims and statements are well-supported and correct.",
          "technical_novelty_and_significance": "4: The contributions are significant, and do not exist in prior works.",
          "empirical_novelty_and_significance": "4: The contributions are significant, and do not exist in prior works.",
          "flag_for_ethics_review": [
            "NO."
          ],
          "recommendation": "8: accept, good paper"
        },
        "signatures": [
          "ICLR.cc/2023/Conference/Paper1902/Reviewer_itRu"
        ],
        "readers": [
          "everyone"
        ],
        "nonreaders": [],
        "writers": [
          "ICLR.cc/2023/Conference",
          "ICLR.cc/2023/Conference/Paper1902/Reviewer_itRu"
        ]
      },
      {
        "id": "eUzk5BPZW0",
        "original": null,
        "number": 6,
        "cdate": 1667676049882,
        "mdate": 1667676049882,
        "ddate": null,
        "tcdate": 1667676049882,
        "tmdate": 1667676049882,
        "tddate": null,
        "forum": "XCTVFJwS9LJ",
        "replyto": "XCTVFJwS9LJ",
        "invitation": "ICLR.cc/2023/Conference/Paper1902/-/Official_Review",
        "content": {
          "confidence": "3: You are fairly confident in your assessment. It is possible that you did not understand some parts of the submission or that you are unfamiliar with some pieces of related work. Math/other details were not carefully checked.",
          "summary_of_the_paper": "This paper proposes a strategy to augment flows with annealed importance sampling (AIS) with the objective to minimize importance weight variance. AIS is responsible to generate samples in regions where the flow struggles. The proposed FAB was shown to produce\nbetter results than training via maximum likelihood on MD samples with less computational demand. ",
          "strength_and_weaknesses": "Strength: I like the idea of using AIS to cover for regions in the sample space where the current flow model struggle. The experimental results also supported the claim.\n\nWeakness: My concern is over the particular choice of α=2 objective. Why does minimizing variance indicate that this objective works better for the flow?",
          "clarity,_quality,_novelty_and_reproducibility": "Overall this paper is clear to read, well written and the novelty is high. The code is included, so I assume that the reproducibility should be high. ",
          "summary_of_the_review": "In summary, I think this paper is novel both in terms of the method itself and in terms of the specific use case. And authors have shown strong empirical evidence of the superiority of the method. I would recommend accept.",
          "correctness": "4: All of the claims and statements are well-supported and correct.",
          "technical_novelty_and_significance": "4: The contributions are significant, and do not exist in prior works.",
          "empirical_novelty_and_significance": "4: The contributions are significant, and do not exist in prior works.",
          "flag_for_ethics_review": [
            "NO."
          ],
          "details_of_ethics_concerns": "I like this paper overall. Clearly sufficient novelty and the experimental part is also convincng. Therefore, I would recommend accept.",
          "recommendation": "6: marginally above the acceptance threshold"
        },
        "signatures": [
          "ICLR.cc/2023/Conference/Paper1902/Reviewer_A5bQ"
        ],
        "readers": [
          "everyone"
        ],
        "nonreaders": [],
        "writers": [
          "ICLR.cc/2023/Conference",
          "ICLR.cc/2023/Conference/Paper1902/Reviewer_A5bQ"
        ]
      },
      {
        "id": "z__AlPKUUu",
        "original": null,
        "number": 1,
        "cdate": 1668186364962,
        "mdate": null,
        "ddate": null,
        "tcdate": 1668186364962,
        "tmdate": 1668526701928,
        "tddate": null,
        "forum": "XCTVFJwS9LJ",
        "replyto": "XCTVFJwS9LJ",
        "invitation": "ICLR.cc/2023/Conference/Paper1902/-/Official_Comment",
        "content": {
          "title": "Reply to all reviewers",
          "comment": "Thank you for your reviews. We appreciate your valuable comments. We identified two common question topics across reviews which we would like to address together.\n\n\nFirstly, multiple reviewers asked for justification for our choice of setting $\\alpha=2$ for the $\\alpha$-divergence, and comparisons with alternative divergences.\nThe reason we picked this is for its theoretical properties: It is mass covering, and is equivalent to minimizing the variance in the importance weights or, equivalently, maximizing the effective sample size.\nOur goal is to use the trained flow as an importance sampler and having low variance in the importance sampling weights will generally lower the variance in the importance sampling estimates. \nThis is discussed in Appendix E of [*Divergence measures and message passing* by Minka 2006](https://groups.seas.harvard.edu/courses/cs281/papers/minka-divergence.pdf). \n\nAs noted by reviewers, the FAB style of approach may be applied to $alpha$-divergence with other values of $\\alpha$.\nWe have added the derivation of the FAB loss for arbitrary values of $\\alpha$ to Appendix B. \nSetting $\\alpha=1$ is equivalent to using a maximum likelihood objective / minimising the forward kl - which was also asked about by reviewers. \n\nWe have also added further experiments where we run the FAB algorithm with different values of $\\alpha$ to see whether our theoretical claims are empirically justified.\nFor alanine dipeptide, we trained models with FAB using $\\alpha \\in \\{0.25, 0.5, 1, 1.5, 3\\}$ in addition to the already existing experiments with $\\alpha = 2$.\nBelow, the results for FAB with a replay buffer using different $\\alpha$-values are reported. The results are averaged over 3 runs and the standard error is given as uncertainty. Best results are emphasized in **bold**.\n| $\\alpha$ | ESS (\\%)         | $\\mathrm{E}_{p(x)} \\left[ \\log q (x) \\right]$ | KLD | KLD w/ RW |\n|----------|-----------------|-----------------------------------------------|-----|-----------|\n| $0.25$ | $0.021 \\pm 0.000$ | $-546 \\pm 14$ | $5.36 \\pm 0.72$ | $10.9 \\pm 1.4$ | \n| $0.5$ | $0.023 \\pm 0.001$ | $-606 \\pm 20$ | $4.84 \\pm 0.95$ | $10.4 \\pm 1.9$ | \n| $1$ | $0.027 \\pm 0.000$ | $60.1 \\pm 9.0$ | $2.79 \\pm 0.81$ | $6.73 \\pm 1.76$ | \n| $1.5$ | $89.4 \\pm 0.3$ | $211.49 \\pm 0.02$ | $(1.44 \\pm 0.90)\\times 10^{-2}$ | $(1.52 \\pm 0.93)\\times 10^{-2}$ | \n| $2$ | $\\mathbf{92.8} \\pm \\mathbf{0.1}$ | $\\mathbf{211.54} \\pm \\mathbf{0.00}$ | $\\mathbf{(3.42} \\pm \\mathbf{0.45)\\times 10^{-3}}$ | $\\mathbf{(2.51} \\pm \\mathbf{0.39)\\times 10^{-3}}$ | \n| $3$ | $\\mathbf{93.9} \\pm \\mathbf{1.1}$ | $211.49 \\pm 0.03$ | $(2.58 \\pm 0.96)\\times 10^{-2}$ | $(2.19 \\pm 0.82)\\times 10^{-2}$ | \n\nIn the following table, the results for FAB without a replay buffer using different $\\alpha$-values are reported. The results are averaged over 3 runs and the standard error is given as uncertainty. Best results are emphasized in **bold**.\n| $\\alpha$ | ESS (\\%)         | $\\mathrm{E}_{p(x)} \\left[ \\log q (x) \\right]$ | KLD | KLD w/ RW |\n|----------|-----------------|-----------------------------------------------|-----|-----------|\n| $0.25$ | $1.7 \\pm 0.3$ | $198.71 \\pm 0.09$ | $3.94 \\pm 0.40$ | $8.45 \\pm 0.20$ | \n| $0.5$ | $9.4 \\pm 4.4$ | $-192 \\pm 326$ | $7.70 \\pm 5.59$ | $7.99 \\pm 5.49$ | \n| $1$ | $15.8 \\pm 4.9$ | $210.16 \\pm 0.40$ | $(1.09 \\pm 0.19)\\times 10^{-1}$ | $(5.60 \\pm 0.75)\\times 10^{-2}$ | \n| $1.5$ | $34.8 \\pm 3.6$ | $210.87 \\pm 0.07$ | $(7.72 \\pm 0.72)\\times 10^{-2}$ | $(4.04 \\pm 0.04)\\times 10^{-2}$ | \n| $2$ | $\\mathbf{52.2} \\pm \\mathbf{1.3}$ | $\\mathbf{211.13} \\pm \\mathbf{0.03}$ | $\\mathbf{(6.28} \\pm \\mathbf{0.33)\\times10^{-2}}$ | $\\mathbf{(2.66} \\pm \\mathbf{0.90)\\times 10^{-2}}$ | \n| $3$ | $24.8 \\pm 4.6$ | $210.48 \\pm 0.14$ | $(1.31 \\pm 0.05)\\times 10^{-1}$ | $(3.88 \\pm 0.03)\\times 10^{-2}$ |\n\nSetting $\\alpha = 2$ turns out to be the best choices regarding almost all performance metrics, while values close to $2$ still perform better than the baselines not using samples from the target distribution. We added these results and the analysis in Appendix F.2 of our manuscript."
        },
        "signatures": [
          "ICLR.cc/2023/Conference/Paper1902/Authors"
        ],
        "readers": [
          "everyone"
        ],
        "nonreaders": [],
        "writers": [
          "ICLR.cc/2023/Conference",
          "ICLR.cc/2023/Conference/Paper1902/Authors"
        ]
      },
      {
        "id": "fs0CAClubG",
        "original": null,
        "number": 1,
        "cdate": 1674241803925,
        "pdate": null,
        "mdate": null,
        "ddate": null,
        "tcdate": 1674241803925,
        "tmdate": 1674241803925,
        "tddate": null,
        "forum": "XCTVFJwS9LJ",
        "replyto": "XCTVFJwS9LJ",
        "invitation": "ICLR.cc/2023/Conference/Paper1902/-/Decision",
        "content": {
          "title": "Paper Decision",
          "decision": "Accept: notable-top-25%",
          "metareview:_summary,_strengths_and_weaknesses": "This paper presents a method for learning flow-like models to match complex multimodal distributions which are typically hard to sample from with MCMC-like methods. It augments the flows with AIS and adapts them to minimize the alpha=2 divergence (which is beneficial for reducing the variance of importance weights). Experiments show the method improves upon existing flow methods for complex multimodal distributions.\n\nThe reviewers checked this paper pretty carefully and are impressed with the novelty and clarity. The method is innovative both in learning AIS-like samplers for inference (which is usually pretty hard, despite its effectiveness for partition function estimation), in the use of 2-divergence, and for carefully considering various details around HMC. They have some minor criticisms, mostly relating to the difficulty of tuning hyperparameters and whether the 2-divergence is really better than other choices such as MLE. These aren't critical issues, and indeed are the sort of thing that's more or less inevitable for papers with significant novelty. I believe the paper should be accepted.\n",
          "justification_for_why_not_higher_score": "This work may meet the bar for an oral presentation, depending on the strength of other contenders.",
          "justification_for_why_not_lower_score": "I think the paper is well above the cutoff for acceptance for the reasons outlined above. Note that the reviewers who read the paper more carefully gave it higher scores, so in spirit the average score is maybe a bit above 7.",
          "note_from_PC": "if the above contains the word \"oral\" or \"spotlight\" please see: \"oral\" presentation means -> notable-top-5% and \"spotlight\" means -> notable-top-25%. As stated in our emails, we are disassociating presentation type from AC recommendations"
        },
        "signatures": [
          "ICLR.cc/2023/Conference/Program_Chairs"
        ],
        "readers": [
          "everyone"
        ],
        "nonreaders": [],
        "writers": [
          "ICLR.cc/2023/Conference/Program_Chairs"
        ]
      }
    ]
  }
}