{
  "id": "-bVsNeR56KS",
  "original": "tfeRXjXgzZG",
  "number": 1622,
  "cdate": 1663849982998,
  "mdate": null,
  "ddate": null,
  "tcdate": 1663849982998,
  "tmdate": 1677733961607,
  "tddate": null,
  "tauthor": "~Super_User1",
  "forum": "-bVsNeR56KS",
  "replyto": null,
  "invitation": "ICLR.cc/2023/Conference/-/Blind_Submission",
  "content": {
    "title": "Modeling Sequential Sentence Relation to Improve Cross-lingual Dense Retrieval",
    "authorids": [
      "~Shunyu_Zhang1",
      "~Yaobo_Liang1",
      "~MING_GONG2",
      "~Daxin_Jiang2",
      "~Nan_Duan1"
    ],
    "authors": [
      "Shunyu Zhang",
      "Yaobo Liang",
      "MING GONG",
      "Daxin Jiang",
      "Nan Duan"
    ],
    "keywords": [],
    "abstract": "Recently multi-lingual pre-trained language models (PLM) such as mBERT and XLM-R have achieved impressive strides in cross-lingual dense retrieval. Despite its successes, they are general-purpose PLM while the multilingual PLM tailored for cross-lingual retrieval is still unexplored. Motivated by an observation that the sentences in parallel documents are approximately in the same order, which is universal across languages, we propose to model this sequential sentence relation to facilitate cross-lingual representation learning. Specifically, we propose a multilingual PLM called masked sentence model (MSM), which consists of a sentence encoder to generate the sentence representations, and a document encoder applied to a sequence of sentence vectors from a document. The document encoder is shared for all languages to model the universal sequential sentence relation across languages. To train the model, we propose a masked sentence prediction task, which masks and predicts the sentence vector via a hierarchical contrastive loss with sampled negatives. Comprehensive experiments on four cross-lingual retrieval tasks show MSM significantly outperforms existing advanced pre-training models, demonstrating the effectiveness and stronger cross-lingual retrieval capabilities of our approach. ",
    "anonymous_url": "I certify that there is no URL (e.g., github page) that could be used to find authors’ identity.",
    "no_acknowledgement_section": "I certify that there is no acknowledgement section in this submission for double blind review.",
    "code_of_ethics": "I acknowledge that I and all co-authors of this work have read and commit to adhering to the ICLR Code of Ethics",
    "submission_guidelines": "Yes",
    "resubmission": "",
    "student_author": "",
    "Please_choose_the_closest_area_that_your_submission_falls_into": "Applications (eg, speech processing, computer vision, NLP)",
    "paperhash": "zhang|modeling_sequential_sentence_relation_to_improve_crosslingual_dense_retrieval",
    "pdf": "/pdf/8649b63e1d2dd8ed68f852a7da6ab541293d32a9.pdf",
    "_bibtex": "@inproceedings{\nzhang2023modeling,\ntitle={Modeling Sequential Sentence Relation to Improve Cross-lingual Dense Retrieval},\nauthor={Shunyu Zhang and Yaobo Liang and MING GONG and Daxin Jiang and Nan Duan},\nbooktitle={The Eleventh International Conference on Learning Representations },\nyear={2023},\nurl={https://openreview.net/forum?id=-bVsNeR56KS}\n}",
    "venue": "ICLR 2023 poster",
    "venueid": "ICLR.cc/2023/Conference"
  },
  "signatures": [
    "ICLR.cc/2023/Conference"
  ],
  "readers": [
    "everyone"
  ],
  "nonreaders": [],
  "writers": [
    "ICLR.cc/2023/Conference"
  ],
  "pdate": 1675279175259,
  "odate": 1664468100000,
  "details": {
    "overwriting": [],
    "tags": [],
    "writable": false,
    "replyCount": 12,
    "directReplyCount": 6,
    "revisions": true,
    "replies": [
      {
        "id": "wpPgzHXGv4I",
        "original": null,
        "number": 1,
        "cdate": 1666340323867,
        "mdate": null,
        "ddate": null,
        "tcdate": 1666340323867,
        "tmdate": 1666340323867,
        "tddate": null,
        "forum": "-bVsNeR56KS",
        "replyto": "-bVsNeR56KS",
        "invitation": "ICLR.cc/2023/Conference/Paper1622/-/Official_Review",
        "content": {
          "confidence": "4: You are confident in your assessment, but not absolutely certain. It is unlikely, but not impossible, that you did not understand some parts of the submission or that you are unfamiliar with some pieces of related work.",
          "summary_of_the_paper": "The paper presents a contrastive learning approach to learning hierarchical document representations for multilingual and cross-lingual retrieval. The approach encodes a document in a hierarchical fashion by encoding each sentence in a document into a single fixed-length vector with an XLM-R encoder. The sequence of sentence representations is encoded by a document encoder that is trained from scratch. The overall training objective is a combination of a contrastive and masked language modeling loss. The contrastive loss masks out one of the sentence representations that is provided to the document encoder and uses an InfoNCE-like objective with intra-document as well as cross-document negatives.\n\nThe model is trained on CC-100-like data on 108 languages for 200k steps and evaluated on multilingual and cross-lingual retrieval benchmarks. The model is able to do significantly better when compared with mBERT, XLM-R and ICT baselines.",
          "strength_and_weaknesses": "Strengths\n1. The paper is well-written and explained. \n2. The motivation for the overall approach is clear and the idea is conceptually simple. With only a few different moving parts in the model, the authors are to run fairly thorough ablations.\n3. The results on both multilingual and cross-lingual retrieval benchmarks are significantly better than the baselines considered.\n\nWeaknesses\n1.  The paper's motivation seems to focus a little too much on the \"cross-lingual\" aspect of things rather than just as a multilingual hierarchical contrastive learning approach. The authors' arguments center around the fact that sentences are ordered similarly with documents across different languages.\n2. The paper lacks some details about the dataset used. The paper cites the CC-100 paper, but was it exactly CC-100? Or did you pre-process commoncrawl yourselves?\n",
          "clarity,_quality,_novelty_and_reproducibility": "Clarity & Quality - The paper is clear and well-explained.\nNovelty - The paper isn't particularly novel, but it combines well-established InfoNCE-like contrastive learning approaches with multilingual pre-trained masked language models.\nReproducibility - The approach is simple enough that it should be possible to implement without too many details. The paper however does lack some information regarding the number of negatives used or dataset processing details.",
          "summary_of_the_review": "A simple and easy-to-implement contrastive learning approach to improve multilingual and cross-lingual retrieval. The baselines aren't particularly strong, but still a strong contribution.",
          "correctness": "3: Some of the paper’s claims have minor issues. A few statements are not well-supported, or require small changes to be made correct.",
          "technical_novelty_and_significance": "3: The contributions are significant and somewhat new. Aspects of the contributions exist in prior work.",
          "empirical_novelty_and_significance": "3: The contributions are significant and somewhat new. Aspects of the contributions exist in prior work.",
          "flag_for_ethics_review": [
            "NO."
          ],
          "recommendation": "6: marginally above the acceptance threshold"
        },
        "signatures": [
          "ICLR.cc/2023/Conference/Paper1622/Reviewer_Hf6d"
        ],
        "readers": [
          "everyone"
        ],
        "nonreaders": [],
        "writers": [
          "ICLR.cc/2023/Conference",
          "ICLR.cc/2023/Conference/Paper1622/Reviewer_Hf6d"
        ]
      },
      {
        "id": "veR5gsT6EAQ",
        "original": null,
        "number": 2,
        "cdate": 1666585143495,
        "mdate": null,
        "ddate": null,
        "tcdate": 1666585143495,
        "tmdate": 1666585143495,
        "tddate": null,
        "forum": "-bVsNeR56KS",
        "replyto": "-bVsNeR56KS",
        "invitation": "ICLR.cc/2023/Conference/Paper1622/-/Official_Review",
        "content": {
          "confidence": "4: You are confident in your assessment, but not absolutely certain. It is unlikely, but not impossible, that you did not understand some parts of the submission or that you are unfamiliar with some pieces of related work.",
          "summary_of_the_paper": "This paper introduces MSM, a hierarchical multilingual encoder pre-trained with hierarchical contrastive learning. MSM applies XLMR as sentence encoder, and uses another transformer encoder to encode the document level context. During training, both masked language model loss and masked sentence model loss are applied. At inference time, the document encoder is discarded and only the sentence encoder is used. Experimental results showed that the hierarchical pre-training strategy yielded SOTA results on four cross-lingual retrieval tasks.",
          "strength_and_weaknesses": "Strength:\n- The paper is well organized and easy to follow.\n- The proposed hierarchical contrastive learning pre-training objective is simple and effective on cross-lingual retrieval tasks.\n\nWeaknesses:\n- I am a bit surprised that the document encoder is discarded after pre-training. I thought self-attention in the document encoder will be important for modeling the universal sequential sentence relation across languages.  It is unclear to me that why only sentence encoder is used for downstream finetuning. ",
          "clarity,_quality,_novelty_and_reproducibility": "Good.",
          "summary_of_the_review": "The paper introduces a simple yet effective method for improving cross-lingual retrieval. Extensive experiments have been conducted to demonstrate the effectiveness of the proposed method.",
          "correctness": "3: Some of the paper’s claims have minor issues. A few statements are not well-supported, or require small changes to be made correct.",
          "technical_novelty_and_significance": "3: The contributions are significant and somewhat new. Aspects of the contributions exist in prior work.",
          "empirical_novelty_and_significance": "2: The contributions are only marginally significant or novel.",
          "flag_for_ethics_review": [
            "NO."
          ],
          "recommendation": "6: marginally above the acceptance threshold"
        },
        "signatures": [
          "ICLR.cc/2023/Conference/Paper1622/Reviewer_TsJC"
        ],
        "readers": [
          "everyone"
        ],
        "nonreaders": [],
        "writers": [
          "ICLR.cc/2023/Conference",
          "ICLR.cc/2023/Conference/Paper1622/Reviewer_TsJC"
        ]
      },
      {
        "id": "pAVzA3upKO8",
        "original": null,
        "number": 3,
        "cdate": 1666742137158,
        "mdate": null,
        "ddate": null,
        "tcdate": 1666742137158,
        "tmdate": 1666742137158,
        "tddate": null,
        "forum": "-bVsNeR56KS",
        "replyto": "-bVsNeR56KS",
        "invitation": "ICLR.cc/2023/Conference/Paper1622/-/Official_Review",
        "content": {
          "confidence": "3: You are fairly confident in your assessment. It is possible that you did not understand some parts of the submission or that you are unfamiliar with some pieces of related work. Math/other details were not carefully checked.",
          "summary_of_the_paper": "This work aims to improve the cross-lingual retrieval capability of dual encoder models.\nGiven access to multi-lingual document corpus and the intuition that sentence ordering across languages are often similar, this work proposes to use sequential sentence relation to facilitate cross-lingual representation learning.\n\nMore specifically it proposes a hierarchical architecture (MSM), which first encodes sentences to embeddings, and then performs doc level MLM (with contrastive loss) to model sentence relations. The MLM task is constructed by pairing masked sentence representation produced by the doc transformer and the original sentence embedding. In order to combine intra and inter document negative examples, an adaptive bias term is added to the logits to make sure that one does not dominate the other.\n\nThe model is initialized from XLMR, and the pretraining loss combines token MLM and sentence MLM. The pretraining corpus is a clean version of common crawl (similar to that of XMLR).\n\nExperiments on 4 cross lingual retrieval tasks show that MSM significantly improves cross-lingual transferability over baselines (XLMR, mBERT), and also improves the fine-tune settings.  \nExperiment against stronger baselines (ICT, MSM) on 2 of the tasks shows improvement of MSM over baselines. These stronger baselines are previously only used in monolingual settings.\nOblation study shows that the best setting is 1) combining inter and intra-document negatives 2) 512 negatives 3) asymmetric projection layer  4) 2 layers of document encoder\n",
          "strength_and_weaknesses": "Overall this paper represents a great result. The idea of using sequential sentence relation to facilitate cross-lingual representation learning is both novel and effective. The bias term added to combine intra and inter-document negatives is novel.\n\nOne concern I have for the proposed approach is its efficiency -- masking document representation with leave-one-sentence-out scheme seems very expensive, since the document encoder needs to be recomputed for every masking.\n\nIt is also counter intuitive that more negatives performs worse than 512 negatives -- usually larger patch sizes improves contrastive learning.\n",
          "clarity,_quality,_novelty_and_reproducibility": "This paper is easy to read and can be reproduced.",
          "summary_of_the_review": "Novel and effective approach, with a few minor questions.",
          "correctness": "3: Some of the paper’s claims have minor issues. A few statements are not well-supported, or require small changes to be made correct.",
          "technical_novelty_and_significance": "3: The contributions are significant and somewhat new. Aspects of the contributions exist in prior work.",
          "empirical_novelty_and_significance": "3: The contributions are significant and somewhat new. Aspects of the contributions exist in prior work.",
          "flag_for_ethics_review": [
            "NO."
          ],
          "recommendation": "8: accept, good paper"
        },
        "signatures": [
          "ICLR.cc/2023/Conference/Paper1622/Reviewer_VGZA"
        ],
        "readers": [
          "everyone"
        ],
        "nonreaders": [],
        "writers": [
          "ICLR.cc/2023/Conference",
          "ICLR.cc/2023/Conference/Paper1622/Reviewer_VGZA"
        ]
      },
      {
        "id": "orn5yE_tSso",
        "original": null,
        "number": 4,
        "cdate": 1666868766708,
        "mdate": null,
        "ddate": null,
        "tcdate": 1666868766708,
        "tmdate": 1666868766708,
        "tddate": null,
        "forum": "-bVsNeR56KS",
        "replyto": "-bVsNeR56KS",
        "invitation": "ICLR.cc/2023/Conference/Paper1622/-/Official_Review",
        "content": {
          "confidence": "5: You are absolutely certain about your assessment. You are very familiar with the related work and checked the math/other details carefully.",
          "summary_of_the_paper": "This work proposes a new method for cross-lingual and multilingual dense retrieval, focusing on applications of query-passage and sentence retrieval in multilingual setups. The approach relies on parallel document-aligned and assumes that the sentences in such documents are roughly in the same order; the idea is then to combine the standard MLM objective with its bilingual sentence-level variant, termed Masked Sentence Modeling (MSM), hoping to guess the correct sentence (once the sentence is masked in the document), where the document encoder is shared across languages. \n\nThe experiments are conducted on four retrieval tasks from prior work, and gains over (mostly) weak baselines are reported.",
          "strength_and_weaknesses": "Strengths:\n- The idea of MSM is simple and neat, although it is very similar to the idea of next sentence prediction - the difference here is that the model performs masked sentence prediction.\n- The ablation study shows the usefulness of introducing the MSM objective.\n\nThe paper is simply not at a state to be considered for publication, with a series of major flaws as follows.\nWeaknesses:\n- Only a partial awareness of very related work on cross-lingual information retrieval (CLIR), with many strong reference works and baselines omitted from the paper completely and omitted from the comparisons. Here, only a few directly relevant papers are mentioned:\n-- https://arxiv.org/pdf/2112.09118.pdf\n-- https://arxiv.org/abs/2204.02292\n-- https://arxiv.org/abs/2004.09813\n-- https://arxiv.org/pdf/2101.08370.pdf\n-- There is also work on multilingual Longformers (e.g., https://huggingface.co/markussagen/xlm-roberta-longformer-base-4096)\n- Related to the point above, those papers provide much stronger baselines - the baselines in this submission are simply weak and inadequate. When doing sentence retrieval, the paper should compare against strong multilingual sentence encoders and not the original off-the-shelf models. \n- The paper also does conflate query-passage and sentence retrieval, and does not evaluate on document retrieval at all. There are huge differences on how to approach each 'granularity of information' when doing retrieval, and the paper does not seem to pay attention to that: e.g., check this work for further details: https://arxiv.org/pdf/2101.08370.pdf\n- The paper also critically requires parallel data to work -> if one has parallel data, one of the must-have baselines are also MT-based query-translate or passage-translate approaches which sometimes/often work better than standard encoder-based approaches.\n- There are no discussions on how different target languages might impact the results: are all the languages equally difficult, which ones might cause major drops of performance and, most importantly, why? The paper treats multilinguality very superficially. \n\nThere are other (minor) weaknesses, including problems with language and presentation, but the major ones are mostly listed above.\n",
          "clarity,_quality,_novelty_and_reproducibility": "The paper will not have any major impact as it omits many major baselines and a lot of very relevant work, offering only basic comparisons and lacking insightful side analyses. It makes a minor methodological contribution by combining document-level and sentence-level masked language modeling, which is not evaluated against cutting-edge CLIR methods.\n\nIt should be possible to reproduce the main results in the paper - it does not mention whether the results are average over several random seeds or not (and which random seed was used).",
          "summary_of_the_review": "The paper lacks strong baselines, shows only partial awareness of the current cutting-edge CLIR methodology. and it is difficult to contextualise its results (does it really bring any major improvement for CLIR?). It also does not delve deeper into intricacies of multilinguality and differences between sentence/passage/document retrieval. There are also presentation problems which make the paper seem incomplete and half-finished ",
          "correctness": "2: Several of the paper’s claims are incorrect or not well-supported.",
          "technical_novelty_and_significance": "2: The contributions are only marginally significant or novel.",
          "empirical_novelty_and_significance": "2: The contributions are only marginally significant or novel.",
          "flag_for_ethics_review": [
            "NO."
          ],
          "recommendation": "3: reject, not good enough"
        },
        "signatures": [
          "ICLR.cc/2023/Conference/Paper1622/Reviewer_XpJe"
        ],
        "readers": [
          "everyone"
        ],
        "nonreaders": [],
        "writers": [
          "ICLR.cc/2023/Conference",
          "ICLR.cc/2023/Conference/Paper1622/Reviewer_XpJe"
        ]
      },
      {
        "id": "0TmniOxZ7D",
        "original": null,
        "number": 3,
        "cdate": 1668838841650,
        "mdate": 1668838841650,
        "ddate": null,
        "tcdate": 1668838841650,
        "tmdate": 1668838841650,
        "tddate": null,
        "forum": "-bVsNeR56KS",
        "replyto": "-bVsNeR56KS",
        "invitation": "ICLR.cc/2023/Conference/Paper1622/-/Official_Comment",
        "content": {
          "title": "Summary of Paper Revisions",
          "comment": "We thank all the reviewers for their constructive feedback, insightful comments, and generally positive appraisal of our work. \n\nOur paper has been carefully revised according to the valuable comments, and the revised version has been submitted to OpenReview. The revised parts are highlighted in blue in our manuscript.  And the summary of the main revision is as follows:\n\n1. We have modified some expressions and details to make the paper more clear, as suggested by the reviewers.\n\n2. We have added more strong baselines in Sec.5.3, and provided more comparisons in Sec.2 and Appendix A.3.\n\n3. We have added some other content in the appendix:\n\n   a). more details of our pre-training data in A.1. \n\n   b). more analysis on multilinguality in A.2.\n\n   c). the comparison to translation-based method for cross-lingual retrieval in A.5."
        },
        "signatures": [
          "ICLR.cc/2023/Conference/Paper1622/Authors"
        ],
        "readers": [
          "everyone"
        ],
        "nonreaders": [],
        "writers": [
          "ICLR.cc/2023/Conference",
          "ICLR.cc/2023/Conference/Paper1622/Authors"
        ]
      },
      {
        "id": "V-gayEUbVx",
        "original": null,
        "number": 4,
        "cdate": 1668838896631,
        "mdate": 1668838896631,
        "ddate": null,
        "tcdate": 1668838896631,
        "tmdate": 1668838896631,
        "tddate": null,
        "forum": "-bVsNeR56KS",
        "replyto": "orn5yE_tSso",
        "invitation": "ICLR.cc/2023/Conference/Paper1622/-/Official_Comment",
        "content": {
          "title": "Response to Reviewer XpJe, Part 1",
          "comment": "Thanks for your insightful and invaluable comments. Our paper has been carefully revised according to the comments and the revised version has been submitted to OpenReview. Below is our point-to-point response.\n\n> Q1. Only a partial awareness of very related work on cross-lingual information retrieval (CLIR), with many strong reference works and baselines omitted from the paper completely.\n>\n> Q2.  Related to the point above, those papers provide much stronger baselines - the baselines in this submission are simply weak and inadequate.\n\nThanks for the valuable comments. First we add more strong baselines, and then we clarify some misunderstandings and the differences between these methods and our MSM. \n\nThe below table shows the performance comparison on Mr. TyDi after fine-tuning on MS MARCO.\n\n| Method      | Metrics    | AR   | BN   | EN   | FI   | ID   | JA   | KO   | RU   | SW   | TE   | TH   | AVG  |\n| :---------- | ---------- | ---- | ---- | ---- | ---- | ---- | ---- | ---- | ---- | ---- | ---- | ---- | ---- |\n| DistilmBERT | MRR@100    | 40.8 | -    | 29.9 | 26.7 | 39.7 | 27.0 | 32.2 | 29.4 | 22.0 | -    | 26.5 | 30.5 |\n|             | Recall@100 | 79.7 | -    | 71.0 | 64.1 | 79.7 | 65.0 | 64.4 | 62.6 | 48.2 | -    | 60.9 | 66.2 |\n| InfoXLM     | MRR@100    | 48.2 | 50.6 | 30.1 | 29.0 | 39.9 | 30.1 | 34.8 | 35.0 | 38.9 | 51.7 | 50.9 | 39.9 |\n|             | Recall@100 | 81.2 | 83.8 | 72.2 | 65.8 | 75.9 | 68.1 | 70.0 | 72.7 | 69.3 | 81.0 | 87.1 | 75.2 |\n| LaBSE       | MRR@100    | 50.1 | 52.3 | 29.7 | 41.3 | 48.3 | 27.6 | 33.4 | 37.3 | 54.6 | 56.7 | 43.6 | 43.2 |\n|             | Recall@100 | 83.0 | 85.6 | 71.4 | 80.2 | 86.1 | 63.2 | 67.0 | 74.3 | 86.7 | 89.4 | 81.9 | 79.0 |\n| XLMR-Long   | MRR@100    | 43.9 | 44.7 | 27.2 | 31.6 | 44.2 | 28.5 | 34.1 | 30.9 | 31.0 | 49.5 | 48.2 | 37.6 |\n|             | Recall@100 | 75.8 | 82.0 | 68.5 | 71.1 | 81.6 | 62.9 | 64.9 | 64.7 | 58.9 | 80.0 | 85.9 | 72.4 |\n| CROP        | MRR@100    | 46.2 | 39.9 | 27.7 | 34.0 | 47.0 | 26.2 | 32.1 | 31.8 | 41.5 | 55.9 | 46.3 | 38.9 |\n|             | Recall@100 | 80.3 | 84.2 | 70.9 | 73.8 | 85.5 | 63.1 | 68.1 | 70.4 | 72.0 | 86.3 | 85.9 | 76.4 |\n| MSM         | MRR@100    | 51.6 | 53.0 | 31.6 | 39.4 | 50.5 | 32.0 | 36.8 | 37.2 | 43.4 | 62.6 | 53.5 | 44.7 |\n|             | Recall@100 | 83.0 | 83.8 | 73.9 | 77.9 | 85.7 | 67.5 | 70.3 | 71.4 | 73.0 | 89.8 | 88.2 | 78.6 |\n\nFor more detailed comparisons please refer to Sec.5.3 in our revised manuscript. \n\nHere we mainly clarify some misunderstandings and differences, as follows: \n\na). MSM are trained without any supervised data, which keeps in line with mBERT and XLM-R. In contrast, mUSE, LASER and LaBSE are trained on text-matching datasets [1] such as parallel data, NLI data, QA data, etc, which provide more supervised signals. Indeed we also compared to LaBSE in the appendix of the original version, and we have added more baselines in the revised version. \n\nb). Our target is a universal pre-trained model, while some of the others [2, 3] focus on specialized (or fine-tuning) methods such as adapters [2], distillation [3], etc. And our pre-trained model MSM can be easily applied with these methods by replacing mBERT or XLMR in these papers.\n\nc). We follow the advanced setting that first fine-tunes and then evaluates for dense retrieval [7], which may differ from the previous methods of static word embeddings or fixed pre-trained models. This setting is suggested by the dataset paper of XTREME-R, Mr. TyDi and XOR, and the recent research [4, 5] also adopt this evaluation paradigm. \n\nd). mContriever [4] is trained on fewer languages and the corpus that is closer to the evaluation task, both of which can improve upon our setting, according to its ablation study [4]. That is because more languages face the curse of multilinguality and the closer corpus leads to better domain transfer. However, this setting may damage generalization and narrow the application scope. And there are several methods [4, 5, 6] similarly adopting cropped spans. So for a fair comparison, we have reproduced it as CROP under the same setting.\n\n\n\nReferences:\n\n[1] Litschko et al. ECIR 2021. https://arxiv.org/pdf/2101.08370.pdf\n\n[2] Reimers et al. EMNLP 2020. https://arxiv.org/abs/2004.09813\n\n[3] Litschko et al. COLING 2022. https://arxiv.org/abs/2204.02292\n\n[4] Izacard et al. TMLR 2022.https://arxiv.org/pdf/2112.09118.pdf \n\n[5] Wu et al. IJCAI 2022. https://arxiv.org/abs/2206.03281\n\n[6] Gao et al. EMNLP 2021. https://arxiv.org/abs/2104.08253\n\n[7] Ruder et al. EMNLP 2021. https://arxiv.org/abs/2104.07412"
        },
        "signatures": [
          "ICLR.cc/2023/Conference/Paper1622/Authors"
        ],
        "readers": [
          "everyone"
        ],
        "nonreaders": [],
        "writers": [
          "ICLR.cc/2023/Conference",
          "ICLR.cc/2023/Conference/Paper1622/Authors"
        ]
      },
      {
        "id": "abtlWCOTlVa",
        "original": null,
        "number": 5,
        "cdate": 1668838953063,
        "mdate": 1668838953063,
        "ddate": null,
        "tcdate": 1668838953063,
        "tmdate": 1668838953063,
        "tddate": null,
        "forum": "-bVsNeR56KS",
        "replyto": "orn5yE_tSso",
        "invitation": "ICLR.cc/2023/Conference/Paper1622/-/Official_Comment",
        "content": {
          "title": "Response to Reviewer XpJe, Part 2",
          "comment": "#### Response to Reviewer XpJe, Part 2\n\n> Q3. The paper also does conflate query-passage and sentence retrieval, and does not evaluate on document retrieval at all. \n\nThanks for your valuable comments. \n\na). According to [1], the document retrieval dataset CLEF gets even better results when truncated into 128 tokens than 256 tokens. And our evaluation dataset XOR and Mr.TYDI passages are 256 tokens long, which is comparable to the former. Though we mainly focus on passage retrieval, the outperforming results on XOR and Mr.TYDI can also demonstrate that our MSM can address different granularity of retrieval well. \n\nb). Besides, recent works on cross-lingual document retrieval [7, 8] are usually based on mBERT and XLMR and expose or split the documents to less than 512 tokens. Our MSM's input can be 512 tokens, and as a pre-trained model it's easy to be applied to replace mBERT or XLMR in the cross-lingual document retrieval papers [1, 8].  \n\n\n\n> Q4. The paper also critically requires parallel data to work -> if one has parallel data, one of the must-have baselines are also MT-based query-translate or passage-translate approaches which sometimes/often work better than standard encoder-based approaches.\n\na). In fact, MSM is trained without any parallel data and only utilizes multi-lingual raw text, and the setting of the pre-training corpus mainly keeps the same as XLMR.\n\nb). We have added MT-based baselines for cross-lingual retrieval in Appendix A.5. The results show that MSM outperforms Transformer-based MT and GMT (Google MT) is still a stronger method. However, MT-based methods depend on the quality of the MT system, and it relies on a two-stage pipeline which may lead to cumulative errors. In contrast, our MSM is easily applied with bi-encoder retrievers, which have more advantages in terms of deployments and diagnosis. For more details refer to Appendix A.5 in the revised version.\n\n\n\n> Q5. There are no discussions on how different target languages might impact the results: are all the languages equally difficult, which ones might cause major drops of performance and, most importantly, why? \n\nThanks for the constructive advice. Please refer to Appendix A.2 in our revised manuscript, where we have added more analysis on multilinguality, summarized as follows: (1) MSM can achieve more gains in low-resource language. (2) The target languages closer to the pivot language usually perform better and achieve more improvements. (3) The multi-lingual data lead to better cross-lingual retrieval performance. \n\n\n\nOthers that may be helpful:\n\n- We have added some citations and continually polished the paper.\n- As for the reproducibility, we will release the code and models soon. \n\nThanks again for helping us make the paper stronger. Please let me know if you have any unclear things or additional concerns.\n\n\n\nReferences:\n\n[7] Yang et al. SIGIR 2022. https://arxiv.org/pdf/2204.11989.pdf\n\n[8] Nair et al. ECIR 2022. https://arxiv.org/abs/2201.08471"
        },
        "signatures": [
          "ICLR.cc/2023/Conference/Paper1622/Authors"
        ],
        "readers": [
          "everyone"
        ],
        "nonreaders": [],
        "writers": [
          "ICLR.cc/2023/Conference",
          "ICLR.cc/2023/Conference/Paper1622/Authors"
        ]
      },
      {
        "id": "Xr-4BwNroq_",
        "original": null,
        "number": 6,
        "cdate": 1668839202190,
        "mdate": 1668839202190,
        "ddate": null,
        "tcdate": 1668839202190,
        "tmdate": 1668839202190,
        "tddate": null,
        "forum": "-bVsNeR56KS",
        "replyto": "pAVzA3upKO8",
        "invitation": "ICLR.cc/2023/Conference/Paper1622/-/Official_Comment",
        "content": {
          "title": "Response to Reviewer VGZA",
          "comment": "> Q1. One concern I have for the proposed approach is its efficiency -- masking document representation with leave-one-sentence-out scheme seems very expensive, since the document encoder needs to be recomputed for every masking.\n\nThanks for your insightful comments. Indeed our masked sentence scheme is so efficient. First, the sentences in a document pass through the sentence encoder only once without recomputation. As for the document encoder, the length of document encoder's input is not long, for the number of sentences in a document is not long. And our document encoder is also shallow. These factors make our approach very efficient without much computation.\n\n\n\n> Q2. It is also counter intuitive that more negatives performs worse than 512 negatives -- usually larger batch sizes improves contrastive learning.\n\nThanks for your valuable comments. \n\na). Recall that our negatives contain a limited number of Intra-doc Negatives (for the sentence in a document is limited) and a varying number of Cross-doc Negatives. And the results in Table.5 show Intra-doc Negatives play an important role in our hierarchical contrastive loss. So when the total negative number increases to a large number, the impact of intra-document negatives would be diminished and hurt the performance. \n\nb). Recent works [1, 2] also revealed that keep increasing the batch size did not necessarily bring improvement, which is also in line with our experiment. It has diminishing gains if the batch is sufficiently large, and the performance would be harmed by the instability when the batch size is too large [1].\n\n\n\nWe have updated the paper to make these points more clearly. Please let me know if anything is unclear or if you have any additional concerns.\n\n\n\n[1] Xinlei Chen et al. ICCV 2021. https://arxiv.org/pdf/2104.02057.pdf\n\n[2] Rui Cao et al. ACL 2022. https://arxiv.org/abs/2202.13093"
        },
        "signatures": [
          "ICLR.cc/2023/Conference/Paper1622/Authors"
        ],
        "readers": [
          "everyone"
        ],
        "nonreaders": [],
        "writers": [
          "ICLR.cc/2023/Conference",
          "ICLR.cc/2023/Conference/Paper1622/Authors"
        ]
      },
      {
        "id": "kOMT5z9bDFY",
        "original": null,
        "number": 7,
        "cdate": 1668839329828,
        "mdate": 1668839329828,
        "ddate": null,
        "tcdate": 1668839329828,
        "tmdate": 1668839329828,
        "tddate": null,
        "forum": "-bVsNeR56KS",
        "replyto": "veR5gsT6EAQ",
        "invitation": "ICLR.cc/2023/Conference/Paper1622/-/Official_Comment",
        "content": {
          "title": "Response to Reviewer TsJC",
          "comment": "> Q1. Why the document encoder is discarded after pre-training ?\n\nThanks for your valuable comments. There are some points about this question:\n\na). In our hierarchical approach, the document encoder plays as a bottleneck: the sentence encoder press the sentence semantics into sentence vectors, and the document encoder leverage the limited information to predict the masked vector, thus enforcing an information bottleneck on the sentence encoder for better representations. There are several papers also utilizing the similar method, such as Condenser [1] and RetroMAE [2].\n\nb). According to our analysis in Sec.5.4, the shared document encoder helps to model the sequential sentence relation across languages. So it can promote sentence representations for better cross-lingual ability, which is more vital for downstream retrieval tasks. It is similar to some findings on mBERTology [3, 4] which find the shared model can learn the universal word embeddings across languages. And our experiments indicate that shared document encoder does benefit universal sentence embedding. \n\nc). By the way, the sentence encoder has the same architecture as XLMR, which ensures a fair comparison. \n\n\n\nWe have updated the paper to make these points more clearly. Please let me know if you have any other questions.\n\n\n\nReferences:\n\n[1] Gao et al. EMNLP 2021. https://aclanthology.org/2021.emnlp-main.75/\n\n[2] Xiao et al. EMNLP 2022. https://arxiv.org/abs/2205.12035\n\n[3] Doddapaneni et al. 2021 https://arxiv.org/abs/2107.00676\n\n[4] Rogers et al. TACL 2020. https://arxiv.org/abs/2002.12327"
        },
        "signatures": [
          "ICLR.cc/2023/Conference/Paper1622/Authors"
        ],
        "readers": [
          "everyone"
        ],
        "nonreaders": [],
        "writers": [
          "ICLR.cc/2023/Conference",
          "ICLR.cc/2023/Conference/Paper1622/Authors"
        ]
      },
      {
        "id": "qZZuYIW8z9",
        "original": null,
        "number": 8,
        "cdate": 1668839721412,
        "mdate": 1668839721412,
        "ddate": null,
        "tcdate": 1668839721412,
        "tmdate": 1668839721412,
        "tddate": null,
        "forum": "-bVsNeR56KS",
        "replyto": "wpPgzHXGv4I",
        "invitation": "ICLR.cc/2023/Conference/Paper1622/-/Official_Comment",
        "content": {
          "title": "Response to Reviewer Hf6d",
          "comment": "> Q1. The paper's motivation seems to focus a little too much on the \"cross-lingual\" aspect of things rather than just as a multilingual hierarchical contrastive learning approach. The authors' arguments center around the fact that sentences are ordered similarly with documents across different languages.\n\nThanks for your insightful comments. Indeed, the two aspects, namely the motivation on cross-lingual aspect and the multilingual hierarchical approach, are highly correlated rather than independent from each other. We start from the idea that sentences are ordered similarly with documents across different languages. And to model this relation, we design the hierarchical learning approach including the hierarchical model and masked sentence prediction task. In turn, our experiments demonstrate that the hierarchical learning approach is crucial for stronger cross-lingual retrieval capabilities, thus resulting in better downstream cross-lingual performance. \n\n\n\n> Q2. The paper lacks some details about the dataset used. The paper cites the CC-100 paper, but was it exactly CC-100? Or did you pre-process commoncrawl yourselves?\n\nYes, since Common Crawl is not a public dataset, so we need to pre-process it  by ourselves. Our reserved 108 languages are the union of the languages that XLMR and mBERT support, which covers more languages for larger application scope. And we followed the public processing code [1] adopted by XLMR to pre-process CommonCrawl [2] and retain 108 languages for our pre-training.\n\n\n\nThanks for your constructive feedback, and we have revised the paper to make them more clear. Please let me know if you have any other questions.\n\nReferences:\n\n[1] https://github.com/facebookresearch/cc_net\n\n[2] Wenzek et al. LREC 2020. https://aclanthology.org/2020.lrec-1.494/"
        },
        "signatures": [
          "ICLR.cc/2023/Conference/Paper1622/Authors"
        ],
        "readers": [
          "everyone"
        ],
        "nonreaders": [],
        "writers": [
          "ICLR.cc/2023/Conference",
          "ICLR.cc/2023/Conference/Paper1622/Authors"
        ]
      },
      {
        "id": "N8kXOUvLja",
        "original": null,
        "number": 9,
        "cdate": 1668913040070,
        "mdate": 1668913040070,
        "ddate": null,
        "tcdate": 1668913040070,
        "tmdate": 1668913040070,
        "tddate": null,
        "forum": "-bVsNeR56KS",
        "replyto": "Xr-4BwNroq_",
        "invitation": "ICLR.cc/2023/Conference/Paper1622/-/Official_Comment",
        "content": {
          "title": "I am satisfied with the answers to my questions",
          "comment": "4096 in Xinlei Chen et al. ICCV 2021 is much larger than the optimal 512 here, but I understand that there is the issue of the ratio of intra doc negatives."
        },
        "signatures": [
          "ICLR.cc/2023/Conference/Paper1622/Reviewer_VGZA"
        ],
        "readers": [
          "everyone"
        ],
        "nonreaders": [],
        "writers": [
          "ICLR.cc/2023/Conference",
          "ICLR.cc/2023/Conference/Paper1622/Reviewer_VGZA"
        ]
      },
      {
        "id": "4KavH06qPe",
        "original": null,
        "number": 1,
        "cdate": 1674241807347,
        "pdate": null,
        "mdate": null,
        "ddate": null,
        "tcdate": 1674241807347,
        "tmdate": 1674241807347,
        "tddate": null,
        "forum": "-bVsNeR56KS",
        "replyto": "-bVsNeR56KS",
        "invitation": "ICLR.cc/2023/Conference/Paper1622/-/Decision",
        "content": {
          "title": "Paper Decision",
          "decision": "Accept: poster",
          "metareview:_summary,_strengths_and_weaknesses": "This paper presents a cross lingual representation learning method that uses the sequential information of sentences in parallel documents as a training signal. The topic is important and the proposed method makes sense. \n\nThe reviews are mixed. Reviewer XpJe thinks that there is a lack of comparison to major baselines and relevant related work in the area. Other reviewers have more positive recommendations about the paper, citing the simplicity of the method and the strong results as the basis for their scores. \n\nThere are concerns about whether the strong results of the proposed method is because the baseline is inadequate. However, I think the authors have sufficiently addressed the concerns of reviewer XpJe in their updated manuscript and author response. I recommend accepting the paper.",
          "justification_for_why_not_higher_score": "More thorough comparisons with relevant related work.",
          "justification_for_why_not_lower_score": "N/A",
          "note_from_PC": "if the above contains the word \"oral\" or \"spotlight\" please see: \"oral\" presentation means -> notable-top-5% and \"spotlight\" means -> notable-top-25%. As stated in our emails, we are disassociating presentation type from AC recommendations"
        },
        "signatures": [
          "ICLR.cc/2023/Conference/Program_Chairs"
        ],
        "readers": [
          "everyone"
        ],
        "nonreaders": [],
        "writers": [
          "ICLR.cc/2023/Conference/Program_Chairs"
        ]
      }
    ],
    "directReplies": [
      {
        "id": "wpPgzHXGv4I",
        "original": null,
        "number": 1,
        "cdate": 1666340323867,
        "mdate": null,
        "ddate": null,
        "tcdate": 1666340323867,
        "tmdate": 1666340323867,
        "tddate": null,
        "forum": "-bVsNeR56KS",
        "replyto": "-bVsNeR56KS",
        "invitation": "ICLR.cc/2023/Conference/Paper1622/-/Official_Review",
        "content": {
          "confidence": "4: You are confident in your assessment, but not absolutely certain. It is unlikely, but not impossible, that you did not understand some parts of the submission or that you are unfamiliar with some pieces of related work.",
          "summary_of_the_paper": "The paper presents a contrastive learning approach to learning hierarchical document representations for multilingual and cross-lingual retrieval. The approach encodes a document in a hierarchical fashion by encoding each sentence in a document into a single fixed-length vector with an XLM-R encoder. The sequence of sentence representations is encoded by a document encoder that is trained from scratch. The overall training objective is a combination of a contrastive and masked language modeling loss. The contrastive loss masks out one of the sentence representations that is provided to the document encoder and uses an InfoNCE-like objective with intra-document as well as cross-document negatives.\n\nThe model is trained on CC-100-like data on 108 languages for 200k steps and evaluated on multilingual and cross-lingual retrieval benchmarks. The model is able to do significantly better when compared with mBERT, XLM-R and ICT baselines.",
          "strength_and_weaknesses": "Strengths\n1. The paper is well-written and explained. \n2. The motivation for the overall approach is clear and the idea is conceptually simple. With only a few different moving parts in the model, the authors are to run fairly thorough ablations.\n3. The results on both multilingual and cross-lingual retrieval benchmarks are significantly better than the baselines considered.\n\nWeaknesses\n1.  The paper's motivation seems to focus a little too much on the \"cross-lingual\" aspect of things rather than just as a multilingual hierarchical contrastive learning approach. The authors' arguments center around the fact that sentences are ordered similarly with documents across different languages.\n2. The paper lacks some details about the dataset used. The paper cites the CC-100 paper, but was it exactly CC-100? Or did you pre-process commoncrawl yourselves?\n",
          "clarity,_quality,_novelty_and_reproducibility": "Clarity & Quality - The paper is clear and well-explained.\nNovelty - The paper isn't particularly novel, but it combines well-established InfoNCE-like contrastive learning approaches with multilingual pre-trained masked language models.\nReproducibility - The approach is simple enough that it should be possible to implement without too many details. The paper however does lack some information regarding the number of negatives used or dataset processing details.",
          "summary_of_the_review": "A simple and easy-to-implement contrastive learning approach to improve multilingual and cross-lingual retrieval. The baselines aren't particularly strong, but still a strong contribution.",
          "correctness": "3: Some of the paper’s claims have minor issues. A few statements are not well-supported, or require small changes to be made correct.",
          "technical_novelty_and_significance": "3: The contributions are significant and somewhat new. Aspects of the contributions exist in prior work.",
          "empirical_novelty_and_significance": "3: The contributions are significant and somewhat new. Aspects of the contributions exist in prior work.",
          "flag_for_ethics_review": [
            "NO."
          ],
          "recommendation": "6: marginally above the acceptance threshold"
        },
        "signatures": [
          "ICLR.cc/2023/Conference/Paper1622/Reviewer_Hf6d"
        ],
        "readers": [
          "everyone"
        ],
        "nonreaders": [],
        "writers": [
          "ICLR.cc/2023/Conference",
          "ICLR.cc/2023/Conference/Paper1622/Reviewer_Hf6d"
        ]
      },
      {
        "id": "veR5gsT6EAQ",
        "original": null,
        "number": 2,
        "cdate": 1666585143495,
        "mdate": null,
        "ddate": null,
        "tcdate": 1666585143495,
        "tmdate": 1666585143495,
        "tddate": null,
        "forum": "-bVsNeR56KS",
        "replyto": "-bVsNeR56KS",
        "invitation": "ICLR.cc/2023/Conference/Paper1622/-/Official_Review",
        "content": {
          "confidence": "4: You are confident in your assessment, but not absolutely certain. It is unlikely, but not impossible, that you did not understand some parts of the submission or that you are unfamiliar with some pieces of related work.",
          "summary_of_the_paper": "This paper introduces MSM, a hierarchical multilingual encoder pre-trained with hierarchical contrastive learning. MSM applies XLMR as sentence encoder, and uses another transformer encoder to encode the document level context. During training, both masked language model loss and masked sentence model loss are applied. At inference time, the document encoder is discarded and only the sentence encoder is used. Experimental results showed that the hierarchical pre-training strategy yielded SOTA results on four cross-lingual retrieval tasks.",
          "strength_and_weaknesses": "Strength:\n- The paper is well organized and easy to follow.\n- The proposed hierarchical contrastive learning pre-training objective is simple and effective on cross-lingual retrieval tasks.\n\nWeaknesses:\n- I am a bit surprised that the document encoder is discarded after pre-training. I thought self-attention in the document encoder will be important for modeling the universal sequential sentence relation across languages.  It is unclear to me that why only sentence encoder is used for downstream finetuning. ",
          "clarity,_quality,_novelty_and_reproducibility": "Good.",
          "summary_of_the_review": "The paper introduces a simple yet effective method for improving cross-lingual retrieval. Extensive experiments have been conducted to demonstrate the effectiveness of the proposed method.",
          "correctness": "3: Some of the paper’s claims have minor issues. A few statements are not well-supported, or require small changes to be made correct.",
          "technical_novelty_and_significance": "3: The contributions are significant and somewhat new. Aspects of the contributions exist in prior work.",
          "empirical_novelty_and_significance": "2: The contributions are only marginally significant or novel.",
          "flag_for_ethics_review": [
            "NO."
          ],
          "recommendation": "6: marginally above the acceptance threshold"
        },
        "signatures": [
          "ICLR.cc/2023/Conference/Paper1622/Reviewer_TsJC"
        ],
        "readers": [
          "everyone"
        ],
        "nonreaders": [],
        "writers": [
          "ICLR.cc/2023/Conference",
          "ICLR.cc/2023/Conference/Paper1622/Reviewer_TsJC"
        ]
      },
      {
        "id": "pAVzA3upKO8",
        "original": null,
        "number": 3,
        "cdate": 1666742137158,
        "mdate": null,
        "ddate": null,
        "tcdate": 1666742137158,
        "tmdate": 1666742137158,
        "tddate": null,
        "forum": "-bVsNeR56KS",
        "replyto": "-bVsNeR56KS",
        "invitation": "ICLR.cc/2023/Conference/Paper1622/-/Official_Review",
        "content": {
          "confidence": "3: You are fairly confident in your assessment. It is possible that you did not understand some parts of the submission or that you are unfamiliar with some pieces of related work. Math/other details were not carefully checked.",
          "summary_of_the_paper": "This work aims to improve the cross-lingual retrieval capability of dual encoder models.\nGiven access to multi-lingual document corpus and the intuition that sentence ordering across languages are often similar, this work proposes to use sequential sentence relation to facilitate cross-lingual representation learning.\n\nMore specifically it proposes a hierarchical architecture (MSM), which first encodes sentences to embeddings, and then performs doc level MLM (with contrastive loss) to model sentence relations. The MLM task is constructed by pairing masked sentence representation produced by the doc transformer and the original sentence embedding. In order to combine intra and inter document negative examples, an adaptive bias term is added to the logits to make sure that one does not dominate the other.\n\nThe model is initialized from XLMR, and the pretraining loss combines token MLM and sentence MLM. The pretraining corpus is a clean version of common crawl (similar to that of XMLR).\n\nExperiments on 4 cross lingual retrieval tasks show that MSM significantly improves cross-lingual transferability over baselines (XLMR, mBERT), and also improves the fine-tune settings.  \nExperiment against stronger baselines (ICT, MSM) on 2 of the tasks shows improvement of MSM over baselines. These stronger baselines are previously only used in monolingual settings.\nOblation study shows that the best setting is 1) combining inter and intra-document negatives 2) 512 negatives 3) asymmetric projection layer  4) 2 layers of document encoder\n",
          "strength_and_weaknesses": "Overall this paper represents a great result. The idea of using sequential sentence relation to facilitate cross-lingual representation learning is both novel and effective. The bias term added to combine intra and inter-document negatives is novel.\n\nOne concern I have for the proposed approach is its efficiency -- masking document representation with leave-one-sentence-out scheme seems very expensive, since the document encoder needs to be recomputed for every masking.\n\nIt is also counter intuitive that more negatives performs worse than 512 negatives -- usually larger patch sizes improves contrastive learning.\n",
          "clarity,_quality,_novelty_and_reproducibility": "This paper is easy to read and can be reproduced.",
          "summary_of_the_review": "Novel and effective approach, with a few minor questions.",
          "correctness": "3: Some of the paper’s claims have minor issues. A few statements are not well-supported, or require small changes to be made correct.",
          "technical_novelty_and_significance": "3: The contributions are significant and somewhat new. Aspects of the contributions exist in prior work.",
          "empirical_novelty_and_significance": "3: The contributions are significant and somewhat new. Aspects of the contributions exist in prior work.",
          "flag_for_ethics_review": [
            "NO."
          ],
          "recommendation": "8: accept, good paper"
        },
        "signatures": [
          "ICLR.cc/2023/Conference/Paper1622/Reviewer_VGZA"
        ],
        "readers": [
          "everyone"
        ],
        "nonreaders": [],
        "writers": [
          "ICLR.cc/2023/Conference",
          "ICLR.cc/2023/Conference/Paper1622/Reviewer_VGZA"
        ]
      },
      {
        "id": "orn5yE_tSso",
        "original": null,
        "number": 4,
        "cdate": 1666868766708,
        "mdate": null,
        "ddate": null,
        "tcdate": 1666868766708,
        "tmdate": 1666868766708,
        "tddate": null,
        "forum": "-bVsNeR56KS",
        "replyto": "-bVsNeR56KS",
        "invitation": "ICLR.cc/2023/Conference/Paper1622/-/Official_Review",
        "content": {
          "confidence": "5: You are absolutely certain about your assessment. You are very familiar with the related work and checked the math/other details carefully.",
          "summary_of_the_paper": "This work proposes a new method for cross-lingual and multilingual dense retrieval, focusing on applications of query-passage and sentence retrieval in multilingual setups. The approach relies on parallel document-aligned and assumes that the sentences in such documents are roughly in the same order; the idea is then to combine the standard MLM objective with its bilingual sentence-level variant, termed Masked Sentence Modeling (MSM), hoping to guess the correct sentence (once the sentence is masked in the document), where the document encoder is shared across languages. \n\nThe experiments are conducted on four retrieval tasks from prior work, and gains over (mostly) weak baselines are reported.",
          "strength_and_weaknesses": "Strengths:\n- The idea of MSM is simple and neat, although it is very similar to the idea of next sentence prediction - the difference here is that the model performs masked sentence prediction.\n- The ablation study shows the usefulness of introducing the MSM objective.\n\nThe paper is simply not at a state to be considered for publication, with a series of major flaws as follows.\nWeaknesses:\n- Only a partial awareness of very related work on cross-lingual information retrieval (CLIR), with many strong reference works and baselines omitted from the paper completely and omitted from the comparisons. Here, only a few directly relevant papers are mentioned:\n-- https://arxiv.org/pdf/2112.09118.pdf\n-- https://arxiv.org/abs/2204.02292\n-- https://arxiv.org/abs/2004.09813\n-- https://arxiv.org/pdf/2101.08370.pdf\n-- There is also work on multilingual Longformers (e.g., https://huggingface.co/markussagen/xlm-roberta-longformer-base-4096)\n- Related to the point above, those papers provide much stronger baselines - the baselines in this submission are simply weak and inadequate. When doing sentence retrieval, the paper should compare against strong multilingual sentence encoders and not the original off-the-shelf models. \n- The paper also does conflate query-passage and sentence retrieval, and does not evaluate on document retrieval at all. There are huge differences on how to approach each 'granularity of information' when doing retrieval, and the paper does not seem to pay attention to that: e.g., check this work for further details: https://arxiv.org/pdf/2101.08370.pdf\n- The paper also critically requires parallel data to work -> if one has parallel data, one of the must-have baselines are also MT-based query-translate or passage-translate approaches which sometimes/often work better than standard encoder-based approaches.\n- There are no discussions on how different target languages might impact the results: are all the languages equally difficult, which ones might cause major drops of performance and, most importantly, why? The paper treats multilinguality very superficially. \n\nThere are other (minor) weaknesses, including problems with language and presentation, but the major ones are mostly listed above.\n",
          "clarity,_quality,_novelty_and_reproducibility": "The paper will not have any major impact as it omits many major baselines and a lot of very relevant work, offering only basic comparisons and lacking insightful side analyses. It makes a minor methodological contribution by combining document-level and sentence-level masked language modeling, which is not evaluated against cutting-edge CLIR methods.\n\nIt should be possible to reproduce the main results in the paper - it does not mention whether the results are average over several random seeds or not (and which random seed was used).",
          "summary_of_the_review": "The paper lacks strong baselines, shows only partial awareness of the current cutting-edge CLIR methodology. and it is difficult to contextualise its results (does it really bring any major improvement for CLIR?). It also does not delve deeper into intricacies of multilinguality and differences between sentence/passage/document retrieval. There are also presentation problems which make the paper seem incomplete and half-finished ",
          "correctness": "2: Several of the paper’s claims are incorrect or not well-supported.",
          "technical_novelty_and_significance": "2: The contributions are only marginally significant or novel.",
          "empirical_novelty_and_significance": "2: The contributions are only marginally significant or novel.",
          "flag_for_ethics_review": [
            "NO."
          ],
          "recommendation": "3: reject, not good enough"
        },
        "signatures": [
          "ICLR.cc/2023/Conference/Paper1622/Reviewer_XpJe"
        ],
        "readers": [
          "everyone"
        ],
        "nonreaders": [],
        "writers": [
          "ICLR.cc/2023/Conference",
          "ICLR.cc/2023/Conference/Paper1622/Reviewer_XpJe"
        ]
      },
      {
        "id": "0TmniOxZ7D",
        "original": null,
        "number": 3,
        "cdate": 1668838841650,
        "mdate": 1668838841650,
        "ddate": null,
        "tcdate": 1668838841650,
        "tmdate": 1668838841650,
        "tddate": null,
        "forum": "-bVsNeR56KS",
        "replyto": "-bVsNeR56KS",
        "invitation": "ICLR.cc/2023/Conference/Paper1622/-/Official_Comment",
        "content": {
          "title": "Summary of Paper Revisions",
          "comment": "We thank all the reviewers for their constructive feedback, insightful comments, and generally positive appraisal of our work. \n\nOur paper has been carefully revised according to the valuable comments, and the revised version has been submitted to OpenReview. The revised parts are highlighted in blue in our manuscript.  And the summary of the main revision is as follows:\n\n1. We have modified some expressions and details to make the paper more clear, as suggested by the reviewers.\n\n2. We have added more strong baselines in Sec.5.3, and provided more comparisons in Sec.2 and Appendix A.3.\n\n3. We have added some other content in the appendix:\n\n   a). more details of our pre-training data in A.1. \n\n   b). more analysis on multilinguality in A.2.\n\n   c). the comparison to translation-based method for cross-lingual retrieval in A.5."
        },
        "signatures": [
          "ICLR.cc/2023/Conference/Paper1622/Authors"
        ],
        "readers": [
          "everyone"
        ],
        "nonreaders": [],
        "writers": [
          "ICLR.cc/2023/Conference",
          "ICLR.cc/2023/Conference/Paper1622/Authors"
        ]
      },
      {
        "id": "4KavH06qPe",
        "original": null,
        "number": 1,
        "cdate": 1674241807347,
        "pdate": null,
        "mdate": null,
        "ddate": null,
        "tcdate": 1674241807347,
        "tmdate": 1674241807347,
        "tddate": null,
        "forum": "-bVsNeR56KS",
        "replyto": "-bVsNeR56KS",
        "invitation": "ICLR.cc/2023/Conference/Paper1622/-/Decision",
        "content": {
          "title": "Paper Decision",
          "decision": "Accept: poster",
          "metareview:_summary,_strengths_and_weaknesses": "This paper presents a cross lingual representation learning method that uses the sequential information of sentences in parallel documents as a training signal. The topic is important and the proposed method makes sense. \n\nThe reviews are mixed. Reviewer XpJe thinks that there is a lack of comparison to major baselines and relevant related work in the area. Other reviewers have more positive recommendations about the paper, citing the simplicity of the method and the strong results as the basis for their scores. \n\nThere are concerns about whether the strong results of the proposed method is because the baseline is inadequate. However, I think the authors have sufficiently addressed the concerns of reviewer XpJe in their updated manuscript and author response. I recommend accepting the paper.",
          "justification_for_why_not_higher_score": "More thorough comparisons with relevant related work.",
          "justification_for_why_not_lower_score": "N/A",
          "note_from_PC": "if the above contains the word \"oral\" or \"spotlight\" please see: \"oral\" presentation means -> notable-top-5% and \"spotlight\" means -> notable-top-25%. As stated in our emails, we are disassociating presentation type from AC recommendations"
        },
        "signatures": [
          "ICLR.cc/2023/Conference/Program_Chairs"
        ],
        "readers": [
          "everyone"
        ],
        "nonreaders": [],
        "writers": [
          "ICLR.cc/2023/Conference/Program_Chairs"
        ]
      }
    ]
  }
}