{
  "id": "-CoNloheTs",
  "original": "3ODJ6j5lqQ",
  "number": 1792,
  "cdate": 1663850004604,
  "mdate": null,
  "ddate": null,
  "tcdate": 1663850004604,
  "tmdate": 1677777589051,
  "tddate": null,
  "tauthor": "~Super_User1",
  "forum": "-CoNloheTs",
  "replyto": null,
  "invitation": "ICLR.cc/2023/Conference/-/Blind_Submission",
  "content": {
    "title": "An Exact Poly-Time Membership-Queries Algorithm for Extracting a Three-Layer ReLU Network",
    "authorids": [
      "~Amit_Daniely2",
      "~Elad_Granot1"
    ],
    "authors": [
      "Amit Daniely",
      "Elad Granot"
    ],
    "keywords": [
      "Learning With Queries",
      "ReLU Networks",
      "Model Extraction"
    ],
    "TL;DR": "A first polynomial-time algorithm to extract the parameters and architecture of two- and three-layer neural networks using membership-queries",
    "abstract": "We consider the natural problem of learning a ReLU network from queries, which was recently remotivated by model extraction attacks. In this work, we present a polynomial-time algorithm that can learn a depth-two ReLU network from queries under mild general position assumptions. We also present a polynomial-time algorithm that, under mild general position assumptions, can learn a rich class of depth-three ReLU networks from queries. For instance, it can learn most networks where the number of first layer neurons is smaller than the dimension and the number of second layer neurons.\n\nThese two results substantially improve state-of-the-art: Until our work, polynomial-time algorithms were only shown to learn from queries depth-two networks under the assumption that either the underlying distribution is Gaussian (Chen et al. (2021)) or that the weights matrix rows are linearly independent (Milli et al. (2019)). For depth three or more, there were no known poly-time results.",
    "pdf": "/pdf/9e485cce01d880d423fc6e5af2b45fb1883847e0.pdf",
    "anonymous_url": "I certify that there is no URL (e.g., github page) that could be used to find authors’ identity.",
    "no_acknowledgement_section": "I certify that there is no acknowledgement section in this submission for double blind review.",
    "code_of_ethics": "I acknowledge that I and all co-authors of this work have read and commit to adhering to the ICLR Code of Ethics",
    "submission_guidelines": "Yes",
    "resubmission": "",
    "student_author": "",
    "Please_choose_the_closest_area_that_your_submission_falls_into": "Social Aspects of Machine Learning (eg, AI safety, fairness, privacy, interpretability, human-AI interaction, ethics)",
    "paperhash": "daniely|an_exact_polytime_membershipqueries_algorithm_for_extracting_a_threelayer_relu_network",
    "_bibtex": "@inproceedings{\ndaniely2023an,\ntitle={An Exact Poly-Time Membership-Queries Algorithm for Extracting a Three-Layer Re{LU} Network},\nauthor={Amit Daniely and Elad Granot},\nbooktitle={The Eleventh International Conference on Learning Representations },\nyear={2023},\nurl={https://openreview.net/forum?id=-CoNloheTs}\n}",
    "venue": "ICLR 2023 poster",
    "venueid": "ICLR.cc/2023/Conference"
  },
  "signatures": [
    "ICLR.cc/2023/Conference"
  ],
  "readers": [
    "everyone"
  ],
  "nonreaders": [],
  "writers": [
    "ICLR.cc/2023/Conference"
  ],
  "pdate": 1675279184821,
  "odate": 1664468100000,
  "details": {
    "overwriting": [],
    "tags": [],
    "writable": false,
    "replyCount": 4,
    "directReplyCount": 4,
    "revisions": true,
    "replies": [
      {
        "id": "SK6K7elfLq",
        "original": null,
        "number": 1,
        "cdate": 1666504119679,
        "mdate": null,
        "ddate": null,
        "tcdate": 1666504119679,
        "tmdate": 1666504119679,
        "tddate": null,
        "forum": "-CoNloheTs",
        "replyto": "-CoNloheTs",
        "invitation": "ICLR.cc/2023/Conference/Paper1792/-/Official_Review",
        "content": {
          "confidence": "3: You are fairly confident in your assessment. It is possible that you did not understand some parts of the submission or that you are unfamiliar with some pieces of related work. Math/other details were not carefully checked.",
          "summary_of_the_paper": "This paper considers the problem of learning a ReLU network from queries, which was recently remotivated by model extraction attacks. Assuming $\\delta$-regular networks, the authors present a polynomial-time algorithm that can learn a depth-two ReLU network from queries and a polynomial-time algorithm that, with some additional assumptions, can learn a rich class of depth-three ReLU networks from queries. \n",
          "strength_and_weaknesses": "Strength\n\n- The authors provide a polynomial-time query complexity algorithm for exact recovery of a two-layer neural networks with some general position assumptions.\n- Additionally, an algorithm that can identify whether a neuron belongs to the first or the second layer is provided that is used in designing an algorithm for the recovery of a three-layer ReLU activated neural networks.\n- The paper is well-written and organized in general and clearly conveys the main concepts and ideas for the recovery algorithms.\n\nWeakness\n\n- The proposed algorithms assume $\\delta$-regular networks, satisfying 7 conditions from Definition 1, which are purely characteristics of the network itself, independent from either training dataset or learning algorithm. What is missing here is whether neural networks trained with gradient descent from random initialization can indeed be $\\delta$-regular networks with high probability in practice. After training a simple 2 or 3 layer ReLU activated neural networks with some public datasets, can the authors indeed find that the conditions are well satisfied without the artificial weight perturbations?\n- The authors provide a key concept in generalizing the recovery algorithm from 2-layer to 3-layer neural networks by identifying whether a neuron belongs to the first or the second layer. What is the main technical hurdle in extending the similar idea to networks with more depth? This discussion point is missing.\n- Even though this work has value in theory as the authors argued, I think the algorithm should work in practice in recovering simple 2 or 3 layer neural networks. But, no experiment is provided by the author to judge the practical value of the proposed algorithms. Is there any reason one cannot actually use the proposed algorithm in real neural networks? Is it due to the strict assumptions imposed on the neural networks or the computational complexity?\n",
          "clarity,_quality,_novelty_and_reproducibility": "This paper is clearly written and well-organized. The assumptions and the idea of the algorithms/proofs are clearly addressed throughout the paper. \n",
          "summary_of_the_review": "This paper provides insightful results on designing algorithms for recovery of 2 or 3 layer neural networks, generalizing the previous results on this line of works. However, there are many assumptions, e.g. $\\delta$-regular networks, imposed on the networks to guarantee the success of the proposed algorithms. Experiments or validation of the assumptions on practical neural networks are missing, which makes it hard to judge the practical value of the proposed algorithms. \n",
          "correctness": "3: Some of the paper’s claims have minor issues. A few statements are not well-supported, or require small changes to be made correct.",
          "technical_novelty_and_significance": "3: The contributions are significant and somewhat new. Aspects of the contributions exist in prior work.",
          "empirical_novelty_and_significance": "Not applicable",
          "flag_for_ethics_review": [
            "NO."
          ],
          "recommendation": "6: marginally above the acceptance threshold"
        },
        "signatures": [
          "ICLR.cc/2023/Conference/Paper1792/Reviewer_qJaS"
        ],
        "readers": [
          "everyone"
        ],
        "nonreaders": [],
        "writers": [
          "ICLR.cc/2023/Conference",
          "ICLR.cc/2023/Conference/Paper1792/Reviewer_qJaS"
        ]
      },
      {
        "id": "3iadK5vYNy",
        "original": null,
        "number": 2,
        "cdate": 1666708117460,
        "mdate": null,
        "ddate": null,
        "tcdate": 1666708117460,
        "tmdate": 1666708117460,
        "tddate": null,
        "forum": "-CoNloheTs",
        "replyto": "-CoNloheTs",
        "invitation": "ICLR.cc/2023/Conference/Paper1792/-/Official_Review",
        "content": {
          "confidence": "4: You are confident in your assessment, but not absolutely certain. It is unlikely, but not impossible, that you did not understand some parts of the submission or that you are unfamiliar with some pieces of related work.",
          "summary_of_the_paper": "\nThis work considers the problem of exactly recovering ReLU networks using\nmembership queries, i.e., by having access to the exact output of the network\nfor any chosen input.  They give algorithms that can reconstruct 2 and 3 layer\nReLU networks in polynomial time under some assumptions on the weights of the\nnetworks.\n\nIn particular, for 2-layer networks, this work shows that it is possible to\nlearn a network that is equivalent to the target network (in the sense that\nthe paper).  For 3-layer networks, they require additionally that the width of\nthe first layer is larger than the dimension of the input and that the top layer\nhas non-vanishing derivatives.  This work gives the first poly-time algorithm\nthe paper). \n\n",
          "strength_and_weaknesses": "Strengths\n\n1. The paper gives the first polynomial-time algorithm for reconstructing\n3-layer networks using membership queries.  The main challenge in\nreconstructing 3-layer networks is identifying whether a critical hyperplane\ncomes from the first or second hidden layer (Algorithm 7).  The authors then\nreduce this to reconstructing 2-layer networks.\n\nWeaknesses\n\n1. The reconstruction results require many assumptions (as the authors also\nadmit) (see Definition 1 of regular networks).  Fortunately, the authors show\nthat a (much easier to parse) sufficient condition is that the weights of the\nnetwork are perturbed by adding small uniform noise.  Still, it seems that at\nleast some of the assumptions are not necessary (even for exact recovery) and\nare tailored to make the analysis easier. \n\n2. I am not convinced that asking for exact network recovery is the ``right''\ngoal as it inherently leads to unnatural and perhaps impractical (especially\nfor deeper networks)  assumptions, e.g., having the exact output of the model\nwith zero error tolerance.\n\n",
          "clarity,_quality,_novelty_and_reproducibility": "The paper is overall rather well-written and contains novel ideas (especially\nfor reconstructing 3-layer networks.  The regularity assumption should perhaps\nbe incorporated in the main body as it is used in the algorithms presented\nthere.\n\n\n\nTypos\n\nTheorem 1 \"There is an algorithm..., reconstruct\" -> reconstructs\n\nSection 2.3 \"While approximated reconstructions\"  -> approximate\n",
          "summary_of_the_review": "\nThis work presents efficient algorithms for exact reconstruction of shallow\nneural networks (up to 3-layers) using membership queries.  This work gives the\nfirst polynomial time algorithm for reconstructing 3-layer networks and in this\nsense, I believe it is a good first step toward deeper models.  Although I am not\nconvinced that exact reconstruction is the right direction (especially for\ndeeper models), I think the results of this work are above the threshold\nfor ICLR and I am leaning toward acceptance.\n",
          "correctness": "4: All of the claims and statements are well-supported and correct.",
          "technical_novelty_and_significance": "3: The contributions are significant and somewhat new. Aspects of the contributions exist in prior work.",
          "empirical_novelty_and_significance": "Not applicable",
          "flag_for_ethics_review": [
            "NO."
          ],
          "recommendation": "6: marginally above the acceptance threshold"
        },
        "signatures": [
          "ICLR.cc/2023/Conference/Paper1792/Reviewer_vJNj"
        ],
        "readers": [
          "everyone"
        ],
        "nonreaders": [],
        "writers": [
          "ICLR.cc/2023/Conference",
          "ICLR.cc/2023/Conference/Paper1792/Reviewer_vJNj"
        ]
      },
      {
        "id": "4lS5ExhvIcd",
        "original": null,
        "number": 3,
        "cdate": 1666832755449,
        "mdate": null,
        "ddate": null,
        "tcdate": 1666832755449,
        "tmdate": 1666832755449,
        "tddate": null,
        "forum": "-CoNloheTs",
        "replyto": "-CoNloheTs",
        "invitation": "ICLR.cc/2023/Conference/Paper1792/-/Official_Review",
        "content": {
          "confidence": "2: You are willing to defend your assessment, but it is quite likely that you did not understand the central parts of the submission or that you are unfamiliar with some pieces of related work. Math/other details were not carefully checked.",
          "summary_of_the_paper": "This paper considers the problem of reconstructing a small-depth ReLU network with queries. They give results for depth 2 and depth 3 networks under some general position assumptions (and additional assumptions for depth 3). They solve the exact reconstruction problem where the goal is to reconstruct the parameters of the original network.\n\n ",
          "strength_and_weaknesses": "The problem they solve is arguably rather far from the motivating context of reconstructing networks via attacks for at least a couple of reasons:\n- The bound on the depth.\n- The general position assumption. \nIt is for instance natural to have many nodes that apply some threshold to say $\\sum x_i$. This would not be covered by their result. \n\nAlso it seems that the general position assumptions are necessitated by formulating the problem as an exact recovery problem as oppose dot functional recovery. The authors claim that exact recovery is essential for the motivating task of model extraction. I am not sure if I agree. If one can reconstruct a network that is equivalent to a large DNN by observing its behavior, why does it matter that the architecture is different?\n\nIt is a little unclear what the ultimate goal here would be. It is not clear if reconstruction algorithms for larger constant depths will shed light on the problem of how to reconstruct a real world neural net. Also, if the goal is to protect the IP of whoever designs the  neural net, perhaps negative results saying certain architectures are hard to reconstruct are more relevant?\n\nOn the other hand, their results are technically quite interesting and non-trivial, and are likely to generate followup work. I would not be opposed to accepting it for this reason, even if I am myself not very excited by the problem.",
          "clarity,_quality,_novelty_and_reproducibility": "good",
          "summary_of_the_review": "The paper is strong in terms of the technical results it proves. The motivation is a little weak. I lean towards reject, but would not object to accepting it if the paper has an enthusiastic backer. ",
          "correctness": "4: All of the claims and statements are well-supported and correct.",
          "technical_novelty_and_significance": "3: The contributions are significant and somewhat new. Aspects of the contributions exist in prior work.",
          "empirical_novelty_and_significance": "Not applicable",
          "flag_for_ethics_review": [
            "NO."
          ],
          "recommendation": "5: marginally below the acceptance threshold"
        },
        "signatures": [
          "ICLR.cc/2023/Conference/Paper1792/Reviewer_3xMF"
        ],
        "readers": [
          "everyone"
        ],
        "nonreaders": [],
        "writers": [
          "ICLR.cc/2023/Conference",
          "ICLR.cc/2023/Conference/Paper1792/Reviewer_3xMF"
        ]
      },
      {
        "id": "95cFAPnpI-",
        "original": null,
        "number": 1,
        "cdate": 1674241805230,
        "pdate": null,
        "mdate": null,
        "ddate": null,
        "tcdate": 1674241805230,
        "tmdate": 1674241805230,
        "tddate": null,
        "forum": "-CoNloheTs",
        "replyto": "-CoNloheTs",
        "invitation": "ICLR.cc/2023/Conference/Paper1792/-/Decision",
        "content": {
          "title": "Paper Decision",
          "decision": "Accept: poster",
          "metareview:_summary,_strengths_and_weaknesses": "This paper gives the first polynomial-time algorithm that learns 3-layer neural networks with membership queries. Prior work could only handle depth-2 networks or imposed an extremely strong condition on the weights. While the current paper also makes some non-trivial assumptions (general position), these assumptions are significantly milder compared to prior work. Moreover, the algorithm has some nice ideas that may be useful in practice. Overall, it appears that the paper is somewhat above the acceptance threshold.",
          "justification_for_why_not_higher_score": "The scores do not justify a higher score. While the contribution is solid, some of the assumptions imposed might not be necessary.",
          "justification_for_why_not_lower_score": "Based on the reviews and my own reading, the proposed algorithm has nice ideas that may be useful in related context and in practice.",
          "note_from_PC": "if the above contains the word \"oral\" or \"spotlight\" please see: \"oral\" presentation means -> notable-top-5% and \"spotlight\" means -> notable-top-25%. As stated in our emails, we are disassociating presentation type from AC recommendations"
        },
        "signatures": [
          "ICLR.cc/2023/Conference/Program_Chairs"
        ],
        "readers": [
          "everyone"
        ],
        "nonreaders": [],
        "writers": [
          "ICLR.cc/2023/Conference/Program_Chairs"
        ]
      }
    ],
    "directReplies": [
      {
        "id": "SK6K7elfLq",
        "original": null,
        "number": 1,
        "cdate": 1666504119679,
        "mdate": null,
        "ddate": null,
        "tcdate": 1666504119679,
        "tmdate": 1666504119679,
        "tddate": null,
        "forum": "-CoNloheTs",
        "replyto": "-CoNloheTs",
        "invitation": "ICLR.cc/2023/Conference/Paper1792/-/Official_Review",
        "content": {
          "confidence": "3: You are fairly confident in your assessment. It is possible that you did not understand some parts of the submission or that you are unfamiliar with some pieces of related work. Math/other details were not carefully checked.",
          "summary_of_the_paper": "This paper considers the problem of learning a ReLU network from queries, which was recently remotivated by model extraction attacks. Assuming $\\delta$-regular networks, the authors present a polynomial-time algorithm that can learn a depth-two ReLU network from queries and a polynomial-time algorithm that, with some additional assumptions, can learn a rich class of depth-three ReLU networks from queries. \n",
          "strength_and_weaknesses": "Strength\n\n- The authors provide a polynomial-time query complexity algorithm for exact recovery of a two-layer neural networks with some general position assumptions.\n- Additionally, an algorithm that can identify whether a neuron belongs to the first or the second layer is provided that is used in designing an algorithm for the recovery of a three-layer ReLU activated neural networks.\n- The paper is well-written and organized in general and clearly conveys the main concepts and ideas for the recovery algorithms.\n\nWeakness\n\n- The proposed algorithms assume $\\delta$-regular networks, satisfying 7 conditions from Definition 1, which are purely characteristics of the network itself, independent from either training dataset or learning algorithm. What is missing here is whether neural networks trained with gradient descent from random initialization can indeed be $\\delta$-regular networks with high probability in practice. After training a simple 2 or 3 layer ReLU activated neural networks with some public datasets, can the authors indeed find that the conditions are well satisfied without the artificial weight perturbations?\n- The authors provide a key concept in generalizing the recovery algorithm from 2-layer to 3-layer neural networks by identifying whether a neuron belongs to the first or the second layer. What is the main technical hurdle in extending the similar idea to networks with more depth? This discussion point is missing.\n- Even though this work has value in theory as the authors argued, I think the algorithm should work in practice in recovering simple 2 or 3 layer neural networks. But, no experiment is provided by the author to judge the practical value of the proposed algorithms. Is there any reason one cannot actually use the proposed algorithm in real neural networks? Is it due to the strict assumptions imposed on the neural networks or the computational complexity?\n",
          "clarity,_quality,_novelty_and_reproducibility": "This paper is clearly written and well-organized. The assumptions and the idea of the algorithms/proofs are clearly addressed throughout the paper. \n",
          "summary_of_the_review": "This paper provides insightful results on designing algorithms for recovery of 2 or 3 layer neural networks, generalizing the previous results on this line of works. However, there are many assumptions, e.g. $\\delta$-regular networks, imposed on the networks to guarantee the success of the proposed algorithms. Experiments or validation of the assumptions on practical neural networks are missing, which makes it hard to judge the practical value of the proposed algorithms. \n",
          "correctness": "3: Some of the paper’s claims have minor issues. A few statements are not well-supported, or require small changes to be made correct.",
          "technical_novelty_and_significance": "3: The contributions are significant and somewhat new. Aspects of the contributions exist in prior work.",
          "empirical_novelty_and_significance": "Not applicable",
          "flag_for_ethics_review": [
            "NO."
          ],
          "recommendation": "6: marginally above the acceptance threshold"
        },
        "signatures": [
          "ICLR.cc/2023/Conference/Paper1792/Reviewer_qJaS"
        ],
        "readers": [
          "everyone"
        ],
        "nonreaders": [],
        "writers": [
          "ICLR.cc/2023/Conference",
          "ICLR.cc/2023/Conference/Paper1792/Reviewer_qJaS"
        ]
      },
      {
        "id": "3iadK5vYNy",
        "original": null,
        "number": 2,
        "cdate": 1666708117460,
        "mdate": null,
        "ddate": null,
        "tcdate": 1666708117460,
        "tmdate": 1666708117460,
        "tddate": null,
        "forum": "-CoNloheTs",
        "replyto": "-CoNloheTs",
        "invitation": "ICLR.cc/2023/Conference/Paper1792/-/Official_Review",
        "content": {
          "confidence": "4: You are confident in your assessment, but not absolutely certain. It is unlikely, but not impossible, that you did not understand some parts of the submission or that you are unfamiliar with some pieces of related work.",
          "summary_of_the_paper": "\nThis work considers the problem of exactly recovering ReLU networks using\nmembership queries, i.e., by having access to the exact output of the network\nfor any chosen input.  They give algorithms that can reconstruct 2 and 3 layer\nReLU networks in polynomial time under some assumptions on the weights of the\nnetworks.\n\nIn particular, for 2-layer networks, this work shows that it is possible to\nlearn a network that is equivalent to the target network (in the sense that\nthe paper).  For 3-layer networks, they require additionally that the width of\nthe first layer is larger than the dimension of the input and that the top layer\nhas non-vanishing derivatives.  This work gives the first poly-time algorithm\nthe paper). \n\n",
          "strength_and_weaknesses": "Strengths\n\n1. The paper gives the first polynomial-time algorithm for reconstructing\n3-layer networks using membership queries.  The main challenge in\nreconstructing 3-layer networks is identifying whether a critical hyperplane\ncomes from the first or second hidden layer (Algorithm 7).  The authors then\nreduce this to reconstructing 2-layer networks.\n\nWeaknesses\n\n1. The reconstruction results require many assumptions (as the authors also\nadmit) (see Definition 1 of regular networks).  Fortunately, the authors show\nthat a (much easier to parse) sufficient condition is that the weights of the\nnetwork are perturbed by adding small uniform noise.  Still, it seems that at\nleast some of the assumptions are not necessary (even for exact recovery) and\nare tailored to make the analysis easier. \n\n2. I am not convinced that asking for exact network recovery is the ``right''\ngoal as it inherently leads to unnatural and perhaps impractical (especially\nfor deeper networks)  assumptions, e.g., having the exact output of the model\nwith zero error tolerance.\n\n",
          "clarity,_quality,_novelty_and_reproducibility": "The paper is overall rather well-written and contains novel ideas (especially\nfor reconstructing 3-layer networks.  The regularity assumption should perhaps\nbe incorporated in the main body as it is used in the algorithms presented\nthere.\n\n\n\nTypos\n\nTheorem 1 \"There is an algorithm..., reconstruct\" -> reconstructs\n\nSection 2.3 \"While approximated reconstructions\"  -> approximate\n",
          "summary_of_the_review": "\nThis work presents efficient algorithms for exact reconstruction of shallow\nneural networks (up to 3-layers) using membership queries.  This work gives the\nfirst polynomial time algorithm for reconstructing 3-layer networks and in this\nsense, I believe it is a good first step toward deeper models.  Although I am not\nconvinced that exact reconstruction is the right direction (especially for\ndeeper models), I think the results of this work are above the threshold\nfor ICLR and I am leaning toward acceptance.\n",
          "correctness": "4: All of the claims and statements are well-supported and correct.",
          "technical_novelty_and_significance": "3: The contributions are significant and somewhat new. Aspects of the contributions exist in prior work.",
          "empirical_novelty_and_significance": "Not applicable",
          "flag_for_ethics_review": [
            "NO."
          ],
          "recommendation": "6: marginally above the acceptance threshold"
        },
        "signatures": [
          "ICLR.cc/2023/Conference/Paper1792/Reviewer_vJNj"
        ],
        "readers": [
          "everyone"
        ],
        "nonreaders": [],
        "writers": [
          "ICLR.cc/2023/Conference",
          "ICLR.cc/2023/Conference/Paper1792/Reviewer_vJNj"
        ]
      },
      {
        "id": "4lS5ExhvIcd",
        "original": null,
        "number": 3,
        "cdate": 1666832755449,
        "mdate": null,
        "ddate": null,
        "tcdate": 1666832755449,
        "tmdate": 1666832755449,
        "tddate": null,
        "forum": "-CoNloheTs",
        "replyto": "-CoNloheTs",
        "invitation": "ICLR.cc/2023/Conference/Paper1792/-/Official_Review",
        "content": {
          "confidence": "2: You are willing to defend your assessment, but it is quite likely that you did not understand the central parts of the submission or that you are unfamiliar with some pieces of related work. Math/other details were not carefully checked.",
          "summary_of_the_paper": "This paper considers the problem of reconstructing a small-depth ReLU network with queries. They give results for depth 2 and depth 3 networks under some general position assumptions (and additional assumptions for depth 3). They solve the exact reconstruction problem where the goal is to reconstruct the parameters of the original network.\n\n ",
          "strength_and_weaknesses": "The problem they solve is arguably rather far from the motivating context of reconstructing networks via attacks for at least a couple of reasons:\n- The bound on the depth.\n- The general position assumption. \nIt is for instance natural to have many nodes that apply some threshold to say $\\sum x_i$. This would not be covered by their result. \n\nAlso it seems that the general position assumptions are necessitated by formulating the problem as an exact recovery problem as oppose dot functional recovery. The authors claim that exact recovery is essential for the motivating task of model extraction. I am not sure if I agree. If one can reconstruct a network that is equivalent to a large DNN by observing its behavior, why does it matter that the architecture is different?\n\nIt is a little unclear what the ultimate goal here would be. It is not clear if reconstruction algorithms for larger constant depths will shed light on the problem of how to reconstruct a real world neural net. Also, if the goal is to protect the IP of whoever designs the  neural net, perhaps negative results saying certain architectures are hard to reconstruct are more relevant?\n\nOn the other hand, their results are technically quite interesting and non-trivial, and are likely to generate followup work. I would not be opposed to accepting it for this reason, even if I am myself not very excited by the problem.",
          "clarity,_quality,_novelty_and_reproducibility": "good",
          "summary_of_the_review": "The paper is strong in terms of the technical results it proves. The motivation is a little weak. I lean towards reject, but would not object to accepting it if the paper has an enthusiastic backer. ",
          "correctness": "4: All of the claims and statements are well-supported and correct.",
          "technical_novelty_and_significance": "3: The contributions are significant and somewhat new. Aspects of the contributions exist in prior work.",
          "empirical_novelty_and_significance": "Not applicable",
          "flag_for_ethics_review": [
            "NO."
          ],
          "recommendation": "5: marginally below the acceptance threshold"
        },
        "signatures": [
          "ICLR.cc/2023/Conference/Paper1792/Reviewer_3xMF"
        ],
        "readers": [
          "everyone"
        ],
        "nonreaders": [],
        "writers": [
          "ICLR.cc/2023/Conference",
          "ICLR.cc/2023/Conference/Paper1792/Reviewer_3xMF"
        ]
      },
      {
        "id": "95cFAPnpI-",
        "original": null,
        "number": 1,
        "cdate": 1674241805230,
        "pdate": null,
        "mdate": null,
        "ddate": null,
        "tcdate": 1674241805230,
        "tmdate": 1674241805230,
        "tddate": null,
        "forum": "-CoNloheTs",
        "replyto": "-CoNloheTs",
        "invitation": "ICLR.cc/2023/Conference/Paper1792/-/Decision",
        "content": {
          "title": "Paper Decision",
          "decision": "Accept: poster",
          "metareview:_summary,_strengths_and_weaknesses": "This paper gives the first polynomial-time algorithm that learns 3-layer neural networks with membership queries. Prior work could only handle depth-2 networks or imposed an extremely strong condition on the weights. While the current paper also makes some non-trivial assumptions (general position), these assumptions are significantly milder compared to prior work. Moreover, the algorithm has some nice ideas that may be useful in practice. Overall, it appears that the paper is somewhat above the acceptance threshold.",
          "justification_for_why_not_higher_score": "The scores do not justify a higher score. While the contribution is solid, some of the assumptions imposed might not be necessary.",
          "justification_for_why_not_lower_score": "Based on the reviews and my own reading, the proposed algorithm has nice ideas that may be useful in related context and in practice.",
          "note_from_PC": "if the above contains the word \"oral\" or \"spotlight\" please see: \"oral\" presentation means -> notable-top-5% and \"spotlight\" means -> notable-top-25%. As stated in our emails, we are disassociating presentation type from AC recommendations"
        },
        "signatures": [
          "ICLR.cc/2023/Conference/Program_Chairs"
        ],
        "readers": [
          "everyone"
        ],
        "nonreaders": [],
        "writers": [
          "ICLR.cc/2023/Conference/Program_Chairs"
        ]
      }
    ]
  }
}