{
  "id": "-G1kjTFsSs",
  "original": "ZbBSJfSosbR",
  "number": 3506,
  "cdate": 1663850210108,
  "mdate": null,
  "ddate": null,
  "tcdate": 1663850210108,
  "tmdate": 1677710627944,
  "tddate": null,
  "tauthor": "~Super_User1",
  "forum": "-G1kjTFsSs",
  "replyto": null,
  "invitation": "ICLR.cc/2023/Conference/-/Blind_Submission",
  "content": {
    "title": "Learning Kernelized Contextual Bandits in a Distributed and Asynchronous Environment",
    "authorids": [
      "~Chuanhao_Li1",
      "~Huazheng_Wang1",
      "~Mengdi_Wang1",
      "~Hongning_Wang1"
    ],
    "authors": [
      "Chuanhao Li",
      "Huazheng Wang",
      "Mengdi Wang",
      "Hongning Wang"
    ],
    "keywords": [
      "contextual bandit",
      "kernelized method",
      "asynchronous distributed learning",
      "communication efficiency"
    ],
    "TL;DR": "We propose and analyze a communication efficient asynchronous Kernel UCB algorithm with Nystrom approximation.",
    "abstract": "Despite the recent advances in communication-efficient distributed bandit learning, most existing solutions are restricted to parametric models, e.g., linear bandits and generalized linear bandits (GLB). In comparison, kernel bandits, which search for non-parametric functions in a reproducing kernel Hilbert space (RKHS), offer higher modeling capacity. But the only existing work in distributed kernel bandits adopts a synchronous communication protocol, which greatly limits its practical use (e.g., every synchronization step requires all clients to participate and wait for data exchange).\nIn this paper, in order to improve the robustness against delays and unavailability of clients that are common in practice, we propose the first asynchronous solution based on approximated kernel regression for distributed kernel bandit learning. A set of effective treatments are developed to ensure approximation quality and communication efficiency. Rigorous theoretical analysis about the regret and communication cost is provided; and extensive empirical evaluations demonstrate the effectiveness of our solution.",
    "anonymous_url": "I certify that there is no URL (e.g., github page) that could be used to find authors’ identity.",
    "no_acknowledgement_section": "I certify that there is no acknowledgement section in this submission for double blind review.",
    "code_of_ethics": "I acknowledge that I and all co-authors of this work have read and commit to adhering to the ICLR Code of Ethics",
    "submission_guidelines": "Yes",
    "resubmission": "",
    "student_author": "",
    "Please_choose_the_closest_area_that_your_submission_falls_into": "Theory (eg, control theory, learning theory, algorithmic game theory)",
    "paperhash": "li|learning_kernelized_contextual_bandits_in_a_distributed_and_asynchronous_environment",
    "pdf": "/pdf/7558858d579b52058b99b1fe6ebb3b9143192941.pdf",
    "_bibtex": "@inproceedings{\nli2023learning,\ntitle={Learning Kernelized Contextual Bandits in a Distributed and Asynchronous Environment},\nauthor={Chuanhao Li and Huazheng Wang and Mengdi Wang and Hongning Wang},\nbooktitle={The Eleventh International Conference on Learning Representations },\nyear={2023},\nurl={https://openreview.net/forum?id=-G1kjTFsSs}\n}",
    "venue": "ICLR 2023 poster",
    "venueid": "ICLR.cc/2023/Conference"
  },
  "signatures": [
    "ICLR.cc/2023/Conference"
  ],
  "readers": [
    "everyone"
  ],
  "nonreaders": [],
  "writers": [
    "ICLR.cc/2023/Conference"
  ],
  "pdate": 1675279285213,
  "odate": 1664468100000,
  "details": {
    "overwriting": [],
    "tags": [],
    "writable": false,
    "replyCount": 10,
    "directReplyCount": 6,
    "revisions": true,
    "replies": [
      {
        "id": "jblz9BrR-OJ",
        "original": null,
        "number": 1,
        "cdate": 1666572517484,
        "mdate": null,
        "ddate": null,
        "tcdate": 1666572517484,
        "tmdate": 1666572517484,
        "tddate": null,
        "forum": "-G1kjTFsSs",
        "replyto": "-G1kjTFsSs",
        "invitation": "ICLR.cc/2023/Conference/Paper3506/-/Official_Review",
        "content": {
          "confidence": "2: You are willing to defend your assessment, but it is quite likely that you did not understand the central parts of the submission or that you are unfamiliar with some pieces of related work. Math/other details were not carefully checked.",
          "summary_of_the_paper": "This work focused on kernelized contextual bandits with distributed computation and asynchronous communication. The author proposed the Async-KernelUCB algorithm with $\\tilde O(\\sqrt(T))$ regret and only $O(N^2)$ communication complexity. In addition, both the Synthetic and real-world experiments show that Async-KernelUCB outperforms other algorithms, which supports the efficiency of the Async-KernelUCB algorithm.",
          "strength_and_weaknesses": "Strength:\n\n1. The author provided the first analyses of asynchronous kernelized contextual bandits and proposed a novel algorithm, Async-KernelUCB, with a theoretical guarantee.\n\n2. Both the Synthetic and real-world experiments show that Async-KernelUCB outperforms other algorithms, which supports the efficiency of the Async-KernelUCB algorithm.\n\n3. Compared with previous studies on kernelized contextual bandits, the Async-KernelUCB algorithm further solves the problem of different dictionary copies in an asynchronous environment, providing enough technique novelty.\n\nWeakness:\n\nIn section 3.2, the author mentions that Nystrom approximation can help reduce computation and communication costs. However, it is better if the author directly indicates the computation complexity for equations (1) and (2) to show how Nystrom approximation improves efficiency.",
          "clarity,_quality,_novelty_and_reproducibility": "This paper is well-written and easy to follow.",
          "summary_of_the_review": "In summary, this paper provided the first analyses of asynchronous kernelized contextual bandits and proposed a novel algorithm, Async-KernelUCB with a theoretical guarantee, which makes a solid contribution to asynchronous kernelized contextual bandits. Unfortunately, due to the time limitation, I do not have enough time to check the proof in the appendix. Thus I choose a low confidence level.",
          "correctness": "3: Some of the paper’s claims have minor issues. A few statements are not well-supported, or require small changes to be made correct.",
          "technical_novelty_and_significance": "3: The contributions are significant and somewhat new. Aspects of the contributions exist in prior work.",
          "empirical_novelty_and_significance": "3: The contributions are significant and somewhat new. Aspects of the contributions exist in prior work.",
          "flag_for_ethics_review": [
            "NO."
          ],
          "details_of_ethics_concerns": "N/A",
          "recommendation": "8: accept, good paper"
        },
        "signatures": [
          "ICLR.cc/2023/Conference/Paper3506/Reviewer_fUPj"
        ],
        "readers": [
          "everyone"
        ],
        "nonreaders": [],
        "writers": [
          "ICLR.cc/2023/Conference",
          "ICLR.cc/2023/Conference/Paper3506/Reviewer_fUPj"
        ]
      },
      {
        "id": "j-EN46t90h",
        "original": null,
        "number": 2,
        "cdate": 1666590916168,
        "mdate": null,
        "ddate": null,
        "tcdate": 1666590916168,
        "tmdate": 1668761837568,
        "tddate": null,
        "forum": "-G1kjTFsSs",
        "replyto": "-G1kjTFsSs",
        "invitation": "ICLR.cc/2023/Conference/Paper3506/-/Official_Review",
        "content": {
          "confidence": "3: You are fairly confident in your assessment. It is possible that you did not understand some parts of the submission or that you are unfamiliar with some pieces of related work. Math/other details were not carefully checked.",
          "summary_of_the_paper": "This work is the first to learn kernelized contextual bandits in a distributed and asynchronous environment, which stems from the fact that it is hard to get feedback from all clients at the same time. It applies the idea of Nystrom approximation to help reduce communication cost.",
          "strength_and_weaknesses": "Strength:\n1. The work is well-organized and generally easy to follow. The motivation is clear.\n1. One key among the algorithm design is that the communication threshold ensures that little rewards are not involved in the calculation and the communication cost is saved.\n1. In Section 4.3, the author(s) clarifies that the key challenge --- to achieve low regret and low communication cost --- is overcome with a dictionary.\n1. Experiment results look reasonable.\n\nWeaknesses:\n1. Is there a matching lower bound?",
          "clarity,_quality,_novelty_and_reproducibility": "The paper is generally clear and there is some novelty.",
          "summary_of_the_review": "This work focuses on the asynchronous setting. It claims to be the first to study this setting and provides both theoretical and numerical findings. However, except for the upper bound, it would be nice to provide a matching lower bound to convince the efficacy of the proposed Async-KernelUCB algorithm.\n\n\n=============\n\nAfter rebuttal:\nThanks for authors’ response. I would like to keep the score.",
          "correctness": "3: Some of the paper’s claims have minor issues. A few statements are not well-supported, or require small changes to be made correct.",
          "technical_novelty_and_significance": "3: The contributions are significant and somewhat new. Aspects of the contributions exist in prior work.",
          "empirical_novelty_and_significance": "3: The contributions are significant and somewhat new. Aspects of the contributions exist in prior work.",
          "flag_for_ethics_review": [
            "NO."
          ],
          "recommendation": "6: marginally above the acceptance threshold"
        },
        "signatures": [
          "ICLR.cc/2023/Conference/Paper3506/Reviewer_iavx"
        ],
        "readers": [
          "everyone"
        ],
        "nonreaders": [],
        "writers": [
          "ICLR.cc/2023/Conference",
          "ICLR.cc/2023/Conference/Paper3506/Reviewer_iavx"
        ]
      },
      {
        "id": "Mi_LutZ0up",
        "original": null,
        "number": 3,
        "cdate": 1666664787421,
        "mdate": null,
        "ddate": null,
        "tcdate": 1666664787421,
        "tmdate": 1671034762173,
        "tddate": null,
        "forum": "-G1kjTFsSs",
        "replyto": "-G1kjTFsSs",
        "invitation": "ICLR.cc/2023/Conference/Paper3506/-/Official_Review",
        "content": {
          "confidence": "3: You are fairly confident in your assessment. It is possible that you did not understand some parts of the submission or that you are unfamiliar with some pieces of related work. Math/other details were not carefully checked.",
          "summary_of_the_paper": "The paper proposes a new setting of distributed kerneled contextual bandits: an asynchronous environment. For this setting, they propose an algorithm and show both theoretical and practical results. For the empirical results, they show the results on both synthetic and real-world data.",
          "strength_and_weaknesses": "The paper presents a new setting and propose an algorithm that achieves near-optimal regret. Their empirical results are thorough and they have both synthetic data and real-world data.\n\nMy main weaknesses are:\n1) If there is a new setting that is presenting, it needs to be backed up by stronger motivation as to where such a problem would occur\n2) The algorithm contribution itself seems like a small improvement on current work when taking 1 into consideration",
          "clarity,_quality,_novelty_and_reproducibility": "The paper is clearly written. My issue is with novelty as I'm not convinced that this presents a big enough improvement given the lack of motivation for the setting. Due to lack of time, I have not checked for reproducibility.",
          "summary_of_the_review": "This paper that proposes a new setting and an algorithm to achieve near-optimal performance. The empirical results are well laid out. The main issues is with novelty and motivation for the asynchronous setting.",
          "correctness": "4: All of the claims and statements are well-supported and correct.",
          "technical_novelty_and_significance": "2: The contributions are only marginally significant or novel.",
          "empirical_novelty_and_significance": "3: The contributions are significant and somewhat new. Aspects of the contributions exist in prior work.",
          "flag_for_ethics_review": [
            "NO."
          ],
          "recommendation": "6: marginally above the acceptance threshold"
        },
        "signatures": [
          "ICLR.cc/2023/Conference/Paper3506/Reviewer_6Kat"
        ],
        "readers": [
          "everyone"
        ],
        "nonreaders": [],
        "writers": [
          "ICLR.cc/2023/Conference",
          "ICLR.cc/2023/Conference/Paper3506/Reviewer_6Kat"
        ]
      },
      {
        "id": "jvlQkBhYmG",
        "original": null,
        "number": 4,
        "cdate": 1667170808591,
        "mdate": null,
        "ddate": null,
        "tcdate": 1667170808591,
        "tmdate": 1667170808591,
        "tddate": null,
        "forum": "-G1kjTFsSs",
        "replyto": "-G1kjTFsSs",
        "invitation": "ICLR.cc/2023/Conference/Paper3506/-/Official_Review",
        "content": {
          "confidence": "3: You are fairly confident in your assessment. It is possible that you did not understand some parts of the submission or that you are unfamiliar with some pieces of related work. Math/other details were not carefully checked.",
          "summary_of_the_paper": "This work studies distributed kernelized contextual bandits problem, where the reward function lies in a reproducing kernel Hilbert space. New asynchronous approach that does not require all clients to participate and wait for data exchange was proposed by the author(s). The suggested approach is shown to have near-optimal regret and sub-linear communication cost.",
          "strength_and_weaknesses": "Strength\n* The newly proposed algorithm is asynchronous, allowing for larger practical applications since it does not require all clients to participate and wait for data transmission.\n* The proposed algorithm is validated using both synthetic and real-world data.\n\nWeaknesses\n* Despite the author(s)' comprehensive trials demonstrating the newly proposed algorithm's superior communication cost compared to the synchrous one in Li et al. (2022), both of them have the same upper bound on regret and communication cost.\n* The algorithms are only tested in three trials, and no variance information is given.",
          "clarity,_quality,_novelty_and_reproducibility": "The claims in the paper are presented clearly, and the writing is good. The proposed algorithm seems novel due to its asynchronous feature. It is difficult to assess its superiority in theory, nevertheless, because the accepted upper bound on communication cost is still the same as the one from Li et al. (2022). Additionally, it could be better if the authors ran the tests over a larger number of trials and provided the variance.",
          "summary_of_the_review": "A new asynchronous approach for the distributed kernelized contextual bandits problem is proposed in this paper, which seems novel. Although it allows for more widespread application, the underlying premise is the same. Above all, I recommend weak accept.",
          "correctness": "4: All of the claims and statements are well-supported and correct.",
          "technical_novelty_and_significance": "3: The contributions are significant and somewhat new. Aspects of the contributions exist in prior work.",
          "empirical_novelty_and_significance": "4: The contributions are significant, and do not exist in prior works.",
          "flag_for_ethics_review": [
            "NO."
          ],
          "details_of_ethics_concerns": "I do not have any concerns.",
          "recommendation": "6: marginally above the acceptance threshold"
        },
        "signatures": [
          "ICLR.cc/2023/Conference/Paper3506/Reviewer_yaEL"
        ],
        "readers": [
          "everyone"
        ],
        "nonreaders": [],
        "writers": [
          "ICLR.cc/2023/Conference",
          "ICLR.cc/2023/Conference/Paper3506/Reviewer_yaEL"
        ]
      },
      {
        "id": "aA-03obe1J",
        "original": null,
        "number": 1,
        "cdate": 1668270516883,
        "mdate": 1668270516883,
        "ddate": null,
        "tcdate": 1668270516883,
        "tmdate": 1668270516883,
        "tddate": null,
        "forum": "-G1kjTFsSs",
        "replyto": "jvlQkBhYmG",
        "invitation": "ICLR.cc/2023/Conference/Paper3506/-/Official_Comment",
        "content": {
          "title": "Response to Reviewer yaEL",
          "comment": "**[Q1]** “Despite the author(s)' comprehensive trials demonstrating the newly proposed algorithm's superior communication cost compared to the synchronous one in Li et al. (2022), both of them have the same upper bound on regret and communication cost.”\n\n**[R1]** As mentioned in Section 1, the main contribution of our work is to develop the first asynchronous algorithm for the distributed kernelized bandit problems. Compared with the synchronous algorithm by Li et al. (2022), our improvement focuses on the practical aspect, i.e., asynchronous algorithms are more robust to stragglers and communication delays, and thus preferred in distributed bandit problems (Li and Wang, 2022, He et al., 2022), and distributed/federated optimization in general [A1, A2, A3, A4, A5]. \n\nIndeed, our proposed algorithm still has the same theoretical guarantee on regret and communication cost as its synchronous counterpart (Li et al., 2022). But we should emphasize that being able to recover the same theoretical guarantee as the synchronous solution is already non-trivial, due to the more stringent constraint on communication in the asynchronous setting. For example, for distributed linear bandits, the existing asynchronous solutions (Li and Wang, 2022, He et al., 2022) incur $O(\\sqrt{N})$ more communication cost compared with their synchronous counterpart (Wang et al. 2019), in order to attain the optimal regret.\n\n**References**  \n[A1] Xie, C., Koyejo, S. and Gupta, I., 2019. Asynchronous federated optimization. arXiv preprint arXiv:1903.03934.  \n[A2] Lian, X., Zhang, W., Zhang, C. and Liu, J., 2018, July. Asynchronous decentralized parallel stochastic gradient descent. In International Conference on Machine Learning (pp. 3043-3052). PMLR.  \n[A3] Chen, Y., Ning, Y., Slawski, M. and Rangwala, H., 2020, December. Asynchronous online federated learning for edge devices with non-iid data. In 2020 IEEE International Conference on Big Data (Big Data) (pp. 15-24). IEEE.  \n[A4] Lim, W.Y.B., Luong, N.C., Hoang, D.T., Jiao, Y., Liang, Y.C., Yang, Q., Niyato, D. and Miao, C., 2020. Federated learning in mobile edge networks: A comprehensive survey. IEEE Communications Surveys & Tutorials, 22(3), pp.2031-2063.  \n[A5] Low, Y., Gonzalez, J., Kyrola, A., Bickson, D., Guestrin, C. and Hellerstein, J.M., 2012. Distributed GraphLab: A Framework for Machine Learning and Data Mining in the Cloud. Proceedings of the VLDB Endowment, 5(8).\n\n**[Q2]** “The algorithms are only tested in three trials, and no variance information is given.”\n\n**[R2]** We have conducted additional experiments as suggested by the reviewer, and reported both mean and standard deviation of the results (over 10 trials) in the updated Figure 2 of the revised paper.\nWith the newly added variance information, we observe that the regret of distributed linear bandit algorithms, DisLinUCB and FedLinUCB, have much larger variances (illustrated as shaded area in the updated Figure 2) across trials on most datasets. Again, this suggests linear models fail to capture the complicated reward mappings on these datasets, i.e., they tend to commit to pulling a particular arm early on, and therefore fail to identify the optimal policy.\n"
        },
        "signatures": [
          "ICLR.cc/2023/Conference/Paper3506/Authors"
        ],
        "readers": [
          "everyone"
        ],
        "nonreaders": [],
        "writers": [
          "ICLR.cc/2023/Conference",
          "ICLR.cc/2023/Conference/Paper3506/Authors"
        ]
      },
      {
        "id": "3EDIqFn8IH",
        "original": null,
        "number": 2,
        "cdate": 1668270725297,
        "mdate": 1668270725297,
        "ddate": null,
        "tcdate": 1668270725297,
        "tmdate": 1668270725297,
        "tddate": null,
        "forum": "-G1kjTFsSs",
        "replyto": "Mi_LutZ0up",
        "invitation": "ICLR.cc/2023/Conference/Paper3506/-/Official_Comment",
        "content": {
          "title": "Response to Reviewer 6Kat",
          "comment": "**[Q1]** “If there is a new setting that is presenting, it needs to be backed up by stronger motivation as to where such a problem would occur”\n\n**[R1]** We have added more discussions in Section 1 of our revised paper to better motivate the necessity of asynchronous communication as suggested by the reviewer. And here we would like to briefly summarize the newly added discussions.\n\nWe would like to highlight that it has been widely recognized in existing literature in distributed/federated optimization [A1, A2, A3, A4, A5] and distributed bandit learning (Li and Wang, 2022, He et al., 2022) that, asynchronous approaches are more robust, when there are stragglers (i.e., slower workers) in the system. Due to device heterogeneity and network unreliability, this is often the case especially at the scale of hundreds or thousands of clients/devices. Take the synchronous solution for distributed kernelized bandit by Li et al. (2022) as an example. During each synchronization, the server needs to wait and collect the local dictionary and the embedded statistics from all the clients, and then send the aggregated update back. This approach is very sensitive to stragglers, as the whole update procedure is paused until the slowest client responds. In comparison, the asynchronous algorithm proposed in our paper is much more robust in this situation, as the server can readily perform model updates when the communication from a client is received, with no need to wait for other clients.\n\n**References**  \n[A1] Xie, C., Koyejo, S. and Gupta, I., 2019. Asynchronous federated optimization. arXiv preprint arXiv:1903.03934.  \n[A2] Lian, X., Zhang, W., Zhang, C. and Liu, J., 2018, July. Asynchronous decentralized parallel stochastic gradient descent. In International Conference on Machine Learning (pp. 3043-3052). PMLR.  \n[A3] Chen, Y., Ning, Y., Slawski, M. and Rangwala, H., 2020, December. Asynchronous online federated learning for edge devices with non-iid data. In 2020 IEEE International Conference on Big Data (Big Data) (pp. 15-24). IEEE.  \n[A4] Lim, W.Y.B., Luong, N.C., Hoang, D.T., Jiao, Y., Liang, Y.C., Yang, Q., Niyato, D. and Miao, C., 2020. Federated learning in mobile edge networks: A comprehensive survey. IEEE Communications Surveys & Tutorials, 22(3), pp.2031-2063.  \n[A5] Low, Y., Gonzalez, J., Kyrola, A., Bickson, D., Guestrin, C. and Hellerstein, J.M., 2012. Distributed GraphLab: A Framework for Machine Learning and Data Mining in the Cloud. Proceedings of the VLDB Endowment, 5(8).  \n\n**[Q2]** Improvement and novelty compared with prior work\n\n**[R2]** We want to emphasize that our paper is the first work in distributed bandit learning that enables *asynchronous communication beyond linear models*, i.e., the proposed solution simultaneously enjoys the modeling capacity of non-parametric models and the improved robustness against delays and unavailability of clients. This makes it suitable for a much wider range of applications, e.g., distributed recommender systems, or distributed Bayesian optimization for cyber-physical systems and automated machine learning, where communication bandwidth is a concern.\n\nAnd as mentioned in Section 1 of our paper, moving from synchronous communication to asynchronous communication causes several new challenges in both algorithmic design and theoretical analysis that cannot be addressed using the techniques of Li et al. (2022), and thus is highly non-trivial. Specifically, Li et al. (2022) required global synchronization because they adopted the standard Ridge leverage score (RLS) sampling procedure to update the dictionary as Calandriello et al. (2019, 2020), which requires sampling from the whole dataset using the same approximated variance function. \n\nTo address this limitation, as illustrated in Figure 1 of our paper, we proposed a new variant of RLS sampling that allows each active client to incrementally update the dictionary and the embedded statistics stored on the server, *with no need to communicate with other clients*, as well as a linear transformation operation to convert the stored statistics received from different clients to a common subspace. To the best of our knowledge, our proposed asynchronous Nystrom approximation method, as well as its analysis (see discussions in Appendix B for details about technical novelties compared with prior works), is novel in bandits and machine learning literature in general, and it is also applicable to problems beyond bandit learning, e.g., distributed kernel online convex optimization."
        },
        "signatures": [
          "ICLR.cc/2023/Conference/Paper3506/Authors"
        ],
        "readers": [
          "everyone"
        ],
        "nonreaders": [],
        "writers": [
          "ICLR.cc/2023/Conference",
          "ICLR.cc/2023/Conference/Paper3506/Authors"
        ]
      },
      {
        "id": "Cm2ZMfUTM1j",
        "original": null,
        "number": 3,
        "cdate": 1668270983232,
        "mdate": 1668270983232,
        "ddate": null,
        "tcdate": 1668270983232,
        "tmdate": 1668270983232,
        "tddate": null,
        "forum": "-G1kjTFsSs",
        "replyto": "j-EN46t90h",
        "invitation": "ICLR.cc/2023/Conference/Paper3506/-/Official_Comment",
        "content": {
          "title": "Response to Reviewer iavx",
          "comment": "**[Q1]** “Is there a matching lower bound?”\n\n**[R1]** To facilitate our discussion about the communication lower bound, we should note that, for distributed bandit problems, the communication lower bound is only meaningful under different constraints/requirements on regret. The following two extreme cases of regret are of particular interest to explain the notion: \n*1)* run $N$ instances of an optimal bandit algorithm, e.g., LinUCB for linear bandit and KernelUCB for kernelized bandit, separately on each client with no communication, which leads to $O(\\sqrt{NT})$ regret and $0$ communication cost; \n*2)* run one instance of the optimal bandit algorithm over the data of all $N$ clients, which leads to $O(\\sqrt{T})$ regret and communication cost linear in $T$. \nThe regret upper bound in case 2 is optimal, since it already matches the lower bound for a centralized bandit problem of time horizon $T$. Therefore, the goal of distributed bandit algorithms is to attain the optimal regret of $O(\\sqrt{T})$, while having a communication cost sub-linear in $T$.\n\nThe main contribution of our paper is to develop the first asynchronous algorithm that achieves such a goal for the distributed kernelized bandit problem. The lower bound analysis for the communication cost of federated bandits with respect to a specific regret requirement is highly non-trivial, and still remains an open problem. We leave this as an important future direction of ours.\n\nAs mentioned in our conclusion, to the best of our knowledge, the only communication lower bound result available is for *case 1*. It was originally provided for the context-free setting (Theorem 2 of Wang et al. (2019)), but as shown in recent works, it also applies to the linear setting (Theorem 5.3 of He et al. (2022)), and kernelized setting with Square Exponential kernels (Theorem 19 of Li et al. (2022)). It states that, in order to have smaller regret than $O(\\sqrt{NT})$ in *case 1*, an $\\Omega(N)$ *number of communications* is necessary.\n\nSo far, there is no useful result for *case 2*, i.e., the communication lower bound to obtain $O(\\sqrt{T})$ regret; and none of the existing distributed bandit algorithms can close the gap with the $\\Omega(N)$ lower bound for *case 1*. Specifically, to obtain $O(\\sqrt{T})$ regret, DisLinUCB (Wang et al., 2019) requires $\\tilde{O}(d^{3} N^{1.5})$ communication cost (requires additional assumption that clients appear in a round-robin manner),  AsyncLinUCB (Li and Wang, 2022) and FedLinUCB (He et al., 2022) require $\\tilde{O}(d^{3} N^{2})$ communication cost, and Approx-DisKernelUCB (Li et al., 2022) requires $\\tilde{O}(\\gamma_{T}^{3} N^{2})$, with the latter three having the same scaling in $N$ as our proposed Async-KernelUCB.\n"
        },
        "signatures": [
          "ICLR.cc/2023/Conference/Paper3506/Authors"
        ],
        "readers": [
          "everyone"
        ],
        "nonreaders": [],
        "writers": [
          "ICLR.cc/2023/Conference",
          "ICLR.cc/2023/Conference/Paper3506/Authors"
        ]
      },
      {
        "id": "0xwVTEL9lp",
        "original": null,
        "number": 4,
        "cdate": 1668271484522,
        "mdate": 1668271484522,
        "ddate": null,
        "tcdate": 1668271484522,
        "tmdate": 1668271484522,
        "tddate": null,
        "forum": "-G1kjTFsSs",
        "replyto": "jblz9BrR-OJ",
        "invitation": "ICLR.cc/2023/Conference/Paper3506/-/Official_Comment",
        "content": {
          "title": "Response to Reviewer fUPj",
          "comment": "**[Q1]** “computation complexity for equations (1) and (2) to show how Nystrom approximation improves efficiency”\n\n**[R1]** We have updated the discussions in Section 3.2 to directly indicate the computation complexity as suggested by the reviewer.\n\nSpecifically, the computation of Eq (1) involves a $|\\mathcal{D}|$ dimensional vector $K_{\\mathcal{D}}(x)$ and $|\\mathcal{D}| \\times |\\mathcal{D}|$ matrix $K_{\\mathcal{D}, \\mathcal{D}}$, respectively, where $|\\mathcal{D}|$ scales linearly with respect to time horizon $T$. \nIts computation complexity is $O(T^{3})$, due to taking the inverse of the matrix $K_{\\mathcal{D}, \\mathcal{D}}$. Moreover, raw data points $(x_{s},y_{s})$ for $s \\in \\mathcal{D}$ need to the transferred in order to compute $K_{\\mathcal{D}}(x)$ and $K_{\\mathcal{D}, \\mathcal{D}}$, which leads to total communication cost that is linear in $T$.\n\nTherefore, instead of computing Eq (1), our algorithm computes Eq (2), which is an approximation of Eq (1) using Nystrom method. As mentioned on page 4, to compute Eq (2), the clients only need to transfer the $|\\mathcal{S}|$ dimensional vector $Z_{\\mathcal{D};\\mathcal{S}}^{\\top} y_{\\mathcal{D}}$, and $|\\mathcal{S}| \\times |\\mathcal{S}|$ matrix $Z_{\\mathcal{D};\\mathcal{S}}^{\\top} Z_{\\mathcal{D};\\mathcal{S}}$, where $|\\mathcal{S}|$ scales linearly with respect to the maximum information gain $\\gamma_{T}$ and thus is generally much smaller than $|\\mathcal{D}|$. This only incurs $O(\\gamma_{T}^{2})$ communication cost, which is much smaller than that of Eq (1). Moreover, the computation complexity is also reduced from $O(T^{3})$ to $O(\\gamma_{T}^{3})$.\n"
        },
        "signatures": [
          "ICLR.cc/2023/Conference/Paper3506/Authors"
        ],
        "readers": [
          "everyone"
        ],
        "nonreaders": [],
        "writers": [
          "ICLR.cc/2023/Conference",
          "ICLR.cc/2023/Conference/Paper3506/Authors"
        ]
      },
      {
        "id": "bakct3hWIN",
        "original": null,
        "number": 5,
        "cdate": 1668692934041,
        "mdate": null,
        "ddate": null,
        "tcdate": 1668692934041,
        "tmdate": 1668693148479,
        "tddate": null,
        "forum": "-G1kjTFsSs",
        "replyto": "-G1kjTFsSs",
        "invitation": "ICLR.cc/2023/Conference/Paper3506/-/Official_Comment",
        "content": {
          "title": "Common Response to All Reviewers",
          "comment": "Dear reviewers,\n\nThank you again for your valuable time and thoughtful comments. We have provided detailed responses, and additional experiment results in the revised paper to best answer the questions. As we are approaching the end of the discussion stage, we would like to know if your concerns have been addressed. We are more than happy to further discuss any details that you find not fully addressed. Thank you."
        },
        "signatures": [
          "ICLR.cc/2023/Conference/Paper3506/Authors"
        ],
        "readers": [
          "everyone"
        ],
        "nonreaders": [],
        "writers": [
          "ICLR.cc/2023/Conference",
          "ICLR.cc/2023/Conference/Paper3506/Authors"
        ]
      },
      {
        "id": "hD4WKR7PNvp",
        "original": null,
        "number": 1,
        "cdate": 1674241779921,
        "pdate": null,
        "mdate": null,
        "ddate": null,
        "tcdate": 1674241779921,
        "tmdate": 1674241779921,
        "tddate": null,
        "forum": "-G1kjTFsSs",
        "replyto": "-G1kjTFsSs",
        "invitation": "ICLR.cc/2023/Conference/Paper3506/-/Decision",
        "content": {
          "title": "Paper Decision",
          "decision": "Accept: poster",
          "metareview:_summary,_strengths_and_weaknesses": "The paper studies kernelized distributed contextual bandits in the distributed setting. While earlier work in this topic required synchronization among the agents, here the authors provide a fully asynchronous learning algorithm achieving an optimal regret bound with the same communication complexity as the synchronous algorithm.\n\nThe weakness of the paper lies in the limited interest in the setting (kernelized contextual bandits) and the relatively limited novelty compared to the synchronous case.",
          "justification_for_why_not_higher_score": "Due to the limited interest in the setting as well as the relatively small novelty compared to earlier work.",
          "justification_for_why_not_lower_score": "Solid, publishable work with some novel ideas.",
          "note_from_PC": "if the above contains the word \"oral\" or \"spotlight\" please see: \"oral\" presentation means -> notable-top-5% and \"spotlight\" means -> notable-top-25%. As stated in our emails, we are disassociating presentation type from AC recommendations"
        },
        "signatures": [
          "ICLR.cc/2023/Conference/Program_Chairs"
        ],
        "readers": [
          "everyone"
        ],
        "nonreaders": [],
        "writers": [
          "ICLR.cc/2023/Conference/Program_Chairs"
        ]
      }
    ],
    "directReplies": [
      {
        "id": "jblz9BrR-OJ",
        "original": null,
        "number": 1,
        "cdate": 1666572517484,
        "mdate": null,
        "ddate": null,
        "tcdate": 1666572517484,
        "tmdate": 1666572517484,
        "tddate": null,
        "forum": "-G1kjTFsSs",
        "replyto": "-G1kjTFsSs",
        "invitation": "ICLR.cc/2023/Conference/Paper3506/-/Official_Review",
        "content": {
          "confidence": "2: You are willing to defend your assessment, but it is quite likely that you did not understand the central parts of the submission or that you are unfamiliar with some pieces of related work. Math/other details were not carefully checked.",
          "summary_of_the_paper": "This work focused on kernelized contextual bandits with distributed computation and asynchronous communication. The author proposed the Async-KernelUCB algorithm with $\\tilde O(\\sqrt(T))$ regret and only $O(N^2)$ communication complexity. In addition, both the Synthetic and real-world experiments show that Async-KernelUCB outperforms other algorithms, which supports the efficiency of the Async-KernelUCB algorithm.",
          "strength_and_weaknesses": "Strength:\n\n1. The author provided the first analyses of asynchronous kernelized contextual bandits and proposed a novel algorithm, Async-KernelUCB, with a theoretical guarantee.\n\n2. Both the Synthetic and real-world experiments show that Async-KernelUCB outperforms other algorithms, which supports the efficiency of the Async-KernelUCB algorithm.\n\n3. Compared with previous studies on kernelized contextual bandits, the Async-KernelUCB algorithm further solves the problem of different dictionary copies in an asynchronous environment, providing enough technique novelty.\n\nWeakness:\n\nIn section 3.2, the author mentions that Nystrom approximation can help reduce computation and communication costs. However, it is better if the author directly indicates the computation complexity for equations (1) and (2) to show how Nystrom approximation improves efficiency.",
          "clarity,_quality,_novelty_and_reproducibility": "This paper is well-written and easy to follow.",
          "summary_of_the_review": "In summary, this paper provided the first analyses of asynchronous kernelized contextual bandits and proposed a novel algorithm, Async-KernelUCB with a theoretical guarantee, which makes a solid contribution to asynchronous kernelized contextual bandits. Unfortunately, due to the time limitation, I do not have enough time to check the proof in the appendix. Thus I choose a low confidence level.",
          "correctness": "3: Some of the paper’s claims have minor issues. A few statements are not well-supported, or require small changes to be made correct.",
          "technical_novelty_and_significance": "3: The contributions are significant and somewhat new. Aspects of the contributions exist in prior work.",
          "empirical_novelty_and_significance": "3: The contributions are significant and somewhat new. Aspects of the contributions exist in prior work.",
          "flag_for_ethics_review": [
            "NO."
          ],
          "details_of_ethics_concerns": "N/A",
          "recommendation": "8: accept, good paper"
        },
        "signatures": [
          "ICLR.cc/2023/Conference/Paper3506/Reviewer_fUPj"
        ],
        "readers": [
          "everyone"
        ],
        "nonreaders": [],
        "writers": [
          "ICLR.cc/2023/Conference",
          "ICLR.cc/2023/Conference/Paper3506/Reviewer_fUPj"
        ]
      },
      {
        "id": "j-EN46t90h",
        "original": null,
        "number": 2,
        "cdate": 1666590916168,
        "mdate": null,
        "ddate": null,
        "tcdate": 1666590916168,
        "tmdate": 1668761837568,
        "tddate": null,
        "forum": "-G1kjTFsSs",
        "replyto": "-G1kjTFsSs",
        "invitation": "ICLR.cc/2023/Conference/Paper3506/-/Official_Review",
        "content": {
          "confidence": "3: You are fairly confident in your assessment. It is possible that you did not understand some parts of the submission or that you are unfamiliar with some pieces of related work. Math/other details were not carefully checked.",
          "summary_of_the_paper": "This work is the first to learn kernelized contextual bandits in a distributed and asynchronous environment, which stems from the fact that it is hard to get feedback from all clients at the same time. It applies the idea of Nystrom approximation to help reduce communication cost.",
          "strength_and_weaknesses": "Strength:\n1. The work is well-organized and generally easy to follow. The motivation is clear.\n1. One key among the algorithm design is that the communication threshold ensures that little rewards are not involved in the calculation and the communication cost is saved.\n1. In Section 4.3, the author(s) clarifies that the key challenge --- to achieve low regret and low communication cost --- is overcome with a dictionary.\n1. Experiment results look reasonable.\n\nWeaknesses:\n1. Is there a matching lower bound?",
          "clarity,_quality,_novelty_and_reproducibility": "The paper is generally clear and there is some novelty.",
          "summary_of_the_review": "This work focuses on the asynchronous setting. It claims to be the first to study this setting and provides both theoretical and numerical findings. However, except for the upper bound, it would be nice to provide a matching lower bound to convince the efficacy of the proposed Async-KernelUCB algorithm.\n\n\n=============\n\nAfter rebuttal:\nThanks for authors’ response. I would like to keep the score.",
          "correctness": "3: Some of the paper’s claims have minor issues. A few statements are not well-supported, or require small changes to be made correct.",
          "technical_novelty_and_significance": "3: The contributions are significant and somewhat new. Aspects of the contributions exist in prior work.",
          "empirical_novelty_and_significance": "3: The contributions are significant and somewhat new. Aspects of the contributions exist in prior work.",
          "flag_for_ethics_review": [
            "NO."
          ],
          "recommendation": "6: marginally above the acceptance threshold"
        },
        "signatures": [
          "ICLR.cc/2023/Conference/Paper3506/Reviewer_iavx"
        ],
        "readers": [
          "everyone"
        ],
        "nonreaders": [],
        "writers": [
          "ICLR.cc/2023/Conference",
          "ICLR.cc/2023/Conference/Paper3506/Reviewer_iavx"
        ]
      },
      {
        "id": "Mi_LutZ0up",
        "original": null,
        "number": 3,
        "cdate": 1666664787421,
        "mdate": null,
        "ddate": null,
        "tcdate": 1666664787421,
        "tmdate": 1671034762173,
        "tddate": null,
        "forum": "-G1kjTFsSs",
        "replyto": "-G1kjTFsSs",
        "invitation": "ICLR.cc/2023/Conference/Paper3506/-/Official_Review",
        "content": {
          "confidence": "3: You are fairly confident in your assessment. It is possible that you did not understand some parts of the submission or that you are unfamiliar with some pieces of related work. Math/other details were not carefully checked.",
          "summary_of_the_paper": "The paper proposes a new setting of distributed kerneled contextual bandits: an asynchronous environment. For this setting, they propose an algorithm and show both theoretical and practical results. For the empirical results, they show the results on both synthetic and real-world data.",
          "strength_and_weaknesses": "The paper presents a new setting and propose an algorithm that achieves near-optimal regret. Their empirical results are thorough and they have both synthetic data and real-world data.\n\nMy main weaknesses are:\n1) If there is a new setting that is presenting, it needs to be backed up by stronger motivation as to where such a problem would occur\n2) The algorithm contribution itself seems like a small improvement on current work when taking 1 into consideration",
          "clarity,_quality,_novelty_and_reproducibility": "The paper is clearly written. My issue is with novelty as I'm not convinced that this presents a big enough improvement given the lack of motivation for the setting. Due to lack of time, I have not checked for reproducibility.",
          "summary_of_the_review": "This paper that proposes a new setting and an algorithm to achieve near-optimal performance. The empirical results are well laid out. The main issues is with novelty and motivation for the asynchronous setting.",
          "correctness": "4: All of the claims and statements are well-supported and correct.",
          "technical_novelty_and_significance": "2: The contributions are only marginally significant or novel.",
          "empirical_novelty_and_significance": "3: The contributions are significant and somewhat new. Aspects of the contributions exist in prior work.",
          "flag_for_ethics_review": [
            "NO."
          ],
          "recommendation": "6: marginally above the acceptance threshold"
        },
        "signatures": [
          "ICLR.cc/2023/Conference/Paper3506/Reviewer_6Kat"
        ],
        "readers": [
          "everyone"
        ],
        "nonreaders": [],
        "writers": [
          "ICLR.cc/2023/Conference",
          "ICLR.cc/2023/Conference/Paper3506/Reviewer_6Kat"
        ]
      },
      {
        "id": "jvlQkBhYmG",
        "original": null,
        "number": 4,
        "cdate": 1667170808591,
        "mdate": null,
        "ddate": null,
        "tcdate": 1667170808591,
        "tmdate": 1667170808591,
        "tddate": null,
        "forum": "-G1kjTFsSs",
        "replyto": "-G1kjTFsSs",
        "invitation": "ICLR.cc/2023/Conference/Paper3506/-/Official_Review",
        "content": {
          "confidence": "3: You are fairly confident in your assessment. It is possible that you did not understand some parts of the submission or that you are unfamiliar with some pieces of related work. Math/other details were not carefully checked.",
          "summary_of_the_paper": "This work studies distributed kernelized contextual bandits problem, where the reward function lies in a reproducing kernel Hilbert space. New asynchronous approach that does not require all clients to participate and wait for data exchange was proposed by the author(s). The suggested approach is shown to have near-optimal regret and sub-linear communication cost.",
          "strength_and_weaknesses": "Strength\n* The newly proposed algorithm is asynchronous, allowing for larger practical applications since it does not require all clients to participate and wait for data transmission.\n* The proposed algorithm is validated using both synthetic and real-world data.\n\nWeaknesses\n* Despite the author(s)' comprehensive trials demonstrating the newly proposed algorithm's superior communication cost compared to the synchrous one in Li et al. (2022), both of them have the same upper bound on regret and communication cost.\n* The algorithms are only tested in three trials, and no variance information is given.",
          "clarity,_quality,_novelty_and_reproducibility": "The claims in the paper are presented clearly, and the writing is good. The proposed algorithm seems novel due to its asynchronous feature. It is difficult to assess its superiority in theory, nevertheless, because the accepted upper bound on communication cost is still the same as the one from Li et al. (2022). Additionally, it could be better if the authors ran the tests over a larger number of trials and provided the variance.",
          "summary_of_the_review": "A new asynchronous approach for the distributed kernelized contextual bandits problem is proposed in this paper, which seems novel. Although it allows for more widespread application, the underlying premise is the same. Above all, I recommend weak accept.",
          "correctness": "4: All of the claims and statements are well-supported and correct.",
          "technical_novelty_and_significance": "3: The contributions are significant and somewhat new. Aspects of the contributions exist in prior work.",
          "empirical_novelty_and_significance": "4: The contributions are significant, and do not exist in prior works.",
          "flag_for_ethics_review": [
            "NO."
          ],
          "details_of_ethics_concerns": "I do not have any concerns.",
          "recommendation": "6: marginally above the acceptance threshold"
        },
        "signatures": [
          "ICLR.cc/2023/Conference/Paper3506/Reviewer_yaEL"
        ],
        "readers": [
          "everyone"
        ],
        "nonreaders": [],
        "writers": [
          "ICLR.cc/2023/Conference",
          "ICLR.cc/2023/Conference/Paper3506/Reviewer_yaEL"
        ]
      },
      {
        "id": "bakct3hWIN",
        "original": null,
        "number": 5,
        "cdate": 1668692934041,
        "mdate": null,
        "ddate": null,
        "tcdate": 1668692934041,
        "tmdate": 1668693148479,
        "tddate": null,
        "forum": "-G1kjTFsSs",
        "replyto": "-G1kjTFsSs",
        "invitation": "ICLR.cc/2023/Conference/Paper3506/-/Official_Comment",
        "content": {
          "title": "Common Response to All Reviewers",
          "comment": "Dear reviewers,\n\nThank you again for your valuable time and thoughtful comments. We have provided detailed responses, and additional experiment results in the revised paper to best answer the questions. As we are approaching the end of the discussion stage, we would like to know if your concerns have been addressed. We are more than happy to further discuss any details that you find not fully addressed. Thank you."
        },
        "signatures": [
          "ICLR.cc/2023/Conference/Paper3506/Authors"
        ],
        "readers": [
          "everyone"
        ],
        "nonreaders": [],
        "writers": [
          "ICLR.cc/2023/Conference",
          "ICLR.cc/2023/Conference/Paper3506/Authors"
        ]
      },
      {
        "id": "hD4WKR7PNvp",
        "original": null,
        "number": 1,
        "cdate": 1674241779921,
        "pdate": null,
        "mdate": null,
        "ddate": null,
        "tcdate": 1674241779921,
        "tmdate": 1674241779921,
        "tddate": null,
        "forum": "-G1kjTFsSs",
        "replyto": "-G1kjTFsSs",
        "invitation": "ICLR.cc/2023/Conference/Paper3506/-/Decision",
        "content": {
          "title": "Paper Decision",
          "decision": "Accept: poster",
          "metareview:_summary,_strengths_and_weaknesses": "The paper studies kernelized distributed contextual bandits in the distributed setting. While earlier work in this topic required synchronization among the agents, here the authors provide a fully asynchronous learning algorithm achieving an optimal regret bound with the same communication complexity as the synchronous algorithm.\n\nThe weakness of the paper lies in the limited interest in the setting (kernelized contextual bandits) and the relatively limited novelty compared to the synchronous case.",
          "justification_for_why_not_higher_score": "Due to the limited interest in the setting as well as the relatively small novelty compared to earlier work.",
          "justification_for_why_not_lower_score": "Solid, publishable work with some novel ideas.",
          "note_from_PC": "if the above contains the word \"oral\" or \"spotlight\" please see: \"oral\" presentation means -> notable-top-5% and \"spotlight\" means -> notable-top-25%. As stated in our emails, we are disassociating presentation type from AC recommendations"
        },
        "signatures": [
          "ICLR.cc/2023/Conference/Program_Chairs"
        ],
        "readers": [
          "everyone"
        ],
        "nonreaders": [],
        "writers": [
          "ICLR.cc/2023/Conference/Program_Chairs"
        ]
      }
    ]
  }
}