{
  "id": "2XLRBjY46O6",
  "original": "16euUmGxM97",
  "number": 2694,
  "cdate": 1663850114516,
  "mdate": null,
  "ddate": null,
  "tcdate": 1663850114516,
  "tmdate": 1676330902387,
  "tddate": null,
  "tauthor": "~Super_User1",
  "forum": "2XLRBjY46O6",
  "replyto": null,
  "invitation": "ICLR.cc/2023/Conference/-/Blind_Submission",
  "content": {
    "title": "ViewCo: Discovering Text-Supervised Segmentation Masks via Multi-View Semantic Consistency",
    "authorids": [
      "~Pengzhen_Ren2",
      "~Changlin_Li2",
      "~Hang_Xu1",
      "~Yi_Zhu3",
      "~Guangrun_Wang1",
      "~Jianzhuang_Liu3",
      "~Xiaojun_Chang1",
      "~Xiaodan_Liang2"
    ],
    "authors": [
      "Pengzhen Ren",
      "Changlin Li",
      "Hang Xu",
      "Yi Zhu",
      "Guangrun Wang",
      "Jianzhuang Liu",
      "Xiaojun Chang",
      "Xiaodan Liang"
    ],
    "keywords": [
      "Zero-shot semantic segmentation",
      "Vision-Language Pretraining",
      "Visual Self-Supervision",
      "Consistent Semantics"
    ],
    "TL;DR": "Discovering text-supervised segmentation masks via multi-view semantic consistency",
    "abstract": "Recently, great success has been made in learning visual representations from text supervision, facilitating the emergence of text-supervised semantic segmentation. However, existing works focus on pixel grouping and cross-modal semantic alignment, while ignoring the correspondence among multiple augmented views of the same image. To overcome such limitation, we propose multi-View Consistent learning (ViewCo) for text-supervised semantic segmentation. Specifically, we first propose text-to-views consistency modeling to learn correspondence for multiple views of the same input image. Additionally, we propose cross-view segmentation consistency modeling to address the ambiguity issue of text supervision by contrasting the segment features of Siamese visual encoders.  The text-to-views consistency benefits dense assignment of the visual features by encouraging different crops to align with the same text, while the cross-view segmentation consistency modeling provides additional self-supervision, overcoming the limitation of ambiguous text supervision for segmentation masks. Trained with large-scale image-text data, our model can directly segment objects of arbitrary categories in a zero-shot manner. Extensive experiments show that ViewCo outperforms state-of-the-art methods on average by up to 2.9%, 1.6%, and 2.4% mIoU on PASCAL VOC2012, PASCAL Context, and COCO, respectively.",
    "anonymous_url": "I certify that there is no URL (e.g., github page) that could be used to find authors’ identity.",
    "no_acknowledgement_section": "I certify that there is no acknowledgement section in this submission for double blind review.",
    "code_of_ethics": "I acknowledge that I and all co-authors of this work have read and commit to adhering to the ICLR Code of Ethics",
    "submission_guidelines": "Yes",
    "resubmission": "",
    "student_author": "",
    "Please_choose_the_closest_area_that_your_submission_falls_into": "Unsupervised and Self-supervised learning",
    "paperhash": "ren|viewco_discovering_textsupervised_segmentation_masks_via_multiview_semantic_consistency",
    "pdf": "/pdf/1c4d99da565a5a77b48c93ace235f1f1c7922953.pdf",
    "supplementary_material": "/attachment/f903d42ca97ab3eea0fc6792edf8bfe51447b318.zip",
    "_bibtex": "@inproceedings{\nren2023viewco,\ntitle={ViewCo: Discovering Text-Supervised Segmentation Masks via Multi-View Semantic Consistency},\nauthor={Pengzhen Ren and Changlin Li and Hang Xu and Yi Zhu and Guangrun Wang and Jianzhuang Liu and Xiaojun Chang and Xiaodan Liang},\nbooktitle={The Eleventh International Conference on Learning Representations },\nyear={2023},\nurl={https://openreview.net/forum?id=2XLRBjY46O6}\n}",
    "venue": "ICLR 2023 poster",
    "venueid": "ICLR.cc/2023/Conference"
  },
  "signatures": [
    "ICLR.cc/2023/Conference"
  ],
  "readers": [
    "everyone"
  ],
  "nonreaders": [],
  "writers": [
    "ICLR.cc/2023/Conference"
  ],
  "pdate": 1675279236195,
  "odate": 1664468100000,
  "details": {
    "overwriting": [],
    "tags": [],
    "writable": false,
    "replyCount": 18,
    "directReplyCount": 6,
    "revisions": true,
    "replies": [
      {
        "id": "xteU9GCARjj",
        "original": null,
        "number": 1,
        "cdate": 1666702126299,
        "mdate": null,
        "ddate": null,
        "tcdate": 1666702126299,
        "tmdate": 1666702126299,
        "tddate": null,
        "forum": "2XLRBjY46O6",
        "replyto": "2XLRBjY46O6",
        "invitation": "ICLR.cc/2023/Conference/Paper2694/-/Official_Review",
        "content": {
          "confidence": "3: You are fairly confident in your assessment. It is possible that you did not understand some parts of the submission or that you are unfamiliar with some pieces of related work. Math/other details were not carefully checked.",
          "summary_of_the_paper": "This paper proposes to improve text-supervised segmentation model i.e., GroupVIT by enforcing multi-view semantic consistency. Specifically, a text-to-views consistency module is included to encourage different views to be aligned with the same text input. In addition, there is a cross-view consistency module which enforces features from the different views of the same input image to be closer. The authors conduct extensive experiments on the semantic segmentation benchmarks and show SOTA results.",
          "strength_and_weaknesses": "Strength\n\n-The idea of multi-view consistency is new in visual-language learning. This paper proposes a new method to implement the idea. \n\n-This paper outperforms GroupVIT consistently on multiple benchmarks.  \n\nWeakness\n\n-A potential related work is missing. The DenseCL [A] paper studies multi-view consistency for self-supervised contrastive learning. The author should discuss the difference.\n\n[A] Dense Contrastive Learning for Self-Supervised Visual Pre-Training. Want et al., CVPR'21",
          "clarity,_quality,_novelty_and_reproducibility": "Quality: The paper has a good quality and is evaluated extensively.\n\nClarity: The paper is written well and easy to understand.\n\nOriginality: The proposed method is new.\n",
          "summary_of_the_review": "Overall, I think this is a good paper with sufficient novelty and good results. I would recommend to accept it.",
          "correctness": "4: All of the claims and statements are well-supported and correct.",
          "technical_novelty_and_significance": "4: The contributions are significant, and do not exist in prior works.",
          "empirical_novelty_and_significance": "4: The contributions are significant, and do not exist in prior works.",
          "flag_for_ethics_review": [
            "NO."
          ],
          "recommendation": "8: accept, good paper"
        },
        "signatures": [
          "ICLR.cc/2023/Conference/Paper2694/Reviewer_kMrx"
        ],
        "readers": [
          "everyone"
        ],
        "nonreaders": [],
        "writers": [
          "ICLR.cc/2023/Conference",
          "ICLR.cc/2023/Conference/Paper2694/Reviewer_kMrx"
        ]
      },
      {
        "id": "IA1VYKg434",
        "original": null,
        "number": 2,
        "cdate": 1666772825549,
        "mdate": null,
        "ddate": null,
        "tcdate": 1666772825549,
        "tmdate": 1666772905656,
        "tddate": null,
        "forum": "2XLRBjY46O6",
        "replyto": "2XLRBjY46O6",
        "invitation": "ICLR.cc/2023/Conference/Paper2694/-/Official_Review",
        "content": {
          "confidence": "4: You are confident in your assessment, but not absolutely certain. It is unlikely, but not impossible, that you did not understand some parts of the submission or that you are unfamiliar with some pieces of related work.",
          "summary_of_the_paper": "This paper studies text-supervised semantic segmentation. The authors propose multi-View Consistent learning (ViewCo) to introduce the correspondence among multiple augmented views of the same image. The experimental results on serval datasets demonstrate the effectiveness of the proposed method.",
          "strength_and_weaknesses": "Strength\n+ Compared to the baselines and other methods, the proposed methods could bring some improvements in accuracy.\n+ Some ablation experiments are introduced to prove the effectiveness of the proposed method.\n\nWeaknesses\n-  The definition of positive pairs and negative pairs in the cross-view consistency module is missing.\n",
          "clarity,_quality,_novelty_and_reproducibility": "There are many hyperparameters and implemental details in the new system, so it could be difficult to reproduce the experimental results without the author's source code. ",
          "summary_of_the_review": "Overall, it is a solid paper and gives a reasonable idea to improve text-supervised semantic segmentation.",
          "correctness": "3: Some of the paper’s claims have minor issues. A few statements are not well-supported, or require small changes to be made correct.",
          "technical_novelty_and_significance": "3: The contributions are significant and somewhat new. Aspects of the contributions exist in prior work.",
          "empirical_novelty_and_significance": "3: The contributions are significant and somewhat new. Aspects of the contributions exist in prior work.",
          "flag_for_ethics_review": [
            "NO."
          ],
          "recommendation": "8: accept, good paper"
        },
        "signatures": [
          "ICLR.cc/2023/Conference/Paper2694/Reviewer_wv76"
        ],
        "readers": [
          "everyone"
        ],
        "nonreaders": [],
        "writers": [
          "ICLR.cc/2023/Conference",
          "ICLR.cc/2023/Conference/Paper2694/Reviewer_wv76"
        ]
      },
      {
        "id": "0kwRZ6hZ41",
        "original": null,
        "number": 3,
        "cdate": 1667419348804,
        "mdate": null,
        "ddate": null,
        "tcdate": 1667419348804,
        "tmdate": 1667419348804,
        "tddate": null,
        "forum": "2XLRBjY46O6",
        "replyto": "2XLRBjY46O6",
        "invitation": "ICLR.cc/2023/Conference/Paper2694/-/Official_Review",
        "content": {
          "confidence": "4: You are confident in your assessment, but not absolutely certain. It is unlikely, but not impossible, that you did not understand some parts of the submission or that you are unfamiliar with some pieces of related work.",
          "summary_of_the_paper": "This paper improves Group VIT, a text-supervised segmentation model, by introducing region-wise cross-view consistent regularization. The author benchmarked for zero-shot segmentation capability across multiple datasets and showed improvements over several baselines. \n\nMy primary concern with this work is selecting the positive segmentation across views, where the author assumes the segments with the same id form positive pairs. I think this assumption is wrong, and I'll expand the discussion to the Weaknesses section. \n\nThis work's contribution is also limited since most of its success is built upon the Group VIT model. The quantitative improvements from the newly introduced regularization are not substantial, around 1-2% over Group VIT.   \n\n\n\n\n\n",
          "strength_and_weaknesses": "### Strength:\n\n(1) This work improves Group VIT by enforcing view consistency\n\n(2) Author conducts substantial experiments across multiple datasets and shows consistent quantitative improvement over the baseline. \n\n### Weaknesses:\n\n(1)  I think the assumption of cross-view segment consistency by segment id is wrong. As observed in other VIT frameworks, which use learnable tokens for instance segmentation or objective detection, the tokens usually have spatial rather than semantic biases. Based on that, the segment id primarily indicates the segmentation's relative spatial location to the image, and matching group ids does not make sense (we can simply horizontally and vertically flip the images to break the assignment).  \n\nInstead of directly matching segment ids, I think reasonable alternatives are: (a) Compute bipartite matching based on group features similarity and (b) Spatially warp one view to another and compute the segmentation overlapping to match the segments. Then ignore the segment with zero overlapped pixels.   ",
          "clarity,_quality,_novelty_and_reproducibility": "The paper is well-written, and the motivation is clear. However, the novelty is limited, and the major assumption doesn't hold. ",
          "summary_of_the_review": "Given my concerns over the assumption of the objectives and the limited improvement over the baseline, I tend to reject this submission. \n\nI'll reconsider my rate if the author can justify why using segment id for cross-view consistency makes sense or provide experimental results to show that segment ids indicate semantic categories rather than spatial bases. ",
          "correctness": "2: Several of the paper’s claims are incorrect or not well-supported.",
          "technical_novelty_and_significance": "2: The contributions are only marginally significant or novel.",
          "empirical_novelty_and_significance": "2: The contributions are only marginally significant or novel.",
          "flag_for_ethics_review": [
            "NO."
          ],
          "recommendation": "3: reject, not good enough"
        },
        "signatures": [
          "ICLR.cc/2023/Conference/Paper2694/Reviewer_cqK1"
        ],
        "readers": [
          "everyone"
        ],
        "nonreaders": [],
        "writers": [
          "ICLR.cc/2023/Conference",
          "ICLR.cc/2023/Conference/Paper2694/Reviewer_cqK1"
        ]
      },
      {
        "id": "8Ov6dQDBIp",
        "original": null,
        "number": 4,
        "cdate": 1667983330983,
        "mdate": 1667983330983,
        "ddate": null,
        "tcdate": 1667983330983,
        "tmdate": 1667983330983,
        "tddate": null,
        "forum": "2XLRBjY46O6",
        "replyto": "2XLRBjY46O6",
        "invitation": "ICLR.cc/2023/Conference/Paper2694/-/Official_Review",
        "content": {
          "confidence": "4: You are confident in your assessment, but not absolutely certain. It is unlikely, but not impossible, that you did not understand some parts of the submission or that you are unfamiliar with some pieces of related work.",
          "summary_of_the_paper": "This paper focuses on text-supervised semantic segmentation by studying a multi-view consistency learning framework. Specifically, a text-to-views consistency and a cross-view segmentation consistency training strategy are proposed and added upon existing work Group VIT. The proposed method tries to construct more training constrains based on correspondence among multiple augmented views to obtain more improvements. Experiments are conducted on multiple datasets for zero-shot segmentation, e.g. PASCAL and COCO., showing improvements upon some existing baselines. \n",
          "strength_and_weaknesses": "\nStrength:\n\n+ The motivation of introducing multi-view consistency constrain to text-supervised semantic segmentation is reasonable.\n\n+ Experimental reuslts on multiple datasets show some benifits compared with existing methods. \n\n\nConcerns: \n\n- The general idea of introducing multi-view consistency constrains to vision-language pretraining models is not new. Some existing works, e.g. DeCLIP [a] have explored adding such multi-view self-supervision constrains and validated its effectiveness when learning vision-language models. The differences here are mainly about applying multi-view constrains on segment level rather than whole image when building upon the framework of Group VIT.\n\n[a] Supervision exists everywhere: A data efficient contrastive language-image pre-training paradigm, ICLR 2022\n\n-  Cross-view constrains are applied on segments of two augmented views. Since there is no guarantee for location (segments) correspondence between these two augmented views, the proposed strategy in Figure 5 of constructing positive and negative pairs for the corss-view segments seems not reasonable. \n\n- The performance of the most important baseline GroupViT seems not consistent with the original paper. For example, in Table 1 Comparison with zero-shot baselines on PASCAL VOC 2012, it reports 51.2 mIoU for GroupViT and 52.4 mIoU for the proposed method ViewCo, while in the original paper [b] GroupViT obtains 52.3 mIoU, which is much higher than 51.2 reported in this submission and is only 0.1 lower than the proposed method. Besdies, on PASCAL Context, GroupViT reports 22.4 mIoU, the improvements from ViewCo seems also marginal (23.0 mIoU v.s. 22.4 mIoU). \n\n[b] GroupViT: Semantic Segmentation Emerges from Text Supervision, CVPR 2022",
          "clarity,_quality,_novelty_and_reproducibility": "The paper is easy to follow. The novelty is limited due to the concerns raised in the Strength And Weaknesses section. The code is not provided for reproducibility.",
          "summary_of_the_review": "My current rating is based on concerns for limited technical contributions, unreasonable positive/negative pair selection for cross views, quite limited improvments upon baseline GroupViT. Please find more details in the Strength And Weaknesses section.",
          "correctness": "2: Several of the paper’s claims are incorrect or not well-supported.",
          "technical_novelty_and_significance": "2: The contributions are only marginally significant or novel.",
          "empirical_novelty_and_significance": "2: The contributions are only marginally significant or novel.",
          "flag_for_ethics_review": [
            "NO."
          ],
          "recommendation": "3: reject, not good enough"
        },
        "signatures": [
          "ICLR.cc/2023/Conference/Paper2694/Reviewer_Dedj"
        ],
        "readers": [
          "everyone"
        ],
        "nonreaders": [],
        "writers": [
          "ICLR.cc/2023/Conference",
          "ICLR.cc/2023/Conference/Paper2694/Reviewer_Dedj"
        ]
      },
      {
        "id": "tj6lge7WFK",
        "original": null,
        "number": 1,
        "cdate": 1668774108020,
        "mdate": null,
        "ddate": null,
        "tcdate": 1668774108020,
        "tmdate": 1669342126386,
        "tddate": null,
        "forum": "2XLRBjY46O6",
        "replyto": "2XLRBjY46O6",
        "invitation": "ICLR.cc/2023/Conference/Paper2694/-/Official_Comment",
        "content": {
          "title": "General Response to All Reviewers",
          "comment": "We thank all the reviewers for their time, insightful suggestions, and valuable comments. We are grateful for the positive recognition of the reviewers on our motivation (Dedj), novelty (kMrx), extensive experiments (cqK1 and wv76), and good results (Dedj, wv76, and kMrx). Reviewers Dedj and cqK1's concerns may be based on some incomplete observations. We respond to each reviewer's comments in detail below. We have also revised the main paper and the supplementary material according to the reviewers' suggestions. The main changes are listed as follows:\n\n- ViewCo *vs.* DeCLIP. We have compared and analyzed the technical implementation of DeCLIP and ViewCo in detail from three aspects: image augmentation, self-supervised strategy, and text augmentation, and there are essential differences between them. At the end of Section 3.2, we add a detailed comparison of ViewCo with DeCLIP (to Reviewer Dedj). \n\n- Semantic consistency of segments on the corresponding position IDs. ViewCo updates the parameters of the image branch based on the EMA strategy. This makes the learnable group tokens on the corresponding position IDs in different views highly correlated, thus ensuring the semantic consistency of the segments on the corresponding position IDs. In the paragraph under Eq. (2) in Section 3.1, we clarify the reason why the segment tokens on the corresponding position IDs of different views have the same semantics. Furthermore, we add a visual comparison between ViewCo and GroupViT on segmentation consistency of multiple views in Figure 8 of Appendix A.2. (to Reviewers Dedj, cqK1, and wv76).\n- Inconsistent reporting performance. The updated version of GroupViT reports the results on CC3M+CC12M+YFCC, which is different from our setting. Under the same setting, ViewCo trained on CC12M+YFCC and zero-shot transferred to VOC is significantly better than GroupViT (52.4 *vs.* 51.2). At the bottom of the page with Table 2, we add a footnote to clarify that this performance difference is due to different training set settings (to Reviewer Dedj).\n- DenseCL is based on dense contrastive learning at the pixel level, focusing more on local information. In contrast, ViewCo is based on segment-based high-level semantic contrastive learning, which helps to improve the zero-shot transfer capability of the model. In Consistent Semantics in Section 2, we add an analysis of DenseCL (to Reviewer kMrx).\n- We again have checked and revised the expression of the full text.\n\nNote that we have marked all the changes in blue. We hope our response and rebuttal revision will address the reviewers' concerns."
        },
        "signatures": [
          "ICLR.cc/2023/Conference/Paper2694/Authors"
        ],
        "readers": [
          "ICLR.cc/2023/Conference/Program_Chairs",
          "everyone",
          "ICLR.cc/2023/Conference/Paper2694/Senior_Area_Chairs",
          "ICLR.cc/2023/Conference/Paper2694/Area_Chairs",
          "ICLR.cc/2023/Conference/Paper2694/Reviewers",
          "ICLR.cc/2023/Conference/Paper2694/Reviewers/Submitted",
          "ICLR.cc/2023/Conference/Paper2694/Authors"
        ],
        "nonreaders": [],
        "writers": [
          "ICLR.cc/2023/Conference",
          "ICLR.cc/2023/Conference/Paper2694/Authors"
        ]
      },
      {
        "id": "0qxth0MUIaW",
        "original": null,
        "number": 2,
        "cdate": 1668775250704,
        "mdate": null,
        "ddate": null,
        "tcdate": 1668775250704,
        "tmdate": 1669545456686,
        "tddate": null,
        "forum": "2XLRBjY46O6",
        "replyto": "8Ov6dQDBIp",
        "invitation": "ICLR.cc/2023/Conference/Paper2694/-/Official_Comment",
        "content": {
          "title": "To Reviewer Dedj:",
          "comment": "Thanks for your detailed and constructive comments. We respond to all the issues you pointed out in detail below. We hope our response and rebuttal revision will address your concerns.\n\n**R1Q1. ViewCo vs. DeCLIP.**\n\nThank you for this valuable question and sorry for the confusion. We would like to point out the technical difference between our ViewCo and DeCLIP in the following aspects: First, on a technical basis, DeCLIP believes that the text may only describe a part of the image, so an additional local view is introduced for the image branch. ViewCo mainly hopes to mine consistent semantics from images for segmentation through the one-to-many alignment of cross-modal text-to-views. Secondly, in terms of technical implementation, they have the following three obvious differences that lead to completely different model preferences: \n\n1. For image augmentation, DeCLIP uses a global view and a local view for self-supervised learning, but this causes information leakage to reduce the quality of features and affects the alignment of cross-modal semantics. In contrast, ViewCo takes the segmentation consistency of two local views as self-supervised information, which not only ensures the difficulty of the task but also helps the model to find the corresponding implicit consistent semantics for segmentation.  \n2. In the self-supervision of the image branch, compared with DeCLIP using SimSiam as the supervision mechanism, we use EMA to ensure the semantic consistency of the segments on the corresponding position IDs of different views, while helping the model avoid distractions from ambiguous text annotations.\n3. For text augmentation, DeCLIP uses EDA [1] as a text augmentation strategy. The augmented text still contains multiple semantics, which is not conducive to the alignment of local semantics in segmentation tasks. In contrast, ViewCo uses two local views for self-supervision, while using a “prompt engineering\" mechanism to obtain an augmented text with a single semantic. Combining one-to-many alignment can help ViewCo to better mine consistent segmentation semantics in images.\n\nGiven the above observations, we believe that DeCLIP and ViewCo are fundamentally different in both motivation and implementation. In addition, we have added a detailed comparison between ViewCo and DeCLIP at the end of Section 3.2 of the revised version.\n\n[1] Wei J, Zou K. EDA: Easy Data Augmentation Techniques for Boosting Performance on Text Classification Tasks[C] EMNLP-IJCNLP. 2019: 6382-6388.\n\n**R1Q2. The rationality of cross-views segmentation consistency module.**\n\nThank you for this valuable comment. Unlike previous fully supervised ViT frameworks [1] based on learnable tokens, ViewCo's cross-view segmentation consistency module uses a self-supervised mechanism based on the EMA policy for parameter updates. \nThese learnable group tokens are used as the query of the Grouping Block attention module and are also a kind of model parameter, so the semantics of segment tokens obtained on the corresponding position IDs of different views are highly related. \nIn addition, due to the translation invariance and flipping invariance of the attention mechanism, the output segment tokens are also translation invariant and flipping invariant. That is to say, flipping does not affect the order of the segment tokens and thus does not affect the correspondence of the segment tokens with the same IDs. This ensures the rationality of the cross-view segmentation consistency module design, which is also verified by Figure 2 and Table 5 in the paper. We have added a clear explanation in the paragraph under Eq. (2) in  Section 3.1 of the modified version. In addition, we have added a visual comparison between ViewCo and GroupViT on segmentation consistency of multiple views in Figure 8 of Appendix A.2 in the supplementary material. Further, we visualized the semantic consistency of segment IDs in different views (especially flipped views), which is shown in this link https://radial-fire-e77.notion.site/ViewCo-84e25a2d2d1b428bbe2545cda08ce0af.\n\n[1] Carion, Nicolas, et al. “End-to-end object detection with transformers.\" European Conference on Computer Vision. Springer, Cham, 2020.\n\n**R1Q3. The performance of GroupViT differs from the original text.**\n\nThank you for this comment and sorry for the confusion. We would like to clarify that the results of the updated version of the GroupViT paper are all trained on CC3M + CC12M + YFCC14M, which is different from our settings. We report the performance of ViewCo and GroupViT trained on CC12M+YFCC14M and zero-shot transfer to VOC (52.4 *vs.* 51.2, the results of GroupViT can be found at this link https://arxiv.org/pdf/2202.11094v1.pdf). We have added a footnote at the bottom of the page with Table 2 in the revision to clarify the difference caused by the update of the GroupViT paper."
        },
        "signatures": [
          "ICLR.cc/2023/Conference/Paper2694/Authors"
        ],
        "readers": [
          "everyone"
        ],
        "nonreaders": [],
        "writers": [
          "ICLR.cc/2023/Conference",
          "ICLR.cc/2023/Conference/Paper2694/Authors"
        ]
      },
      {
        "id": "TODA3xvoNOr",
        "original": null,
        "number": 3,
        "cdate": 1668775502463,
        "mdate": 1668775502463,
        "ddate": null,
        "tcdate": 1668775502463,
        "tmdate": 1668775502463,
        "tddate": null,
        "forum": "2XLRBjY46O6",
        "replyto": "0kwRZ6hZ41",
        "invitation": "ICLR.cc/2023/Conference/Paper2694/-/Official_Comment",
        "content": {
          "title": "To Reviewer cqK1:",
          "comment": "Thank you for your detailed comments. We explain the rationality of our cross-view segment consistency in detail below. We sincerely hope you could reconsider the significance of our work.\n\n**R2Q1. The rationality of cross-views segmentation consistency module.**\n\nThank you for this valuable comment and sorry for the confusion. The semantic consistency  of the segment tokens with the same segment IDs is explained in the following two aspects.\n\nFirst, the learnable tokens used by ViewCo are position-independent when grouping image pixels, and augmented operations such as flipping do not affect the semantic extraction of images. Second, unlike previous fully supervised ViT frameworks [1] based on learnable tokens, ViewCo's cross-view segmentation consistency module uses a self-supervised mechanism based on the EMA policy for parameter updates.  These learnable group tokens are used as the query of the Grouping Block attention module and are also a kind of model parameter, so the semantics of segment tokens obtained on the corresponding position IDs of different views are highly related. In addition, due to the translation invariance and flipping invariance of the attention mechanism, the output segment tokens are also translation invariant and flipping invariant. That is to say, flipping does not affect the order of the segment tokens and thus does not affect the correspondence of the segment tokens with the same IDs.\nThis ensures the rationality of the cross-view segmentation consistency module design, which is also verified by Figure 2 and Table 5 in the paper. We have added a clear explanation in the paragraph under Eq. (2) in  Section 3.1 of the modified version. In addition, we have added a visual comparison between ViewCo and GroupViT on segmentation consistency of multiple views in Figure 8 of Appendix A.2 in the supplementary material.\n\n\nIn addition, we also tried to use the segmentation consistency of the intersecting regions of the two views as self-supervision information, but unfortunately, we were not successful because the pixels in the intersecting regions are predicted to be the same semantically yielding trivial solutions. Similar “shortcut\" phenomena are also observed by [2,3]. In the future, we will explore different matching mechanisms.\n\n[1]Carion, Nicolas, et al. “End-to-end object detection with transformers.\" European conference on computer vision. Springer, Cham, 2020.\n\n[2]Chen, Xinlei, and Kaiming He. “Exploring simple siamese representation learning.\" Proceedings of the IEEE/CVF Conference on Computer Vision and Pattern Recognition. 2021.\n\n[3]Grill, Jean-Bastien, et al. “Bootstrap your own latent-a new approach to self-supervised learning.\" Advances in neural information processing systems 33 (2020): 21271-21284."
        },
        "signatures": [
          "ICLR.cc/2023/Conference/Paper2694/Authors"
        ],
        "readers": [
          "everyone"
        ],
        "nonreaders": [],
        "writers": [
          "ICLR.cc/2023/Conference",
          "ICLR.cc/2023/Conference/Paper2694/Authors"
        ]
      },
      {
        "id": "85IWX9ktkT",
        "original": null,
        "number": 4,
        "cdate": 1668775635526,
        "mdate": 1668775635526,
        "ddate": null,
        "tcdate": 1668775635526,
        "tmdate": 1668775635526,
        "tddate": null,
        "forum": "2XLRBjY46O6",
        "replyto": "IA1VYKg434",
        "invitation": "ICLR.cc/2023/Conference/Paper2694/-/Official_Comment",
        "content": {
          "title": "To Reviewer wv76:",
          "comment": "We are grateful for your comprehensive and encouraging review!\n\n**R3Q1. The definition of positive pairs and negative pairs in the cross-view consistency module is missing.**\n\nThank you for this comment and sorry for the confusion. We would like to point out that the definitions of the positive and negative pairs are given in Section 3.1 below Eq. (2). In addition, for clarity, in this paragraph of the revised version, we have also added the reason why the segment tokens on the corresponding position IDs of different views have the same semantics. "
        },
        "signatures": [
          "ICLR.cc/2023/Conference/Paper2694/Authors"
        ],
        "readers": [
          "everyone"
        ],
        "nonreaders": [],
        "writers": [
          "ICLR.cc/2023/Conference",
          "ICLR.cc/2023/Conference/Paper2694/Authors"
        ]
      },
      {
        "id": "OQqJ22X9AWC",
        "original": null,
        "number": 5,
        "cdate": 1668775669049,
        "mdate": 1668775669049,
        "ddate": null,
        "tcdate": 1668775669049,
        "tmdate": 1668775669049,
        "tddate": null,
        "forum": "2XLRBjY46O6",
        "replyto": "xteU9GCARjj",
        "invitation": "ICLR.cc/2023/Conference/Paper2694/-/Official_Comment",
        "content": {
          "title": "To Reviewer kMrx:",
          "comment": "We are grateful for your comprehensive and encouraging review!\n\n**R4Q1.\tA comparison with related work DenseCL is missing.**\n\nThank you for these valuable comments. The self-supervision learning method of DenseCL is based on pixel-level contrastive learning. In contrast, ViewCo uses higher-level local semantics as the self-supervised information of the image to provide a more stable feature representation for the model, and at the same time help ViewCo obtain better zero-shot transfer capabilities. \nWe have added an analysis of the related work DenseCL in Section 2 Consistent Semantics of the modified version."
        },
        "signatures": [
          "ICLR.cc/2023/Conference/Paper2694/Authors"
        ],
        "readers": [
          "everyone"
        ],
        "nonreaders": [],
        "writers": [
          "ICLR.cc/2023/Conference",
          "ICLR.cc/2023/Conference/Paper2694/Authors"
        ]
      },
      {
        "id": "f_k10ocOKV",
        "original": null,
        "number": 9,
        "cdate": 1669412815899,
        "mdate": 1669412815899,
        "ddate": null,
        "tcdate": 1669412815899,
        "tmdate": 1669412815899,
        "tddate": null,
        "forum": "2XLRBjY46O6",
        "replyto": "TODA3xvoNOr",
        "invitation": "ICLR.cc/2023/Conference/Paper2694/-/Official_Comment",
        "content": {
          "title": "Thanks for the comments but your reply doesn't resolve my concerns. ",
          "comment": "Thanks for the author's comment and for providing the visualization. \n\nHowever, I don't think the author's justification resolves my concerns on the rationality of cross-view matching using token-id, and I’m still worried that the major assumption of this paper is wrong. \n\n> Learnable tokens are position-independent\n\nI don't think this claim is correct without further justification or verification via the experimental result. The learnable token in another VIT framework [1] is clearly position-dependent. [1] uses bi-partite matching rather than manually assigned targets. Therefore, VIT has the freedom to make their object-token either semantic-biased or positional-biased. From their visualization, the token is learned to have positional bias, and I'm worried that the same thing happened in ViewCo. \n\n > ViewCo uses EMA to update model's parameters as well as the learnable token\n\nI don’t think the updating scheme is the key to shifting the learnable token from learning positional-biased to semantical-biased features. As in the reply above, the group token can be positional-biased via gradient descent. \n\n> Attention mechanism is invariant to flipping and translation so does the segment token.\n\nI think this claim is wrong. In VIT, the output will change unless you flip or translate the positional encoding accordingly. Another concern is what if one object in one view is missed in another view? In such cases, the view-consistency assumption doesn't make sense regardless of the matching strategy. \n\n\n> Visual comparison to GroupVIT in the supplementary material.\n\nThanks for providing the visualization. I think it's convincing if you can plot the segment id of two augmented views, especially under flipping, and show the ID are invariant to the augmentation. \n\n\n[1]Carion, Nicolas, et al. “End-to-end object detection with transformers.\" European conference on computer vision. Springer, Cham, 2020."
        },
        "signatures": [
          "ICLR.cc/2023/Conference/Paper2694/Reviewer_cqK1"
        ],
        "readers": [
          "everyone"
        ],
        "nonreaders": [],
        "writers": [
          "ICLR.cc/2023/Conference",
          "ICLR.cc/2023/Conference/Paper2694/Reviewer_cqK1"
        ]
      },
      {
        "id": "71KuvA0MwGf",
        "original": null,
        "number": 10,
        "cdate": 1669458938930,
        "mdate": null,
        "ddate": null,
        "tcdate": 1669458938930,
        "tmdate": 1669459814763,
        "tddate": null,
        "forum": "2XLRBjY46O6",
        "replyto": "f_k10ocOKV",
        "invitation": "ICLR.cc/2023/Conference/Paper2694/-/Official_Comment",
        "content": {
          "title": "Further explanation",
          "comment": "Thank you for your reply. We provide a detailed explanation and validation of the positional correlation and view consistency assumptions. We hope our response addresses your concerns.\n\n**The positional correlation of learnable tokens.**\n\nDETR's bi-partite matching aims to solve the matching problem between the predicted boxes and the ground truth boxes, which are strongly associated with the position. Different from DETR, the grouping block in ViewCo groups patch tokens in the way of gumbel softmax through learnable group tokens. The patch tokens of the same group are added element-wise and linearly projected to obtain the corresponding segment tokens. Therefore, the semantics of segment tokens are only associated with learnable group tokens and are independent of the original position of patch tokens in the image. This ensures that positional-biased does not have an impact on learnable tokens. In addition, the EMA parameter update policy ensures the consistency of learnable tokens on the corresponding position IDs of different views, so the semantics of segment tokens corresponding to position IDs are consistent. Finally, based on your suggestion, we visualized the semantic consistency of segment IDs in different views (especially flipped views), which is shown in this link https://radial-fire-e77.notion.site/ViewCo-84e25a2d2d1b428bbe2545cda08ce0af.\n\n**Rationality of view consistency assumption.**\n\nThe semantic consistency of multi-crop has been shown to be effective in many image self-supervised works[1][2]. In ViewCo, we try to extend this semantic consistency to the segment level. It is foreseeable that ViewCo does not guarantee that the two views will have an intersecting area. In fact, the design motivation of ViewCo's cross-view segmentation consistency module is not based on the assumption of view intersection. Instead, we expect ViewCo to capture and align the same semantics from disjoint multiple views, forcing the model to capture higher-level semantics by accomplishing this challenging task. This is reasonable because just as humans can identify object categories based on local regions of objects, we also expect models to recognize and align these semantics based on local features of objects from two disjoint views. Our experiments also demonstrate the plausibility of this mechanism. For example, the convergence speed and performance of ViewCo trained on GCC12M is much higher than that of GroupViT under the same settings (e.g., when epoch=16, the mIoU of the two methods on the VOC dataset is 45.5% and 36.0%, respectively). At the same time, by replacing the semantic-level alignment with the view-level, ViewCo's mIoU performance on VOC drops by 1.5%. The results in Table 4 of the ablation experiments also show this.\n\n[1] Zhou, Jinghao, et al. \"Image BERT Pre-training with Online Tokenizer.\" *International Conference on Learning Representations*. 2021.\n\n[2]Caron, Mathilde, et al. \"Emerging properties in self-supervised vision transformers.\" *Proceedings of the IEEE/CVF International Conference on Computer Vision*. 2021."
        },
        "signatures": [
          "ICLR.cc/2023/Conference/Paper2694/Authors"
        ],
        "readers": [
          "everyone"
        ],
        "nonreaders": [],
        "writers": [
          "ICLR.cc/2023/Conference",
          "ICLR.cc/2023/Conference/Paper2694/Authors"
        ]
      },
      {
        "id": "ewsdoRiuIv",
        "original": null,
        "number": 15,
        "cdate": 1670228527211,
        "mdate": 1670228527211,
        "ddate": null,
        "tcdate": 1670228527211,
        "tmdate": 1670228527211,
        "tddate": null,
        "forum": "2XLRBjY46O6",
        "replyto": "71KuvA0MwGf",
        "invitation": "ICLR.cc/2023/Conference/Paper2694/-/Official_Comment",
        "content": {
          "title": "Reply to Author",
          "comment": "> DETR's bipartite introduces spatial correlation while ViewCo doesn’t\n\nI disagree with this claim. In DETR, the order of output tokens can be arbitrarily permutated, e.g., the prediction could be ordered by hyper semantic categories, the case author prefers, or by location, the case I referred to in my previous reply. In both cases, bipartite matching would return the same result regardless of the prediction order, and therefore the matching objectives won't introduce spatial biases. The best explanation for DETR is that the box tokens learn spatial biases, which help recognize the boundary of the instance. In ViewCo, the grouping operations are not fundamentally different from DETR's internal token-patch interaction. If that is the case, the Gumbel softmax operation will cooperate with token information and adjust accordingly to include spatial information, which is helpful for the general recognition task. \n\nRegardless of whether the tokens are spatially biased, I’m concerned about the author's reply, \"This ensures that positional-biased does not have an impact on learnable tokens.\" I don't think grouping without spatial information is a correct design choice, and motivating this submission from this perspective would deepen my concerns.\n\nThanks for providing additional visualization on augmented samples, but those are not convincing for the following reasons: (1) The visualization only has four post-processed tokens rather than the total eight tokens of the second stage. (2) The image is tricky since the two sheep's positions are horizontally and vertically symmetrical. It's better to show visualization on the images without symmetrical bias. Understandably, the current method can't get decent token-wise segmentation on the challenging data, but visualization of those cases can be helpful for readers to understand the internal mechanism. \n\nI agree with reviewer Dedj that introducing a view-consistency target to the existing system raises concerns about novelty. At the same time, the authors don't seem to provide a convincing analysis for their design choice of segment-aware consistency target. Overall, I think this paper needs substantial improvement in its methodology and analysis to meet ICLR standards. Hence, I maintain my recommendation of rejection. "
        },
        "signatures": [
          "ICLR.cc/2023/Conference/Paper2694/Reviewer_cqK1"
        ],
        "readers": [
          "everyone"
        ],
        "nonreaders": [],
        "writers": [
          "ICLR.cc/2023/Conference",
          "ICLR.cc/2023/Conference/Paper2694/Reviewer_cqK1"
        ]
      },
      {
        "id": "bty9_rmeWfP",
        "original": null,
        "number": 16,
        "cdate": 1670437389379,
        "mdate": 1670437389379,
        "ddate": null,
        "tcdate": 1670437389379,
        "tmdate": 1670437389379,
        "tddate": null,
        "forum": "2XLRBjY46O6",
        "replyto": "ewsdoRiuIv",
        "invitation": "ICLR.cc/2023/Conference/Paper2694/-/Official_Comment",
        "content": {
          "title": "Focus on visualization",
          "comment": "Dear reviewers,\n\nThank you very much for your patience and prompt reply. \n\nI understand that your concern mainly comes from whether the segments on the same location IDs output by the teacher and student networks from different views of the same image have the same semantics. We try to prove this through experiments, and the latest visualization results are shown in the following link [https://radial-fire-e77.notion.site/ViewCo-84e25a2d2d1b428bbe2545cda08ce0af](https://www.notion.so/ViewCo-84e25a2d2d1b428bbe2545cda08ce0af). As shown in Figure 1, we avoid those images with symmetric semantics to avoid unnecessary interference to the visualization results. Specifically, we visualized the segmentation results of the 8 segment semantics output by the second grouping block in the teacher and student networks of different views. It should be noted that we did not perform any post-processing on the visualization results, but only numbered the main semantics in the image for the convenience of visualization. Image segmentation shows less than 8 semantics, mainly because in the grouping block the model determines which segment semantics each image patch belongs to by computing an attention map of shape 196 x 8 (196 is the number of image patches). This means that some segments may not have corresponding image patches. Second, in the segmentation results from different views of the same image, image regions with the same color represent the same location IDs and the same semantics. From the visualization results in Figure 1, it can be found that the semantics in the segmentation maps of different views output by the teacher and student networks maintain a good consistency in the corresponding position IDs, which shows that the design of ViewCo's cross-view segmentation consistency module is reasonable.\n\nWe thank you again for your patience and look forward to hearing from you."
        },
        "signatures": [
          "ICLR.cc/2023/Conference/Paper2694/Authors"
        ],
        "readers": [
          "everyone"
        ],
        "nonreaders": [],
        "writers": [
          "ICLR.cc/2023/Conference",
          "ICLR.cc/2023/Conference/Paper2694/Authors"
        ]
      },
      {
        "id": "-r-esUH59B",
        "original": null,
        "number": 17,
        "cdate": 1670569849590,
        "mdate": 1670569849590,
        "ddate": null,
        "tcdate": 1670569849590,
        "tmdate": 1670569849590,
        "tddate": null,
        "forum": "2XLRBjY46O6",
        "replyto": "0qxth0MUIaW",
        "invitation": "ICLR.cc/2023/Conference/Paper2694/-/Official_Comment",
        "content": {
          "title": "Thanks for authors' reply",
          "comment": "I appreciate response from authors. My major concern remains after reading authors’ responses as well as other reviews. \n\nRegarding the technical contributions, the general design is shared with existing work as author listed here. There are 1-1 correspondences for image augmentation, self-supervision of the image branch, text augmentation. The specific implementation details or choice of augmentation strategy are not well justified as new technical contributions, such as using EMA or SimSiam, using EDA as text augmentation strategy or “prompt engineering” , etc. The claimed strengths of such choices are also not well supported by experiments. Introduceing cross view consistency constrain is also upon an existing system.\n\nRegarding the performance comparisons between ViewCo and the important baseline GroupViT.  GroupViT’s 52.3 performance can be found since the version of May 19 2022 https://arxiv.org/pdf/2202.11094v2.pdf, even much earlier than the CVPR proceeding. It is not convincing to closely follow GroupViT as baseline while not follow its experimental setting in the camera ready version (released in May). \n\nTo summarize, I do not think this paper is in a good shape to be accepted by ICLR, therefore, I keep my suggestion of rejection."
        },
        "signatures": [
          "ICLR.cc/2023/Conference/Paper2694/Reviewer_Dedj"
        ],
        "readers": [
          "everyone"
        ],
        "nonreaders": [],
        "writers": [
          "ICLR.cc/2023/Conference",
          "ICLR.cc/2023/Conference/Paper2694/Reviewer_Dedj"
        ]
      },
      {
        "id": "9sPNPVX4DDN",
        "original": null,
        "number": 18,
        "cdate": 1670581551607,
        "mdate": 1670581551607,
        "ddate": null,
        "tcdate": 1670581551607,
        "tmdate": 1670581551607,
        "tddate": null,
        "forum": "2XLRBjY46O6",
        "replyto": "-r-esUH59B",
        "invitation": "ICLR.cc/2023/Conference/Paper2694/-/Official_Comment",
        "content": {
          "title": "Further clarification",
          "comment": "Dear reviewers,\n\nThank you very much for your prompt reply.\n\nFor the setting of GroupViT experimental results, it can be found in GroupViT's official source code setting [https://github.com/NVlabs/GroupViT/blob/13b786155a1dfffe4703f40d028c92be58e1178d/configs/default.yml#L36](https://github.com/NVlabs/GroupViT/blob/13b786155a1dfffe4703f40d028c92be58e1178d/configs/default.yml#L36) that 52.3% of the experimental results on VOC are based on the results on the GCC3M+GCC12M+YFCC14M dataset.\n\nIt should be pointed out that, similar to CLIP, DeCLIP focuses on visual language pre-training and mainly evaluates model performance on classification tasks. In contrast, ViewCo's model design and technical details are mainly aimed at zero-shot semantic segmentation tasks, so GroupViT is used as the main baseline. In addition, since DeCLIP uses a stronger image encoder (i.e., ViT-B, while ViewCo and GroupViT use ViT-T), their results cannot be directly compared. And their technical advantages in their respective tasks do not conflict.\n\nThank you again for your prompt reply, and we hope the above statement addresses your concerns in a timely manner."
        },
        "signatures": [
          "ICLR.cc/2023/Conference/Paper2694/Authors"
        ],
        "readers": [
          "everyone"
        ],
        "nonreaders": [],
        "writers": [
          "ICLR.cc/2023/Conference",
          "ICLR.cc/2023/Conference/Paper2694/Authors"
        ]
      },
      {
        "id": "wkNz4x508s",
        "original": null,
        "number": 19,
        "cdate": 1670651280713,
        "mdate": 1670651280713,
        "ddate": null,
        "tcdate": 1670651280713,
        "tmdate": 1670651280713,
        "tddate": null,
        "forum": "2XLRBjY46O6",
        "replyto": "ewsdoRiuIv",
        "invitation": "ICLR.cc/2023/Conference/Paper2694/-/Official_Comment",
        "content": {
          "title": "Looking forward to hearing from you",
          "comment": "Deer reviewers,\n\nThank you very much for your patience and prompt reply. \n\nWe have updated the results with more adequate visualizations, which we hope will address your main concern about segmentation consistency across views. We look forward to receiving your response."
        },
        "signatures": [
          "ICLR.cc/2023/Conference/Paper2694/Authors"
        ],
        "readers": [
          "everyone"
        ],
        "nonreaders": [],
        "writers": [
          "ICLR.cc/2023/Conference",
          "ICLR.cc/2023/Conference/Paper2694/Authors"
        ]
      },
      {
        "id": "LT9nngRAQUd",
        "original": null,
        "number": 20,
        "cdate": 1670682222787,
        "mdate": 1670682222787,
        "ddate": null,
        "tcdate": 1670682222787,
        "tmdate": 1670682222787,
        "tddate": null,
        "forum": "2XLRBjY46O6",
        "replyto": "bty9_rmeWfP",
        "invitation": "ICLR.cc/2023/Conference/Paper2694/-/Official_Comment",
        "content": {
          "title": "Reply to Author",
          "comment": "I highly appreciate the author's efforts in providing more visualization to showcase the ID and region association. The token IDs are organized implicitly in order to maximize the ID-wise learning objectives. This is an interesting observation, and I recommend including those figures in the paper. \n\nHowever, it only works when two augmented views contain exactly the same semantic categories; otherwise, any missing or extra semantic category in one view will trigger the IDs shifting and break the alignment. In this case, I think extra postprocessing is necessary to robustify the alignment, especially for scene images. \n\nOverall, the author's reply answers some of my concerns, but extra improvements over the existing method are needed to achieve claimed region-wise alignment and showcase the substantial contribution on top of the baseline methods. Therefore, I think the current version is not ready for publishing in ICLR, and I tend to reject this submission. "
        },
        "signatures": [
          "ICLR.cc/2023/Conference/Paper2694/Reviewer_cqK1"
        ],
        "readers": [
          "everyone"
        ],
        "nonreaders": [],
        "writers": [
          "ICLR.cc/2023/Conference",
          "ICLR.cc/2023/Conference/Paper2694/Reviewer_cqK1"
        ]
      },
      {
        "id": "Rk1vzUmaBRF",
        "original": null,
        "number": 1,
        "cdate": 1674241792471,
        "pdate": null,
        "mdate": null,
        "ddate": null,
        "tcdate": 1674241792471,
        "tmdate": 1674241792471,
        "tddate": null,
        "forum": "2XLRBjY46O6",
        "replyto": "2XLRBjY46O6",
        "invitation": "ICLR.cc/2023/Conference/Paper2694/-/Decision",
        "content": {
          "title": "Paper Decision",
          "decision": "Accept: poster",
          "metareview:_summary,_strengths_and_weaknesses": "I think the paper is above car for acceptance. TTIC is despite two of the reviewers giving it very low scores. In the ensuing discussion there was a lot of new information and clarifications provided by the authors, and the modifications on the paper have significantly improved it. I think the key idea of using multi view consistency in these settings is sufficient novel, and the results convincing enough to make this a worthwhile part of the conference. I very strongly encourage the authors to take all the comments by the expert reviewers to heart, and to incorporate as much material from the discussion into the revised paper as possible.",
          "justification_for_why_not_higher_score": "The paper, and in particular the initial submission, has done shortcomings indicated in the reviews. Some of these have been addressed in the modified paper, but the final revision is yet to be made, so I would be a bit conservative about promoting the paper. That said, I probably wouldn't mind if this were a spotlight.",
          "justification_for_why_not_lower_score": "Enough novelty in the main idea to justify acceptance.",
          "note_from_PC": "if the above contains the word \"oral\" or \"spotlight\" please see: \"oral\" presentation means -> notable-top-5% and \"spotlight\" means -> notable-top-25%. As stated in our emails, we are disassociating presentation type from AC recommendations"
        },
        "signatures": [
          "ICLR.cc/2023/Conference/Program_Chairs"
        ],
        "readers": [
          "everyone"
        ],
        "nonreaders": [],
        "writers": [
          "ICLR.cc/2023/Conference/Program_Chairs"
        ]
      }
    ],
    "directReplies": [
      {
        "id": "xteU9GCARjj",
        "original": null,
        "number": 1,
        "cdate": 1666702126299,
        "mdate": null,
        "ddate": null,
        "tcdate": 1666702126299,
        "tmdate": 1666702126299,
        "tddate": null,
        "forum": "2XLRBjY46O6",
        "replyto": "2XLRBjY46O6",
        "invitation": "ICLR.cc/2023/Conference/Paper2694/-/Official_Review",
        "content": {
          "confidence": "3: You are fairly confident in your assessment. It is possible that you did not understand some parts of the submission or that you are unfamiliar with some pieces of related work. Math/other details were not carefully checked.",
          "summary_of_the_paper": "This paper proposes to improve text-supervised segmentation model i.e., GroupVIT by enforcing multi-view semantic consistency. Specifically, a text-to-views consistency module is included to encourage different views to be aligned with the same text input. In addition, there is a cross-view consistency module which enforces features from the different views of the same input image to be closer. The authors conduct extensive experiments on the semantic segmentation benchmarks and show SOTA results.",
          "strength_and_weaknesses": "Strength\n\n-The idea of multi-view consistency is new in visual-language learning. This paper proposes a new method to implement the idea. \n\n-This paper outperforms GroupVIT consistently on multiple benchmarks.  \n\nWeakness\n\n-A potential related work is missing. The DenseCL [A] paper studies multi-view consistency for self-supervised contrastive learning. The author should discuss the difference.\n\n[A] Dense Contrastive Learning for Self-Supervised Visual Pre-Training. Want et al., CVPR'21",
          "clarity,_quality,_novelty_and_reproducibility": "Quality: The paper has a good quality and is evaluated extensively.\n\nClarity: The paper is written well and easy to understand.\n\nOriginality: The proposed method is new.\n",
          "summary_of_the_review": "Overall, I think this is a good paper with sufficient novelty and good results. I would recommend to accept it.",
          "correctness": "4: All of the claims and statements are well-supported and correct.",
          "technical_novelty_and_significance": "4: The contributions are significant, and do not exist in prior works.",
          "empirical_novelty_and_significance": "4: The contributions are significant, and do not exist in prior works.",
          "flag_for_ethics_review": [
            "NO."
          ],
          "recommendation": "8: accept, good paper"
        },
        "signatures": [
          "ICLR.cc/2023/Conference/Paper2694/Reviewer_kMrx"
        ],
        "readers": [
          "everyone"
        ],
        "nonreaders": [],
        "writers": [
          "ICLR.cc/2023/Conference",
          "ICLR.cc/2023/Conference/Paper2694/Reviewer_kMrx"
        ]
      },
      {
        "id": "IA1VYKg434",
        "original": null,
        "number": 2,
        "cdate": 1666772825549,
        "mdate": null,
        "ddate": null,
        "tcdate": 1666772825549,
        "tmdate": 1666772905656,
        "tddate": null,
        "forum": "2XLRBjY46O6",
        "replyto": "2XLRBjY46O6",
        "invitation": "ICLR.cc/2023/Conference/Paper2694/-/Official_Review",
        "content": {
          "confidence": "4: You are confident in your assessment, but not absolutely certain. It is unlikely, but not impossible, that you did not understand some parts of the submission or that you are unfamiliar with some pieces of related work.",
          "summary_of_the_paper": "This paper studies text-supervised semantic segmentation. The authors propose multi-View Consistent learning (ViewCo) to introduce the correspondence among multiple augmented views of the same image. The experimental results on serval datasets demonstrate the effectiveness of the proposed method.",
          "strength_and_weaknesses": "Strength\n+ Compared to the baselines and other methods, the proposed methods could bring some improvements in accuracy.\n+ Some ablation experiments are introduced to prove the effectiveness of the proposed method.\n\nWeaknesses\n-  The definition of positive pairs and negative pairs in the cross-view consistency module is missing.\n",
          "clarity,_quality,_novelty_and_reproducibility": "There are many hyperparameters and implemental details in the new system, so it could be difficult to reproduce the experimental results without the author's source code. ",
          "summary_of_the_review": "Overall, it is a solid paper and gives a reasonable idea to improve text-supervised semantic segmentation.",
          "correctness": "3: Some of the paper’s claims have minor issues. A few statements are not well-supported, or require small changes to be made correct.",
          "technical_novelty_and_significance": "3: The contributions are significant and somewhat new. Aspects of the contributions exist in prior work.",
          "empirical_novelty_and_significance": "3: The contributions are significant and somewhat new. Aspects of the contributions exist in prior work.",
          "flag_for_ethics_review": [
            "NO."
          ],
          "recommendation": "8: accept, good paper"
        },
        "signatures": [
          "ICLR.cc/2023/Conference/Paper2694/Reviewer_wv76"
        ],
        "readers": [
          "everyone"
        ],
        "nonreaders": [],
        "writers": [
          "ICLR.cc/2023/Conference",
          "ICLR.cc/2023/Conference/Paper2694/Reviewer_wv76"
        ]
      },
      {
        "id": "0kwRZ6hZ41",
        "original": null,
        "number": 3,
        "cdate": 1667419348804,
        "mdate": null,
        "ddate": null,
        "tcdate": 1667419348804,
        "tmdate": 1667419348804,
        "tddate": null,
        "forum": "2XLRBjY46O6",
        "replyto": "2XLRBjY46O6",
        "invitation": "ICLR.cc/2023/Conference/Paper2694/-/Official_Review",
        "content": {
          "confidence": "4: You are confident in your assessment, but not absolutely certain. It is unlikely, but not impossible, that you did not understand some parts of the submission or that you are unfamiliar with some pieces of related work.",
          "summary_of_the_paper": "This paper improves Group VIT, a text-supervised segmentation model, by introducing region-wise cross-view consistent regularization. The author benchmarked for zero-shot segmentation capability across multiple datasets and showed improvements over several baselines. \n\nMy primary concern with this work is selecting the positive segmentation across views, where the author assumes the segments with the same id form positive pairs. I think this assumption is wrong, and I'll expand the discussion to the Weaknesses section. \n\nThis work's contribution is also limited since most of its success is built upon the Group VIT model. The quantitative improvements from the newly introduced regularization are not substantial, around 1-2% over Group VIT.   \n\n\n\n\n\n",
          "strength_and_weaknesses": "### Strength:\n\n(1) This work improves Group VIT by enforcing view consistency\n\n(2) Author conducts substantial experiments across multiple datasets and shows consistent quantitative improvement over the baseline. \n\n### Weaknesses:\n\n(1)  I think the assumption of cross-view segment consistency by segment id is wrong. As observed in other VIT frameworks, which use learnable tokens for instance segmentation or objective detection, the tokens usually have spatial rather than semantic biases. Based on that, the segment id primarily indicates the segmentation's relative spatial location to the image, and matching group ids does not make sense (we can simply horizontally and vertically flip the images to break the assignment).  \n\nInstead of directly matching segment ids, I think reasonable alternatives are: (a) Compute bipartite matching based on group features similarity and (b) Spatially warp one view to another and compute the segmentation overlapping to match the segments. Then ignore the segment with zero overlapped pixels.   ",
          "clarity,_quality,_novelty_and_reproducibility": "The paper is well-written, and the motivation is clear. However, the novelty is limited, and the major assumption doesn't hold. ",
          "summary_of_the_review": "Given my concerns over the assumption of the objectives and the limited improvement over the baseline, I tend to reject this submission. \n\nI'll reconsider my rate if the author can justify why using segment id for cross-view consistency makes sense or provide experimental results to show that segment ids indicate semantic categories rather than spatial bases. ",
          "correctness": "2: Several of the paper’s claims are incorrect or not well-supported.",
          "technical_novelty_and_significance": "2: The contributions are only marginally significant or novel.",
          "empirical_novelty_and_significance": "2: The contributions are only marginally significant or novel.",
          "flag_for_ethics_review": [
            "NO."
          ],
          "recommendation": "3: reject, not good enough"
        },
        "signatures": [
          "ICLR.cc/2023/Conference/Paper2694/Reviewer_cqK1"
        ],
        "readers": [
          "everyone"
        ],
        "nonreaders": [],
        "writers": [
          "ICLR.cc/2023/Conference",
          "ICLR.cc/2023/Conference/Paper2694/Reviewer_cqK1"
        ]
      },
      {
        "id": "8Ov6dQDBIp",
        "original": null,
        "number": 4,
        "cdate": 1667983330983,
        "mdate": 1667983330983,
        "ddate": null,
        "tcdate": 1667983330983,
        "tmdate": 1667983330983,
        "tddate": null,
        "forum": "2XLRBjY46O6",
        "replyto": "2XLRBjY46O6",
        "invitation": "ICLR.cc/2023/Conference/Paper2694/-/Official_Review",
        "content": {
          "confidence": "4: You are confident in your assessment, but not absolutely certain. It is unlikely, but not impossible, that you did not understand some parts of the submission or that you are unfamiliar with some pieces of related work.",
          "summary_of_the_paper": "This paper focuses on text-supervised semantic segmentation by studying a multi-view consistency learning framework. Specifically, a text-to-views consistency and a cross-view segmentation consistency training strategy are proposed and added upon existing work Group VIT. The proposed method tries to construct more training constrains based on correspondence among multiple augmented views to obtain more improvements. Experiments are conducted on multiple datasets for zero-shot segmentation, e.g. PASCAL and COCO., showing improvements upon some existing baselines. \n",
          "strength_and_weaknesses": "\nStrength:\n\n+ The motivation of introducing multi-view consistency constrain to text-supervised semantic segmentation is reasonable.\n\n+ Experimental reuslts on multiple datasets show some benifits compared with existing methods. \n\n\nConcerns: \n\n- The general idea of introducing multi-view consistency constrains to vision-language pretraining models is not new. Some existing works, e.g. DeCLIP [a] have explored adding such multi-view self-supervision constrains and validated its effectiveness when learning vision-language models. The differences here are mainly about applying multi-view constrains on segment level rather than whole image when building upon the framework of Group VIT.\n\n[a] Supervision exists everywhere: A data efficient contrastive language-image pre-training paradigm, ICLR 2022\n\n-  Cross-view constrains are applied on segments of two augmented views. Since there is no guarantee for location (segments) correspondence between these two augmented views, the proposed strategy in Figure 5 of constructing positive and negative pairs for the corss-view segments seems not reasonable. \n\n- The performance of the most important baseline GroupViT seems not consistent with the original paper. For example, in Table 1 Comparison with zero-shot baselines on PASCAL VOC 2012, it reports 51.2 mIoU for GroupViT and 52.4 mIoU for the proposed method ViewCo, while in the original paper [b] GroupViT obtains 52.3 mIoU, which is much higher than 51.2 reported in this submission and is only 0.1 lower than the proposed method. Besdies, on PASCAL Context, GroupViT reports 22.4 mIoU, the improvements from ViewCo seems also marginal (23.0 mIoU v.s. 22.4 mIoU). \n\n[b] GroupViT: Semantic Segmentation Emerges from Text Supervision, CVPR 2022",
          "clarity,_quality,_novelty_and_reproducibility": "The paper is easy to follow. The novelty is limited due to the concerns raised in the Strength And Weaknesses section. The code is not provided for reproducibility.",
          "summary_of_the_review": "My current rating is based on concerns for limited technical contributions, unreasonable positive/negative pair selection for cross views, quite limited improvments upon baseline GroupViT. Please find more details in the Strength And Weaknesses section.",
          "correctness": "2: Several of the paper’s claims are incorrect or not well-supported.",
          "technical_novelty_and_significance": "2: The contributions are only marginally significant or novel.",
          "empirical_novelty_and_significance": "2: The contributions are only marginally significant or novel.",
          "flag_for_ethics_review": [
            "NO."
          ],
          "recommendation": "3: reject, not good enough"
        },
        "signatures": [
          "ICLR.cc/2023/Conference/Paper2694/Reviewer_Dedj"
        ],
        "readers": [
          "everyone"
        ],
        "nonreaders": [],
        "writers": [
          "ICLR.cc/2023/Conference",
          "ICLR.cc/2023/Conference/Paper2694/Reviewer_Dedj"
        ]
      },
      {
        "id": "tj6lge7WFK",
        "original": null,
        "number": 1,
        "cdate": 1668774108020,
        "mdate": null,
        "ddate": null,
        "tcdate": 1668774108020,
        "tmdate": 1669342126386,
        "tddate": null,
        "forum": "2XLRBjY46O6",
        "replyto": "2XLRBjY46O6",
        "invitation": "ICLR.cc/2023/Conference/Paper2694/-/Official_Comment",
        "content": {
          "title": "General Response to All Reviewers",
          "comment": "We thank all the reviewers for their time, insightful suggestions, and valuable comments. We are grateful for the positive recognition of the reviewers on our motivation (Dedj), novelty (kMrx), extensive experiments (cqK1 and wv76), and good results (Dedj, wv76, and kMrx). Reviewers Dedj and cqK1's concerns may be based on some incomplete observations. We respond to each reviewer's comments in detail below. We have also revised the main paper and the supplementary material according to the reviewers' suggestions. The main changes are listed as follows:\n\n- ViewCo *vs.* DeCLIP. We have compared and analyzed the technical implementation of DeCLIP and ViewCo in detail from three aspects: image augmentation, self-supervised strategy, and text augmentation, and there are essential differences between them. At the end of Section 3.2, we add a detailed comparison of ViewCo with DeCLIP (to Reviewer Dedj). \n\n- Semantic consistency of segments on the corresponding position IDs. ViewCo updates the parameters of the image branch based on the EMA strategy. This makes the learnable group tokens on the corresponding position IDs in different views highly correlated, thus ensuring the semantic consistency of the segments on the corresponding position IDs. In the paragraph under Eq. (2) in Section 3.1, we clarify the reason why the segment tokens on the corresponding position IDs of different views have the same semantics. Furthermore, we add a visual comparison between ViewCo and GroupViT on segmentation consistency of multiple views in Figure 8 of Appendix A.2. (to Reviewers Dedj, cqK1, and wv76).\n- Inconsistent reporting performance. The updated version of GroupViT reports the results on CC3M+CC12M+YFCC, which is different from our setting. Under the same setting, ViewCo trained on CC12M+YFCC and zero-shot transferred to VOC is significantly better than GroupViT (52.4 *vs.* 51.2). At the bottom of the page with Table 2, we add a footnote to clarify that this performance difference is due to different training set settings (to Reviewer Dedj).\n- DenseCL is based on dense contrastive learning at the pixel level, focusing more on local information. In contrast, ViewCo is based on segment-based high-level semantic contrastive learning, which helps to improve the zero-shot transfer capability of the model. In Consistent Semantics in Section 2, we add an analysis of DenseCL (to Reviewer kMrx).\n- We again have checked and revised the expression of the full text.\n\nNote that we have marked all the changes in blue. We hope our response and rebuttal revision will address the reviewers' concerns."
        },
        "signatures": [
          "ICLR.cc/2023/Conference/Paper2694/Authors"
        ],
        "readers": [
          "ICLR.cc/2023/Conference/Program_Chairs",
          "everyone",
          "ICLR.cc/2023/Conference/Paper2694/Senior_Area_Chairs",
          "ICLR.cc/2023/Conference/Paper2694/Area_Chairs",
          "ICLR.cc/2023/Conference/Paper2694/Reviewers",
          "ICLR.cc/2023/Conference/Paper2694/Reviewers/Submitted",
          "ICLR.cc/2023/Conference/Paper2694/Authors"
        ],
        "nonreaders": [],
        "writers": [
          "ICLR.cc/2023/Conference",
          "ICLR.cc/2023/Conference/Paper2694/Authors"
        ]
      },
      {
        "id": "Rk1vzUmaBRF",
        "original": null,
        "number": 1,
        "cdate": 1674241792471,
        "pdate": null,
        "mdate": null,
        "ddate": null,
        "tcdate": 1674241792471,
        "tmdate": 1674241792471,
        "tddate": null,
        "forum": "2XLRBjY46O6",
        "replyto": "2XLRBjY46O6",
        "invitation": "ICLR.cc/2023/Conference/Paper2694/-/Decision",
        "content": {
          "title": "Paper Decision",
          "decision": "Accept: poster",
          "metareview:_summary,_strengths_and_weaknesses": "I think the paper is above car for acceptance. TTIC is despite two of the reviewers giving it very low scores. In the ensuing discussion there was a lot of new information and clarifications provided by the authors, and the modifications on the paper have significantly improved it. I think the key idea of using multi view consistency in these settings is sufficient novel, and the results convincing enough to make this a worthwhile part of the conference. I very strongly encourage the authors to take all the comments by the expert reviewers to heart, and to incorporate as much material from the discussion into the revised paper as possible.",
          "justification_for_why_not_higher_score": "The paper, and in particular the initial submission, has done shortcomings indicated in the reviews. Some of these have been addressed in the modified paper, but the final revision is yet to be made, so I would be a bit conservative about promoting the paper. That said, I probably wouldn't mind if this were a spotlight.",
          "justification_for_why_not_lower_score": "Enough novelty in the main idea to justify acceptance.",
          "note_from_PC": "if the above contains the word \"oral\" or \"spotlight\" please see: \"oral\" presentation means -> notable-top-5% and \"spotlight\" means -> notable-top-25%. As stated in our emails, we are disassociating presentation type from AC recommendations"
        },
        "signatures": [
          "ICLR.cc/2023/Conference/Program_Chairs"
        ],
        "readers": [
          "everyone"
        ],
        "nonreaders": [],
        "writers": [
          "ICLR.cc/2023/Conference/Program_Chairs"
        ]
      }
    ]
  }
}