{
  "id": "3zSn48RUO8M",
  "original": "m0v-hzdvy4R",
  "number": 518,
  "cdate": 1663849858413,
  "mdate": null,
  "ddate": null,
  "tcdate": 1663849858413,
  "tmdate": 1681542590752,
  "tddate": null,
  "tauthor": "~Super_User1",
  "forum": "3zSn48RUO8M",
  "replyto": null,
  "invitation": "ICLR.cc/2023/Conference/-/Blind_Submission",
  "content": {
    "title": "What shapes the loss landscape of self supervised learning?",
    "authorids": [
      "~Liu_Ziyin1",
      "~Ekdeep_Singh_Lubana1",
      "~Masahito_Ueda1",
      "~Hidenori_Tanaka1"
    ],
    "authors": [
      "Liu Ziyin",
      "Ekdeep Singh Lubana",
      "Masahito Ueda",
      "Hidenori Tanaka"
    ],
    "keywords": [
      "loss landscape",
      "self-supervised learning",
      "collapse"
    ],
    "abstract": "Prevention of complete and dimensional collapse of representations has recently become a design principle for self-supervised learning (SSL). However, questions remain in our theoretical understanding: When do those collapses occur? What are the mechanisms and causes? We answer these questions by deriving and thoroughly analyzing an analytically tractable theory of SSL loss landscapes. In this theory, we identify the causes of the dimensional collapse and study the effect of normalization and bias. Finally, we leverage the interpretability afforded by the analytical theory to understand how dimensional collapse can be beneficial and what affects the robustness of SSL against data imbalance.",
    "anonymous_url": "I certify that there is no URL (e.g., github page) that could be used to find authors’ identity.",
    "no_acknowledgement_section": "I certify that there is no acknowledgement section in this submission for double blind review.",
    "code_of_ethics": "I acknowledge that I and all co-authors of this work have read and commit to adhering to the ICLR Code of Ethics",
    "submission_guidelines": "Yes",
    "resubmission": "",
    "student_author": "",
    "paperhash": "ziyin|what_shapes_the_loss_landscape_of_self_supervised_learning",
    "TL;DR": "We analytically solve the loss landscape of self-supervised learning and identify the causes of complete and dimensional collapse",
    "pdf": "/pdf/9fe0d11856705a878971e0912c12bf584b1f2f3a.pdf",
    "Please_choose_the_closest_area_that_your_submission_falls_into": "Deep Learning and representational learning",
    "_bibtex": "@inproceedings{\nziyin2023what,\ntitle={What shapes the loss landscape of self supervised learning?},\nauthor={Liu Ziyin and Ekdeep Singh Lubana and Masahito Ueda and Hidenori Tanaka},\nbooktitle={The Eleventh International Conference on Learning Representations },\nyear={2023},\nurl={https://openreview.net/forum?id=3zSn48RUO8M}\n}",
    "supplementary_material": "/attachment/685839045185e54cf5ed5ea89ae3c5635bb8f5cb.zip",
    "venue": "ICLR 2023 poster",
    "venueid": "ICLR.cc/2023/Conference"
  },
  "signatures": [
    "ICLR.cc/2023/Conference"
  ],
  "readers": [
    "everyone"
  ],
  "nonreaders": [],
  "writers": [
    "ICLR.cc/2023/Conference"
  ],
  "pdate": 1675279108396,
  "odate": 1664468100000,
  "details": {
    "overwriting": [],
    "tags": [],
    "writable": false,
    "replyCount": 9,
    "directReplyCount": 6,
    "revisions": true,
    "replies": [
      {
        "id": "nbwcKnmP_d",
        "original": null,
        "number": 1,
        "cdate": 1666458686600,
        "mdate": null,
        "ddate": null,
        "tcdate": 1666458686600,
        "tmdate": 1666458686600,
        "tddate": null,
        "forum": "3zSn48RUO8M",
        "replyto": "3zSn48RUO8M",
        "invitation": "ICLR.cc/2023/Conference/Paper518/-/Official_Review",
        "content": {
          "confidence": "4: You are confident in your assessment, but not absolutely certain. It is unlikely, but not impossible, that you did not understand some parts of the submission or that you are unfamiliar with some pieces of related work.",
          "summary_of_the_paper": "This paper investigates the landscape causes of collapse in self-supervised learning.\n",
          "strength_and_weaknesses": "Strength\n\n1. Existng work have conflict opinion about the collapse in SSL. This work try to fill this gap by studying the geometry of the SSL.\n\n2. This work shows that the interplay between data variation and data augmentation determines the geometry of the loss.\n\n3. They found the geometry of the loss explains when dimensional collapse can be helpful and why certain SSL\nlosses are robust against data imbalance, but not the other.\n\nSuch findings may help design a better loss in SSL.\n\n\nWeakness:\n1. The work may rely on the assumption that the augementation is x = x +e, and all the data and noise must be Gaussian also, the nerual is linear. This assumption may be strong, since they are many non-noise based augementation. It is not clear if other data augumentation still has similar results as in this work.\n\n2. If the data is imbalance as shown in 4.3 How the entire analysis appiled to this case, like if data is not Gaussian?\n\n3. The code is not available, the reproducibility is unclear.",
          "clarity,_quality,_novelty_and_reproducibility": "Clarity: the paper is clear with strong claim about the collapse in SSL.\n\nQuality: The quanlity of this paper is good. \n\nNovelty: neural collapse is not new, but this paper tries to fill the gap about conflict claim about collapse.\n\nReproducibility: It not clear since the code is not available.",
          "summary_of_the_review": "In general, Although the paper has some strong assumption, it still gives some insight about how the collapse happens in SSL. ",
          "correctness": "3: Some of the paper’s claims have minor issues. A few statements are not well-supported, or require small changes to be made correct.",
          "technical_novelty_and_significance": "3: The contributions are significant and somewhat new. Aspects of the contributions exist in prior work.",
          "empirical_novelty_and_significance": "3: The contributions are significant and somewhat new. Aspects of the contributions exist in prior work.",
          "flag_for_ethics_review": [
            "NO."
          ],
          "recommendation": "6: marginally above the acceptance threshold"
        },
        "signatures": [
          "ICLR.cc/2023/Conference/Paper518/Reviewer_Q5CS"
        ],
        "readers": [
          "everyone"
        ],
        "nonreaders": [],
        "writers": [
          "ICLR.cc/2023/Conference",
          "ICLR.cc/2023/Conference/Paper518/Reviewer_Q5CS"
        ]
      },
      {
        "id": "OrzxDmPFFyr",
        "original": null,
        "number": 2,
        "cdate": 1666657284426,
        "mdate": null,
        "ddate": null,
        "tcdate": 1666657284426,
        "tmdate": 1666657284426,
        "tddate": null,
        "forum": "3zSn48RUO8M",
        "replyto": "3zSn48RUO8M",
        "invitation": "ICLR.cc/2023/Conference/Paper518/-/Official_Review",
        "content": {
          "confidence": "3: You are fairly confident in your assessment. It is possible that you did not understand some parts of the submission or that you are unfamiliar with some pieces of related work. Math/other details were not carefully checked.",
          "summary_of_the_paper": "In this work, the authors analyze the problem of collapses in SSL from a landscape perspective. They solved a landscape that can be extended to understand the effect of normalization. Their result suggests that dimensional collapse can be explained in the minimal setting and is something neutral to learning on its own. They showed that when task-irrelevant dimensions are targeted, dimensional collapse can result in dramatically improved performance, whereas an uninformative noise will lead to collapses in the dimensions that are relevant to the task. The authors believe that It is thus important for practitioners to devise targeted data augmentation mechanisms that incorporate the correct domain knowledge. The proposed theory can serve as a theoretical foundation and baseline of any advanced theory of collapses because a correct theory should agree with our results when restricting to the case of a linear model. The authors advocated the thesis that the local geometry of the loss landscape around the origin is an essential component for understanding collapses, and this should invite more future work to understand the landscape around the origin.\n\n",
          "strength_and_weaknesses": "Pros: The authors conduct a solid and comprehensive theoretical analysis of the SSL landscape. For example, in Section 3.1, the authors show that the landscape for a class of situations in self-supervised contrastive learning can be reduced to an effective form in Eq. (3). In Proposition 1, the authors show that the variance term of the loss takes a specific form when the data is Gaussian. Moreover, in Section 4 and Appendix A, the authors illustrate some theoretical and practical implications of their analytic results.\n\nCons: Although focused on analyzing the reasons for the collapse in SSL, this work cannot account for all the SSL collapses but only identifies the results that can be directly attributed to the low-rank structure of the local minima of the landscape. The paper's numeric analysis is limited. The language and organization of the draft have space to be improved. The paper is not easy to understand due to the lack of intuitive explanation.\n\nThe authors are suggested to improve the draft by improving the points mentioned in the Cons to improve the paper.",
          "clarity,_quality,_novelty_and_reproducibility": "The paper has moderate clarity, quality, novelty, and poor reproducibility. There is no source code provided or detailed experimental settings available to reproduce the complex analysis in the paper.",
          "summary_of_the_review": "Please refer to the above sections to find the points that can be revised to improve the paper.",
          "correctness": "4: All of the claims and statements are well-supported and correct.",
          "technical_novelty_and_significance": "3: The contributions are significant and somewhat new. Aspects of the contributions exist in prior work.",
          "empirical_novelty_and_significance": "2: The contributions are only marginally significant or novel.",
          "flag_for_ethics_review": [
            "NO."
          ],
          "recommendation": "6: marginally above the acceptance threshold"
        },
        "signatures": [
          "ICLR.cc/2023/Conference/Paper518/Reviewer_m5m1"
        ],
        "readers": [
          "everyone"
        ],
        "nonreaders": [],
        "writers": [
          "ICLR.cc/2023/Conference",
          "ICLR.cc/2023/Conference/Paper518/Reviewer_m5m1"
        ]
      },
      {
        "id": "wEEBNCbTLYT",
        "original": null,
        "number": 3,
        "cdate": 1667043008149,
        "mdate": null,
        "ddate": null,
        "tcdate": 1667043008149,
        "tmdate": 1667043008149,
        "tddate": null,
        "forum": "3zSn48RUO8M",
        "replyto": "3zSn48RUO8M",
        "invitation": "ICLR.cc/2023/Conference/Paper518/-/Official_Review",
        "content": {
          "confidence": "4: You are confident in your assessment, but not absolutely certain. It is unlikely, but not impossible, that you did not understand some parts of the submission or that you are unfamiliar with some pieces of related work.",
          "summary_of_the_paper": "Self-Supervised Learning (SSL) algorithms like BarlowTwins and BYOL (both contrastive, non-contrastive) are known to suffer from $\\textit{dimension collapse}$, where the effective rank of the representations is much smaller than the dimensionality of the representation. Empirical analysis of such algorithms presents conflicting evidence on the role of $\\textit{dimensionality collapse}$ in downstream generalization. The authors give a different perspective, where they study the loss-landscape of SSL with simplified linear models. In particular, this analysis highlights the role of data augmentation & data-variation in inducing dimension collapse in the representations that could be beneficial for generalization by tuning out task-irrelevant dimensions. Building on these insights, the authors perform experiments w/ Resnet-18 on CIFAR datasets to demonstrate qualitative agreement with the theory.",
          "strength_and_weaknesses": "Some strengths of the paper are outlined below:\n+ The article is well-written and presents a coherent argument for disentangling the role of data augmentation in self-supervised learning via the lens of loss-landscape analysis. \n+ The authors provide empirical evidence that suggests some qualitative alignment in the behavior of the SSL learning objectives on realistic models/datasets.\n\nSome weaknesses of the current paper include the following:\n- The analysis focuses almost entirely on linear models, with little discussion on the validity of the nonlinear regime. \n- Though not essential, it would be helpful to have similar qualitative/quantitive experiments for more architectures (in particular transformers) to ablate the role of architecture design from a choice of the loss function.",
          "clarity,_quality,_novelty_and_reproducibility": "The paper is well-written, and critical information relevant to reproducibility is communicated extensively in the experiments section and appendix. Moreover, the authors situate their contributions well in the context of recent progress in understanding the role of geometry in SSL generalization. Further, I believe the loss-landscape analysis of contrastive/non-contrastive SSL is novel and presents a great starting point for designing augmentation strategies that lead to desirable representation characteristics.",
          "summary_of_the_review": "In summary, the authors study the local geometry of the loss landscape with self-supervised learning objectives to understand the dimension-collapse in feature space. Using simplified analytic and linear models, the authors demonstrate that dimension collapse emerges by controlling the strength of data augmentation and data variation at train time and characterize conditions that lead to generalization-friendly dimension collapse. By extending experiments to non-linear ResNet-18 models on CIFAR datasets, the authors show qualitative similarities in loss landscape under different strengths of data augmentation. ",
          "correctness": "3: Some of the paper’s claims have minor issues. A few statements are not well-supported, or require small changes to be made correct.",
          "technical_novelty_and_significance": "3: The contributions are significant and somewhat new. Aspects of the contributions exist in prior work.",
          "empirical_novelty_and_significance": "3: The contributions are significant and somewhat new. Aspects of the contributions exist in prior work.",
          "flag_for_ethics_review": [
            "NO."
          ],
          "recommendation": "6: marginally above the acceptance threshold"
        },
        "signatures": [
          "ICLR.cc/2023/Conference/Paper518/Reviewer_ffca"
        ],
        "readers": [
          "everyone"
        ],
        "nonreaders": [],
        "writers": [
          "ICLR.cc/2023/Conference",
          "ICLR.cc/2023/Conference/Paper518/Reviewer_ffca"
        ]
      },
      {
        "id": "eBcgXS1R00A",
        "original": null,
        "number": 1,
        "cdate": 1668534460025,
        "mdate": null,
        "ddate": null,
        "tcdate": 1668534460025,
        "tmdate": 1668537488974,
        "tddate": null,
        "forum": "3zSn48RUO8M",
        "replyto": "3zSn48RUO8M",
        "invitation": "ICLR.cc/2023/Conference/Paper518/-/Official_Comment",
        "content": {
          "title": "Summary of Change",
          "comment": "We thank the reviewers for their insightful feedback and unanimous support in accepting our manuscript. We are delighted to hear that the reviewers agree on the strong theoretical value of the theory: “novel and present a great starting point for designing augmentation strategies” [R ffca],” solid and comprehensive” [R m5m1], and “clear with a strong claim about the collapse in SSL” [R Q5CS]. \n\nTo reflect the valuable feedback of the reviewers, we have made extensive updates and improved the manuscript (main updates are colored in orange):\n\n1. We empirically study the loss landscape of Vision Transformers in Figure 2 and show that the main results still hold qualitatively\n\n1. We add theoretical analysis of a non-gaussian, “structured” data augmentation that encourages scale invariance (Appendix F). \n\n2. We ensure reproducibility by including a demonstration code that validates the main theoretical results of the paper\n\n4. We add more intuitive discussions whenever possible to improve the readability to a broader audience\n\nWith these additions, we are confident that the updated manuscript is significantly improved. With the addition of the vision transformer example, our theoretical results are shown to hold for different large-scale architecture qualitatively. This broadens the scope of relevance of our theory. To the best of our knowledge, this is the first broadly relevant theoretical understanding of the collapse phenomenon from a landscape perspective. We believe that our theory will serve as a foundation for future theories of collapse.\n\nLastly, thanks again for your time, and please let us know if you have any further questions.\n"
        },
        "signatures": [
          "ICLR.cc/2023/Conference/Paper518/Authors"
        ],
        "readers": [
          "everyone"
        ],
        "nonreaders": [],
        "writers": [
          "ICLR.cc/2023/Conference",
          "ICLR.cc/2023/Conference/Paper518/Authors"
        ]
      },
      {
        "id": "b5VZ_eIuWV",
        "original": null,
        "number": 2,
        "cdate": 1668534662394,
        "mdate": 1668534662394,
        "ddate": null,
        "tcdate": 1668534662394,
        "tmdate": 1668534662394,
        "tddate": null,
        "forum": "3zSn48RUO8M",
        "replyto": "wEEBNCbTLYT",
        "invitation": "ICLR.cc/2023/Conference/Paper518/-/Official_Comment",
        "content": {
          "title": "author reply",
          "comment": "Thank you so much for providing us with positive and constructive feedback! We are pleased to hear that you found our submission “well-written and presents a coherent argument for disentangling the role of data augmentation in SSL,” “the loss-landscape analysis … is novel and presents a great starting point for designing augmentation strategies that lead to desirable representation characteristics”. In the following, we would like to resolve all of your concerns.\n\n**\"The analysis focuses almost entirely on linear models, with little discussion on the validity of the nonlinear regime.\"**\n\nThank you for your question! We now dedicate the entire “Section 4.1” as well as “Appendix Section B” to thoroughly discuss and validate predictions of our theory in nonlinear models, which we have further expanded now with new experiments to reflect your feedback. Thorough empirical validation of our theory now includes\n- Landscapes of ResNet18 trained with varying strengths of data augmentation. (Fig. 2, top)\n- Landscapes of Vision Transformer trained with varying strengths of data augmentation. (Fig. 2, bottom)\n- ResNet models trained on datasets with varying degrees of imbalance, confirming our theoretical predictions on the Spectral Contrastive Loss over InfoNCE. (Fig. 4)\n- Validating “quantitative” predictions of our theory in a three-layer “nonlinear” network (App. Fig. 5)\n- Validating predictions of our theory in a three-layer nonlinear network “with normalization” (App. Fig. 6)\n- Thorough numerical comparison of landscapes between linear and nonlinear models, validating our results. (App. Fig. 7)\n\nWe agree that theoretical analysis often requires a trade-off between interpretability and assumptions/simplifications we have to make. However, we’d like to emphasize that our current discussion successfully captures the most essential point: the loss functions are rotationally invariant, which in turn makes the odd-order terms in the Taylor expansion vanish, thus making the origin a special point in the landscape. Finally, we have empirically validated the robustness of our analysis in nonlinear settings by conducting experiments both on ResNet18 and Vision Transformer with non-linear activations (see below).\n\n**\"Though not essential, it would be helpful to have similar qualitative/quantitive experiments for more architectures (in particular transformers) to ablate the role of architecture design from a choice of the loss function.\"**\n\nThanks for your suggestion. We have newly performed the experiment and added the result for the vision transformer in Figure 2. The numerical results show that the qualitative picture is the same, which successfully ablates the role of architecture design from a choice of the loss function.\n\n**Summary**: Thank you again for carefully going through our analysis and making insightful suggestions to further robustify our claim. Following your suggestions, we now dedicate the entire Section 4.1 to discussing relevance to non-linear models and empirically validating our claim in realistic settings with both Resnet 18 and Vision Transformers. In light of the substantial updates, we now believe that your concerns are fully addressed, so we'd appreciate it if you could increase the rating and confidence score. Please let us know for any further clarifications. \n"
        },
        "signatures": [
          "ICLR.cc/2023/Conference/Paper518/Authors"
        ],
        "readers": [
          "everyone"
        ],
        "nonreaders": [],
        "writers": [
          "ICLR.cc/2023/Conference",
          "ICLR.cc/2023/Conference/Paper518/Authors"
        ]
      },
      {
        "id": "7MgPuSkEjVn",
        "original": null,
        "number": 3,
        "cdate": 1668534982183,
        "mdate": 1668534982183,
        "ddate": null,
        "tcdate": 1668534982183,
        "tmdate": 1668534982183,
        "tddate": null,
        "forum": "3zSn48RUO8M",
        "replyto": "OrzxDmPFFyr",
        "invitation": "ICLR.cc/2023/Conference/Paper518/-/Official_Comment",
        "content": {
          "title": "author reply",
          "comment": "Thank you so much for taking the time to carefully read through our paper, and we are pleased that you found our submission to be “a solid and comprehensive theoretical analysis.” We now fully address your valuable feedback by providing more intuitive explanations and extensive numerical analysis. \n\n\n**\"Although focused on analyzing the reasons for the collapse in SSL, this work cannot account for all the SSL collapses but only identifies the results that can be directly attributed to the low-rank structure of the local minima of the landscape. \"**\n\nThank you for this comment, but could you clarify your statements so that we can precisely understand and address your concern? Specifically: when you say, “this work cannot account for all the SSL collapses,” this statement is without a reference. Could you provide a reference to the SSL collapses that our theory cannot account for and that you believe to be important? In our understanding, the only type of SSL collapse is the type that comes with a low-rank structure. Can you point out any other type of SSL collapse that has been studied?\n\nThat being said, the only limitation here is that we do not consider the low-rank structure that is attributable to the implicit bias of SGD, but this type of bias appears broadly in problems that are not SSL-relevant. In this regard, our paper has tackled all the known types of collapses that are specific to SSL.\n\n\n\n**\"The paper's numeric analysis is limited. \"**\n\nThank you for this feedback. To address your concern, we now included extensive numerical experiments to thoroughly test the validity of our theory, including\n- Landscapes of ResNet18 trained with varying strengths of data augmentation. (Fig. 2, top)\n- Landscapes of Vision Transformer trained with varying strengths of data augmentation. (Fig. 2, bottom)\n- ResNet models trained on datasets with varying degrees of imbalance, confirming our theoretical predictions on the Spectral Contrastive Loss over InfoNCE. (Fig. 4)\n- Validating “quantitative” predictions of our theory in a three-layer “nonlinear” network (App. Fig. 5)\n- Validating predictions of our theory in a three-layer nonlinear network “with normalization” (App. Fig. 6)\n- Thorough numerical comparison of landscapes between linear and nonlinear models, validating our results. (App. Fig. 7)\n\n\n\n**\"The language and organization of the draft have space to be improved. The paper is not easy to understand due to the lack of intuitive explanation.\"**\n\nThank you for this feedback. We have now added new experiments, including one with Vision Transformer, through which we effectively translate takeaways of our theoretical analysis into practically relevant settings. While our paper is theoretical in nature, we highlight that we made efforts to communicate intuitions and takeaways effectively:\n- Intuitive schematic illustration of how the strength of augmentation and data variation controls the landscape. (Fig. 1)\n- Table summarizing the results of our analysis for 7 distinct SSL loss functions widely used in practice. (Table 1)\n- Visualization of loss landscapes for ResNet18 and CIFAR10 (Fig. 2)\n- Application of our theory to a simple and interpretable setting (Sec. 4.2 and Fig. 3)\n\nPlease let us know if there is any part of our paper that you think would benefit from further intuitive explanations!\n\n\n**Summary**: Thank you for providing feedback that has greatly improved our manuscript. As we discussed above, our updated draft now includes (i) thorough empirical validations of our theoretical analysis in over six settings, (ii) an extensive code base so that all the results are fully reproducible, (iii) intuitive explanations through extensive visualizations and careful analysis of interpretable models. Please let us know if any further clarification would help, we are happy to implement them! We have hopefully addressed all of your concerns and would appreciate it if you could increase the rating and confidence score based on the clarifications\n"
        },
        "signatures": [
          "ICLR.cc/2023/Conference/Paper518/Authors"
        ],
        "readers": [
          "everyone"
        ],
        "nonreaders": [],
        "writers": [
          "ICLR.cc/2023/Conference",
          "ICLR.cc/2023/Conference/Paper518/Authors"
        ]
      },
      {
        "id": "117Wou94iOo",
        "original": null,
        "number": 4,
        "cdate": 1668535456856,
        "mdate": 1668535456856,
        "ddate": null,
        "tcdate": 1668535456856,
        "tmdate": 1668535456856,
        "tddate": null,
        "forum": "3zSn48RUO8M",
        "replyto": "nbwcKnmP_d",
        "invitation": "ICLR.cc/2023/Conference/Paper518/-/Official_Comment",
        "content": {
          "title": "author reply",
          "comment": "Thank you for your constructive feedback. We are pleased to hear that you found our submission clear, of good quality, and fills a gap in our understanding of representational collapse in SSL. Below, we fully address your concerns by newly adding analysis for non-gaussian data augmentation and providing a code for validating the main theoretical result. \n\n**\"The work may rely on the assumption that the augementation is x = x +e, and all the data and noise must be Gaussian also, the nerual is linear. This assumption may be strong, since they are many non-noise based augementation. It is not clear if other data augumentation still has similar results as in this work.\"**\n\nThanks for this constructive question. To reflect your valuable feedback, we now include a new section (Section F) to study an example with a structured noise that encourages a scale-invariance in the learned representation. The result shows that the main results are still qualitatively the same here, robustifying our results. Furthermore, empirical confirmation of our theory’s qualitative prediction in the case of data imbalance strengthens the robustness of our analysis in practical settings with non-gaussian data augmentation.\n\n**\"If the data is imbalance as shown in 4.3 How the entire analysis applied to this case, like if data is not Gaussian?\"**\n\nAs discussed in the paper (section 4.1), the result can be qualitatively applied to a generic non-Gaussian case because the collapse phenomenon is determined by the second-order term in the loss function, whereas the non-Gaussianity only affects the fourth-order term and above. Thus, when the data is imbalanced, its data covariance will also be imbalanced. Specifically, the eigenvalues corresponding to the class with fewer data will be smaller. This directly influences the stability and geometry of the loss function around the origin, which, in turn, determines the collapse phenomenon, as the proposed theory implies.\n\n**\"The code is not available, the reproducibility is unclear.\"**\n\nWe now provide a preliminary code to validate the main theoretical results. We will provide more extensive polished code and add annotations after publication.\n\n**Summary**: Thank you again for the constructive feedback that led us to develop a new section on the analysis of non-Gaussian data augmentation. Together with the numerical analysis with non-Gaussian data augmentation in a practical setting with data imbalance and the extensive code base we now provide for reproducibility, we believe we have now fully addressed your concerns. In light of those updates, we would appreciate it if you could consider increasing the rating score to support the acceptance.\n"
        },
        "signatures": [
          "ICLR.cc/2023/Conference/Paper518/Authors"
        ],
        "readers": [
          "everyone"
        ],
        "nonreaders": [],
        "writers": [
          "ICLR.cc/2023/Conference",
          "ICLR.cc/2023/Conference/Paper518/Authors"
        ]
      },
      {
        "id": "ynXBz6fQNS",
        "original": null,
        "number": 5,
        "cdate": 1669434249417,
        "mdate": 1669434249417,
        "ddate": null,
        "tcdate": 1669434249417,
        "tmdate": 1669434249417,
        "tddate": null,
        "forum": "3zSn48RUO8M",
        "replyto": "3zSn48RUO8M",
        "invitation": "ICLR.cc/2023/Conference/Paper518/-/Official_Comment",
        "content": {
          "title": "Following up on authors’ response and discussion",
          "comment": "Dear Reviewers,\n\nThank you very much again for performing this extremely valuable service to the ICLR community.\n\nPlease check the authors’ response and leave comments if you have not done it.\n\nBest,\n\nAC"
        },
        "signatures": [
          "ICLR.cc/2023/Conference/Paper518/Area_Chair_oWLB"
        ],
        "readers": [
          "everyone"
        ],
        "nonreaders": [],
        "writers": [
          "ICLR.cc/2023/Conference",
          "ICLR.cc/2023/Conference/Paper518/Area_Chair_oWLB"
        ]
      },
      {
        "id": "i8uiNTnlSZ",
        "original": null,
        "number": 1,
        "cdate": 1674241825558,
        "pdate": null,
        "mdate": null,
        "ddate": null,
        "tcdate": 1674241825558,
        "tmdate": 1674241825558,
        "tddate": null,
        "forum": "3zSn48RUO8M",
        "replyto": "3zSn48RUO8M",
        "invitation": "ICLR.cc/2023/Conference/Paper518/-/Decision",
        "content": {
          "title": "Paper Decision",
          "decision": "Accept: poster",
          "metareview:_summary,_strengths_and_weaknesses": "The paper provides a theoretical explanation of the dimensional collapse problem in self-supervised learning. Unlike Jing et al. studies the learning dynamics of models for this purpose, this paper suggests the loss landscape around the origin as another way to understand this phenomenon. Specifically, the paper proposes an analytical theory on linear models and demonstrates that the proposed theory meets the empirical observations from non-linear models such as ResNet.\n\nAfter the discussion phase, the reviewers unanimously supported the acceptance of this paper. The main concerns of the reviewers were the strong assumption of the linear model and Gaussian data augmentation and the limited numerical results. The author addressed these concerns by providing additional theoretical analysis on non-Gaussian data augmentation and additional experiments on non-linear models, including Vision Transformers.",
          "justification_for_why_not_higher_score": "This is a theory paper, primarily assuming linear models. Hence, the practical impact is not super.",
          "justification_for_why_not_lower_score": "This is a solid theory paper, worth to share to the community.",
          "note_from_PC": "if the above contains the word \"oral\" or \"spotlight\" please see: \"oral\" presentation means -> notable-top-5% and \"spotlight\" means -> notable-top-25%. As stated in our emails, we are disassociating presentation type from AC recommendations"
        },
        "signatures": [
          "ICLR.cc/2023/Conference/Program_Chairs"
        ],
        "readers": [
          "everyone"
        ],
        "nonreaders": [],
        "writers": [
          "ICLR.cc/2023/Conference/Program_Chairs"
        ]
      }
    ],
    "directReplies": [
      {
        "id": "nbwcKnmP_d",
        "original": null,
        "number": 1,
        "cdate": 1666458686600,
        "mdate": null,
        "ddate": null,
        "tcdate": 1666458686600,
        "tmdate": 1666458686600,
        "tddate": null,
        "forum": "3zSn48RUO8M",
        "replyto": "3zSn48RUO8M",
        "invitation": "ICLR.cc/2023/Conference/Paper518/-/Official_Review",
        "content": {
          "confidence": "4: You are confident in your assessment, but not absolutely certain. It is unlikely, but not impossible, that you did not understand some parts of the submission or that you are unfamiliar with some pieces of related work.",
          "summary_of_the_paper": "This paper investigates the landscape causes of collapse in self-supervised learning.\n",
          "strength_and_weaknesses": "Strength\n\n1. Existng work have conflict opinion about the collapse in SSL. This work try to fill this gap by studying the geometry of the SSL.\n\n2. This work shows that the interplay between data variation and data augmentation determines the geometry of the loss.\n\n3. They found the geometry of the loss explains when dimensional collapse can be helpful and why certain SSL\nlosses are robust against data imbalance, but not the other.\n\nSuch findings may help design a better loss in SSL.\n\n\nWeakness:\n1. The work may rely on the assumption that the augementation is x = x +e, and all the data and noise must be Gaussian also, the nerual is linear. This assumption may be strong, since they are many non-noise based augementation. It is not clear if other data augumentation still has similar results as in this work.\n\n2. If the data is imbalance as shown in 4.3 How the entire analysis appiled to this case, like if data is not Gaussian?\n\n3. The code is not available, the reproducibility is unclear.",
          "clarity,_quality,_novelty_and_reproducibility": "Clarity: the paper is clear with strong claim about the collapse in SSL.\n\nQuality: The quanlity of this paper is good. \n\nNovelty: neural collapse is not new, but this paper tries to fill the gap about conflict claim about collapse.\n\nReproducibility: It not clear since the code is not available.",
          "summary_of_the_review": "In general, Although the paper has some strong assumption, it still gives some insight about how the collapse happens in SSL. ",
          "correctness": "3: Some of the paper’s claims have minor issues. A few statements are not well-supported, or require small changes to be made correct.",
          "technical_novelty_and_significance": "3: The contributions are significant and somewhat new. Aspects of the contributions exist in prior work.",
          "empirical_novelty_and_significance": "3: The contributions are significant and somewhat new. Aspects of the contributions exist in prior work.",
          "flag_for_ethics_review": [
            "NO."
          ],
          "recommendation": "6: marginally above the acceptance threshold"
        },
        "signatures": [
          "ICLR.cc/2023/Conference/Paper518/Reviewer_Q5CS"
        ],
        "readers": [
          "everyone"
        ],
        "nonreaders": [],
        "writers": [
          "ICLR.cc/2023/Conference",
          "ICLR.cc/2023/Conference/Paper518/Reviewer_Q5CS"
        ]
      },
      {
        "id": "OrzxDmPFFyr",
        "original": null,
        "number": 2,
        "cdate": 1666657284426,
        "mdate": null,
        "ddate": null,
        "tcdate": 1666657284426,
        "tmdate": 1666657284426,
        "tddate": null,
        "forum": "3zSn48RUO8M",
        "replyto": "3zSn48RUO8M",
        "invitation": "ICLR.cc/2023/Conference/Paper518/-/Official_Review",
        "content": {
          "confidence": "3: You are fairly confident in your assessment. It is possible that you did not understand some parts of the submission or that you are unfamiliar with some pieces of related work. Math/other details were not carefully checked.",
          "summary_of_the_paper": "In this work, the authors analyze the problem of collapses in SSL from a landscape perspective. They solved a landscape that can be extended to understand the effect of normalization. Their result suggests that dimensional collapse can be explained in the minimal setting and is something neutral to learning on its own. They showed that when task-irrelevant dimensions are targeted, dimensional collapse can result in dramatically improved performance, whereas an uninformative noise will lead to collapses in the dimensions that are relevant to the task. The authors believe that It is thus important for practitioners to devise targeted data augmentation mechanisms that incorporate the correct domain knowledge. The proposed theory can serve as a theoretical foundation and baseline of any advanced theory of collapses because a correct theory should agree with our results when restricting to the case of a linear model. The authors advocated the thesis that the local geometry of the loss landscape around the origin is an essential component for understanding collapses, and this should invite more future work to understand the landscape around the origin.\n\n",
          "strength_and_weaknesses": "Pros: The authors conduct a solid and comprehensive theoretical analysis of the SSL landscape. For example, in Section 3.1, the authors show that the landscape for a class of situations in self-supervised contrastive learning can be reduced to an effective form in Eq. (3). In Proposition 1, the authors show that the variance term of the loss takes a specific form when the data is Gaussian. Moreover, in Section 4 and Appendix A, the authors illustrate some theoretical and practical implications of their analytic results.\n\nCons: Although focused on analyzing the reasons for the collapse in SSL, this work cannot account for all the SSL collapses but only identifies the results that can be directly attributed to the low-rank structure of the local minima of the landscape. The paper's numeric analysis is limited. The language and organization of the draft have space to be improved. The paper is not easy to understand due to the lack of intuitive explanation.\n\nThe authors are suggested to improve the draft by improving the points mentioned in the Cons to improve the paper.",
          "clarity,_quality,_novelty_and_reproducibility": "The paper has moderate clarity, quality, novelty, and poor reproducibility. There is no source code provided or detailed experimental settings available to reproduce the complex analysis in the paper.",
          "summary_of_the_review": "Please refer to the above sections to find the points that can be revised to improve the paper.",
          "correctness": "4: All of the claims and statements are well-supported and correct.",
          "technical_novelty_and_significance": "3: The contributions are significant and somewhat new. Aspects of the contributions exist in prior work.",
          "empirical_novelty_and_significance": "2: The contributions are only marginally significant or novel.",
          "flag_for_ethics_review": [
            "NO."
          ],
          "recommendation": "6: marginally above the acceptance threshold"
        },
        "signatures": [
          "ICLR.cc/2023/Conference/Paper518/Reviewer_m5m1"
        ],
        "readers": [
          "everyone"
        ],
        "nonreaders": [],
        "writers": [
          "ICLR.cc/2023/Conference",
          "ICLR.cc/2023/Conference/Paper518/Reviewer_m5m1"
        ]
      },
      {
        "id": "wEEBNCbTLYT",
        "original": null,
        "number": 3,
        "cdate": 1667043008149,
        "mdate": null,
        "ddate": null,
        "tcdate": 1667043008149,
        "tmdate": 1667043008149,
        "tddate": null,
        "forum": "3zSn48RUO8M",
        "replyto": "3zSn48RUO8M",
        "invitation": "ICLR.cc/2023/Conference/Paper518/-/Official_Review",
        "content": {
          "confidence": "4: You are confident in your assessment, but not absolutely certain. It is unlikely, but not impossible, that you did not understand some parts of the submission or that you are unfamiliar with some pieces of related work.",
          "summary_of_the_paper": "Self-Supervised Learning (SSL) algorithms like BarlowTwins and BYOL (both contrastive, non-contrastive) are known to suffer from $\\textit{dimension collapse}$, where the effective rank of the representations is much smaller than the dimensionality of the representation. Empirical analysis of such algorithms presents conflicting evidence on the role of $\\textit{dimensionality collapse}$ in downstream generalization. The authors give a different perspective, where they study the loss-landscape of SSL with simplified linear models. In particular, this analysis highlights the role of data augmentation & data-variation in inducing dimension collapse in the representations that could be beneficial for generalization by tuning out task-irrelevant dimensions. Building on these insights, the authors perform experiments w/ Resnet-18 on CIFAR datasets to demonstrate qualitative agreement with the theory.",
          "strength_and_weaknesses": "Some strengths of the paper are outlined below:\n+ The article is well-written and presents a coherent argument for disentangling the role of data augmentation in self-supervised learning via the lens of loss-landscape analysis. \n+ The authors provide empirical evidence that suggests some qualitative alignment in the behavior of the SSL learning objectives on realistic models/datasets.\n\nSome weaknesses of the current paper include the following:\n- The analysis focuses almost entirely on linear models, with little discussion on the validity of the nonlinear regime. \n- Though not essential, it would be helpful to have similar qualitative/quantitive experiments for more architectures (in particular transformers) to ablate the role of architecture design from a choice of the loss function.",
          "clarity,_quality,_novelty_and_reproducibility": "The paper is well-written, and critical information relevant to reproducibility is communicated extensively in the experiments section and appendix. Moreover, the authors situate their contributions well in the context of recent progress in understanding the role of geometry in SSL generalization. Further, I believe the loss-landscape analysis of contrastive/non-contrastive SSL is novel and presents a great starting point for designing augmentation strategies that lead to desirable representation characteristics.",
          "summary_of_the_review": "In summary, the authors study the local geometry of the loss landscape with self-supervised learning objectives to understand the dimension-collapse in feature space. Using simplified analytic and linear models, the authors demonstrate that dimension collapse emerges by controlling the strength of data augmentation and data variation at train time and characterize conditions that lead to generalization-friendly dimension collapse. By extending experiments to non-linear ResNet-18 models on CIFAR datasets, the authors show qualitative similarities in loss landscape under different strengths of data augmentation. ",
          "correctness": "3: Some of the paper’s claims have minor issues. A few statements are not well-supported, or require small changes to be made correct.",
          "technical_novelty_and_significance": "3: The contributions are significant and somewhat new. Aspects of the contributions exist in prior work.",
          "empirical_novelty_and_significance": "3: The contributions are significant and somewhat new. Aspects of the contributions exist in prior work.",
          "flag_for_ethics_review": [
            "NO."
          ],
          "recommendation": "6: marginally above the acceptance threshold"
        },
        "signatures": [
          "ICLR.cc/2023/Conference/Paper518/Reviewer_ffca"
        ],
        "readers": [
          "everyone"
        ],
        "nonreaders": [],
        "writers": [
          "ICLR.cc/2023/Conference",
          "ICLR.cc/2023/Conference/Paper518/Reviewer_ffca"
        ]
      },
      {
        "id": "eBcgXS1R00A",
        "original": null,
        "number": 1,
        "cdate": 1668534460025,
        "mdate": null,
        "ddate": null,
        "tcdate": 1668534460025,
        "tmdate": 1668537488974,
        "tddate": null,
        "forum": "3zSn48RUO8M",
        "replyto": "3zSn48RUO8M",
        "invitation": "ICLR.cc/2023/Conference/Paper518/-/Official_Comment",
        "content": {
          "title": "Summary of Change",
          "comment": "We thank the reviewers for their insightful feedback and unanimous support in accepting our manuscript. We are delighted to hear that the reviewers agree on the strong theoretical value of the theory: “novel and present a great starting point for designing augmentation strategies” [R ffca],” solid and comprehensive” [R m5m1], and “clear with a strong claim about the collapse in SSL” [R Q5CS]. \n\nTo reflect the valuable feedback of the reviewers, we have made extensive updates and improved the manuscript (main updates are colored in orange):\n\n1. We empirically study the loss landscape of Vision Transformers in Figure 2 and show that the main results still hold qualitatively\n\n1. We add theoretical analysis of a non-gaussian, “structured” data augmentation that encourages scale invariance (Appendix F). \n\n2. We ensure reproducibility by including a demonstration code that validates the main theoretical results of the paper\n\n4. We add more intuitive discussions whenever possible to improve the readability to a broader audience\n\nWith these additions, we are confident that the updated manuscript is significantly improved. With the addition of the vision transformer example, our theoretical results are shown to hold for different large-scale architecture qualitatively. This broadens the scope of relevance of our theory. To the best of our knowledge, this is the first broadly relevant theoretical understanding of the collapse phenomenon from a landscape perspective. We believe that our theory will serve as a foundation for future theories of collapse.\n\nLastly, thanks again for your time, and please let us know if you have any further questions.\n"
        },
        "signatures": [
          "ICLR.cc/2023/Conference/Paper518/Authors"
        ],
        "readers": [
          "everyone"
        ],
        "nonreaders": [],
        "writers": [
          "ICLR.cc/2023/Conference",
          "ICLR.cc/2023/Conference/Paper518/Authors"
        ]
      },
      {
        "id": "ynXBz6fQNS",
        "original": null,
        "number": 5,
        "cdate": 1669434249417,
        "mdate": 1669434249417,
        "ddate": null,
        "tcdate": 1669434249417,
        "tmdate": 1669434249417,
        "tddate": null,
        "forum": "3zSn48RUO8M",
        "replyto": "3zSn48RUO8M",
        "invitation": "ICLR.cc/2023/Conference/Paper518/-/Official_Comment",
        "content": {
          "title": "Following up on authors’ response and discussion",
          "comment": "Dear Reviewers,\n\nThank you very much again for performing this extremely valuable service to the ICLR community.\n\nPlease check the authors’ response and leave comments if you have not done it.\n\nBest,\n\nAC"
        },
        "signatures": [
          "ICLR.cc/2023/Conference/Paper518/Area_Chair_oWLB"
        ],
        "readers": [
          "everyone"
        ],
        "nonreaders": [],
        "writers": [
          "ICLR.cc/2023/Conference",
          "ICLR.cc/2023/Conference/Paper518/Area_Chair_oWLB"
        ]
      },
      {
        "id": "i8uiNTnlSZ",
        "original": null,
        "number": 1,
        "cdate": 1674241825558,
        "pdate": null,
        "mdate": null,
        "ddate": null,
        "tcdate": 1674241825558,
        "tmdate": 1674241825558,
        "tddate": null,
        "forum": "3zSn48RUO8M",
        "replyto": "3zSn48RUO8M",
        "invitation": "ICLR.cc/2023/Conference/Paper518/-/Decision",
        "content": {
          "title": "Paper Decision",
          "decision": "Accept: poster",
          "metareview:_summary,_strengths_and_weaknesses": "The paper provides a theoretical explanation of the dimensional collapse problem in self-supervised learning. Unlike Jing et al. studies the learning dynamics of models for this purpose, this paper suggests the loss landscape around the origin as another way to understand this phenomenon. Specifically, the paper proposes an analytical theory on linear models and demonstrates that the proposed theory meets the empirical observations from non-linear models such as ResNet.\n\nAfter the discussion phase, the reviewers unanimously supported the acceptance of this paper. The main concerns of the reviewers were the strong assumption of the linear model and Gaussian data augmentation and the limited numerical results. The author addressed these concerns by providing additional theoretical analysis on non-Gaussian data augmentation and additional experiments on non-linear models, including Vision Transformers.",
          "justification_for_why_not_higher_score": "This is a theory paper, primarily assuming linear models. Hence, the practical impact is not super.",
          "justification_for_why_not_lower_score": "This is a solid theory paper, worth to share to the community.",
          "note_from_PC": "if the above contains the word \"oral\" or \"spotlight\" please see: \"oral\" presentation means -> notable-top-5% and \"spotlight\" means -> notable-top-25%. As stated in our emails, we are disassociating presentation type from AC recommendations"
        },
        "signatures": [
          "ICLR.cc/2023/Conference/Program_Chairs"
        ],
        "readers": [
          "everyone"
        ],
        "nonreaders": [],
        "writers": [
          "ICLR.cc/2023/Conference/Program_Chairs"
        ]
      }
    ]
  }
}