{
  "id": "4cOfD2qL6T",
  "original": "elaMB9fj8uM",
  "number": 5276,
  "cdate": 1663850425830,
  "mdate": null,
  "ddate": null,
  "tcdate": 1663850425830,
  "tmdate": 1677693158058,
  "tddate": null,
  "tauthor": "~Super_User1",
  "forum": "4cOfD2qL6T",
  "replyto": null,
  "invitation": "ICLR.cc/2023/Conference/-/Blind_Submission",
  "content": {
    "title": "Exploring perceptual straightness in learned visual representations",
    "authorids": [
      "~Anne_Harrington1",
      "~Vasha_DuTell2",
      "~Ayush_Tewari2",
      "~Mark_Hamilton1",
      "~Simon_Stent1",
      "~Ruth_Rosenholtz1",
      "~William_T._Freeman1"
    ],
    "authors": [
      "Anne Harrington",
      "Vasha DuTell",
      "Ayush Tewari",
      "Mark Hamilton",
      "Simon Stent",
      "Ruth Rosenholtz",
      "William T. Freeman"
    ],
    "keywords": [
      "adversarial robustness",
      "deep learning",
      "representation learning",
      "computer vision",
      "neuroscience",
      "human vision"
    ],
    "abstract": "Humans have been shown to use a ''straightened'' encoding to represent the natural visual world as it evolves in time (Henaff et al. 2019). In the context of discrete video sequences, ''straightened'' means that changes between frames follow a more linear path in representation space at progressively deeper levels of processing. While deep convolutional networks are often proposed as models of human visual processing, many do not straighten natural videos. In this paper, we explore the relationship between network architecture, differing types of robustness, biologically-inspired filtering mechanisms, and representational straightness in response to time-varying input; we identify strengths and limitations of straightness as a useful way of evaluating neural network representations. We find that (1) adversarial training leads to straighter representations in both CNN and transformer-based architectures but (2) this effect is task-dependent, not generalizing to tasks such as segmentation and frame-prediction, where straight representations are not favorable for predictions; and nor to other types of robustness. In addition, (3) straighter representations impart temporal stability to class predictions, even for out-of-distribution data. Finally, (4) biologically-inspired elements increase straightness in the early stages of a network, but do not guarantee increased straightness in downstream layers of CNNs. We show that straightness is an easily computed measure of representational robustness and stability, as well as a hallmark of human representations with benefits for computer vision models.",
    "anonymous_url": "I certify that there is no URL (e.g., github page) that could be used to find authors’ identity.",
    "no_acknowledgement_section": "I certify that there is no acknowledgement section in this submission for double blind review.",
    "code_of_ethics": "I acknowledge that I and all co-authors of this work have read and commit to adhering to the ICLR Code of Ethics",
    "submission_guidelines": "Yes",
    "resubmission": "",
    "student_author": "",
    "Please_choose_the_closest_area_that_your_submission_falls_into": "Neuroscience and Cognitive Science (e.g., neural coding, brain-computer interfaces)",
    "paperhash": "harrington|exploring_perceptual_straightness_in_learned_visual_representations",
    "pdf": "/pdf/123b8a992a9e420ee592c1f8b175c9a439aa2f58.pdf",
    "supplementary_material": "/attachment/bd50569969c39f29c207556de802d53fd0a672f7.zip",
    "_bibtex": "@inproceedings{\nharrington2023exploring,\ntitle={Exploring perceptual straightness in learned visual representations},\nauthor={Anne Harrington and Vasha DuTell and Ayush Tewari and Mark Hamilton and Simon Stent and Ruth Rosenholtz and William T. Freeman},\nbooktitle={The Eleventh International Conference on Learning Representations },\nyear={2023},\nurl={https://openreview.net/forum?id=4cOfD2qL6T}\n}",
    "venue": "ICLR 2023 poster",
    "venueid": "ICLR.cc/2023/Conference"
  },
  "signatures": [
    "ICLR.cc/2023/Conference"
  ],
  "readers": [
    "everyone"
  ],
  "nonreaders": [],
  "writers": [
    "ICLR.cc/2023/Conference"
  ],
  "pdate": 1675279385443,
  "odate": 1664468100000,
  "details": {
    "overwriting": [],
    "tags": [],
    "writable": false,
    "replyCount": 15,
    "directReplyCount": 4,
    "revisions": true,
    "replies": [
      {
        "id": "h-rItKtD31z",
        "original": null,
        "number": 1,
        "cdate": 1666641225208,
        "mdate": null,
        "ddate": null,
        "tcdate": 1666641225208,
        "tmdate": 1669487092813,
        "tddate": null,
        "forum": "4cOfD2qL6T",
        "replyto": "4cOfD2qL6T",
        "invitation": "ICLR.cc/2023/Conference/Paper5276/-/Official_Review",
        "content": {
          "confidence": "4: You are confident in your assessment, but not absolutely certain. It is unlikely, but not impossible, that you did not understand some parts of the submission or that you are unfamiliar with some pieces of related work.",
          "summary_of_the_paper": "The authors present an analysis of deep learning models using the change in curvature across frames of videos from pixel space to the representation space. The authors find that training deep networks on classification with adversarial images leads to straighter (like human visual representations, Henaff et al 2019) representations. They also analyze biologically plausible networks to show that there is some (in the early layers) increase in straightness but not consistent across the complete hierarchy. I find the presented analyses to be interesting, but I don't think the authors have clearly conveyed how their contributions impact either machine learning or vision science. ",
          "strength_and_weaknesses": "Strengths:\n1) Clarity of writing and figures. The paper is written with great clarity. Figures such as Fig 1 and Fig 2 are elegant and clear to convey what the authors are studying in this work. \n2) Diverse evaluation. The authors have evaluated the representational straightness in a wide range of diverse deep neural network architectures from the robust and non-robust classes for image recognition and segmentation. They also evaluate multiple biologically plausible models that are of great interest to the visual neuroscience and vision science communities. \n3) Fig 5, $\\epsilon$ vs curvature change. I found this result to be quite interesting that increasing adversarial attack strength also increases straightness. It would be nice to see how much each of these attack strengths contributes to adversarial robustness as well.\n\nWeaknesses:\n1) Significance of the contribution to representation learning. The authors have mentioned in several places how straighter representations bear more advantages than test accuracy, such as robustness, alignment to human perception, and representational stability. However, I don't find any experiment/analysis that quantifies these advantages or even demonstrates them. Is representational straightness predictive of improved robustness to adversarial attacks and OOD shift? While it is obvious that adversarial training improves robustness to adversarial attacks, I would like to see the relationship between adversarial robustness and representational straightness. Similarly one could also correlate straightness with model generalization to OOD shift on benchmarks such as ImageNet-c. These evaluations would add more information about how significant the straightness changes are and how they relate to the representation quality.\n\n2) Non-matching models in robust and non-robust class. Since one of the main takeaways of the paper is that adversarial training improves straightness, I expect to see clearly how the same architecture (and same rnd seed) -- when fixing other factors of variability such as dataset, training set size, training hyperparameters -- varies in their representation straightness. There are some matching models in the robust and non-robust classes in Fig 3. If the above conditions of varying adversarial training in an isolated manner was what was performed for this analysis, I would suggest the authors please make this clear in writing. \n\n3) Hard to understand model specifications from legends. I believe in some figures (e.g Fig 4, 5, 6) it is difficult to know the combination of architecture + training dataset. I would suggest the authors to use a common template to define models e.g. Architecture_NumberOfLayers_Dataset_Task and it would make reading the plots much easier. \n\n4) Discussion section. Currently the discussion section presents a summary of the results in the paper (how curvature changes as a function of adversarial training, optimization task etc.) but does not discuss in detail why these observations are relevant to designing future deep learning models or to human visual representations. This section could be greatly improved to highlight why, in the authors' perspective, the results are of importance to representation learning and human vision.",
          "clarity,_quality,_novelty_and_reproducibility": "- The presented work is written with great clarity. Figures that explain the authors methods such as Figs 1, 2 were very useful to understand the paper's main theme. Some of the result figure legends however lacked clarity as highlighted in my reviews. \n- This work is a novel extension of prior work analysing representational straightness in the context of adversarial training. I don't find any big reproducibility issues per se, however, the code and weights for segmentation models isn't available in the Network Comparison Spreadsheet in the supplemental data.",
          "summary_of_the_review": "I think the paper presents an interesting set of results linking representational straightness to adversarial training. However, without any evidence on a) how straightness better predicts human visual behavior/neural data or b) how straightness leads to more adversarially or OOD robust deep learning models, I am presented with a partial picture of the significance of the contributions. At this stage, I find the paper to be borderline and would be comfortable recommending acceptance if the authors make the suggested changes mentioned in my review above. Mainly, addressing the following points (quoting from my review) and how the results turn out to be will influence a change in my score:\n\n\"Is representational straightness predictive of improved robustness to adversarial attacks and OOD shift? While it is obvious that adversarial training improves robustness to adversarial attacks, I would like to see the relationship between adversarial robustness and representational straightness. Similarly one could also correlate straightness with model generalization to OOD shift on benchmarks such as ImageNet-c. These evaluations would add more information about how significant the straightness changes are and how they relate to the representation quality.\"",
          "correctness": "3: Some of the paper’s claims have minor issues. A few statements are not well-supported, or require small changes to be made correct.",
          "technical_novelty_and_significance": "2: The contributions are only marginally significant or novel.",
          "empirical_novelty_and_significance": "2: The contributions are only marginally significant or novel.",
          "flag_for_ethics_review": [
            "NO."
          ],
          "recommendation": "6: marginally above the acceptance threshold"
        },
        "signatures": [
          "ICLR.cc/2023/Conference/Paper5276/Reviewer_eEJj"
        ],
        "readers": [
          "everyone"
        ],
        "nonreaders": [],
        "writers": [
          "ICLR.cc/2023/Conference",
          "ICLR.cc/2023/Conference/Paper5276/Reviewer_eEJj"
        ]
      },
      {
        "id": "uG_a3WpQklp",
        "original": null,
        "number": 2,
        "cdate": 1666665067999,
        "mdate": null,
        "ddate": null,
        "tcdate": 1666665067999,
        "tmdate": 1669229414210,
        "tddate": null,
        "forum": "4cOfD2qL6T",
        "replyto": "4cOfD2qL6T",
        "invitation": "ICLR.cc/2023/Conference/Paper5276/-/Official_Review",
        "content": {
          "confidence": "2: You are willing to defend your assessment, but it is quite likely that you did not understand the central parts of the submission or that you are unfamiliar with some pieces of related work. Math/other details were not carefully checked.",
          "summary_of_the_paper": "This paper investigates the perceptual straightness of a large set of modern vision models. Authors start from the observation that representation straightness is a known property of biological vision. They then define a metric to capture the average output curvature on a video and evaluate a wide range of models (resnet/vit trained for classification, segmentation models and biologically inspired model).\n\nThe main conclusions of the study are:\n1)\tNon-adversely trained models have the highest output curvature\n2)\tAdversarial training can reduce the model output curvature, when trained with classification tasks but not for all the tasks, i.e. it is not case for segmentation.\n3)\tBiologically inspired mechanism can also reduce the model output curvatures.\n",
          "strength_and_weaknesses": "Strength:\n-\tThe proposed study appears novel to me and is well motivated.\n-\t Authors perform an extensive evaluation on impressive number of models.\n\nWeaknesses:\n-\tWhile the study is motivated by finding in biological system, it’s unclear why perceptual straightness is a desirable property from a machine learning perspective. It would be nice to identify a set of tasks where improved straightness has a benefit, beyond adversarial robustness.\n-\tWhat is the impact of the dataset distribution on which we compute the output curvature? The evaluation protocol only uses 12 videos to compute this metric. Would the finding remain stable if we were to use different videos?\n-\tVideos are most likely out-of-distribution with respect to the training dataset. Would the finding be similar if we were to reduce the distribution shift between training and evaluation?\n\n",
          "clarity,_quality,_novelty_and_reproducibility": "The paper is easy to follow, and the empirical evaluation appears and novel to me.",
          "summary_of_the_review": "The paper proposes an interesting empirical study. The significance of the paper could be improved by better demonstrating the advantage of representation with a higher level of straightness and showing that the conclusions are robust to the choice of the video dataset used in evaluation.\n\n\n=== After reading rebuttal.\n\nThank you for your responses. The rebuttal addressed most of my original concerns, I updated my score accordingly.\n\n",
          "correctness": "3: Some of the paper’s claims have minor issues. A few statements are not well-supported, or require small changes to be made correct.",
          "technical_novelty_and_significance": "3: The contributions are significant and somewhat new. Aspects of the contributions exist in prior work.",
          "empirical_novelty_and_significance": "3: The contributions are significant and somewhat new. Aspects of the contributions exist in prior work.",
          "flag_for_ethics_review": [
            "NO."
          ],
          "recommendation": "6: marginally above the acceptance threshold"
        },
        "signatures": [
          "ICLR.cc/2023/Conference/Paper5276/Reviewer_zqwQ"
        ],
        "readers": [
          "everyone"
        ],
        "nonreaders": [],
        "writers": [
          "ICLR.cc/2023/Conference",
          "ICLR.cc/2023/Conference/Paper5276/Reviewer_zqwQ"
        ]
      },
      {
        "id": "6gn8aWn1K2M",
        "original": null,
        "number": 3,
        "cdate": 1666776088909,
        "mdate": null,
        "ddate": null,
        "tcdate": 1666776088909,
        "tmdate": 1669711327081,
        "tddate": null,
        "forum": "4cOfD2qL6T",
        "replyto": "4cOfD2qL6T",
        "invitation": "ICLR.cc/2023/Conference/Paper5276/-/Official_Review",
        "content": {
          "confidence": "4: You are confident in your assessment, but not absolutely certain. It is unlikely, but not impossible, that you did not understand some parts of the submission or that you are unfamiliar with some pieces of related work.",
          "summary_of_the_paper": "The authors propose to leverage a recent finding about human visual perception of movies to evaluate a variety of neural network architectures trained on different tasks. The visual feature is that humans tend to perceive movies with relatively less curvature from frame to frame compared to the actual curvature measured on pixels. We say that visual perception is straightening movies. The proposed work has three contributions :\n(i) adversarial training often leads to straightening in CNN and Vision Transformers,\n(ii) straightening depends on the training task (eg no straightening for segmentation),\n(iii) biologically-inspired piece of architecture always leads to straightening when going deeper and deeper. ",
          "strength_and_weaknesses": "Strength :\n- straightening in neural network hasn't been previously evaluated,\n- the work provides an overview of straightening in many architectures trained on many tasks,\n- the work establishes a link between straightening and robustness,\n- single focus paper with a clear message.\n\nWeaknesses : \n- the claims about robustness are weak because only adversarial training is used while there are other ways to enforce robustness,\n- the authors failed to explain why \"curvature is a useful way of evaluating neural networks representations\". ",
          "clarity,_quality,_novelty_and_reproducibility": "Clarity:\nThe paper is clearly written.\nSome citations are not in parentheses while they should be.\nThe text fontsize in the figures should be almost as large as the main text fontsize.\nThe figures in the supplementary are not referred to in the main text. As such they are useless. Other supplementary sections should also be referred to in the main text.\n\n\nQuality:\nMy opinion is that it is great to have neural network architectures that are aligned with visual perception and neurosciences. Yet, the interest of the paper might be limited to an already acquired audience if the authors do not provide more explanations about why straightening is useful or interesting to have in NNs. \nThe performed work is of good quality. Yet, as it is a single focus paper I would expect to find a broader evaluation of robustness and not only adversarial training.\n\nNovelty:\nEvaluation of straightening in neural network representation is novel but this is the single focus of this paper.\n\n\nReproducibility:\nSeems reproducible if the code is made available online. ",
          "summary_of_the_review": "For now, I slightly tend to reject the paper. Yet, I will reconsider after reading authors responses and others discussions among reviewers.",
          "correctness": "3: Some of the paper’s claims have minor issues. A few statements are not well-supported, or require small changes to be made correct.",
          "technical_novelty_and_significance": "1: The contributions are neither significant nor novel.",
          "empirical_novelty_and_significance": "3: The contributions are significant and somewhat new. Aspects of the contributions exist in prior work.",
          "flag_for_ethics_review": [
            "NO."
          ],
          "recommendation": "6: marginally above the acceptance threshold"
        },
        "signatures": [
          "ICLR.cc/2023/Conference/Paper5276/Reviewer_EBgB"
        ],
        "readers": [
          "everyone"
        ],
        "nonreaders": [],
        "writers": [
          "ICLR.cc/2023/Conference",
          "ICLR.cc/2023/Conference/Paper5276/Reviewer_EBgB"
        ]
      },
      {
        "id": "xcsMJLLn_hD",
        "original": null,
        "number": 1,
        "cdate": 1668486535969,
        "mdate": 1668486535969,
        "ddate": null,
        "tcdate": 1668486535969,
        "tmdate": 1668486535969,
        "tddate": null,
        "forum": "4cOfD2qL6T",
        "replyto": "6gn8aWn1K2M",
        "invitation": "ICLR.cc/2023/Conference/Paper5276/-/Official_Comment",
        "content": {
          "title": "Initial author response and clarification",
          "comment": "We thank the reviewer for their thoughtful and thorough review of our paper, as well as the helpful suggestions that will broaden our paper’s impact.\n\nFirst, we wish to clarify a point with the reviewer regarding the stated contribution \"*(iii) biologically-inspired piece of architecture always leads to straightening when going deeper and deeper.*\" We in fact show the opposite, that bio-inspired models do NOT always lead to straightening, and that the straightening effect depends on the biological transform, and downstream layers.\n\nSecondly, we wish to address a stated weakness: “*the claims about robustness are weak because only adversarial training is used while there are other ways to enforce robustness*,” We greatly appreciate this and another reviewer recognizing additional types of robustness (other than adversarial) that we have not yet reported curvature results for. We are currently evaluating curvature for additional types of robust networks including top models on  ImageNet-C and anti-aliasing CNNs.  We report preliminary results at the end of Section 4.1 and in Appendix section A5.  Furthermore, we currently are revising the paper to be more specific about our claims or curvature’s relation to specific types of robustness, rather than robustness overall. We thank the reviewers for suggesting this addition which we expect to improve the paper significantly.\n\nLike other reviewers,reviewer EBgB feels that while our paper is clear in findings, we have “*failed to explain why ‘curvature is a useful way of evaluating neural networks representations’*\", and that we should provide “*more explanations about why straightening is useful or interesting to have in NNs*”. We appreciate the reviewers calling this to our attention, and are revising the paper to make these points more clear. We plan to emphasize that the curvature measure is a useful tool in evaluating neural networks for the following reasons:\n\n- There is a growing need to evaluate how human-like models are, and curvature can do this much more quickly and easily than other methods such as psychophysics experiments. Curvature reduction has both been shown to be a property of human perceptual representation (Henaff et.al), and we find a relationship between BrainScore and the curvature measure where models that do well on BrainScore such as the adversarially trained CrossVIT also perform well on the straightening measure.   \n\n- We also believe that there should be greater awareness about perceptual straightening because it measures a temporal property of human vision and while still being applicable to static image models.  A lot of research in aligning computer vision with human vision computer vision has focused on static vision. We believe an essential next step in that research is to incorporate more temporal aspects of vision, and perceptual straightening could be an important stepping-stone to get there.\n\n- Curvature can be computed layer-wise, allowing us to more deeply understand the favorable properties of biologically-inspired representations. For example, VOnetNet has been shown to have useful properties such as robustness, but curvature reveal the nuanced relationship between biological inspired networks and this robustness (ie we show that curvature reduction is not maintained in convolutional layers downstream from the bio-inspired layers of VOneNet).\n\n- Curvature is extremely cheap to compute (order of minutes). We see that curvature can give a quick sense of how a computer vision model compares to humans without the need for additional psychophysics or physiology experiments \n\n- Curvature seems to be associated with adversarial robustness, a property useful to computer vision systems.\n\nFinally, to further demonstrate the importance of curvature as a useful way to evaluate network representation, we have included an additional experiment (see Section 4.2) identifying a beneficial property of networks with lower curvature. We show that for a ResNet50 network evaluated on the VGGSound dataset, the reduced curvature property resulting from adversarial training also results in more stability for label predictions, even for out-of-distribution datasets.\n\nWe also appreciate the reviewer’s attention to detail in pointing out the citation formatting, text font size in figures, and missing references to the supplemental in the main text. We are revising our paper to address these issues.\n\nFor reproducibility, we will be releasing our code online.\n"
        },
        "signatures": [
          "ICLR.cc/2023/Conference/Paper5276/Authors"
        ],
        "readers": [
          "everyone"
        ],
        "nonreaders": [],
        "writers": [
          "ICLR.cc/2023/Conference",
          "ICLR.cc/2023/Conference/Paper5276/Authors"
        ]
      },
      {
        "id": "gE06wfyBKVy",
        "original": null,
        "number": 2,
        "cdate": 1668486781202,
        "mdate": 1668486781202,
        "ddate": null,
        "tcdate": 1668486781202,
        "tmdate": 1668486781202,
        "tddate": null,
        "forum": "4cOfD2qL6T",
        "replyto": "uG_a3WpQklp",
        "invitation": "ICLR.cc/2023/Conference/Paper5276/-/Official_Comment",
        "content": {
          "title": "Initial author response",
          "comment": "We thank reviewer zqwQ for their thoughtful review of our paper, and for helpful suggestions that will improve the paper’s impact.\n\nWe appreciate the reviewer’s insights regarding in- and out-of distribution data: *“Videos are most likely out-of-distribution with respect to the training dataset. Would the finding be similar if we were to reduce the distribution shift between training and evaluation?”*  Because curvature is a metric that must be tested with videos, we cannot test in-distribution for most of the tested networks, as they are trained on image datasets. However, for the 5 PredNet variants tested, which are trained on Kitti, we have now evaluated curvature change for both the Henaff videos (out of distribution), as well as for the original Kitti dataset videos (in distribution) (see Appendix Section A6 and paragraph 4 of Section 6). We find that for PredNet variants, curvature results are fairly consistent between in and out of distribution test videos. Overall, the curvature is further reduced for the in-distribution Kitti dataset, as opposed to the out of distribution Henaff dataset that we tested the networks on. Notably, for the PretNet variants fine-tuned with a straightness term in the loss function for intermediate layers, straightness is only slightly reduced for the out-of-distribution Henaff dataset.\n\n\nReviewer zqwQ notes that *\"It would be nice to identify a set of tasks where improved straightness has a benefit, beyond adversarial robustness”*, and that “*The evaluation protocol only uses 12 videos to compute this metric. What is the impact of the dataset distribution on which we compute the output curvature? Would the finding remain stable if we were to use different videos?”* We appreciate their insight in these points. To address these concerns, we have included a new experiment where we evaluate straightness and prediction stability of two ResNet50 models on the VGGSound dataset to increase the variety of dataset used (see Section 4.2). We show that  the reduced curvature property resulting from adversarial training also results in more stability in correct label predictions, even for a larger out-of-distribution dataset. \n\nLike other reviewers, the reviewer zqwQ feels that while our paper is clear in findings, it is not clear *“why perceptual straightness is a desirable property from a machine learning perspective.”* We appreciate the reviewers calling this to our attention, and are revising the paper to make these points more clear. We emphasize that the curvature metric is a useful tool in evaluating neural networks for the following reasons:\n\n- There is a growing need to evaluate how human-like models are, and curvature can do this much more quickly and easily than other methods such as psychophysics experiments. Curvature reduction has both been shown to be a property of human perceptual representation (Henaff et.al), and we find a relationship between BrainScore and the curvature measure where models that do well on BrainScore such as the adversarially trained CrossVIT also perform well on the straightening measure.   \n\n- We also believe that there should be greater awareness about perceptual straightening because it measures a temporal property of human vision and while still being applicable to static image models.  A lot of research in aligning computer vision with human vision computer vision has focused on static vision. We believe an essential next step in that research is to incorporate more temporal aspects of vision, and perceptual straightening could be an important stepping-stone to get there.\n\n- Curvature can be computed layer-wise, allowing us to more deeply understand the favorable properties of biologically-inspired representations. For example, VOnetNet has been shown to have useful properties such as robustness, but curvature reveal the nuanced relationship between biological inspired networks and this robustness (ie we show that curvature reduction is not maintained in convolutional layers downstream from the bio-inspired layers of VOneNet).\n\n- Curvature is extremely cheap to compute (order of minutes). We see that curvature can give a quick sense of how a computer vision model compares to humans without the need for additional psychophysics or physiology experiments \n\n- Curvature seems to be associated with adversarial robustness, a property useful to computer vision systems.\n"
        },
        "signatures": [
          "ICLR.cc/2023/Conference/Paper5276/Authors"
        ],
        "readers": [
          "everyone"
        ],
        "nonreaders": [],
        "writers": [
          "ICLR.cc/2023/Conference",
          "ICLR.cc/2023/Conference/Paper5276/Authors"
        ]
      },
      {
        "id": "p2zQuaKbMJ",
        "original": null,
        "number": 3,
        "cdate": 1668486905350,
        "mdate": 1668486905350,
        "ddate": null,
        "tcdate": 1668486905350,
        "tmdate": 1668486905350,
        "tddate": null,
        "forum": "4cOfD2qL6T",
        "replyto": "h-rItKtD31z",
        "invitation": "ICLR.cc/2023/Conference/Paper5276/-/Official_Comment",
        "content": {
          "title": "Initial author response and clarification (part 1 for 2)",
          "comment": "We thank reviewer eEJj for the thoughtful review of our paper, and for helpful suggestions that will improve the paper’s impact.\n\nWe value the reviewer’s request for *“experiment/analysis that quantifies these advantages (of straightness) or even demonstrates them. Is representational straightness predictive of improved robustness to adversarial attacks and OOD shift? While it is obvious that adversarial training improves robustness to adversarial attacks, I would like to see the relationship between adversarial robustness and representational straightness.”* To address these questions, and further demonstrate the importance of curvature as a useful way to evaluate network representation, we have included an additional experiment (see Section 4.2) identifying a beneficial property of networks with lower curvature. We show that for a ResNet50 network evaluated on the VGGSound dataset, the reduced curvature property resulting from adversarial training also results in more stability for label predictions, even for out-of-distribution datasets. This is a strong advantage for a network.\n\nWe appreciate this and another reviewer’s suggestion to *“correlate straightness with model generalization to OOD shift on benchmarks such as ImageNet-c. These evaluations would add more information about how significant the straightness changes are and how they relate to the representation quality.”* We are currently evaluating curvature for top models on ImageNet-C and anti-aliasing CNNs. We report preliminary results at the end of Section 4.1 and in Appendix section A5. We thank the reviewers for suggesting this addition which we expect to improve the paper significantly.\n\nWe thank the reviewer for pointing out ambiguity regarding *“Non-matching models in robust and non-robust class. Since one of the main takeaways of the paper is that adversarial training improves straightness, I expect to see clearly how the same architecture (and same rnd seed) -- when fixing other factors of variability such as dataset, training set size, training hyperparameters -- varies in their representation straightness.”* In response, we have downloaded pretrained models from previous work, and do not have the resources to retrain all of them with exactly matched hyperparameters. However, this matching has been done by previous authors for some models such as the CIFAR trained ResNet50 models used by (Madry et al. 2019) and provided in the Robustness library, where all hyperparameters are controlled for, with only adversarial attack strength changing. In addition, most adversarially trained models are fine-tuned on the standard matched model they are derived from; we consider this the most fair comparison we can achieve without training all models from scratch. We will modify our manuscript to make it clear where additional factors such as dataset size and hyperparameters are controlled for in matching models, such that curvature in the variants can be fairly compared. Would the reviewer like to also see a plot like figure 3, but comparing matching models side by side? We again thank the reviewer for calling this to our attention.\n\nWe appreciate the reviewer’s suggestions to *“use a common template to define models” that would “make reading the plots much easier”*. We will update these labels throughout the paper and make them more consistent in our revision. \n\nWe also thank the review for pointing out that *“the code and weights for segmentation models isn't available in the Network Comparison Spreadsheet in the supplemental data.”* We have updated our manuscript to include links to the pretrained segmentation model weights, and will include links to weights for our new anti-aliasing models.\n\nContinued in following comment ..."
        },
        "signatures": [
          "ICLR.cc/2023/Conference/Paper5276/Authors"
        ],
        "readers": [
          "everyone"
        ],
        "nonreaders": [],
        "writers": [
          "ICLR.cc/2023/Conference",
          "ICLR.cc/2023/Conference/Paper5276/Authors"
        ]
      },
      {
        "id": "yOvA9DGc9c5",
        "original": null,
        "number": 4,
        "cdate": 1668486992091,
        "mdate": 1668486992091,
        "ddate": null,
        "tcdate": 1668486992091,
        "tmdate": 1668486992091,
        "tddate": null,
        "forum": "4cOfD2qL6T",
        "replyto": "p2zQuaKbMJ",
        "invitation": "ICLR.cc/2023/Conference/Paper5276/-/Official_Comment",
        "content": {
          "title": "Initial author response and clarification (part 2 of 2)",
          "comment": "Like other reviewers, reviewer eEJj feels that while our paper is clear in findings, they *“don't think the authors have clearly conveyed how their contributions impact either machine learning or vision science.”* Likewise, we appreciate the reviewer’s suggestion to expand the discussion section as it does not yet *“discuss in detail why these observations are relevant to designing future deep learning models or to human visual representations. This section could be greatly improved to highlight why, in the authors' perspective, the results are of importance to representation learning and human vision.”* We are currently expanding the discussion section to make the significance of straightness more clear. We will emphasize that the curvature metric is a useful tool in evaluating neural networks for the following reasons:\n\n- There is a growing need to evaluate how human-like models are, and curvature can do this much more quickly and easily than other methods such as psychophysics experiments. Curvature reduction has both been shown to be a property of human perceptual representation (Henaff et.al), and we find a relationship between BrainScore and the curvature measure where models that do well on BrainScore such as the adversarially trained CrossVIT also perform well on the straightening measure.  \n\n- We also believe that there should be greater awareness about perceptual straightening because it measures a temporal property of human vision and while still being applicable to static image models.  A lot of research in aligning computer vision with human vision computer vision has focused on static vision. We believe an essential next step in that research is to incorporate more temporal aspects of vision, and perceptual straightening could be an important stepping-stone to get there.\n\n- Curvature can be computed layer-wise, allowing us to more deeply understand the favorable properties of biologically-inspired representations. For example, VOnetNet has been shown to have useful properties such as robustness, but curvature reveal the nuanced relationship between biological inspired networks and this robustness (ie we show that curvature reduction is not maintained in convolutional layers downstream from the bio-inspired layers of VOneNet).\n\n- Curvature is extremely cheap to compute (order of minutes). We see that curvature can give a quick sense of how a computer vision model compares to humans without the need for additional psychophysics or physiology experiments \n\n- Curvature seems to be associated with adversarial robustness, a property useful to computer vision systems.\n"
        },
        "signatures": [
          "ICLR.cc/2023/Conference/Paper5276/Authors"
        ],
        "readers": [
          "everyone"
        ],
        "nonreaders": [],
        "writers": [
          "ICLR.cc/2023/Conference",
          "ICLR.cc/2023/Conference/Paper5276/Authors"
        ]
      },
      {
        "id": "D6ad9pocpj",
        "original": null,
        "number": 6,
        "cdate": 1668844783659,
        "mdate": 1668844783659,
        "ddate": null,
        "tcdate": 1668844783659,
        "tmdate": 1668844783659,
        "tddate": null,
        "forum": "4cOfD2qL6T",
        "replyto": "xcsMJLLn_hD",
        "invitation": "ICLR.cc/2023/Conference/Paper5276/-/Official_Comment",
        "content": {
          "title": "Updated paper submitted",
          "comment": "We have uploaded a new version of the paper and the supplemental materials with the changes we promised.  We addressed all the points you made in your review which has greatly improve the paper as a whole. Thank you for your thoughtful feedback!"
        },
        "signatures": [
          "ICLR.cc/2023/Conference/Paper5276/Authors"
        ],
        "readers": [
          "everyone"
        ],
        "nonreaders": [],
        "writers": [
          "ICLR.cc/2023/Conference",
          "ICLR.cc/2023/Conference/Paper5276/Authors"
        ]
      },
      {
        "id": "mZ6V0-LoIb",
        "original": null,
        "number": 7,
        "cdate": 1668844805439,
        "mdate": 1668844805439,
        "ddate": null,
        "tcdate": 1668844805439,
        "tmdate": 1668844805439,
        "tddate": null,
        "forum": "4cOfD2qL6T",
        "replyto": "gE06wfyBKVy",
        "invitation": "ICLR.cc/2023/Conference/Paper5276/-/Official_Comment",
        "content": {
          "title": "Updated paper submitted",
          "comment": "We have uploaded a new version of the paper and the supplemental materials with the changes we promised.  We addressed all the points you made in your review which has greatly improve the paper as a whole. Thank you for your thoughtful feedback!"
        },
        "signatures": [
          "ICLR.cc/2023/Conference/Paper5276/Authors"
        ],
        "readers": [
          "everyone"
        ],
        "nonreaders": [],
        "writers": [
          "ICLR.cc/2023/Conference",
          "ICLR.cc/2023/Conference/Paper5276/Authors"
        ]
      },
      {
        "id": "W3xLt0BY-n",
        "original": null,
        "number": 8,
        "cdate": 1668844821496,
        "mdate": 1668844821496,
        "ddate": null,
        "tcdate": 1668844821496,
        "tmdate": 1668844821496,
        "tddate": null,
        "forum": "4cOfD2qL6T",
        "replyto": "yOvA9DGc9c5",
        "invitation": "ICLR.cc/2023/Conference/Paper5276/-/Official_Comment",
        "content": {
          "title": "Updated paper submitted",
          "comment": "We have uploaded a new version of the paper and the supplemental materials with the changes we promised.  We addressed all the points you made in your review which has greatly improve the paper as a whole. Thank you for your thoughtful feedback!"
        },
        "signatures": [
          "ICLR.cc/2023/Conference/Paper5276/Authors"
        ],
        "readers": [
          "everyone"
        ],
        "nonreaders": [],
        "writers": [
          "ICLR.cc/2023/Conference",
          "ICLR.cc/2023/Conference/Paper5276/Authors"
        ]
      },
      {
        "id": "L7yCTBXIRm",
        "original": null,
        "number": 9,
        "cdate": 1669487074566,
        "mdate": 1669487074566,
        "ddate": null,
        "tcdate": 1669487074566,
        "tmdate": 1669487074566,
        "tddate": null,
        "forum": "4cOfD2qL6T",
        "replyto": "yOvA9DGc9c5",
        "invitation": "ICLR.cc/2023/Conference/Paper5276/-/Official_Comment",
        "content": {
          "title": "Acknowledgement of author responses",
          "comment": "I thank the authors for careful consideration of the reviews and providing a thorough response. I find the newly added VGGsound analysis to quantify representational stability to be quite interesting but it must be noted that this analysis is still preliminary to assess stability. \n\nI thank the authors for also clarifying on my question about matching model hyperparameters, I do agree that re-training models by deliberately matching parameters will be resource-heavy. However like the authors rightly mention, making possibly biasing differences between compared models explicit in the paper would be really appreciated. To your question on whether I would like to see matching models compared side by side in Fig 3's style, YES! That would be a very fruitful analysis to perform and add to the paper. \n\nI agree with the important advantage of curvature evaluation that the authors raise. Typical measurements of similarity to human-like visual representations aren't cheap to compute, unlike representational curvature which indeed can be straightforward to compute and won't require as much resources. This, taken in combination with the observation that curvature correlates with relatively more compute heavy metrics like Brain Score as the authors mention in the response is quite encouraging. \n\nOverall, I raise my score to 6 and recommend acceptance. I think the results especially after the author response do carry value to the audience interested in human-like visual representation learning. However I'm not giving a strong accept because the analyses could be strengthened further (e.g. 1) more fleshed out stability study, 2) ImageNet-c evaluation to study the relationship between perceptual robustness and curvature, and 3) maybe also looking at the model uncertainty as a function of curvature (here is a great overview I found on measuring uncertainty, it looks like there are quite a few overlapping interests here with developing human-like visual representations)). Thank you again to the authors for the submission and for engaging in the response with meaningful improvisations to the paper."
        },
        "signatures": [
          "ICLR.cc/2023/Conference/Paper5276/Reviewer_eEJj"
        ],
        "readers": [
          "everyone"
        ],
        "nonreaders": [],
        "writers": [
          "ICLR.cc/2023/Conference",
          "ICLR.cc/2023/Conference/Paper5276/Reviewer_eEJj"
        ]
      },
      {
        "id": "vSWYEQRZZL",
        "original": null,
        "number": 11,
        "cdate": 1669695747257,
        "mdate": 1669695747257,
        "ddate": null,
        "tcdate": 1669695747257,
        "tmdate": 1669695747257,
        "tddate": null,
        "forum": "4cOfD2qL6T",
        "replyto": "6gn8aWn1K2M",
        "invitation": "ICLR.cc/2023/Conference/Paper5276/-/Official_Comment",
        "content": {
          "title": "Request for Reviewer's Response to Revisions",
          "comment": "We again thank reviewer EBgB again for their careful initial review, which has helped us improve our paper significantly. With the time window closing on the discussion period, we hope to have further conversation with you. In particular, we hope to hear your response to the new experiments and updates which we believe address the weaknesses you noted in the previous version of the paper.\nIn our revised paper, we evaluate curvature for additional types of robustness including top performing models on Imagenet-C which are robust to corruptions, as well as shift-invariant robust models (Supplemental Section, A6). We also clarify the type of robustness referred in different sections throughout the paper. An additional experiment shows curvature reduction's relationship to label stability (Figure 6), showing a measurable utility of the curvature measure. A second additional experiment shows curvature reduction associated with stronger AutoAttack accuracy (Figure 5, Right), demonstrating another utility of the curvature measure. We have also revised the introduction and conclusion to explain more clearly why curvature is useful in evaluating neural network representations. We also address the formatting issues noted by the reviewer (citations in parentheses, increased text font size in figures and references to supplementary material in the main body).\nWe appreciate you reviewing our responses, and the updates to the paper.\nThank you,\nAuthors"
        },
        "signatures": [
          "ICLR.cc/2023/Conference/Paper5276/Authors"
        ],
        "readers": [
          "everyone"
        ],
        "nonreaders": [],
        "writers": [
          "ICLR.cc/2023/Conference",
          "ICLR.cc/2023/Conference/Paper5276/Authors"
        ]
      },
      {
        "id": "XqqkuBfNQJ",
        "original": null,
        "number": 14,
        "cdate": 1669785111169,
        "mdate": 1669785111169,
        "ddate": null,
        "tcdate": 1669785111169,
        "tmdate": 1669785111169,
        "tddate": null,
        "forum": "4cOfD2qL6T",
        "replyto": "uG_a3WpQklp",
        "invitation": "ICLR.cc/2023/Conference/Paper5276/-/Official_Comment",
        "content": {
          "title": "Thanking the Reviewer",
          "comment": "Thank you for your time reading our response and paper updates, and for appreciating our revision. We are very happy to have resolved your concerns.\n\nPlease feel free to share any further comments or concerns with us.\n\nThank you again for your help in improving our paper,\nAuthors"
        },
        "signatures": [
          "ICLR.cc/2023/Conference/Paper5276/Authors"
        ],
        "readers": [
          "everyone"
        ],
        "nonreaders": [],
        "writers": [
          "ICLR.cc/2023/Conference",
          "ICLR.cc/2023/Conference/Paper5276/Authors"
        ]
      },
      {
        "id": "eBpZx_3rRT",
        "original": null,
        "number": 15,
        "cdate": 1669785535233,
        "mdate": 1669785535233,
        "ddate": null,
        "tcdate": 1669785535233,
        "tmdate": 1669785535233,
        "tddate": null,
        "forum": "4cOfD2qL6T",
        "replyto": "L7yCTBXIRm",
        "invitation": "ICLR.cc/2023/Conference/Paper5276/-/Official_Comment",
        "content": {
          "title": "Thanking Reviewer and Clarifications",
          "comment": "Thank you for your time in reading our response and updates, and for your response. We are happy to have addressed many of your concerns.\n\n1) We agree a more fleshed out stability study would be beneficial, and plan this for future work.\n2) Is the reviewer aware of the ImageNet-c experiment that we have included in the revision (Supplemental, A6), evaluating two top performing models on Imagenet-C for curvature reduction?  Or is the reviewer suggesting a more fleshed out experiment in this area?\n3) This is an interesting idea, to relate perceptual straightness to model uncertainty. We are unable to see the link for the overview on measuring uncertainty you mention. Could you post it again?\n\nFinally, regarding side by side models in the style of figure 3, we have added side-by-side comparisons of the models which share pre-trained models as a baseline (Supplemental, A4). \n\nThank you again for your help in improving our paper.\nAuthors"
        },
        "signatures": [
          "ICLR.cc/2023/Conference/Paper5276/Authors"
        ],
        "readers": [
          "everyone"
        ],
        "nonreaders": [],
        "writers": [
          "ICLR.cc/2023/Conference",
          "ICLR.cc/2023/Conference/Paper5276/Authors"
        ]
      },
      {
        "id": "F2NoBHdB-Dw",
        "original": null,
        "number": 1,
        "cdate": 1674241754933,
        "pdate": null,
        "mdate": null,
        "ddate": null,
        "tcdate": 1674241754933,
        "tmdate": 1674241754933,
        "tddate": null,
        "forum": "4cOfD2qL6T",
        "replyto": "4cOfD2qL6T",
        "invitation": "ICLR.cc/2023/Conference/Paper5276/-/Decision",
        "content": {
          "title": "Paper Decision",
          "decision": "Accept: poster",
          "metareview:_summary,_strengths_and_weaknesses": "The paper addresses the problem of \"straightness\" in perception models. Straightness in the context of videos refers to a smooth path between frames in the representation space. The paper has four main findings: (1) Adversarial training results in more straightened representations in vision architectures. (2) Increase in straightness by adversarial training is task dependent (e.g., not true for segmentation). (3) Straightening makes models more stable against OOD data. (4) Certain classes of biologically inspired models increase straightness in the lower layers of the network.\n\nStrengths:\n- The study of straightness is novel and well-motivated.\n- The paper includes an extensive set of experiments considering a wide variety of models and tasks.\n- The paper is well-written and conveys the message clearly.\n\nWeaknesses:\n- Evaluation benchmark only includes 12 videos, so it is not clear how generalizable these findings are. \n\n",
          "justification_for_why_not_higher_score": "As mentioned above, better benchmarks and more experiments on those benchmarks are needed to strengthen the impact of the paper. ",
          "justification_for_why_not_lower_score": "The paper proposed a valuable study, so the AC and the reviewers believe the community will benefit from such study. ",
          "summary_of_AC-reviewer_meeting": "The paper initially received three 5’s as the rating. The main criticisms were (1) The impact of the study on machine perception or vision science was not clear. (2) More evaluations on different benchmarks were needed to draw stronger conclusions. The authors addressed the concerns and ran additional experiments and included the preliminary results. The AC and the reviewers had a video call to discuss the paper (one of the reviewers did not participate despite the positive response for participation). Everybody agreed that the paper has merit and should be accepted, but more rigorous experiments are needed to strengthen some of the conclusions. All reviewers changed their rating to 6. The AC follows the recommendation of the reviewers and recommends acceptance.\n",
          "note_from_PC": "if the above contains the word \"oral\" or \"spotlight\" please see: \"oral\" presentation means -> notable-top-5% and \"spotlight\" means -> notable-top-25%. As stated in our emails, we are disassociating presentation type from AC recommendations"
        },
        "signatures": [
          "ICLR.cc/2023/Conference/Program_Chairs"
        ],
        "readers": [
          "everyone"
        ],
        "nonreaders": [],
        "writers": [
          "ICLR.cc/2023/Conference/Program_Chairs"
        ]
      }
    ],
    "directReplies": [
      {
        "id": "h-rItKtD31z",
        "original": null,
        "number": 1,
        "cdate": 1666641225208,
        "mdate": null,
        "ddate": null,
        "tcdate": 1666641225208,
        "tmdate": 1669487092813,
        "tddate": null,
        "forum": "4cOfD2qL6T",
        "replyto": "4cOfD2qL6T",
        "invitation": "ICLR.cc/2023/Conference/Paper5276/-/Official_Review",
        "content": {
          "confidence": "4: You are confident in your assessment, but not absolutely certain. It is unlikely, but not impossible, that you did not understand some parts of the submission or that you are unfamiliar with some pieces of related work.",
          "summary_of_the_paper": "The authors present an analysis of deep learning models using the change in curvature across frames of videos from pixel space to the representation space. The authors find that training deep networks on classification with adversarial images leads to straighter (like human visual representations, Henaff et al 2019) representations. They also analyze biologically plausible networks to show that there is some (in the early layers) increase in straightness but not consistent across the complete hierarchy. I find the presented analyses to be interesting, but I don't think the authors have clearly conveyed how their contributions impact either machine learning or vision science. ",
          "strength_and_weaknesses": "Strengths:\n1) Clarity of writing and figures. The paper is written with great clarity. Figures such as Fig 1 and Fig 2 are elegant and clear to convey what the authors are studying in this work. \n2) Diverse evaluation. The authors have evaluated the representational straightness in a wide range of diverse deep neural network architectures from the robust and non-robust classes for image recognition and segmentation. They also evaluate multiple biologically plausible models that are of great interest to the visual neuroscience and vision science communities. \n3) Fig 5, $\\epsilon$ vs curvature change. I found this result to be quite interesting that increasing adversarial attack strength also increases straightness. It would be nice to see how much each of these attack strengths contributes to adversarial robustness as well.\n\nWeaknesses:\n1) Significance of the contribution to representation learning. The authors have mentioned in several places how straighter representations bear more advantages than test accuracy, such as robustness, alignment to human perception, and representational stability. However, I don't find any experiment/analysis that quantifies these advantages or even demonstrates them. Is representational straightness predictive of improved robustness to adversarial attacks and OOD shift? While it is obvious that adversarial training improves robustness to adversarial attacks, I would like to see the relationship between adversarial robustness and representational straightness. Similarly one could also correlate straightness with model generalization to OOD shift on benchmarks such as ImageNet-c. These evaluations would add more information about how significant the straightness changes are and how they relate to the representation quality.\n\n2) Non-matching models in robust and non-robust class. Since one of the main takeaways of the paper is that adversarial training improves straightness, I expect to see clearly how the same architecture (and same rnd seed) -- when fixing other factors of variability such as dataset, training set size, training hyperparameters -- varies in their representation straightness. There are some matching models in the robust and non-robust classes in Fig 3. If the above conditions of varying adversarial training in an isolated manner was what was performed for this analysis, I would suggest the authors please make this clear in writing. \n\n3) Hard to understand model specifications from legends. I believe in some figures (e.g Fig 4, 5, 6) it is difficult to know the combination of architecture + training dataset. I would suggest the authors to use a common template to define models e.g. Architecture_NumberOfLayers_Dataset_Task and it would make reading the plots much easier. \n\n4) Discussion section. Currently the discussion section presents a summary of the results in the paper (how curvature changes as a function of adversarial training, optimization task etc.) but does not discuss in detail why these observations are relevant to designing future deep learning models or to human visual representations. This section could be greatly improved to highlight why, in the authors' perspective, the results are of importance to representation learning and human vision.",
          "clarity,_quality,_novelty_and_reproducibility": "- The presented work is written with great clarity. Figures that explain the authors methods such as Figs 1, 2 were very useful to understand the paper's main theme. Some of the result figure legends however lacked clarity as highlighted in my reviews. \n- This work is a novel extension of prior work analysing representational straightness in the context of adversarial training. I don't find any big reproducibility issues per se, however, the code and weights for segmentation models isn't available in the Network Comparison Spreadsheet in the supplemental data.",
          "summary_of_the_review": "I think the paper presents an interesting set of results linking representational straightness to adversarial training. However, without any evidence on a) how straightness better predicts human visual behavior/neural data or b) how straightness leads to more adversarially or OOD robust deep learning models, I am presented with a partial picture of the significance of the contributions. At this stage, I find the paper to be borderline and would be comfortable recommending acceptance if the authors make the suggested changes mentioned in my review above. Mainly, addressing the following points (quoting from my review) and how the results turn out to be will influence a change in my score:\n\n\"Is representational straightness predictive of improved robustness to adversarial attacks and OOD shift? While it is obvious that adversarial training improves robustness to adversarial attacks, I would like to see the relationship between adversarial robustness and representational straightness. Similarly one could also correlate straightness with model generalization to OOD shift on benchmarks such as ImageNet-c. These evaluations would add more information about how significant the straightness changes are and how they relate to the representation quality.\"",
          "correctness": "3: Some of the paper’s claims have minor issues. A few statements are not well-supported, or require small changes to be made correct.",
          "technical_novelty_and_significance": "2: The contributions are only marginally significant or novel.",
          "empirical_novelty_and_significance": "2: The contributions are only marginally significant or novel.",
          "flag_for_ethics_review": [
            "NO."
          ],
          "recommendation": "6: marginally above the acceptance threshold"
        },
        "signatures": [
          "ICLR.cc/2023/Conference/Paper5276/Reviewer_eEJj"
        ],
        "readers": [
          "everyone"
        ],
        "nonreaders": [],
        "writers": [
          "ICLR.cc/2023/Conference",
          "ICLR.cc/2023/Conference/Paper5276/Reviewer_eEJj"
        ]
      },
      {
        "id": "uG_a3WpQklp",
        "original": null,
        "number": 2,
        "cdate": 1666665067999,
        "mdate": null,
        "ddate": null,
        "tcdate": 1666665067999,
        "tmdate": 1669229414210,
        "tddate": null,
        "forum": "4cOfD2qL6T",
        "replyto": "4cOfD2qL6T",
        "invitation": "ICLR.cc/2023/Conference/Paper5276/-/Official_Review",
        "content": {
          "confidence": "2: You are willing to defend your assessment, but it is quite likely that you did not understand the central parts of the submission or that you are unfamiliar with some pieces of related work. Math/other details were not carefully checked.",
          "summary_of_the_paper": "This paper investigates the perceptual straightness of a large set of modern vision models. Authors start from the observation that representation straightness is a known property of biological vision. They then define a metric to capture the average output curvature on a video and evaluate a wide range of models (resnet/vit trained for classification, segmentation models and biologically inspired model).\n\nThe main conclusions of the study are:\n1)\tNon-adversely trained models have the highest output curvature\n2)\tAdversarial training can reduce the model output curvature, when trained with classification tasks but not for all the tasks, i.e. it is not case for segmentation.\n3)\tBiologically inspired mechanism can also reduce the model output curvatures.\n",
          "strength_and_weaknesses": "Strength:\n-\tThe proposed study appears novel to me and is well motivated.\n-\t Authors perform an extensive evaluation on impressive number of models.\n\nWeaknesses:\n-\tWhile the study is motivated by finding in biological system, it’s unclear why perceptual straightness is a desirable property from a machine learning perspective. It would be nice to identify a set of tasks where improved straightness has a benefit, beyond adversarial robustness.\n-\tWhat is the impact of the dataset distribution on which we compute the output curvature? The evaluation protocol only uses 12 videos to compute this metric. Would the finding remain stable if we were to use different videos?\n-\tVideos are most likely out-of-distribution with respect to the training dataset. Would the finding be similar if we were to reduce the distribution shift between training and evaluation?\n\n",
          "clarity,_quality,_novelty_and_reproducibility": "The paper is easy to follow, and the empirical evaluation appears and novel to me.",
          "summary_of_the_review": "The paper proposes an interesting empirical study. The significance of the paper could be improved by better demonstrating the advantage of representation with a higher level of straightness and showing that the conclusions are robust to the choice of the video dataset used in evaluation.\n\n\n=== After reading rebuttal.\n\nThank you for your responses. The rebuttal addressed most of my original concerns, I updated my score accordingly.\n\n",
          "correctness": "3: Some of the paper’s claims have minor issues. A few statements are not well-supported, or require small changes to be made correct.",
          "technical_novelty_and_significance": "3: The contributions are significant and somewhat new. Aspects of the contributions exist in prior work.",
          "empirical_novelty_and_significance": "3: The contributions are significant and somewhat new. Aspects of the contributions exist in prior work.",
          "flag_for_ethics_review": [
            "NO."
          ],
          "recommendation": "6: marginally above the acceptance threshold"
        },
        "signatures": [
          "ICLR.cc/2023/Conference/Paper5276/Reviewer_zqwQ"
        ],
        "readers": [
          "everyone"
        ],
        "nonreaders": [],
        "writers": [
          "ICLR.cc/2023/Conference",
          "ICLR.cc/2023/Conference/Paper5276/Reviewer_zqwQ"
        ]
      },
      {
        "id": "6gn8aWn1K2M",
        "original": null,
        "number": 3,
        "cdate": 1666776088909,
        "mdate": null,
        "ddate": null,
        "tcdate": 1666776088909,
        "tmdate": 1669711327081,
        "tddate": null,
        "forum": "4cOfD2qL6T",
        "replyto": "4cOfD2qL6T",
        "invitation": "ICLR.cc/2023/Conference/Paper5276/-/Official_Review",
        "content": {
          "confidence": "4: You are confident in your assessment, but not absolutely certain. It is unlikely, but not impossible, that you did not understand some parts of the submission or that you are unfamiliar with some pieces of related work.",
          "summary_of_the_paper": "The authors propose to leverage a recent finding about human visual perception of movies to evaluate a variety of neural network architectures trained on different tasks. The visual feature is that humans tend to perceive movies with relatively less curvature from frame to frame compared to the actual curvature measured on pixels. We say that visual perception is straightening movies. The proposed work has three contributions :\n(i) adversarial training often leads to straightening in CNN and Vision Transformers,\n(ii) straightening depends on the training task (eg no straightening for segmentation),\n(iii) biologically-inspired piece of architecture always leads to straightening when going deeper and deeper. ",
          "strength_and_weaknesses": "Strength :\n- straightening in neural network hasn't been previously evaluated,\n- the work provides an overview of straightening in many architectures trained on many tasks,\n- the work establishes a link between straightening and robustness,\n- single focus paper with a clear message.\n\nWeaknesses : \n- the claims about robustness are weak because only adversarial training is used while there are other ways to enforce robustness,\n- the authors failed to explain why \"curvature is a useful way of evaluating neural networks representations\". ",
          "clarity,_quality,_novelty_and_reproducibility": "Clarity:\nThe paper is clearly written.\nSome citations are not in parentheses while they should be.\nThe text fontsize in the figures should be almost as large as the main text fontsize.\nThe figures in the supplementary are not referred to in the main text. As such they are useless. Other supplementary sections should also be referred to in the main text.\n\n\nQuality:\nMy opinion is that it is great to have neural network architectures that are aligned with visual perception and neurosciences. Yet, the interest of the paper might be limited to an already acquired audience if the authors do not provide more explanations about why straightening is useful or interesting to have in NNs. \nThe performed work is of good quality. Yet, as it is a single focus paper I would expect to find a broader evaluation of robustness and not only adversarial training.\n\nNovelty:\nEvaluation of straightening in neural network representation is novel but this is the single focus of this paper.\n\n\nReproducibility:\nSeems reproducible if the code is made available online. ",
          "summary_of_the_review": "For now, I slightly tend to reject the paper. Yet, I will reconsider after reading authors responses and others discussions among reviewers.",
          "correctness": "3: Some of the paper’s claims have minor issues. A few statements are not well-supported, or require small changes to be made correct.",
          "technical_novelty_and_significance": "1: The contributions are neither significant nor novel.",
          "empirical_novelty_and_significance": "3: The contributions are significant and somewhat new. Aspects of the contributions exist in prior work.",
          "flag_for_ethics_review": [
            "NO."
          ],
          "recommendation": "6: marginally above the acceptance threshold"
        },
        "signatures": [
          "ICLR.cc/2023/Conference/Paper5276/Reviewer_EBgB"
        ],
        "readers": [
          "everyone"
        ],
        "nonreaders": [],
        "writers": [
          "ICLR.cc/2023/Conference",
          "ICLR.cc/2023/Conference/Paper5276/Reviewer_EBgB"
        ]
      },
      {
        "id": "F2NoBHdB-Dw",
        "original": null,
        "number": 1,
        "cdate": 1674241754933,
        "pdate": null,
        "mdate": null,
        "ddate": null,
        "tcdate": 1674241754933,
        "tmdate": 1674241754933,
        "tddate": null,
        "forum": "4cOfD2qL6T",
        "replyto": "4cOfD2qL6T",
        "invitation": "ICLR.cc/2023/Conference/Paper5276/-/Decision",
        "content": {
          "title": "Paper Decision",
          "decision": "Accept: poster",
          "metareview:_summary,_strengths_and_weaknesses": "The paper addresses the problem of \"straightness\" in perception models. Straightness in the context of videos refers to a smooth path between frames in the representation space. The paper has four main findings: (1) Adversarial training results in more straightened representations in vision architectures. (2) Increase in straightness by adversarial training is task dependent (e.g., not true for segmentation). (3) Straightening makes models more stable against OOD data. (4) Certain classes of biologically inspired models increase straightness in the lower layers of the network.\n\nStrengths:\n- The study of straightness is novel and well-motivated.\n- The paper includes an extensive set of experiments considering a wide variety of models and tasks.\n- The paper is well-written and conveys the message clearly.\n\nWeaknesses:\n- Evaluation benchmark only includes 12 videos, so it is not clear how generalizable these findings are. \n\n",
          "justification_for_why_not_higher_score": "As mentioned above, better benchmarks and more experiments on those benchmarks are needed to strengthen the impact of the paper. ",
          "justification_for_why_not_lower_score": "The paper proposed a valuable study, so the AC and the reviewers believe the community will benefit from such study. ",
          "summary_of_AC-reviewer_meeting": "The paper initially received three 5’s as the rating. The main criticisms were (1) The impact of the study on machine perception or vision science was not clear. (2) More evaluations on different benchmarks were needed to draw stronger conclusions. The authors addressed the concerns and ran additional experiments and included the preliminary results. The AC and the reviewers had a video call to discuss the paper (one of the reviewers did not participate despite the positive response for participation). Everybody agreed that the paper has merit and should be accepted, but more rigorous experiments are needed to strengthen some of the conclusions. All reviewers changed their rating to 6. The AC follows the recommendation of the reviewers and recommends acceptance.\n",
          "note_from_PC": "if the above contains the word \"oral\" or \"spotlight\" please see: \"oral\" presentation means -> notable-top-5% and \"spotlight\" means -> notable-top-25%. As stated in our emails, we are disassociating presentation type from AC recommendations"
        },
        "signatures": [
          "ICLR.cc/2023/Conference/Program_Chairs"
        ],
        "readers": [
          "everyone"
        ],
        "nonreaders": [],
        "writers": [
          "ICLR.cc/2023/Conference/Program_Chairs"
        ]
      }
    ]
  }
}