{
  "id": "4yqxDCbzS98",
  "original": "yfihjfNFCJm",
  "number": 2764,
  "cdate": 1663850122741,
  "mdate": null,
  "ddate": null,
  "tcdate": 1663850122741,
  "tmdate": 1677661105986,
  "tddate": null,
  "tauthor": "~Super_User1",
  "forum": "4yqxDCbzS98",
  "replyto": null,
  "invitation": "ICLR.cc/2023/Conference/-/Blind_Submission",
  "content": {
    "title": "Weakly Supervised Knowledge Transfer with Probabilistic Logical Reasoning for Object Detection",
    "authorids": [
      "~Martijn_Oldenhof1",
      "~Adam_Arany1",
      "~Yves_Moreau2",
      "~Edward_De_Brouwer1"
    ],
    "authors": [
      "Martijn Oldenhof",
      "Adam Arany",
      "Yves Moreau",
      "Edward De Brouwer"
    ],
    "keywords": [
      "weak supervision",
      "knowledge transfer",
      "object detection",
      "probabilistic logical reasoning"
    ],
    "abstract": "Training object detection models usually requires instance-level annotations, such as the positions and labels of all objects present in each image. Such supervision is unfortunately not always available and, more often, only image-level information is provided, also known as weak supervision. \nRecent works have addressed this limitation by leveraging knowledge from a richly annotated domain. However, the scope of weak supervision supported by these approaches has been very restrictive, preventing them to use all available information. In this work, we propose ProbKT, a framework based on probabilistic logical reasoning to train object detection models with arbitrary types of weak supervision. We empirically show on different datasets that using all available information is beneficial as our ProbKT leads to significant improvement on target domain and better generalisation compared to existing baselines. We also showcase the ability of our approach to handle complex logic statements as supervision signal.",
    "anonymous_url": "I certify that there is no URL (e.g., github page) that could be used to find authors’ identity.",
    "no_acknowledgement_section": "I certify that there is no acknowledgement section in this submission for double blind review.",
    "code_of_ethics": "I acknowledge that I and all co-authors of this work have read and commit to adhering to the ICLR Code of Ethics",
    "submission_guidelines": "Yes",
    "resubmission": "",
    "student_author": "",
    "Please_choose_the_closest_area_that_your_submission_falls_into": "Applications (eg, speech processing, computer vision, NLP)",
    "paperhash": "oldenhof|weakly_supervised_knowledge_transfer_with_probabilistic_logical_reasoning_for_object_detection",
    "TL;DR": "In this work, we propose ProbKT, a framework based on probabilistic logical reasoning to train object detection models with weak supervision, by transferring knowledge from a source domain where instance-level annotations are available.",
    "pdf": "/pdf/96554041d877331f4843ddfa203440a146079c75.pdf",
    "_bibtex": "@inproceedings{\noldenhof2023weakly,\ntitle={Weakly Supervised Knowledge Transfer with Probabilistic Logical Reasoning for Object Detection},\nauthor={Martijn Oldenhof and Adam Arany and Yves Moreau and Edward De Brouwer},\nbooktitle={The Eleventh International Conference on Learning Representations },\nyear={2023},\nurl={https://openreview.net/forum?id=4yqxDCbzS98}\n}",
    "venue": "ICLR 2023 poster",
    "venueid": "ICLR.cc/2023/Conference"
  },
  "signatures": [
    "ICLR.cc/2023/Conference"
  ],
  "readers": [
    "everyone"
  ],
  "nonreaders": [],
  "writers": [
    "ICLR.cc/2023/Conference"
  ],
  "pdate": 1675279240182,
  "odate": 1664468100000,
  "details": {
    "overwriting": [],
    "tags": [],
    "writable": false,
    "replyCount": 14,
    "directReplyCount": 6,
    "revisions": true,
    "replies": [
      {
        "id": "g-uKgOPgBtf",
        "original": null,
        "number": 1,
        "cdate": 1666435694525,
        "mdate": null,
        "ddate": null,
        "tcdate": 1666435694525,
        "tmdate": 1669811417903,
        "tddate": null,
        "forum": "4yqxDCbzS98",
        "replyto": "4yqxDCbzS98",
        "invitation": "ICLR.cc/2023/Conference/Paper2764/-/Official_Review",
        "content": {
          "confidence": "3: You are fairly confident in your assessment. It is possible that you did not understand some parts of the submission or that you are unfamiliar with some pieces of related work. Math/other details were not carefully checked.",
          "summary_of_the_paper": "The paper presents a new way of doing object detection with weak supervisions. The model proposed is called ProbKT and it allows any object detection model to be trained on a general and rich source domain, and then transfer the acquired knowledge on a weakly annotated target domain. The novelty of this work lies in the fact that it allows to train object detection models with arbitrary types of weak supervisions. ",
          "strength_and_weaknesses": "**Strengths:**\n\n1) The paper addresses the important problem of training object detection models with weak supervisions\n2) It is the first paper to allow for more complex weak supervisions\n3) The experimental analysis is comprehensive and well documented\n\n**Weaknesses:**\n\n1) The authors seem to be sweeping under the rug their reliance on DeepProbLog. Indeed, if I understood correctly, the reasoning and backprogation is done through the DeepProbLog framework. If this indeed the case then it needs to be made clearer and a short introduction on the framework should be given. \n2) It is not clear the exact expressivity admitted by the weak supervision, is it only limited to rules? Is it full first order logic?\n\n",
          "clarity,_quality,_novelty_and_reproducibility": "**Novelty:**\n\nThe paper seems novel and relevant. \n\n**Clarity:**\n\nThe paper could improve in its writing. \nSome things could be: \n    1. Introduce better DeepProbLog and clarify how the model relies on it\n    2. Move the related work, right now it is in the middle of the paper\n\n**Reproducibility:**\n\nThe authors have made the code available.\n\n**Future work suggestion:**\n\nA dataset for action detection in autonomous driving has just been released with a broad set of propositional logic constraints in [1]. Maybe in the future this framework could be applied in the autonomous driving field. \n\n**Minor suggestion:** \n- specify the query $q$ in the image\n\n[1]  Eleonora Giunchiglia, Mihaela Catalina Stoian, Salman Khan, Fabio Cuzzolin, Thomas Lukasiewicz. ROAD-R: The Autonomous Driving Dataset with Logical Requirements. Machine Learning, 2022.",
          "summary_of_the_review": "**TL;DR:** the paper seems novel and relevant. however, its relationship with deepproblog needs to be clarified ",
          "correctness": "3: Some of the paper’s claims have minor issues. A few statements are not well-supported, or require small changes to be made correct.",
          "technical_novelty_and_significance": "3: The contributions are significant and somewhat new. Aspects of the contributions exist in prior work.",
          "empirical_novelty_and_significance": "3: The contributions are significant and somewhat new. Aspects of the contributions exist in prior work.",
          "flag_for_ethics_review": [
            "NO."
          ],
          "recommendation": "8: accept, good paper"
        },
        "signatures": [
          "ICLR.cc/2023/Conference/Paper2764/Reviewer_tNrs"
        ],
        "readers": [
          "everyone"
        ],
        "nonreaders": [],
        "writers": [
          "ICLR.cc/2023/Conference",
          "ICLR.cc/2023/Conference/Paper2764/Reviewer_tNrs"
        ]
      },
      {
        "id": "Nj6jzWNm5f",
        "original": null,
        "number": 2,
        "cdate": 1666590522266,
        "mdate": null,
        "ddate": null,
        "tcdate": 1666590522266,
        "tmdate": 1666590522266,
        "tddate": null,
        "forum": "4yqxDCbzS98",
        "replyto": "4yqxDCbzS98",
        "invitation": "ICLR.cc/2023/Conference/Paper2764/-/Official_Review",
        "content": {
          "confidence": "3: You are fairly confident in your assessment. It is possible that you did not understand some parts of the submission or that you are unfamiliar with some pieces of related work. Math/other details were not carefully checked.",
          "summary_of_the_paper": "This paper introduces a new method for weakly supervised object detection with knowledge transfer, termed ProbKT. The basic idea is formulating the weakly supervised detection problem as the probabilistic logical reasoning so that the detector can be trained with arbitrary types of weak supervision.  The output of the detector is fed into a neural probabilistic logical reasoning module. Several modifications are also proposed to reduce the computational cost of probabilistic programing specifically for object detection. Experiments show that ProbKT outperforms WSOD-transfer [41] and several baselines on CLEVR-mini, Molecules, MNIST on both detection and counting tasks.",
          "strength_and_weaknesses": "# Strengths\n+ By formulating the weakly supervised object detection as the probabilistic logical reasoning, a unified detection method can be trained on dataset with different supervision signals, which is a novel approach for weakly supervised knowledge transfer.\n+ The paper presentation is clear, with well-defined terms and concepts.\n+ Ablation studies are thorough. The effects of proposed components are validated on several datasets.\n# Weaknesses\n- It would be great if the method can be evaluated on datasets with real world objects like COCO or LVIS.\n",
          "clarity,_quality,_novelty_and_reproducibility": "Clarity: 8/10, paper is well written.\n\nQuality: 7/10.\n\nNovelty: 7/10.\n\nReproducibility: 9/10, code is released.\n",
          "summary_of_the_review": "Based on the novelty, the clarity and the thorough experiments, this paper is good for acceptance at ICLR.",
          "correctness": "4: All of the claims and statements are well-supported and correct.",
          "technical_novelty_and_significance": "3: The contributions are significant and somewhat new. Aspects of the contributions exist in prior work.",
          "empirical_novelty_and_significance": "Not applicable",
          "flag_for_ethics_review": [
            "NO."
          ],
          "recommendation": "8: accept, good paper"
        },
        "signatures": [
          "ICLR.cc/2023/Conference/Paper2764/Reviewer_q7Gr"
        ],
        "readers": [
          "everyone"
        ],
        "nonreaders": [],
        "writers": [
          "ICLR.cc/2023/Conference",
          "ICLR.cc/2023/Conference/Paper2764/Reviewer_q7Gr"
        ]
      },
      {
        "id": "CiF_mfQG_lt",
        "original": null,
        "number": 3,
        "cdate": 1666706480301,
        "mdate": null,
        "ddate": null,
        "tcdate": 1666706480301,
        "tmdate": 1666706480301,
        "tddate": null,
        "forum": "4yqxDCbzS98",
        "replyto": "4yqxDCbzS98",
        "invitation": "ICLR.cc/2023/Conference/Paper2764/-/Official_Review",
        "content": {
          "confidence": "4: You are confident in your assessment, but not absolutely certain. It is unlikely, but not impossible, that you did not understand some parts of the submission or that you are unfamiliar with some pieces of related work.",
          "summary_of_the_paper": "The paper proposes a framework based on probabilistic logical reasoning that allows to train object detection models with arbitrary types of weak supervision. The proposed architecture consists of two components: symbolic reasoning and deep learning architecture. \nSuch a structure is easy to implement weakly supervised learning in the target domain. Experimental results are given to demonstrate the good performance of the proposed model.  \nThe main contribution of the paper is the incorporation of knowledge from other domains into object recognition framework. It is beneficial to use the proposed ProbKT to improve recognition performance on target domain and better generalization compared to existing baselines. \n\n",
          "strength_and_weaknesses": "The paper proposes a new framework that incorporates probabilistic logical reasoning method into the object detection models. \nStrength:  Such a structure is easy to implement prior knowledge from other domains into deep learning models, is also able to train object detection models by leveraging richly annotated datasets from other domains and allowing arbitrary types of weak supervision on the target domain. \nWeakness: \nAlthough the proposed architecture integrates symbolic reasoning into deep learning architecture, it is still unclear from theoretical point of view that why the relabeling will provide performance improvement during symbolic reasoning. \nWith regard to \"weakly supervises learning\", the paper provides a simple example \"The sum of all digitals in the image is considered as weak supervision\". How does the cost function is implemented in the probabilistic logical reasoning stage\nThe proposed model includes the probabilistic reasoning procedure, which is of higher computational complexity. ",
          "clarity,_quality,_novelty_and_reproducibility": "The paper is well written and is novel in two points: the use of prior knowledge from other domains into object detection and learning in the second procedure is implemented in weakly supervised way. ",
          "summary_of_the_review": "The use of probabilistic logical reasoning for improving the performance of object detection is interesting topic in the AI society.  The integration of probabilistic logical reasoning and deep learning model results in performance gain for object detection.  ",
          "correctness": "4: All of the claims and statements are well-supported and correct.",
          "technical_novelty_and_significance": "3: The contributions are significant and somewhat new. Aspects of the contributions exist in prior work.",
          "empirical_novelty_and_significance": "3: The contributions are significant and somewhat new. Aspects of the contributions exist in prior work.",
          "flag_for_ethics_review": [
            "NO."
          ],
          "recommendation": "6: marginally above the acceptance threshold"
        },
        "signatures": [
          "ICLR.cc/2023/Conference/Paper2764/Reviewer_Mz4p"
        ],
        "readers": [
          "everyone"
        ],
        "nonreaders": [],
        "writers": [
          "ICLR.cc/2023/Conference",
          "ICLR.cc/2023/Conference/Paper2764/Reviewer_Mz4p"
        ]
      },
      {
        "id": "_Evfbskehz",
        "original": null,
        "number": 4,
        "cdate": 1666765225102,
        "mdate": null,
        "ddate": null,
        "tcdate": 1666765225102,
        "tmdate": 1669162024576,
        "tddate": null,
        "forum": "4yqxDCbzS98",
        "replyto": "4yqxDCbzS98",
        "invitation": "ICLR.cc/2023/Conference/Paper2764/-/Official_Review",
        "content": {
          "confidence": "3: You are fairly confident in your assessment. It is possible that you did not understand some parts of the submission or that you are unfamiliar with some pieces of related work. Math/other details were not carefully checked.",
          "summary_of_the_paper": "Detailed annotations are often not available in practice, and only high-level image information is available on the target dataset; this work presents a fine-tuning method using ProbKT to update object detection models from a pre-trained architecture. Nevertheless, the presented knowledge transfer method can be built upon arbitrary types of weak supervision on the target domain, such as complex logic statements. The authors empirically show on three types of datasets that fine-tuning with ProbKT leads to significant improvement in the target domain and gives better generalization compared to existing baselines.",
          "strength_and_weaknesses": "Strength:\n1. The introduced method for weakly supervised knowledge transfer learning is quite interesting. \n2. The introduced method allows arbitrary types of supervision on the target domain can greatly alleviate the annotation burden.\n3. Extensive experiments show the proposed method is quite effective.\n\nWeakness:\n1. The idea has been published before, and I do not see improvement or substantial differences over the published one.\n\n2. The experiments are conducted on simpler content datasets, like MNIST. I expect some explanation of how to use the ProbKT for large-scale and complex content datasets on object detection, ex: what will the queries look like? \n[ Authors provided feedback on this question, for instance, they said the model could be supervised on the count of detected objects, etc., on the COCO dataset. However, this counting information is already provided from the ordinary ground truth. Specifically, the number of bounding boxes for objects already provided the model with object counts. Therefore, when you supervised the model with queries like, “there are at least 5 dogs in this image” or “there are more humans than animals in this image,” what additional information did we provide to the model? In other words, I am still not fully convinced of the author's answer.]\n",
          "clarity,_quality,_novelty_and_reproducibility": "1. The Novelty part is great; however, the paper content is almost identical to one paper in ICML2022 WORKSHOP - Updating Object Detection Models with Probabilistic Programming, and there is no citation to this paper.\n2. The content clarity is fine but can be further improved if the core idea - ProbKT can be explained with more examples on common benchmark object detection datasets. \n3. The reproducibility is good from the authors' released code.\n",
          "summary_of_the_review": "Overall, the presented idea is novel and helps equip the model with logical reasoning as humans on arbitrary input. The experiments show its effectiveness, especially I can imagine it can help more when the quantity of the dataset is not large enough to train a robust model.",
          "correctness": "3: Some of the paper’s claims have minor issues. A few statements are not well-supported, or require small changes to be made correct.",
          "technical_novelty_and_significance": "3: The contributions are significant and somewhat new. Aspects of the contributions exist in prior work.",
          "empirical_novelty_and_significance": "3: The contributions are significant and somewhat new. Aspects of the contributions exist in prior work.",
          "flag_for_ethics_review": [
            "Yes, Other reasons (please specify below)"
          ],
          "details_of_ethics_concerns": "Extensive content overlaps with the paper \" \"Updating Object Detection Models with Probabilistic Programming,\" even the write-up is copied from the paper.",
          "recommendation": "6: marginally above the acceptance threshold"
        },
        "signatures": [
          "ICLR.cc/2023/Conference/Paper2764/Reviewer_ijtT"
        ],
        "readers": [
          "everyone"
        ],
        "nonreaders": [],
        "writers": [
          "ICLR.cc/2023/Conference",
          "ICLR.cc/2023/Conference/Paper2764/Reviewer_ijtT"
        ]
      },
      {
        "id": "GCN2xzcN0n",
        "original": null,
        "number": 7,
        "cdate": 1668524858901,
        "mdate": 1668524858901,
        "ddate": null,
        "tcdate": 1668524858901,
        "tmdate": 1668524858901,
        "tddate": null,
        "forum": "4yqxDCbzS98",
        "replyto": "_Evfbskehz",
        "invitation": "ICLR.cc/2023/Conference/Paper2764/-/Official_Comment",
        "content": {
          "title": "Answers to reviewer's comments",
          "comment": "We first want to thank reviewer ijtT for their insightful review. Please find our answers below\n\n### About large-scale and complex datasets.\n\nThe queries do not depend on the scale of the dataset but rather on the available supervision signal. For example, in the COCO dataset, we could accommodate queries/weak labels such as “there are at least 5 dogs in this image” or “there are more humans than animals in this image”.\n\nWe want to stress the difference between the complexity of the images and the complexity of the supervision signal. While MNIST digits are examples of simple images, the supervision that we used in this example (only the sum of the digits is available) is arguably complex. In fact, we show that no other competitor method is able to handle such a supervision signal. Our method can be implemented over any existing object detection model, therefore can handle complex images as long as there exists a model architecture that can detect objects on them.\nWhat is more, we want to stress that the molecule recognition task is a real-world task from the chemoinformatics community. The (OOD) test images are real molecule images collected from the chemistry literature [1].\n\nRegarding larger-scale dataset, we want to clarify that the queries are not dependent on the number of images but rather on the type of supervision that is available for object detection. As such, arbitrarily complex supervision can also be demonstrated on very simple images (e.g. the MNIST dataset discussed above). \n\nLastly, the computational complexity of our probabilistic logic part and the object detection are additive. That means that training our method on large scale datasets does not imply any additional difficulty, compared to other state of the art object detection architectures. That said, training classical object detection models is notoriously computationally heavy (i.e. several days of GPU for each model). Instead, we focused our efforts on small scale, yet real-world datasets.\n\n[1] Noureddin M Sadawi, Alan P Sexton, and Volker Sorge. Chemical structure recognition: a rule-based approach. In Document Recognition and Retrieval XIX , volume 8297, page 82970E.International Society for Optics and Photonics, 2012.\n\n### About code sharing\n\nAs written in our abstract, we released the code in the submission in an anonymous repo : https://github.com/iclr2023-ProbKT/ProbKT"
        },
        "signatures": [
          "ICLR.cc/2023/Conference/Paper2764/Authors"
        ],
        "readers": [
          "everyone"
        ],
        "nonreaders": [],
        "writers": [
          "ICLR.cc/2023/Conference",
          "ICLR.cc/2023/Conference/Paper2764/Authors"
        ]
      },
      {
        "id": "BgI3socNes",
        "original": null,
        "number": 8,
        "cdate": 1668525307695,
        "mdate": null,
        "ddate": null,
        "tcdate": 1668525307695,
        "tmdate": 1669971433234,
        "tddate": null,
        "forum": "4yqxDCbzS98",
        "replyto": "CiF_mfQG_lt",
        "invitation": "ICLR.cc/2023/Conference/Paper2764/-/Official_Comment",
        "content": {
          "title": "Answers to reviewer's comments",
          "comment": "We thank reviewer Mz4p for their encouraging feedback that helped us improving the paper. Please find the answers to your comments below.\n\n### About relabeling\n\nIndeed, the relabeling step is in theory not strictly necessary as one can backpropagate from the probabilistic logic head through the whole object detection backbone. Nevertheless, our experiments showed that backpropagating through the whole architecture is quite unstable. Instead, we saw that backpropagating through the classification heads was most effective. We then use relabeling as a way to update the whole object detection backbone.\n\n### Elucidating the cost function in the probabilistic logic stage\n\nWe added an example in Appendix E.1. For convenience, we state it also below.\nTo illustrate the inference process let us follow the evaluation of the clause `sum([x1, x2],8)`, what can result from query `sum_digits(X,8)` in case of two visible digit in the image $X$.\n\nThis clause is true if and only if $X_1 + X_2 = 8$.\n\nIn case of MNIST digits ($\\{0,1,\\dots,9\\}$) enumerating the possible worlds would give the following set:\n\n$\\{(0,8), (1,7), (2,6), \\dots, (8,0)\\} $\n\nAfter summing the probability of all possible worlds we get:\n\n$ p_1(0)p_2(8) + p_1(1)p_2(7) + \\dots + p_1(0)p_2(8),$\n\nwhere $p_1$ and $p_2$ are the distribution of random variable $X_1$ and $X_2$ respectively.\n\nOr in a general form:\n\n  $  p_Y(Y) =\\sum_{X_1} p_1(X_1) p_2(Y - X_1).$\n\nAs expected the distribution of the sum is the convolution of the distributions of the two terms. This observation trivially generalizes to more than two terms. The cost function corresponding to the maximum likelihood estimation is the negative log-likelihood $- \\log(p_Y(Y))$.\n\n\n### About the complexity of the probabilistic reasoning\n\nWe acknowledge that the probabilistic reasoning step incurs additional computational complexity. Nevertheless, we show that this method is still practical, even in the case of many objects per image (e.g. the molecules dataset contains 15-20 molecules per image). What is more, we propose both a filtering approach that improves the computational complexity as well as a lightweight  variant of our method, ProbKT*."
        },
        "signatures": [
          "ICLR.cc/2023/Conference/Paper2764/Authors"
        ],
        "readers": [
          "everyone"
        ],
        "nonreaders": [],
        "writers": [
          "ICLR.cc/2023/Conference",
          "ICLR.cc/2023/Conference/Paper2764/Authors"
        ]
      },
      {
        "id": "BB36Z630kCo",
        "original": null,
        "number": 9,
        "cdate": 1668525441257,
        "mdate": 1668525441257,
        "ddate": null,
        "tcdate": 1668525441257,
        "tmdate": 1668525441257,
        "tddate": null,
        "forum": "4yqxDCbzS98",
        "replyto": "Nj6jzWNm5f",
        "invitation": "ICLR.cc/2023/Conference/Paper2764/-/Official_Comment",
        "content": {
          "title": "Answers to reviewer's comments",
          "comment": "We warmly thank reviewer q7Gr for their encouraging review ! Please find our response below\n\n\n### About real-world evaluation\n\nWe fully agree with the reviewer that the assessment of our approach on larger datasets with higher resolution images would be very interesting. We did not do so for two reasons. First, the motivation for our approach stems from the need to perform object detection in the low number of samples regime. The MNIST dataset contains only 700 images in the source and target domain, the Molecules dataset only 1400 images. Second, training objects detection models on large datasets like COCO requires a lot of compute (i.e. several days on a multiple GPUs) that we unfortunately cannot easily afford. We thus leave evaluation and inspection of our approach on larger datasets as an exciting future work direction. \nWe also want to stress that the molecules recognition task is a real-world task from the chemoinformatics community. The (OOD) test images are real molecule images collected from the chemistry literature [1]. This further emphasizes the practical impact of our approach.\n\n[1] Noureddin M Sadawi, Alan P Sexton, and Volker Sorge. Chemical structure recognition: a rule-based approach. In Document Recognition and Retrieval XIX , volume 8297, page 82970E.International Society for Optics and Photonics, 2012.\n"
        },
        "signatures": [
          "ICLR.cc/2023/Conference/Paper2764/Authors"
        ],
        "readers": [
          "everyone"
        ],
        "nonreaders": [],
        "writers": [
          "ICLR.cc/2023/Conference",
          "ICLR.cc/2023/Conference/Paper2764/Authors"
        ]
      },
      {
        "id": "XTIzGqY-16",
        "original": null,
        "number": 10,
        "cdate": 1668525758241,
        "mdate": 1668525758241,
        "ddate": null,
        "tcdate": 1668525758241,
        "tmdate": 1668525758241,
        "tddate": null,
        "forum": "4yqxDCbzS98",
        "replyto": "g-uKgOPgBtf",
        "invitation": "ICLR.cc/2023/Conference/Paper2764/-/Official_Comment",
        "content": {
          "title": "Answers to reviewer's comments",
          "comment": "We thank reviewer tNrs for their insightful feedback that helped us improve our paper. Please find our answers below.\n\n### About the reliance on DeepProbLog\n`The authors seem to be sweeping under the rug their reliance on DeepProbLog. Indeed, if I understood correctly, the reasoning and backpropagation is done through the DeepProbLog framework. If this indeed the case then it needs to be made clearer and a short introduction on the framework should be given.`\n\nWe thank the reviewer for this suggestion and we want to make sure we acknowledge properly the reliance of our framework on DeepProbLog. We clarified this in Section 3.2.2 of the paper by adding a paragraph discussing DeepProbLog. For convenience, we copied the excerpt below. Nevertheless, we want to emphasize that our architecture is not bound to a specific probabilistic reasoning engine (in the same way that one can train a deep-learning architecture with different auto-differentiation packages). In particular, ProbKT*, the variant of our main model, uses a relaxation of the probabilistic inference which relies on the Hungarian algorithm and therefore does not require DeepProbLog.\n\nExcerpt of the updated version of the paper where we discuss our reliance on DeepProbLog:\n“Our approach builds upon this ability to learn neural predicates and uses DeepProbLog [1] as the probabilistic reasoning backbone. DeepProbLog is a neural probabilistic logic programming language that allows to conveniently perform inference and differentiation with neural predicates. We refer the reader to the excellent introduction of Manhaeve et al. [2] for further details about this framework.”\n\nReferences : \n\n[1] Robin Manhaeve, Sebastijan Dumancic, Angelika Kimmig, Thomas Demeester, and Luc De Raedt. Deepproblog: Neural probabilistic logic programming. Advances in Neural Information Processing Systems, 31, 2018.\n\n[2] Robin Manhaeve, Sebastijan Dumancic, Angelika Kimmig, Thomas Demeester, and Luc De Raedt. Neural probabilistic logic programming in deepproblog. Artificial Intelligence, 298: 103504, 2021\n\n### About the expressivity of the method\n`It is not clear the exact expressivity admitted by the weak supervision, is it only limited to rules? Is it full first order logic?`\n\nProbKT inherits the expressiveness of Prolog[1] which is based on a subset of first-order predicate logic, Horn clauses and which is Turing-complete. We clarified this in the related work section (Section 2) of the paper.\n[1] Leon Sterling and Ehud Y Shapiro. The art of Prolog: advanced programming techniques. MIT press, 1994.\n\n### About the related work section\n`Move the related work, right now it is in the middle of the paper`\n\nWe have now moved the related work section after the introduction to help the reader situate our contribution in the existing literature.\n\n### About suggestions for another dataset\n\n`A dataset for action detection in autonomous driving has just been released with a broad set of propositional logic constraints. Maybe in the future this framework could be applied in the autonomous driving field.`\n\nWe thank the reviewer for their recommendation for future work. This is indeed a very interesting application that also underlines the pertinence of our approach. For sake of completeness, we have added the citation of the dataset in the introduction to support our argumentation regarding real-world applications.\n\n### About having the queries q in the images.\n`specify the query q in the image`\n\nThis is a very nice suggestion and we have now updated our figure with the specific queries."
        },
        "signatures": [
          "ICLR.cc/2023/Conference/Paper2764/Authors"
        ],
        "readers": [
          "everyone"
        ],
        "nonreaders": [],
        "writers": [
          "ICLR.cc/2023/Conference",
          "ICLR.cc/2023/Conference/Paper2764/Authors"
        ]
      },
      {
        "id": "EGYgYU8vCfm",
        "original": null,
        "number": 11,
        "cdate": 1668784022908,
        "mdate": null,
        "ddate": null,
        "tcdate": 1668784022908,
        "tmdate": 1668784763555,
        "tddate": null,
        "forum": "4yqxDCbzS98",
        "replyto": "4yqxDCbzS98",
        "invitation": "ICLR.cc/2023/Conference/Paper2764/-/Official_Comment",
        "content": {
          "title": "Summary of answers",
          "comment": "Dear reviewers and area chair,\n\nWe want to thank you all again for your time and effort in reviewing our work. As the rebuttal period comes to a close we would like to summarize our responses to the comments you raised in your reviews:\n\n- We have provided more details about the probabilistic logical programming engine and the inference process. We have now added a detailed illustration of the inference process in Appendix E. We have also clarified our dependence on DeepProbLog in Section 3. While our implementation currently uses DeepProbLog for the underlying probabilistic logical reasoning step, our architecture can be envisioned with a different choice of engine.\n\n- We have highlighted the motivation behind weak supervision in objects detection tasks and the pertinence of our method for real-world application. Notably, the chemical entity recognition use case (Molecules Dataset) is an important real-world task which is getting increasing attention in the community. See for instance [1], a forthcoming NeurIPS paper.\n\n- We have clarified the expressivity of our method in Section 2 of the paper. Our model inherits the expressivity of Problog and is thus based on a subset of first-order predicate logic.\n\n- We have improved the overall clarity of the paper. In particular, we have clarified the exact query used in the illustrative Figures 1, 5 and 6. We have also repositioned the related works section.\n\nWe are available for elucidating any other concern or question you might have.\n\nBest Regards,\n\nThe authors\n\n[1] CEDe: A collection of expert-curated datasets with atom-level entity annotations for Optical Chemical Structure Recognition.” Thirty-sixth Conference on Neural Information Processing Systems Datasets and Benchmarks Track, 2022."
        },
        "signatures": [
          "ICLR.cc/2023/Conference/Paper2764/Authors"
        ],
        "readers": [
          "ICLR.cc/2023/Conference/Program_Chairs",
          "ICLR.cc/2023/Conference/Paper2764/Senior_Area_Chairs",
          "ICLR.cc/2023/Conference/Paper2764/Area_Chairs",
          "ICLR.cc/2023/Conference/Paper2764/Reviewers",
          "ICLR.cc/2023/Conference/Paper2764/Reviewers/Submitted",
          "ICLR.cc/2023/Conference/Paper2764/Authors",
          "everyone"
        ],
        "nonreaders": [],
        "writers": [
          "ICLR.cc/2023/Conference",
          "ICLR.cc/2023/Conference/Paper2764/Authors"
        ]
      },
      {
        "id": "Wl9P1pq1Jx",
        "original": null,
        "number": 12,
        "cdate": 1669160269588,
        "mdate": 1669160269588,
        "ddate": null,
        "tcdate": 1669160269588,
        "tmdate": 1669160269588,
        "tddate": null,
        "forum": "4yqxDCbzS98",
        "replyto": "GCN2xzcN0n",
        "invitation": "ICLR.cc/2023/Conference/Paper2764/-/Official_Comment",
        "content": {
          "title": "Receive the author feedback and modify my rating",
          "comment": "Thanks for the clarification on my questions. Please consider citing your previous workshop paper in the reference if this submission is accepted."
        },
        "signatures": [
          "ICLR.cc/2023/Conference/Paper2764/Reviewer_ijtT"
        ],
        "readers": [
          "everyone"
        ],
        "nonreaders": [],
        "writers": [
          "ICLR.cc/2023/Conference",
          "ICLR.cc/2023/Conference/Paper2764/Reviewer_ijtT"
        ]
      },
      {
        "id": "MXlnjM2eOnd",
        "original": null,
        "number": 15,
        "cdate": 1669811237683,
        "mdate": 1669811237683,
        "ddate": null,
        "tcdate": 1669811237683,
        "tmdate": 1669811237683,
        "tddate": null,
        "forum": "4yqxDCbzS98",
        "replyto": "XTIzGqY-16",
        "invitation": "ICLR.cc/2023/Conference/Paper2764/-/Official_Comment",
        "content": {
          "title": "Thanks for the answers",
          "comment": "First of all I would like to thank the authors for their clarifications, and I can also see that the paper writing has improved a lot. \nI have updated my score accordingly. "
        },
        "signatures": [
          "ICLR.cc/2023/Conference/Paper2764/Reviewer_tNrs"
        ],
        "readers": [
          "everyone"
        ],
        "nonreaders": [],
        "writers": [
          "ICLR.cc/2023/Conference",
          "ICLR.cc/2023/Conference/Paper2764/Reviewer_tNrs"
        ]
      },
      {
        "id": "u3L-jXO0IJE",
        "original": null,
        "number": 16,
        "cdate": 1669971676695,
        "mdate": null,
        "ddate": null,
        "tcdate": 1669971676695,
        "tmdate": 1669971722492,
        "tddate": null,
        "forum": "4yqxDCbzS98",
        "replyto": "BgI3socNes",
        "invitation": "ICLR.cc/2023/Conference/Paper2764/-/Official_Comment",
        "content": {
          "title": "small layout correction to our answer (part of text was shifted)",
          "comment": "We would like to notify that we spotted a small layout issue in our answer above which we corrected. More specific, part of the text (elucidating the cost function in the probablistic logic stage) was shifted (to the end)."
        },
        "signatures": [
          "ICLR.cc/2023/Conference/Paper2764/Authors"
        ],
        "readers": [
          "everyone"
        ],
        "nonreaders": [],
        "writers": [
          "ICLR.cc/2023/Conference",
          "ICLR.cc/2023/Conference/Paper2764/Authors"
        ]
      },
      {
        "id": "RygURUYJka",
        "original": null,
        "number": 17,
        "cdate": 1670427459219,
        "mdate": 1670427459219,
        "ddate": null,
        "tcdate": 1670427459219,
        "tmdate": 1670427459219,
        "tddate": null,
        "forum": "4yqxDCbzS98",
        "replyto": "_Evfbskehz",
        "invitation": "ICLR.cc/2023/Conference/Paper2764/-/Official_Comment",
        "content": {
          "title": "Additional clarification to reviewer ijtT",
          "comment": "Dear reviewer,\n\nWe just spotted that there was still an open question in your review.\n\n`However, this counting information is already provided from the ordinary ground truth. Specifically, the number of bounding boxes for objects already provided the model with object counts. Therefore, when you supervised the model with queries like, \"there are at least 5 dogs in this image\" or \"there are more humans than animals in this image,\" what additional information did we provide to the model? In other words, I am still not fully convinced of the author's answer.`\n\nWe apologize if our previous answer may have been confusing. In the case of COCO data set more detailed labels are indeed already available.  However our point is to illustrate how a model already pre-trained on COCO data set could be transferred to another domain where only weakly labeled samples are available (e.g. “there are at least 5 dogs in this image” or “there are more humans than animals in this image”). Our work focuses on the domain adaptation task where models trained on richly annotated datasets like COCO can be adapted to a new domain where less detailed supervision is available.\n\nRegarding the workshop paper, we will add it to our references.\n\nPlease let us know if any questions of concerns remain regarding our work.\n\nBest Regards,\n\nThe Authors"
        },
        "signatures": [
          "ICLR.cc/2023/Conference/Paper2764/Authors"
        ],
        "readers": [
          "everyone"
        ],
        "nonreaders": [],
        "writers": [
          "ICLR.cc/2023/Conference",
          "ICLR.cc/2023/Conference/Paper2764/Authors"
        ]
      },
      {
        "id": "swsV0k_dZU",
        "original": null,
        "number": 1,
        "cdate": 1674241791502,
        "pdate": null,
        "mdate": null,
        "ddate": null,
        "tcdate": 1674241791502,
        "tmdate": 1674241791502,
        "tddate": null,
        "forum": "4yqxDCbzS98",
        "replyto": "4yqxDCbzS98",
        "invitation": "ICLR.cc/2023/Conference/Paper2764/-/Decision",
        "content": {
          "title": "Paper Decision",
          "decision": "Accept: poster",
          "metareview:_summary,_strengths_and_weaknesses": "The paper presents a well done application of deep Problog to the problem of domain adaptation. The authors propose adapting pre-trained models using weak feedback in the form of complex logical statements.\n\nAll reviewers agree that the paper should be accepted. While the main technique is not novel (it is essentially deep problog), the authors show how it can be successfully applied to domain adaptation problems, and achieve good performance on a number of problems. ",
          "justification_for_why_not_higher_score": "The paper presents an application of existing techniques to a new problem. Thus novelty is limited. ",
          "justification_for_why_not_lower_score": "The application of neuro-symbolic methods to domain adaptation is well done and interesting. Results are good. All reviewers agree that the paper should be accepted. ",
          "note_from_PC": "if the above contains the word \"oral\" or \"spotlight\" please see: \"oral\" presentation means -> notable-top-5% and \"spotlight\" means -> notable-top-25%. As stated in our emails, we are disassociating presentation type from AC recommendations"
        },
        "signatures": [
          "ICLR.cc/2023/Conference/Program_Chairs"
        ],
        "readers": [
          "everyone"
        ],
        "nonreaders": [],
        "writers": [
          "ICLR.cc/2023/Conference/Program_Chairs"
        ]
      }
    ],
    "directReplies": [
      {
        "id": "g-uKgOPgBtf",
        "original": null,
        "number": 1,
        "cdate": 1666435694525,
        "mdate": null,
        "ddate": null,
        "tcdate": 1666435694525,
        "tmdate": 1669811417903,
        "tddate": null,
        "forum": "4yqxDCbzS98",
        "replyto": "4yqxDCbzS98",
        "invitation": "ICLR.cc/2023/Conference/Paper2764/-/Official_Review",
        "content": {
          "confidence": "3: You are fairly confident in your assessment. It is possible that you did not understand some parts of the submission or that you are unfamiliar with some pieces of related work. Math/other details were not carefully checked.",
          "summary_of_the_paper": "The paper presents a new way of doing object detection with weak supervisions. The model proposed is called ProbKT and it allows any object detection model to be trained on a general and rich source domain, and then transfer the acquired knowledge on a weakly annotated target domain. The novelty of this work lies in the fact that it allows to train object detection models with arbitrary types of weak supervisions. ",
          "strength_and_weaknesses": "**Strengths:**\n\n1) The paper addresses the important problem of training object detection models with weak supervisions\n2) It is the first paper to allow for more complex weak supervisions\n3) The experimental analysis is comprehensive and well documented\n\n**Weaknesses:**\n\n1) The authors seem to be sweeping under the rug their reliance on DeepProbLog. Indeed, if I understood correctly, the reasoning and backprogation is done through the DeepProbLog framework. If this indeed the case then it needs to be made clearer and a short introduction on the framework should be given. \n2) It is not clear the exact expressivity admitted by the weak supervision, is it only limited to rules? Is it full first order logic?\n\n",
          "clarity,_quality,_novelty_and_reproducibility": "**Novelty:**\n\nThe paper seems novel and relevant. \n\n**Clarity:**\n\nThe paper could improve in its writing. \nSome things could be: \n    1. Introduce better DeepProbLog and clarify how the model relies on it\n    2. Move the related work, right now it is in the middle of the paper\n\n**Reproducibility:**\n\nThe authors have made the code available.\n\n**Future work suggestion:**\n\nA dataset for action detection in autonomous driving has just been released with a broad set of propositional logic constraints in [1]. Maybe in the future this framework could be applied in the autonomous driving field. \n\n**Minor suggestion:** \n- specify the query $q$ in the image\n\n[1]  Eleonora Giunchiglia, Mihaela Catalina Stoian, Salman Khan, Fabio Cuzzolin, Thomas Lukasiewicz. ROAD-R: The Autonomous Driving Dataset with Logical Requirements. Machine Learning, 2022.",
          "summary_of_the_review": "**TL;DR:** the paper seems novel and relevant. however, its relationship with deepproblog needs to be clarified ",
          "correctness": "3: Some of the paper’s claims have minor issues. A few statements are not well-supported, or require small changes to be made correct.",
          "technical_novelty_and_significance": "3: The contributions are significant and somewhat new. Aspects of the contributions exist in prior work.",
          "empirical_novelty_and_significance": "3: The contributions are significant and somewhat new. Aspects of the contributions exist in prior work.",
          "flag_for_ethics_review": [
            "NO."
          ],
          "recommendation": "8: accept, good paper"
        },
        "signatures": [
          "ICLR.cc/2023/Conference/Paper2764/Reviewer_tNrs"
        ],
        "readers": [
          "everyone"
        ],
        "nonreaders": [],
        "writers": [
          "ICLR.cc/2023/Conference",
          "ICLR.cc/2023/Conference/Paper2764/Reviewer_tNrs"
        ]
      },
      {
        "id": "Nj6jzWNm5f",
        "original": null,
        "number": 2,
        "cdate": 1666590522266,
        "mdate": null,
        "ddate": null,
        "tcdate": 1666590522266,
        "tmdate": 1666590522266,
        "tddate": null,
        "forum": "4yqxDCbzS98",
        "replyto": "4yqxDCbzS98",
        "invitation": "ICLR.cc/2023/Conference/Paper2764/-/Official_Review",
        "content": {
          "confidence": "3: You are fairly confident in your assessment. It is possible that you did not understand some parts of the submission or that you are unfamiliar with some pieces of related work. Math/other details were not carefully checked.",
          "summary_of_the_paper": "This paper introduces a new method for weakly supervised object detection with knowledge transfer, termed ProbKT. The basic idea is formulating the weakly supervised detection problem as the probabilistic logical reasoning so that the detector can be trained with arbitrary types of weak supervision.  The output of the detector is fed into a neural probabilistic logical reasoning module. Several modifications are also proposed to reduce the computational cost of probabilistic programing specifically for object detection. Experiments show that ProbKT outperforms WSOD-transfer [41] and several baselines on CLEVR-mini, Molecules, MNIST on both detection and counting tasks.",
          "strength_and_weaknesses": "# Strengths\n+ By formulating the weakly supervised object detection as the probabilistic logical reasoning, a unified detection method can be trained on dataset with different supervision signals, which is a novel approach for weakly supervised knowledge transfer.\n+ The paper presentation is clear, with well-defined terms and concepts.\n+ Ablation studies are thorough. The effects of proposed components are validated on several datasets.\n# Weaknesses\n- It would be great if the method can be evaluated on datasets with real world objects like COCO or LVIS.\n",
          "clarity,_quality,_novelty_and_reproducibility": "Clarity: 8/10, paper is well written.\n\nQuality: 7/10.\n\nNovelty: 7/10.\n\nReproducibility: 9/10, code is released.\n",
          "summary_of_the_review": "Based on the novelty, the clarity and the thorough experiments, this paper is good for acceptance at ICLR.",
          "correctness": "4: All of the claims and statements are well-supported and correct.",
          "technical_novelty_and_significance": "3: The contributions are significant and somewhat new. Aspects of the contributions exist in prior work.",
          "empirical_novelty_and_significance": "Not applicable",
          "flag_for_ethics_review": [
            "NO."
          ],
          "recommendation": "8: accept, good paper"
        },
        "signatures": [
          "ICLR.cc/2023/Conference/Paper2764/Reviewer_q7Gr"
        ],
        "readers": [
          "everyone"
        ],
        "nonreaders": [],
        "writers": [
          "ICLR.cc/2023/Conference",
          "ICLR.cc/2023/Conference/Paper2764/Reviewer_q7Gr"
        ]
      },
      {
        "id": "CiF_mfQG_lt",
        "original": null,
        "number": 3,
        "cdate": 1666706480301,
        "mdate": null,
        "ddate": null,
        "tcdate": 1666706480301,
        "tmdate": 1666706480301,
        "tddate": null,
        "forum": "4yqxDCbzS98",
        "replyto": "4yqxDCbzS98",
        "invitation": "ICLR.cc/2023/Conference/Paper2764/-/Official_Review",
        "content": {
          "confidence": "4: You are confident in your assessment, but not absolutely certain. It is unlikely, but not impossible, that you did not understand some parts of the submission or that you are unfamiliar with some pieces of related work.",
          "summary_of_the_paper": "The paper proposes a framework based on probabilistic logical reasoning that allows to train object detection models with arbitrary types of weak supervision. The proposed architecture consists of two components: symbolic reasoning and deep learning architecture. \nSuch a structure is easy to implement weakly supervised learning in the target domain. Experimental results are given to demonstrate the good performance of the proposed model.  \nThe main contribution of the paper is the incorporation of knowledge from other domains into object recognition framework. It is beneficial to use the proposed ProbKT to improve recognition performance on target domain and better generalization compared to existing baselines. \n\n",
          "strength_and_weaknesses": "The paper proposes a new framework that incorporates probabilistic logical reasoning method into the object detection models. \nStrength:  Such a structure is easy to implement prior knowledge from other domains into deep learning models, is also able to train object detection models by leveraging richly annotated datasets from other domains and allowing arbitrary types of weak supervision on the target domain. \nWeakness: \nAlthough the proposed architecture integrates symbolic reasoning into deep learning architecture, it is still unclear from theoretical point of view that why the relabeling will provide performance improvement during symbolic reasoning. \nWith regard to \"weakly supervises learning\", the paper provides a simple example \"The sum of all digitals in the image is considered as weak supervision\". How does the cost function is implemented in the probabilistic logical reasoning stage\nThe proposed model includes the probabilistic reasoning procedure, which is of higher computational complexity. ",
          "clarity,_quality,_novelty_and_reproducibility": "The paper is well written and is novel in two points: the use of prior knowledge from other domains into object detection and learning in the second procedure is implemented in weakly supervised way. ",
          "summary_of_the_review": "The use of probabilistic logical reasoning for improving the performance of object detection is interesting topic in the AI society.  The integration of probabilistic logical reasoning and deep learning model results in performance gain for object detection.  ",
          "correctness": "4: All of the claims and statements are well-supported and correct.",
          "technical_novelty_and_significance": "3: The contributions are significant and somewhat new. Aspects of the contributions exist in prior work.",
          "empirical_novelty_and_significance": "3: The contributions are significant and somewhat new. Aspects of the contributions exist in prior work.",
          "flag_for_ethics_review": [
            "NO."
          ],
          "recommendation": "6: marginally above the acceptance threshold"
        },
        "signatures": [
          "ICLR.cc/2023/Conference/Paper2764/Reviewer_Mz4p"
        ],
        "readers": [
          "everyone"
        ],
        "nonreaders": [],
        "writers": [
          "ICLR.cc/2023/Conference",
          "ICLR.cc/2023/Conference/Paper2764/Reviewer_Mz4p"
        ]
      },
      {
        "id": "_Evfbskehz",
        "original": null,
        "number": 4,
        "cdate": 1666765225102,
        "mdate": null,
        "ddate": null,
        "tcdate": 1666765225102,
        "tmdate": 1669162024576,
        "tddate": null,
        "forum": "4yqxDCbzS98",
        "replyto": "4yqxDCbzS98",
        "invitation": "ICLR.cc/2023/Conference/Paper2764/-/Official_Review",
        "content": {
          "confidence": "3: You are fairly confident in your assessment. It is possible that you did not understand some parts of the submission or that you are unfamiliar with some pieces of related work. Math/other details were not carefully checked.",
          "summary_of_the_paper": "Detailed annotations are often not available in practice, and only high-level image information is available on the target dataset; this work presents a fine-tuning method using ProbKT to update object detection models from a pre-trained architecture. Nevertheless, the presented knowledge transfer method can be built upon arbitrary types of weak supervision on the target domain, such as complex logic statements. The authors empirically show on three types of datasets that fine-tuning with ProbKT leads to significant improvement in the target domain and gives better generalization compared to existing baselines.",
          "strength_and_weaknesses": "Strength:\n1. The introduced method for weakly supervised knowledge transfer learning is quite interesting. \n2. The introduced method allows arbitrary types of supervision on the target domain can greatly alleviate the annotation burden.\n3. Extensive experiments show the proposed method is quite effective.\n\nWeakness:\n1. The idea has been published before, and I do not see improvement or substantial differences over the published one.\n\n2. The experiments are conducted on simpler content datasets, like MNIST. I expect some explanation of how to use the ProbKT for large-scale and complex content datasets on object detection, ex: what will the queries look like? \n[ Authors provided feedback on this question, for instance, they said the model could be supervised on the count of detected objects, etc., on the COCO dataset. However, this counting information is already provided from the ordinary ground truth. Specifically, the number of bounding boxes for objects already provided the model with object counts. Therefore, when you supervised the model with queries like, “there are at least 5 dogs in this image” or “there are more humans than animals in this image,” what additional information did we provide to the model? In other words, I am still not fully convinced of the author's answer.]\n",
          "clarity,_quality,_novelty_and_reproducibility": "1. The Novelty part is great; however, the paper content is almost identical to one paper in ICML2022 WORKSHOP - Updating Object Detection Models with Probabilistic Programming, and there is no citation to this paper.\n2. The content clarity is fine but can be further improved if the core idea - ProbKT can be explained with more examples on common benchmark object detection datasets. \n3. The reproducibility is good from the authors' released code.\n",
          "summary_of_the_review": "Overall, the presented idea is novel and helps equip the model with logical reasoning as humans on arbitrary input. The experiments show its effectiveness, especially I can imagine it can help more when the quantity of the dataset is not large enough to train a robust model.",
          "correctness": "3: Some of the paper’s claims have minor issues. A few statements are not well-supported, or require small changes to be made correct.",
          "technical_novelty_and_significance": "3: The contributions are significant and somewhat new. Aspects of the contributions exist in prior work.",
          "empirical_novelty_and_significance": "3: The contributions are significant and somewhat new. Aspects of the contributions exist in prior work.",
          "flag_for_ethics_review": [
            "Yes, Other reasons (please specify below)"
          ],
          "details_of_ethics_concerns": "Extensive content overlaps with the paper \" \"Updating Object Detection Models with Probabilistic Programming,\" even the write-up is copied from the paper.",
          "recommendation": "6: marginally above the acceptance threshold"
        },
        "signatures": [
          "ICLR.cc/2023/Conference/Paper2764/Reviewer_ijtT"
        ],
        "readers": [
          "everyone"
        ],
        "nonreaders": [],
        "writers": [
          "ICLR.cc/2023/Conference",
          "ICLR.cc/2023/Conference/Paper2764/Reviewer_ijtT"
        ]
      },
      {
        "id": "EGYgYU8vCfm",
        "original": null,
        "number": 11,
        "cdate": 1668784022908,
        "mdate": null,
        "ddate": null,
        "tcdate": 1668784022908,
        "tmdate": 1668784763555,
        "tddate": null,
        "forum": "4yqxDCbzS98",
        "replyto": "4yqxDCbzS98",
        "invitation": "ICLR.cc/2023/Conference/Paper2764/-/Official_Comment",
        "content": {
          "title": "Summary of answers",
          "comment": "Dear reviewers and area chair,\n\nWe want to thank you all again for your time and effort in reviewing our work. As the rebuttal period comes to a close we would like to summarize our responses to the comments you raised in your reviews:\n\n- We have provided more details about the probabilistic logical programming engine and the inference process. We have now added a detailed illustration of the inference process in Appendix E. We have also clarified our dependence on DeepProbLog in Section 3. While our implementation currently uses DeepProbLog for the underlying probabilistic logical reasoning step, our architecture can be envisioned with a different choice of engine.\n\n- We have highlighted the motivation behind weak supervision in objects detection tasks and the pertinence of our method for real-world application. Notably, the chemical entity recognition use case (Molecules Dataset) is an important real-world task which is getting increasing attention in the community. See for instance [1], a forthcoming NeurIPS paper.\n\n- We have clarified the expressivity of our method in Section 2 of the paper. Our model inherits the expressivity of Problog and is thus based on a subset of first-order predicate logic.\n\n- We have improved the overall clarity of the paper. In particular, we have clarified the exact query used in the illustrative Figures 1, 5 and 6. We have also repositioned the related works section.\n\nWe are available for elucidating any other concern or question you might have.\n\nBest Regards,\n\nThe authors\n\n[1] CEDe: A collection of expert-curated datasets with atom-level entity annotations for Optical Chemical Structure Recognition.” Thirty-sixth Conference on Neural Information Processing Systems Datasets and Benchmarks Track, 2022."
        },
        "signatures": [
          "ICLR.cc/2023/Conference/Paper2764/Authors"
        ],
        "readers": [
          "ICLR.cc/2023/Conference/Program_Chairs",
          "ICLR.cc/2023/Conference/Paper2764/Senior_Area_Chairs",
          "ICLR.cc/2023/Conference/Paper2764/Area_Chairs",
          "ICLR.cc/2023/Conference/Paper2764/Reviewers",
          "ICLR.cc/2023/Conference/Paper2764/Reviewers/Submitted",
          "ICLR.cc/2023/Conference/Paper2764/Authors",
          "everyone"
        ],
        "nonreaders": [],
        "writers": [
          "ICLR.cc/2023/Conference",
          "ICLR.cc/2023/Conference/Paper2764/Authors"
        ]
      },
      {
        "id": "swsV0k_dZU",
        "original": null,
        "number": 1,
        "cdate": 1674241791502,
        "pdate": null,
        "mdate": null,
        "ddate": null,
        "tcdate": 1674241791502,
        "tmdate": 1674241791502,
        "tddate": null,
        "forum": "4yqxDCbzS98",
        "replyto": "4yqxDCbzS98",
        "invitation": "ICLR.cc/2023/Conference/Paper2764/-/Decision",
        "content": {
          "title": "Paper Decision",
          "decision": "Accept: poster",
          "metareview:_summary,_strengths_and_weaknesses": "The paper presents a well done application of deep Problog to the problem of domain adaptation. The authors propose adapting pre-trained models using weak feedback in the form of complex logical statements.\n\nAll reviewers agree that the paper should be accepted. While the main technique is not novel (it is essentially deep problog), the authors show how it can be successfully applied to domain adaptation problems, and achieve good performance on a number of problems. ",
          "justification_for_why_not_higher_score": "The paper presents an application of existing techniques to a new problem. Thus novelty is limited. ",
          "justification_for_why_not_lower_score": "The application of neuro-symbolic methods to domain adaptation is well done and interesting. Results are good. All reviewers agree that the paper should be accepted. ",
          "note_from_PC": "if the above contains the word \"oral\" or \"spotlight\" please see: \"oral\" presentation means -> notable-top-5% and \"spotlight\" means -> notable-top-25%. As stated in our emails, we are disassociating presentation type from AC recommendations"
        },
        "signatures": [
          "ICLR.cc/2023/Conference/Program_Chairs"
        ],
        "readers": [
          "everyone"
        ],
        "nonreaders": [],
        "writers": [
          "ICLR.cc/2023/Conference/Program_Chairs"
        ]
      }
    ]
  }
}