{
  "id": "-76EsjcHnbj",
  "original": "yUyeec66Gsd",
  "number": 7780,
  "cdate": 1652737623404,
  "mdate": null,
  "ddate": null,
  "tcdate": 1652737623404,
  "tmdate": 1673722437356,
  "tddate": null,
  "forum": "-76EsjcHnbj",
  "replyto": null,
  "invitation": "NeurIPS.cc/2022/Conference/-/Blind_Submission",
  "content": {
    "title": "Instance-Dependent Near-Optimal Policy Identification in Linear MDPs via Online Experiment Design",
    "authorids": [
      "~Andrew_Wagenmaker1",
      "~Kevin_Jamieson1"
    ],
    "authors": [
      "Andrew Wagenmaker",
      "Kevin Jamieson"
    ],
    "keywords": [
      "reinforcement learning",
      "reinforcement learning theory",
      "sequential decision making",
      "function approximation",
      "PAC",
      "instance-dependence"
    ],
    "TL;DR": "In this work we show instance-dependent bounds on PAC policy learning in linear MDPs.",
    "abstract": "While much progress has been made in understanding the minimax sample complexity of reinforcement learning (RL)---the complexity of learning on the ``worst-case'' instance---such measures of complexity often do not capture the true difficulty of learning. In practice, on an ``easy'' instance, we might hope to achieve a complexity far better than that achievable on the worst-case instance. In this work we seek to understand this ``instance-dependent'' complexity of learning in the setting of RL with linear function approximation. We propose an algorithm, PEDEL, which achieves a fine-grained instance-dependent measure of complexity, the first of its kind in the RL with function approximation setting, thereby capturing the difficulty of learning on each particular problem instance. Through an explicit example, we show that PEDEL yields provable gains over low-regret, minimax-optimal algorithms and that such algorithms are unable to hit the instance-optimal rate. Our approach relies on a novel online experiment design-based procedure which focuses the exploration budget on the ``directions'' most relevant to learning a near-optimal policy, and may be of independent interest.",
    "paperhash": "wagenmaker|instancedependent_nearoptimal_policy_identification_in_linear_mdps_via_online_experiment_design",
    "pdf": "/pdf/7fc36675bbf62a71b080b09398e9e5686166bee3.pdf",
    "supplementary_material": "/attachment/e3dda01aa713bb4f7491931df1fa3fe334f490cd.pdf",
    "venue": "NeurIPS 2022 Accept",
    "venueid": "NeurIPS.cc/2022/Conference",
    "_bibtex": "@inproceedings{\nwagenmaker2022instancedependent,\ntitle={Instance-Dependent Policy Learning for Linear {MDP}s via Online Experiment Design},\nauthor={Andrew Wagenmaker and Kevin Jamieson},\nbooktitle={Advances in Neural Information Processing Systems},\neditor={Alice H. Oh and Alekh Agarwal and Danielle Belgrave and Kyunghyun Cho},\nyear={2022},\nurl={https://openreview.net/forum?id=-76EsjcHnbj}\n}"
  },
  "signatures": [
    "NeurIPS.cc/2022/Conference"
  ],
  "readers": [
    "everyone"
  ],
  "nonreaders": [],
  "writers": [
    "NeurIPS.cc/2022/Conference"
  ],
  "tauthor": "OpenReview.net",
  "pdate": 1667239200000,
  "details": {
    "overwriting": [],
    "tags": [],
    "writable": false,
    "replyCount": 13,
    "directReplyCount": 5,
    "revisions": true,
    "replies": [
      {
        "id": "5MRRMEP6yyS",
        "original": null,
        "number": 1,
        "cdate": 1656538046869,
        "mdate": null,
        "ddate": null,
        "tcdate": 1656538046869,
        "tmdate": 1656550373633,
        "tddate": null,
        "forum": "-76EsjcHnbj",
        "replyto": "-76EsjcHnbj",
        "invitation": "NeurIPS.cc/2022/Conference/Paper7780/-/Official_Review",
        "content": {
          "rating": "8: Strong Accept: Technically strong paper, with novel ideas, excellent impact on at least one area, or high-to-excellent impact on multiple areas, with excellent evaluation, resources, and reproducibility, and no unaddressed ethical considerations.",
          "confidence": "3: You are fairly confident in your assessment. It is possible that you did not understand some parts of the submission or that you are unfamiliar with some pieces of related work. Math/other details were not carefully checked.",
          "summary": "This paper considers instance-dependent complexity of learning under linear MDPs. Based on a novel online experiment design in linear MDPs, the author proposes an algorithm whose sample complexity scaling with the instance-dependent complexity. This algorithm is worst-case optimal and beats any low-regret algorithm on an explicit example constructed by the author. ",
          "strengths_and_weaknesses": "Strengths:\n- Interesting question. The question of obtaining worst-case optimal algorithms with linear function approximation has been well-studied recently. When it comes to instance-dependent RL, most of the recent work focuses on the tabular setting. Obtaining computationally efficient algorithms with tight instance-dependent sample complexity under linear MDPs is still an open question in RL.\n- Great novelty. The author uses an online experiment design-based procedure to reduce the uncertainty of their algorithm.\n- Enough comparison with the previous work. In Section 4.3, the author reduces their result to tabular and deterministic MDPs and carefully compares their results with the existing results.\n- Well-written and easy to follow. Clear algorithms, definitions, assumptions and theorems.\n\nWeaknesses:\n- Lack of tightness. The paper does not show if the algorithm obtains tight instance-dependence.\n- Computationally inefficient algorithm. \n",
          "questions": "- Is the result in Theorem 1 tight with respect to the policy gap and the uncertainty? Does a general lower bound exist? Does the upper and lower bound match?\n- Can the algorithm be applied to linear mixture MDPs setting? \n",
          "limitations": "Lack of tightness w.r.t instance-dependence. Not tight w.r.t $H$ dependence. Computationally inefficient. The sample complexity result scales with the hardest-to-reach direction.",
          "ethics_flag": "No",
          "ethics_review_area": [],
          "soundness": "4 excellent",
          "presentation": "4 excellent",
          "contribution": "4 excellent",
          "code_of_conduct": "Yes"
        },
        "signatures": [
          "NeurIPS.cc/2022/Conference/Paper7780/Reviewer_sWno"
        ],
        "readers": [
          "everyone"
        ],
        "nonreaders": [],
        "writers": [
          "NeurIPS.cc/2022/Conference",
          "NeurIPS.cc/2022/Conference/Paper7780/Reviewer_sWno"
        ]
      },
      {
        "id": "mUH4KvKuMp3",
        "original": null,
        "number": 2,
        "cdate": 1657936281692,
        "mdate": null,
        "ddate": null,
        "tcdate": 1657936281692,
        "tmdate": 1657936281692,
        "tddate": null,
        "forum": "-76EsjcHnbj",
        "replyto": "-76EsjcHnbj",
        "invitation": "NeurIPS.cc/2022/Conference/Paper7780/-/Official_Review",
        "content": {
          "rating": "8: Strong Accept: Technically strong paper, with novel ideas, excellent impact on at least one area, or high-to-excellent impact on multiple areas, with excellent evaluation, resources, and reproducibility, and no unaddressed ethical considerations.",
          "confidence": "4: You are confident in your assessment, but not absolutely certain. It is unlikely, but not impossible, that you did not understand some parts of the submission or that you are unfamiliar with some pieces of related work.",
          "summary": "This paper studies the problem of sample complexity of RL with linear function approximation. Recent works have extensively studied this problem with a range of results for different versions and structural assumptions. However, this paper presents the first instance dependent sample complexity analysis for the linear MDP setting. The proposed algorithm is based on a policy elimination scheme which iteratively maintains a set of policies which lie within a $2^{-l}$ optimality gap from the optimal policy. The update step for this algorithm is based on a novel online experiment-design procedure which guarantees the collection of a sufficiently 'exploratory' dataset of state-action pairs at each step.\n\nIn terms of the formal results, the authors show the first instance-dependent sample complexity analysis for linear MDPs which can be shown to also yield a dimension-optimal rate in the worst case. Further, it is formally shown that there exists instances where the instance-dependent rate improves over the sample complexity of worst case optimal PAC-RL algorithms. Lastly, it is shown that the instance-dependent rate for the linear case recovers the instance-dependent rate for deterministic MDPs whereas it gives another instance-dependent rate for tabular MDP which can be provably better or worse than previous instance-dependent rates for specific instances. ",
          "strengths_and_weaknesses": "Overall, this paper is very well written and shows important and novel results for linear MDPs. I especially like the thoroughness of this paper where multiple aspects of instance-dependence are explored:\n1. Instance-dependent analysis for linear MDPs: The algorithm is well explained and a novel method for the experiment design objective in (4.1) is also proposed and analysed. In the final rate, the authors show that the rate depends on factors which relate to hardness of exploring any direction in the feature space $\\phi$, a policy gap term for the input policy class. A final result is obtained by showing that a policy class can be constructed for linear MDPs whose size exponentially scales with $d$ to derive the instance-dependent guarantee with respect to the optimal policy.\n2. Demonstrating the utility of the instance-dependent rate: The authors show using Prop. 3 that there exists linear MDPs such that the instance dependent rate improves over the worst case rate by a factor of $d^2$. Further, it is shown that no existing PAC-optimal algorithm will get a polylog(d) rate for this problem.\n3. Discussions for tabular and deterministic MDPs: I especially like the result in Prop. 5 which shows that the sample comeplxity for their algorithm is in fact another possible instance-dependent rate for tabular domains and can improve over previously shown instance-adaptive algorithms or in some cases perform worse than them. It brings an interesting question of unifying these different instance-dependent measure of complexity, and highlights possibilities of improvement even for the linear MDP case. For deterministic MDPs, previously known rate can be recovered upto $H$ factors.\n\n**Weakness**:\nThis is a strong first result in this direction and hence has certain aspects which can possibly be improved:\n1. Computational efficiency: Since the algorithm follows a policy elimination template, for establishing a guarantee wrt optimal policy, an exponentially large policy set needs to be constructed. The experiment design objective then iterates over the expected feature vectors for each policy to eliminate sub-optimal candidates. As such, it is not clear if a computationally efficient version of the solution can be derived.\n2. Dependence on explorability parameter: The authors need to assume that there exists a policy which generates a full rank covariance matrix for the state-action features. In my understanding, this also affects the algorithm as the covariance matrices constructed in the experiment design steps are guaranteed to be non-singular using this assumption. Can the authors comment about the necessity of this assumption or potential ways to remove this?",
          "questions": "Please see the comments about computational efficiency and $\\lambda_{\\min}^*$ above.\nIn addition, I was wondering if there is a more intuitive interpretation of the complete instance-dependent term in theorem 1 instead of just the individual terms.",
          "limitations": "The authors do discuss the potential improvements in the conclusion and formally show that their algorithm does not yield the best sample complexity for some tabular domains. As such, I do not have any concerns about the discussions of the limitations.",
          "ethics_flag": "No",
          "ethics_review_area": [],
          "soundness": "4 excellent",
          "presentation": "4 excellent",
          "contribution": "4 excellent",
          "code_of_conduct": "Yes"
        },
        "signatures": [
          "NeurIPS.cc/2022/Conference/Paper7780/Reviewer_b4C6"
        ],
        "readers": [
          "everyone"
        ],
        "nonreaders": [],
        "writers": [
          "NeurIPS.cc/2022/Conference",
          "NeurIPS.cc/2022/Conference/Paper7780/Reviewer_b4C6"
        ]
      },
      {
        "id": "BftUMMNIjw",
        "original": null,
        "number": 3,
        "cdate": 1657943939635,
        "mdate": null,
        "ddate": null,
        "tcdate": 1657943939635,
        "tmdate": 1659945231802,
        "tddate": null,
        "forum": "-76EsjcHnbj",
        "replyto": "-76EsjcHnbj",
        "invitation": "NeurIPS.cc/2022/Conference/Paper7780/-/Official_Review",
        "content": {
          "rating": "6: Weak Accept: Technically solid, moderate-to-high impact paper, with no major concerns with respect to evaluation, resources, reproducibility, ethical considerations.",
          "confidence": "4: You are confident in your assessment, but not absolutely certain. It is unlikely, but not impossible, that you did not understand some parts of the submission or that you are unfamiliar with some pieces of related work.",
          "summary": "In this paper, the optimization of instance-dependent sample complexity for reinforcement learning (RL) under linear MDP is studied. The PAC policy learning setting is considered, which is to identify the best policy among all. An elimination-style algorithm with a novel exploration strategy is proposed. The key idea lies in using online Frank-Wolfe to explore the directions which reduce the sample variances most. The algorithm achieves the first instance-dependent sample complexity guarantee for linear MDP. The analysis also shows that low-regret algorithms can be sub-optimal in certain instances, showing the advantage of the proposed algorithm.",
          "strengths_and_weaknesses": "Strengths:\n\n1. The paper proposes an algorithm that is the first to achieve the instance-dependent sample complexity guarantee under linear MDP. The result is original and novel.\n\n2. The exploration strategy based on online Frank-Wolfe is interesting and can be of independent interest for other bandit learning problems.\n\nWeaknesses:\n\n1. According to the algorithm, it is implicitly assumed that the policy set has finite cardinality. This assumption is not reasonable. Since there are infinite states in a linear MDP, the number of all policies should also be infinite. I think this is a major limitation of the proposed algorithm and analysis.\n\n2. Another limitation is that the instance-dependent term in Theorem 1 does not have a clear explanation. It is not easy to think out which kind of linear MDP the proposed algorithm can be advantageous. \n\n3. I also have some doubts about the exploration step. In Line 6 of Algorithm 1, the number of data to collect is set to $K_{h, l}$, which is closely related to the overall sample complexity, but there is no explanation of how this number is set. Furthermore, the sample complexity of Algorithm 2 is proposed in Theorem 6, which is of order $O(1/\\epsilon_{exp}$. But there is no definition of $\\epsilon_{exp}$ in the paper. Is $\\epsilon_{exp}=\\epsilon$? If this is true, I can't understand why the instance-dependent bound in Theorem 1 can hold, since as a step of Algorithm 1, Algorithm 2 has already required $O(1/\\epsilon_{exp})$ instances.\n\n4. I think some proofreading needs to be done to improve the notational explanations. There are some notations without defining previously or immediately after their first appearance. \n\nOverall, I think the paper proposes interesting and novel results. But the weaknesses discussed above are not ignorable for me currently.\n\n---\nafter rebuttal:\n\nI increase my score since the responses address most of my doubts. I suggest including the explanations in the paper to improve clarity.\n",
          "questions": "Please feel free to point out the errors in the weaknesses that I proposed above.\n\n",
          "limitations": "The limitations and potential negative societal impact are properly discussed. ",
          "ethics_flag": "No",
          "ethics_review_area": [],
          "soundness": "2 fair",
          "presentation": "3 good",
          "contribution": "3 good",
          "code_of_conduct": "Yes"
        },
        "signatures": [
          "NeurIPS.cc/2022/Conference/Paper7780/Reviewer_zzUK"
        ],
        "readers": [
          "everyone"
        ],
        "nonreaders": [],
        "writers": [
          "NeurIPS.cc/2022/Conference",
          "NeurIPS.cc/2022/Conference/Paper7780/Reviewer_zzUK"
        ]
      },
      {
        "id": "tc_CaKEd3x9",
        "original": null,
        "number": 4,
        "cdate": 1659453279570,
        "mdate": null,
        "ddate": null,
        "tcdate": 1659453279570,
        "tmdate": 1659453279570,
        "tddate": null,
        "forum": "-76EsjcHnbj",
        "replyto": "BftUMMNIjw",
        "invitation": "NeurIPS.cc/2022/Conference/Paper7780/-/Official_Comment",
        "content": {
          "title": "Reply to Reviewer zzUK",
          "comment": "We would like to thank the reviewer for their feedback. We address the weaknesses pointed out below.\n\n1. While the reviewer is correct that in general one might need a policy set of infinite cardinality to guarantee the set contains an optimal policy, we are only concerned with finding an $\\epsilon$-optimal policy (the typical goal of PAC RL), and it is possible to construct a set of policies with finite cardinality guaranteed to contain an $\\epsilon$-optimal policy for any linear MDP. We note this in Corollary 1—such a set can be constructed with log-cardinality $O(dH^2 \\log 1/\\epsilon)$. Technical details of this construction are provided in Lemma A.14. Thus, we believe that is is very reasonable to assume that our policy class has finite cardinality.\n\n2. We remark that the MDP considered in Proposition 3 is one example where the instance-dependent term offers a significant improvement—rather than a complexity of $O(d^2/\\epsilon^2)$, which would be the minimax rate, we obtain a complexity of $O(1/\\epsilon^2)$. Thus, the instance-dependence allows us to save a factor of $d^2$ here. Another example is considered in Proposition 5 (the first bullet point), which shows that there are some problems where the instance-dependent complexity ends up scaling independent of $\\epsilon$, yielding a significant improvement over the minimax rate. \nOne can think of the instance-dependent term as capturing some measure of how easily each direction can be explored, normalized by how “important” that direction is for learning a near-optimal policy. This is similar to complexity measures that appear in the linear bandits literature, see e.g. (Soare et al., 2014; Fiez et al., 2019), but generalized to problems where navigation of the environment is required. We will offer a more intuitive explanation of the complexity in the final version of the paper (see also our answer to Reviewer b4C6 for more explanation). \n\n3. At stage $\\ell$, Algorithm 1 calls Algorithm 2 with $\\epsilon_{\\mathrm{exp}} \\leftarrow \\epsilon_\\ell^2/\\beta_\\ell$ (this is made explicit in Algorithm 3 in the appendix). $K_{h,\\ell}$ is then the total number of episodes Algorithm 2 runs for, and can be upper bounded by the complexity given in Theorem 6 (note that $K_{h,\\ell}$ is random—we don’t know what it will be in advance, which is why it is not explicitly defined, but we can upper bound it by Theorem 6). The instance-dependent guarantee follows since the active policy set, $\\Pi_\\ell$, is shrinking as $\\ell$ increases. Every time Algorithm 2 is called, it aims to explore the directions that the active policies are likely to reach. Therefore, as $\\ell$ increases, the tolerance with which we explore in Algorithm 2 decreases, but the number of directions we need to explore decreases. Some calculation shows that this is sufficient to obtain the complexity given in Theorem 1 (see the proofs of Theorem 7 and Corollary 4 in the appendix for this calculation). \n\n4. We will make sure to double check that all our notation is properly defined. "
        },
        "signatures": [
          "NeurIPS.cc/2022/Conference/Paper7780/Authors"
        ],
        "readers": [
          "everyone"
        ],
        "nonreaders": [],
        "writers": [
          "NeurIPS.cc/2022/Conference",
          "NeurIPS.cc/2022/Conference/Paper7780/Authors"
        ]
      },
      {
        "id": "7ZIC6nMLWk",
        "original": null,
        "number": 5,
        "cdate": 1659453749263,
        "mdate": null,
        "ddate": null,
        "tcdate": 1659453749263,
        "tmdate": 1659453749263,
        "tddate": null,
        "forum": "-76EsjcHnbj",
        "replyto": "mUH4KvKuMp3",
        "invitation": "NeurIPS.cc/2022/Conference/Paper7780/-/Official_Comment",
        "content": {
          "title": "Reply to Reviewer b4C6",
          "comment": "We would like to thank the reviewer for their feedback and comments. We address the questions that were raised below.\n\n**On the Necessity of the Explorability Assumption:** We do not believe the explorability assumption is necessary, and it could likely be removed with further work (though this may complicate the analysis significantly). Indeed, while the current algorithm and analysis obtains a $\\mathrm{poly}(1/\\lambda_{\\min}^\\star)$ dependence, a slightly different version of the algorithm reduces this to a $O(1/\\lambda_{\\min}^\\star)$ dependence (at the expense of more complicated analysis). The final $O(1/\\lambda_{\\min}^\\star)$ is currently necessary to ensure that our estimates of $\\phi_{\\pi,h}$ are accurate enough. In particular, if we do not collect covariates that are well-conditioned, it’s possible there are some “hard to reach” directions which we happen to reach, and which causes $\\hat{\\phi}\\_{\\pi,h}$ to be skewed in such directions, increasing the estimation error. Collecting covariates that are well-conditioned ensures this will not happen by guaranteeing we can control the error in each direction. However, we believe with a tighter analysis and possibly a slightly different estimator for $\\hat{\\phi}\\_{\\pi,h}$ this is removable. We leave fully removing this for future work. \n\n**Intuitive Explanation of the Complexity:** At a high level, the complexity can be thought of as quantifying the difficulty of exploring the MDP so as to eliminate suboptimal policies. The $\\| \\phi\\_{\\pi,h} \\|\\_{\\Lambda\\_{\\mathrm{exp}}^{-1}}^2$ term quantifies the difficulty of collecting data necessary to eliminate policy $\\pi$ (in particular, $\\phi\\_{\\pi,h}$ is the direction we need to explore to learn about the performance of policy $\\pi$, and the $\\Lambda\\_{\\mathrm{exp}}^{-1}$ quantifies how easily we can reach directions in the MDP to do this), while $V_0^\\star(\\Pi) - V_0^\\pi$ quantifies how suboptimal policy $\\pi$ is, and therefore how many samples are needed to distinguish it from the optimal policy in the class (this can be thought of in a similar way to a gap in a bandit problem). Our complexity measure has a close resemblance to the complexity measure for best-arm identification in linear bandits found in (Soare et al., 2014; Fiez et al., 2019), but generalizes that measure to problems with longer horizon where navigation is required. We will offer a more intuitive explanation of our complexity in the final version. "
        },
        "signatures": [
          "NeurIPS.cc/2022/Conference/Paper7780/Authors"
        ],
        "readers": [
          "everyone"
        ],
        "nonreaders": [],
        "writers": [
          "NeurIPS.cc/2022/Conference",
          "NeurIPS.cc/2022/Conference/Paper7780/Authors"
        ]
      },
      {
        "id": "D4dPyu-khkp",
        "original": null,
        "number": 6,
        "cdate": 1659453802323,
        "mdate": null,
        "ddate": null,
        "tcdate": 1659453802323,
        "tmdate": 1659453802323,
        "tddate": null,
        "forum": "-76EsjcHnbj",
        "replyto": "5MRRMEP6yyS",
        "invitation": "NeurIPS.cc/2022/Conference/Paper7780/-/Official_Comment",
        "content": {
          "title": "Reply to Reviewer sWno",
          "comment": "We would like to thank the reviewer for their feedback and comments. We address the questions that were raised below.\n\n**Tightness:** Currently there does not exist a general instance-dependent lower bound, yet it is likely one could be obtained by appealing to arguments similar to those found in (Kaufmann et al., 2016). Even in the much simpler setting of best-policy identification in tabular MDPs, however, it is known that the instance-dependent lower bound is the solution to a non-convex optimization problem and is relatively uninterpretable (Marjani et al., 2021). Thus, we hold little hope that an instance-dependent lower bound in the linear MDP setting would provide helpful insights. In certain special cases, such as deterministic MDPs, instance-dependent lower bounds can be obtained, and as Corollary 3 shows, our algorithm hits such a lower bound (up to $H$ factors and constants). We would not necessarily expect Theorem 1 to match a general instance-dependent lower bound, however (though it does match the minimax lower bound). \n\nWe remark that the majority of existing works in even the simpler bandit setting which do hit an instance-dependent lower bound only hit such a lower bound asymptotically (as $\\delta \\rightarrow 0$), usually relying on a “tracking” strategy to gradually learn and track the optimal allocation. While such algorithms are able to obtain tight results, over short (non-asymptotic) time horizons they usually perform quite poorly. The focus of our work was to instead obtain an intuitive, finite-time complexity, and a corresponding algorithm for which we would expect reasonable finite-time performance. Obtaining an algorithm which hits an instance-dependent lower bound and has reasonable finite-time complexity is an interesting direction for future work. \n\n\n**Linear Mixture MDP Setting:** Our current algorithm and analysis make use of the linear MDP structure explicitly, and as such don’t directly apply to linear mixture MDPs. However, we believe that a similar result could be obtained in the linear mixture MDP setting using techniques very similar to ours. In particular, our online experiment design technique is quite general and could be instantiated in a variety of different settings, and easily coupled with the policy elimination strategy PEDEL employs to obtain an instance-dependent complexity result.\n"
        },
        "signatures": [
          "NeurIPS.cc/2022/Conference/Paper7780/Authors"
        ],
        "readers": [
          "everyone"
        ],
        "nonreaders": [],
        "writers": [
          "NeurIPS.cc/2022/Conference",
          "NeurIPS.cc/2022/Conference/Paper7780/Authors"
        ]
      },
      {
        "id": "XrJHRPjxeHc",
        "original": null,
        "number": 7,
        "cdate": 1659929871763,
        "mdate": null,
        "ddate": null,
        "tcdate": 1659929871763,
        "tmdate": 1659929871763,
        "tddate": null,
        "forum": "-76EsjcHnbj",
        "replyto": "tc_CaKEd3x9",
        "invitation": "NeurIPS.cc/2022/Conference/Paper7780/-/Official_Comment",
        "content": {
          "title": "further question about the size of the policy set",
          "comment": "Thanks very much for the responses. I have a further question. Corollary 1 states that there exists a finite size policy set to include an $\\epsilon$-optimal policy. But can the learner construct this set before learning? I have checked the proof, is this set constructed by the $\\epsilon$-net defined in Lemma A.14?"
        },
        "signatures": [
          "NeurIPS.cc/2022/Conference/Paper7780/Reviewer_zzUK"
        ],
        "readers": [
          "everyone"
        ],
        "nonreaders": [],
        "writers": [
          "NeurIPS.cc/2022/Conference",
          "NeurIPS.cc/2022/Conference/Paper7780/Reviewer_zzUK"
        ]
      },
      {
        "id": "H26QW2W9vo6",
        "original": null,
        "number": 8,
        "cdate": 1659935835767,
        "mdate": null,
        "ddate": null,
        "tcdate": 1659935835767,
        "tmdate": 1659935835767,
        "tddate": null,
        "forum": "-76EsjcHnbj",
        "replyto": "XrJHRPjxeHc",
        "invitation": "NeurIPS.cc/2022/Conference/Paper7780/-/Official_Comment",
        "content": {
          "title": "Size of policy set",
          "comment": "That's correct. The policy set constructed in Lemma A.14 will contain an $\\epsilon$-optimal policy for _any_ linear MDP with linear rewards. As such, a learner can construct this set without any prior knowledge of the MDP, and will be guaranteed to have some policy in the set that is $\\epsilon$-optimal on the MDP of interest.\n\nThe intuition behind this is that the optimal policy for any linear MDP will have a linear structure: $\\pi^\\star_h(s) = \\mathrm{argmax}_{a} \\langle \\phi(s,a), w_h^\\star \\rangle$. As we don't know the value of $w_h^\\star$, we cannot determine $\\pi^\\star_h(s)$ directly. However, if we cover the space of possible $w_h^\\star$ vectors, then we will be guaranteed to have some vector in our set that is close to $w_h^\\star$, and so induces a near-optimal policy. For technical reasons we instead use a softmax rather than a max, but the basic intuition of just covering all possible directions so there is one close to $w_h^\\star$ still holds. Critically, this can be done without knowledge of $w_h^\\star$---it just relies on the fact that we know the optimal policy has the linear form given above."
        },
        "signatures": [
          "NeurIPS.cc/2022/Conference/Paper7780/Authors"
        ],
        "readers": [
          "everyone"
        ],
        "nonreaders": [],
        "writers": [
          "NeurIPS.cc/2022/Conference",
          "NeurIPS.cc/2022/Conference/Paper7780/Authors"
        ]
      },
      {
        "id": "OXiVKenRUr8",
        "original": null,
        "number": 9,
        "cdate": 1659945095730,
        "mdate": null,
        "ddate": null,
        "tcdate": 1659945095730,
        "tmdate": 1659945095730,
        "tddate": null,
        "forum": "-76EsjcHnbj",
        "replyto": "H26QW2W9vo6",
        "invitation": "NeurIPS.cc/2022/Conference/Paper7780/-/Official_Comment",
        "content": {
          "title": "increasing my score",
          "comment": "Thanks for the explanations. I think the responses address most of my previous doubts. I will increase my score meanwhile suggest making these points clarified in the main paper to help the understanding for future readers."
        },
        "signatures": [
          "NeurIPS.cc/2022/Conference/Paper7780/Reviewer_zzUK"
        ],
        "readers": [
          "everyone"
        ],
        "nonreaders": [],
        "writers": [
          "NeurIPS.cc/2022/Conference",
          "NeurIPS.cc/2022/Conference/Paper7780/Reviewer_zzUK"
        ]
      },
      {
        "id": "-p0tFIyhtnb",
        "original": null,
        "number": 10,
        "cdate": 1659976381476,
        "mdate": null,
        "ddate": null,
        "tcdate": 1659976381476,
        "tmdate": 1659976381476,
        "tddate": null,
        "forum": "-76EsjcHnbj",
        "replyto": "7ZIC6nMLWk",
        "invitation": "NeurIPS.cc/2022/Conference/Paper7780/-/Official_Comment",
        "content": {
          "title": "Rebuttal Acknowledgement",
          "comment": "Dear authors/reviewers/AC,\n\nI've read the response and other reviews and feel confident about my positive rating.\n\nI recommend the authors to add the discussion about the explorability assumption and incorporate changes which clarify the other reviewer's ambiguities in the final version as well."
        },
        "signatures": [
          "NeurIPS.cc/2022/Conference/Paper7780/Reviewer_b4C6"
        ],
        "readers": [
          "everyone"
        ],
        "nonreaders": [],
        "writers": [
          "NeurIPS.cc/2022/Conference",
          "NeurIPS.cc/2022/Conference/Paper7780/Reviewer_b4C6"
        ]
      },
      {
        "id": "MfW_giDvO3h",
        "original": null,
        "number": 11,
        "cdate": 1659980451689,
        "mdate": null,
        "ddate": null,
        "tcdate": 1659980451689,
        "tmdate": 1659980451689,
        "tddate": null,
        "forum": "-76EsjcHnbj",
        "replyto": "D4dPyu-khkp",
        "invitation": "NeurIPS.cc/2022/Conference/Paper7780/-/Official_Comment",
        "content": {
          "title": "Response to the authors ",
          "comment": "Dear authors/reviewers/AC,\n\nI have read the response and other reviews. My major concern about the tightness is addressed by the author. And I would like to keep my positive rating."
        },
        "signatures": [
          "NeurIPS.cc/2022/Conference/Paper7780/Reviewer_sWno"
        ],
        "readers": [
          "everyone"
        ],
        "nonreaders": [],
        "writers": [
          "NeurIPS.cc/2022/Conference",
          "NeurIPS.cc/2022/Conference/Paper7780/Reviewer_sWno"
        ]
      },
      {
        "id": "Bq5fqRbNvSy",
        "original": null,
        "number": 1,
        "cdate": 1661915934986,
        "mdate": null,
        "ddate": null,
        "tcdate": 1661915934986,
        "tmdate": 1661915934986,
        "tddate": null,
        "forum": "-76EsjcHnbj",
        "replyto": "-76EsjcHnbj",
        "invitation": "NeurIPS.cc/2022/Conference/Paper7780/-/Meta_Review",
        "content": {
          "metareview": "This paper considers instance-dependent complexity of learning under linear MDPs. Based on a novel online experiment design in linear MDPs, the author proposes an algorithm whose sample complexity scaling with the instance-dependent complexity. This algorithm is worst-case optimal and beats any low-regret algorithm on an explicit example constructed by the author. All reviewers are convinced by the contribution of this paper, and we recommend acceptance.",
          "recommendation": "Accept",
          "confidence": "Certain",
          "award": "No"
        },
        "signatures": [
          "NeurIPS.cc/2022/Conference/Paper7780/Area_Chair_k81h"
        ],
        "readers": [
          "everyone"
        ],
        "nonreaders": [],
        "writers": [
          "NeurIPS.cc/2022/Conference/Program_Chairs",
          "NeurIPS.cc/2022/Conference/Paper7780/Area_Chairs"
        ],
        "pdate": null
      },
      {
        "id": "hPTISrU5ZXG",
        "original": null,
        "number": 1,
        "cdate": 1663188720380,
        "mdate": null,
        "ddate": null,
        "tcdate": 1663188720380,
        "tmdate": 1663188720380,
        "tddate": null,
        "forum": "-76EsjcHnbj",
        "replyto": "-76EsjcHnbj",
        "invitation": "NeurIPS.cc/2022/Conference/Paper7780/-/Decision",
        "content": {
          "title": "Paper Decision",
          "decision": "Accept",
          "comment": ""
        },
        "signatures": [
          "NeurIPS.cc/2022/Conference/Program_Chairs"
        ],
        "readers": [
          "everyone"
        ],
        "nonreaders": [],
        "writers": [
          "NeurIPS.cc/2022/Conference/Program_Chairs"
        ]
      }
    ],
    "directReplies": [
      {
        "id": "5MRRMEP6yyS",
        "original": null,
        "number": 1,
        "cdate": 1656538046869,
        "mdate": null,
        "ddate": null,
        "tcdate": 1656538046869,
        "tmdate": 1656550373633,
        "tddate": null,
        "forum": "-76EsjcHnbj",
        "replyto": "-76EsjcHnbj",
        "invitation": "NeurIPS.cc/2022/Conference/Paper7780/-/Official_Review",
        "content": {
          "rating": "8: Strong Accept: Technically strong paper, with novel ideas, excellent impact on at least one area, or high-to-excellent impact on multiple areas, with excellent evaluation, resources, and reproducibility, and no unaddressed ethical considerations.",
          "confidence": "3: You are fairly confident in your assessment. It is possible that you did not understand some parts of the submission or that you are unfamiliar with some pieces of related work. Math/other details were not carefully checked.",
          "summary": "This paper considers instance-dependent complexity of learning under linear MDPs. Based on a novel online experiment design in linear MDPs, the author proposes an algorithm whose sample complexity scaling with the instance-dependent complexity. This algorithm is worst-case optimal and beats any low-regret algorithm on an explicit example constructed by the author. ",
          "strengths_and_weaknesses": "Strengths:\n- Interesting question. The question of obtaining worst-case optimal algorithms with linear function approximation has been well-studied recently. When it comes to instance-dependent RL, most of the recent work focuses on the tabular setting. Obtaining computationally efficient algorithms with tight instance-dependent sample complexity under linear MDPs is still an open question in RL.\n- Great novelty. The author uses an online experiment design-based procedure to reduce the uncertainty of their algorithm.\n- Enough comparison with the previous work. In Section 4.3, the author reduces their result to tabular and deterministic MDPs and carefully compares their results with the existing results.\n- Well-written and easy to follow. Clear algorithms, definitions, assumptions and theorems.\n\nWeaknesses:\n- Lack of tightness. The paper does not show if the algorithm obtains tight instance-dependence.\n- Computationally inefficient algorithm. \n",
          "questions": "- Is the result in Theorem 1 tight with respect to the policy gap and the uncertainty? Does a general lower bound exist? Does the upper and lower bound match?\n- Can the algorithm be applied to linear mixture MDPs setting? \n",
          "limitations": "Lack of tightness w.r.t instance-dependence. Not tight w.r.t $H$ dependence. Computationally inefficient. The sample complexity result scales with the hardest-to-reach direction.",
          "ethics_flag": "No",
          "ethics_review_area": [],
          "soundness": "4 excellent",
          "presentation": "4 excellent",
          "contribution": "4 excellent",
          "code_of_conduct": "Yes"
        },
        "signatures": [
          "NeurIPS.cc/2022/Conference/Paper7780/Reviewer_sWno"
        ],
        "readers": [
          "everyone"
        ],
        "nonreaders": [],
        "writers": [
          "NeurIPS.cc/2022/Conference",
          "NeurIPS.cc/2022/Conference/Paper7780/Reviewer_sWno"
        ]
      },
      {
        "id": "mUH4KvKuMp3",
        "original": null,
        "number": 2,
        "cdate": 1657936281692,
        "mdate": null,
        "ddate": null,
        "tcdate": 1657936281692,
        "tmdate": 1657936281692,
        "tddate": null,
        "forum": "-76EsjcHnbj",
        "replyto": "-76EsjcHnbj",
        "invitation": "NeurIPS.cc/2022/Conference/Paper7780/-/Official_Review",
        "content": {
          "rating": "8: Strong Accept: Technically strong paper, with novel ideas, excellent impact on at least one area, or high-to-excellent impact on multiple areas, with excellent evaluation, resources, and reproducibility, and no unaddressed ethical considerations.",
          "confidence": "4: You are confident in your assessment, but not absolutely certain. It is unlikely, but not impossible, that you did not understand some parts of the submission or that you are unfamiliar with some pieces of related work.",
          "summary": "This paper studies the problem of sample complexity of RL with linear function approximation. Recent works have extensively studied this problem with a range of results for different versions and structural assumptions. However, this paper presents the first instance dependent sample complexity analysis for the linear MDP setting. The proposed algorithm is based on a policy elimination scheme which iteratively maintains a set of policies which lie within a $2^{-l}$ optimality gap from the optimal policy. The update step for this algorithm is based on a novel online experiment-design procedure which guarantees the collection of a sufficiently 'exploratory' dataset of state-action pairs at each step.\n\nIn terms of the formal results, the authors show the first instance-dependent sample complexity analysis for linear MDPs which can be shown to also yield a dimension-optimal rate in the worst case. Further, it is formally shown that there exists instances where the instance-dependent rate improves over the sample complexity of worst case optimal PAC-RL algorithms. Lastly, it is shown that the instance-dependent rate for the linear case recovers the instance-dependent rate for deterministic MDPs whereas it gives another instance-dependent rate for tabular MDP which can be provably better or worse than previous instance-dependent rates for specific instances. ",
          "strengths_and_weaknesses": "Overall, this paper is very well written and shows important and novel results for linear MDPs. I especially like the thoroughness of this paper where multiple aspects of instance-dependence are explored:\n1. Instance-dependent analysis for linear MDPs: The algorithm is well explained and a novel method for the experiment design objective in (4.1) is also proposed and analysed. In the final rate, the authors show that the rate depends on factors which relate to hardness of exploring any direction in the feature space $\\phi$, a policy gap term for the input policy class. A final result is obtained by showing that a policy class can be constructed for linear MDPs whose size exponentially scales with $d$ to derive the instance-dependent guarantee with respect to the optimal policy.\n2. Demonstrating the utility of the instance-dependent rate: The authors show using Prop. 3 that there exists linear MDPs such that the instance dependent rate improves over the worst case rate by a factor of $d^2$. Further, it is shown that no existing PAC-optimal algorithm will get a polylog(d) rate for this problem.\n3. Discussions for tabular and deterministic MDPs: I especially like the result in Prop. 5 which shows that the sample comeplxity for their algorithm is in fact another possible instance-dependent rate for tabular domains and can improve over previously shown instance-adaptive algorithms or in some cases perform worse than them. It brings an interesting question of unifying these different instance-dependent measure of complexity, and highlights possibilities of improvement even for the linear MDP case. For deterministic MDPs, previously known rate can be recovered upto $H$ factors.\n\n**Weakness**:\nThis is a strong first result in this direction and hence has certain aspects which can possibly be improved:\n1. Computational efficiency: Since the algorithm follows a policy elimination template, for establishing a guarantee wrt optimal policy, an exponentially large policy set needs to be constructed. The experiment design objective then iterates over the expected feature vectors for each policy to eliminate sub-optimal candidates. As such, it is not clear if a computationally efficient version of the solution can be derived.\n2. Dependence on explorability parameter: The authors need to assume that there exists a policy which generates a full rank covariance matrix for the state-action features. In my understanding, this also affects the algorithm as the covariance matrices constructed in the experiment design steps are guaranteed to be non-singular using this assumption. Can the authors comment about the necessity of this assumption or potential ways to remove this?",
          "questions": "Please see the comments about computational efficiency and $\\lambda_{\\min}^*$ above.\nIn addition, I was wondering if there is a more intuitive interpretation of the complete instance-dependent term in theorem 1 instead of just the individual terms.",
          "limitations": "The authors do discuss the potential improvements in the conclusion and formally show that their algorithm does not yield the best sample complexity for some tabular domains. As such, I do not have any concerns about the discussions of the limitations.",
          "ethics_flag": "No",
          "ethics_review_area": [],
          "soundness": "4 excellent",
          "presentation": "4 excellent",
          "contribution": "4 excellent",
          "code_of_conduct": "Yes"
        },
        "signatures": [
          "NeurIPS.cc/2022/Conference/Paper7780/Reviewer_b4C6"
        ],
        "readers": [
          "everyone"
        ],
        "nonreaders": [],
        "writers": [
          "NeurIPS.cc/2022/Conference",
          "NeurIPS.cc/2022/Conference/Paper7780/Reviewer_b4C6"
        ]
      },
      {
        "id": "BftUMMNIjw",
        "original": null,
        "number": 3,
        "cdate": 1657943939635,
        "mdate": null,
        "ddate": null,
        "tcdate": 1657943939635,
        "tmdate": 1659945231802,
        "tddate": null,
        "forum": "-76EsjcHnbj",
        "replyto": "-76EsjcHnbj",
        "invitation": "NeurIPS.cc/2022/Conference/Paper7780/-/Official_Review",
        "content": {
          "rating": "6: Weak Accept: Technically solid, moderate-to-high impact paper, with no major concerns with respect to evaluation, resources, reproducibility, ethical considerations.",
          "confidence": "4: You are confident in your assessment, but not absolutely certain. It is unlikely, but not impossible, that you did not understand some parts of the submission or that you are unfamiliar with some pieces of related work.",
          "summary": "In this paper, the optimization of instance-dependent sample complexity for reinforcement learning (RL) under linear MDP is studied. The PAC policy learning setting is considered, which is to identify the best policy among all. An elimination-style algorithm with a novel exploration strategy is proposed. The key idea lies in using online Frank-Wolfe to explore the directions which reduce the sample variances most. The algorithm achieves the first instance-dependent sample complexity guarantee for linear MDP. The analysis also shows that low-regret algorithms can be sub-optimal in certain instances, showing the advantage of the proposed algorithm.",
          "strengths_and_weaknesses": "Strengths:\n\n1. The paper proposes an algorithm that is the first to achieve the instance-dependent sample complexity guarantee under linear MDP. The result is original and novel.\n\n2. The exploration strategy based on online Frank-Wolfe is interesting and can be of independent interest for other bandit learning problems.\n\nWeaknesses:\n\n1. According to the algorithm, it is implicitly assumed that the policy set has finite cardinality. This assumption is not reasonable. Since there are infinite states in a linear MDP, the number of all policies should also be infinite. I think this is a major limitation of the proposed algorithm and analysis.\n\n2. Another limitation is that the instance-dependent term in Theorem 1 does not have a clear explanation. It is not easy to think out which kind of linear MDP the proposed algorithm can be advantageous. \n\n3. I also have some doubts about the exploration step. In Line 6 of Algorithm 1, the number of data to collect is set to $K_{h, l}$, which is closely related to the overall sample complexity, but there is no explanation of how this number is set. Furthermore, the sample complexity of Algorithm 2 is proposed in Theorem 6, which is of order $O(1/\\epsilon_{exp}$. But there is no definition of $\\epsilon_{exp}$ in the paper. Is $\\epsilon_{exp}=\\epsilon$? If this is true, I can't understand why the instance-dependent bound in Theorem 1 can hold, since as a step of Algorithm 1, Algorithm 2 has already required $O(1/\\epsilon_{exp})$ instances.\n\n4. I think some proofreading needs to be done to improve the notational explanations. There are some notations without defining previously or immediately after their first appearance. \n\nOverall, I think the paper proposes interesting and novel results. But the weaknesses discussed above are not ignorable for me currently.\n\n---\nafter rebuttal:\n\nI increase my score since the responses address most of my doubts. I suggest including the explanations in the paper to improve clarity.\n",
          "questions": "Please feel free to point out the errors in the weaknesses that I proposed above.\n\n",
          "limitations": "The limitations and potential negative societal impact are properly discussed. ",
          "ethics_flag": "No",
          "ethics_review_area": [],
          "soundness": "2 fair",
          "presentation": "3 good",
          "contribution": "3 good",
          "code_of_conduct": "Yes"
        },
        "signatures": [
          "NeurIPS.cc/2022/Conference/Paper7780/Reviewer_zzUK"
        ],
        "readers": [
          "everyone"
        ],
        "nonreaders": [],
        "writers": [
          "NeurIPS.cc/2022/Conference",
          "NeurIPS.cc/2022/Conference/Paper7780/Reviewer_zzUK"
        ]
      },
      {
        "id": "Bq5fqRbNvSy",
        "original": null,
        "number": 1,
        "cdate": 1661915934986,
        "mdate": null,
        "ddate": null,
        "tcdate": 1661915934986,
        "tmdate": 1661915934986,
        "tddate": null,
        "forum": "-76EsjcHnbj",
        "replyto": "-76EsjcHnbj",
        "invitation": "NeurIPS.cc/2022/Conference/Paper7780/-/Meta_Review",
        "content": {
          "metareview": "This paper considers instance-dependent complexity of learning under linear MDPs. Based on a novel online experiment design in linear MDPs, the author proposes an algorithm whose sample complexity scaling with the instance-dependent complexity. This algorithm is worst-case optimal and beats any low-regret algorithm on an explicit example constructed by the author. All reviewers are convinced by the contribution of this paper, and we recommend acceptance.",
          "recommendation": "Accept",
          "confidence": "Certain",
          "award": "No"
        },
        "signatures": [
          "NeurIPS.cc/2022/Conference/Paper7780/Area_Chair_k81h"
        ],
        "readers": [
          "everyone"
        ],
        "nonreaders": [],
        "writers": [
          "NeurIPS.cc/2022/Conference/Program_Chairs",
          "NeurIPS.cc/2022/Conference/Paper7780/Area_Chairs"
        ],
        "pdate": null
      },
      {
        "id": "hPTISrU5ZXG",
        "original": null,
        "number": 1,
        "cdate": 1663188720380,
        "mdate": null,
        "ddate": null,
        "tcdate": 1663188720380,
        "tmdate": 1663188720380,
        "tddate": null,
        "forum": "-76EsjcHnbj",
        "replyto": "-76EsjcHnbj",
        "invitation": "NeurIPS.cc/2022/Conference/Paper7780/-/Decision",
        "content": {
          "title": "Paper Decision",
          "decision": "Accept",
          "comment": ""
        },
        "signatures": [
          "NeurIPS.cc/2022/Conference/Program_Chairs"
        ],
        "readers": [
          "everyone"
        ],
        "nonreaders": [],
        "writers": [
          "NeurIPS.cc/2022/Conference/Program_Chairs"
        ]
      }
    ]
  }
}