{
  "id": "0-uBrFiOVf",
  "original": "eA-WLdGrZjH",
  "number": 2595,
  "cdate": 1652737376941,
  "mdate": null,
  "ddate": null,
  "tcdate": 1652737376941,
  "tmdate": 1665753377902,
  "tddate": null,
  "forum": "0-uBrFiOVf",
  "replyto": null,
  "invitation": "NeurIPS.cc/2022/Conference/-/Blind_Submission",
  "content": {
    "title": "DTG-SSOD: Dense Teacher Guidance for Semi-Supervised Object Detection",
    "authorids": [
      "~Gang_Li14",
      "~Xiang_Li20",
      "~Yujie_Wang2",
      "~Yichao_Wu1",
      "~Ding_Liang1",
      "~Shanshan_Zhang1"
    ],
    "authors": [
      "Gang Li",
      "Xiang Li",
      "Yujie Wang",
      "Yichao Wu",
      "Ding Liang",
      "Shanshan Zhang"
    ],
    "keywords": [
      "object detection",
      "semi-supervised learning",
      "semi-supervised object detection"
    ],
    "abstract": "The Mean-Teacher (MT) scheme is widely adopted in semi-supervised object detection (SSOD). In MT, sparse pseudo labels, offered by the final predictions of the teacher (e.g., after Non Maximum Suppression (NMS) post-processing), are adopted for the dense supervision for the student via hand-crafted label assignment. However, the \"sparse-to-dense'' paradigm complicates the pipeline of SSOD, and simultaneously neglects the powerful direct, dense teacher supervision. In this paper, we attempt to directly leverage the dense guidance of teacher to supervise student training, i.e., the \"dense-to-dense'' paradigm. Specifically, we propose the Inverse NMS Clustering (INC) and Rank Matching (RM) to instantiate the dense supervision, without the widely used, conventional sparse pseudo labels. INC leads the student to group candidate boxes into clusters in NMS as the teacher does, which is implemented by learning grouping information revealed in NMS procedure of the teacher. After obtaining the same grouping scheme as the teacher via INC, the student further imitates the rank distribution of the teacher over clustered candidates through Rank Matching. With the proposed INC and RM, we integrate Dense Teacher Guidance into Semi-Supervised Object Detection (termed \"DTG-SSOD''), successfully abandoning sparse pseudo labels and enabling more informative learning on unlabeled data. On COCO benchmark, our DTG-SSOD achieves state-of-the-art performance under various labelling ratios. For example, under 10% labelling ratio, DTG-SSOD improves the supervised baseline from 26.9 to 35.9 mAP, outperforming the previous best method Soft Teacher by 1.9 points. ",
    "paperhash": "li|dtgssod_dense_teacher_guidance_for_semisupervised_object_detection",
    "TL;DR": "We propose a brand new semi-supervised object detection paradigm, which employs dense teacher guidance as supervision signals, instead of sparse pseudo labels.",
    "pdf": "/pdf/3cd5114608dc129b95628f78076c1b7e46b0e23b.pdf",
    "supplementary_material": "/attachment/0a637bbfdde7e3bccd09d0929ead79b89b2652bd.pdf",
    "venue": "NeurIPS 2022 Accept",
    "venueid": "NeurIPS.cc/2022/Conference",
    "_bibtex": "@inproceedings{\nli2022dtgssod,\ntitle={{DTG}-{SSOD}: Dense Teacher Guidance for Semi-Supervised Object Detection},\nauthor={Gang Li and Xiang Li and Yujie Wang and Yichao Wu and Ding Liang and Shanshan Zhang},\nbooktitle={Advances in Neural Information Processing Systems},\neditor={Alice H. Oh and Alekh Agarwal and Danielle Belgrave and Kyunghyun Cho},\nyear={2022},\nurl={https://openreview.net/forum?id=0-uBrFiOVf}\n}"
  },
  "signatures": [
    "NeurIPS.cc/2022/Conference"
  ],
  "readers": [
    "everyone"
  ],
  "nonreaders": [],
  "writers": [
    "NeurIPS.cc/2022/Conference"
  ],
  "tauthor": "OpenReview.net",
  "pdate": 1667239200000,
  "details": {
    "overwriting": [],
    "tags": [],
    "writable": false,
    "replyCount": 13,
    "directReplyCount": 6,
    "revisions": true,
    "replies": [
      {
        "id": "NM5TGhtbkfF",
        "original": null,
        "number": 1,
        "cdate": 1657540699722,
        "mdate": null,
        "ddate": null,
        "tcdate": 1657540699722,
        "tmdate": 1660031491585,
        "tddate": null,
        "forum": "0-uBrFiOVf",
        "replyto": "0-uBrFiOVf",
        "invitation": "NeurIPS.cc/2022/Conference/Paper2595/-/Official_Review",
        "content": {
          "rating": "5: Borderline accept: Technically solid paper where reasons to accept outweigh reasons to reject, e.g., limited evaluation. Please use sparingly.",
          "confidence": "4: You are confident in your assessment, but not absolutely certain. It is unlikely, but not impossible, that you did not understand some parts of the submission or that you are unfamiliar with some pieces of related work.",
          "summary": "This paper introduces a new dense-to-dense” distillation to supervise the training of object detectors. The authors consider the advantages of the dense-to-dense paradigm and point out that the sparse-to-dense paradigm could accumulate noise in the hand-crafted NMS and label assignment process. They propose the Inverse NMS Clustering (INC) and Rank Matching (RM) to instantiate the dense supervision. Finally, the method achieve SOTA performance in both accuracy and efficiency.",
          "strengths_and_weaknesses": "- The central insight of the work is simple and intuitive i.e. using dense supervision can be more informative regarding the information loss of NMS and score filtering. And the authors propose some solutions(INC and RM) to these problems.\n- The paper presents extensive and insightful ablations showing the importance of various choices (e.g. temperature T, choice of target boxes in INC etc.), and overall, all the choices made are empirically well-justified.\n",
          "questions": "1. Which is better between your method and the feature distillation(distillation on the final layer)?\n2. The supervision in Inverse NMS Clustering is a \"sparse-to-dense\" paradigm, which is supervised by a reserved box. The author claims that the weakness of the \"sparse-to-dense\" at the beginning.",
          "limitations": "1. The questions above confuse me. Q1,Q2 . \n2. The method is not very interesting, but the paper presents extensive and insightful ablations study about their methods.",
          "ethics_flag": "No",
          "ethics_review_area": [],
          "soundness": "3 good",
          "presentation": "3 good",
          "contribution": "3 good",
          "code_of_conduct": "Yes"
        },
        "signatures": [
          "NeurIPS.cc/2022/Conference/Paper2595/Reviewer_YaeS"
        ],
        "readers": [
          "everyone"
        ],
        "nonreaders": [],
        "writers": [
          "NeurIPS.cc/2022/Conference",
          "NeurIPS.cc/2022/Conference/Paper2595/Reviewer_YaeS"
        ]
      },
      {
        "id": "V3LbA5wBpJ9",
        "original": null,
        "number": 2,
        "cdate": 1657660033878,
        "mdate": null,
        "ddate": null,
        "tcdate": 1657660033878,
        "tmdate": 1657660033878,
        "tddate": null,
        "forum": "0-uBrFiOVf",
        "replyto": "0-uBrFiOVf",
        "invitation": "NeurIPS.cc/2022/Conference/Paper2595/-/Official_Review",
        "content": {
          "rating": "7: Accept: Technically solid paper, with high impact on at least one sub-area, or moderate-to-high impact on more than one areas, with good-to-excellent evaluation, resources, reproducibility, and no unaddressed ethical considerations.",
          "confidence": "3: You are fairly confident in your assessment. It is possible that you did not understand some parts of the submission or that you are unfamiliar with some pieces of related work. Math/other details were not carefully checked.",
          "summary": "The authors propose a novel SSOD method that guides the student network to behave like the teacher network's NMS. The proposed method enforces a dense-to-dense training signal instead of the more common sparse-to-dense strategy in other SSOD methods. The proposed method is composed of two parts: (1) INC which leads the student to group candidate boxes into clusters in NMS as the teacher does, and (2) RM which imitates the rank distribution of the teacher over clustered candidates.\n\nThe author demonstrates the effectiveness of the proposed method compared to SoTA SSOD methods. They also conduct thorough ablations and analyses to help understand the contribution of each component and the advantage of the proposed method over the sparse-to-dense strategy.",
          "strengths_and_weaknesses": "### Strength\n\n1. Enforcing the student to mimic the teacher's NMS behavior is somewhat novel in SSOD.\n\n1. This work is well motivated for why using dense-to-dense is a preferred training strategy.\n\n1. The authors conduct thorough ablations (Sec.4.4) and analyses (Sec.4.5) for each component of the proposed method as well as why the proposed dense-to-dense method works better than the sparse-to-dense methods.\n\n1. As shown in Tab.2(b), It is surprising that including the box regression loss is beneficial for the final performance without any tailored method or tricks.\n\n### Weakness\n\n1. It would be good to verify whether (or to what degree) the student network actually mimics the teacher's NMS behavior.\n\n1. In Eq.4, is $p^t_i$ probability or logit? It seems weird to pass the probability through exponential and softmax. Also, is $p^t_i$ the output from an additional fc/mlp head or just the output from the existing objectiveness/classification head of the detector?\n\n1. Is RM applied to the R-CNN part or the RPN part as well?\n\n1. In Tab.2, what is the setting here? Eg. the amount of labeled data. Could the findings generalize to other settings (eg. different amounts of labeled data)? In Tab.2(a), it makes more sense to compare with sparse-to-dense rather than supervised baseline. In Tabl.2(e), it is better presented as a figure containing the val curve of both conditions.\n\n1. It would be helpful to also include the results of the sparse-to-dense counterpart in Tab.1.\n\n1. Are Fig.3 cherry-picked results or randomly selected results? It would be good to also include the failure modes and provide analyses and discussions.\n\n1. In Fig.1(b), Inverse NMS Clustering, what does that number of star and triangle shapes mean? Also, why do the student samples not contain the reserved box?",
          "questions": "Please see the questions in the weakness part of the \"Strengths And Weaknesses\" section.",
          "limitations": "In lines 148-149, the authors claim, \"In theory, our SSOD method is independent of the detection framework and can be applicable to both one-stage and two-stage detectors.\" However, as Unbiased Teacher v2 [1] pointed out, it is non-trivial to generalize a method developed on a two-stage detector to a one-stage one. \n\n[1] Liu, Yen-Cheng, Chih-Yao Ma, and Zsolt Kira. \"Unbiased Teacher v2: Semi-Supervised Object Detection for Anchor-Free and Anchor-Based Detectors.\" Proceedings of the IEEE/CVF Conference on Computer Vision and Pattern Recognition. 2022.",
          "ethics_flag": "No",
          "ethics_review_area": [],
          "soundness": "3 good",
          "presentation": "2 fair",
          "contribution": "3 good",
          "code_of_conduct": "Yes"
        },
        "signatures": [
          "NeurIPS.cc/2022/Conference/Paper2595/Reviewer_CxZW"
        ],
        "readers": [
          "everyone"
        ],
        "nonreaders": [],
        "writers": [
          "NeurIPS.cc/2022/Conference",
          "NeurIPS.cc/2022/Conference/Paper2595/Reviewer_CxZW"
        ]
      },
      {
        "id": "wFv7yx_u1Qa",
        "original": null,
        "number": 3,
        "cdate": 1657689821149,
        "mdate": null,
        "ddate": null,
        "tcdate": 1657689821149,
        "tmdate": 1657689821149,
        "tddate": null,
        "forum": "0-uBrFiOVf",
        "replyto": "0-uBrFiOVf",
        "invitation": "NeurIPS.cc/2022/Conference/Paper2595/-/Official_Review",
        "content": {
          "rating": "6: Weak Accept: Technically solid, moderate-to-high impact paper, with no major concerns with respect to evaluation, resources, reproducibility, ethical considerations.",
          "confidence": "4: You are confident in your assessment, but not absolutely certain. It is unlikely, but not impossible, that you did not understand some parts of the submission or that you are unfamiliar with some pieces of related work.",
          "summary": "This paper focuses on the pseudo-labeling strategy in semi-supervised object detection. Unlike previous approaches which generate sparse pseudo labels from teacher detector for each image and match these sparse pseudo labels to dense proposal and object detection predictions from student detector, this paper proposes a \"dense-to-dense\" paradigm. Inverse NMS Clustering and Rank Matching components are proposed to instantiate the dense-to-dense paradigm. Experiments on COCO show that the proposed approach obtains the state-of-the-art semi-supervised object detection results.",
          "strengths_and_weaknesses": "### Strengths\n- The proposed approach is interesting.\n- Most parts of the paper are well written and easy to understand.\n- Very promising results are obtained by the proposed approach and detailed ablation experiments are conducted.\n\n### Weaknesses\n- Some parts of the paper writing can be improved. The Figure 2 is not very clear about how inverse NMS and Rank Matching are performed.\n- The proposed approach is mainly applied to Faster R-CNN based detector. It's unclear how it can be applied to recent end-to-end object detectors (e.g., DETR) which don't have dense RPN and proposal-wise predictions.",
          "questions": "How could the proposed approach be applied to other object detectors, especially the detectors without dense RPN/proposal-wise predictions and NMS (e.g., DETR)?",
          "limitations": "It's unclear how it can be applied to recent end-to-end object detectors (e.g., DETR) which don't have dense RPN and proposal-wise predictions.",
          "ethics_flag": "No",
          "ethics_review_area": [],
          "soundness": "3 good",
          "presentation": "3 good",
          "contribution": "3 good",
          "code_of_conduct": "Yes"
        },
        "signatures": [
          "NeurIPS.cc/2022/Conference/Paper2595/Reviewer_K4Pn"
        ],
        "readers": [
          "everyone"
        ],
        "nonreaders": [],
        "writers": [
          "NeurIPS.cc/2022/Conference",
          "NeurIPS.cc/2022/Conference/Paper2595/Reviewer_K4Pn"
        ]
      },
      {
        "id": "qXjso-9vRnh",
        "original": null,
        "number": 4,
        "cdate": 1658209165999,
        "mdate": null,
        "ddate": null,
        "tcdate": 1658209165999,
        "tmdate": 1658209165999,
        "tddate": null,
        "forum": "0-uBrFiOVf",
        "replyto": "0-uBrFiOVf",
        "invitation": "NeurIPS.cc/2022/Conference/Paper2595/-/Official_Review",
        "content": {
          "rating": "6: Weak Accept: Technically solid, moderate-to-high impact paper, with no major concerns with respect to evaluation, resources, reproducibility, ethical considerations.",
          "confidence": "4: You are confident in your assessment, but not absolutely certain. It is unlikely, but not impossible, that you did not understand some parts of the submission or that you are unfamiliar with some pieces of related work.",
          "summary": "This paper proposes a \"dense-to-dense\" paradigm that utilizes the dense guidance of teacher to supervise the students. Specifically, Dense Teacher Guidance (DTG)'s dense supervision is achieved by Inverse NMS Clustering (INC) and Rank Matching (RM), which regularizes the consistency on NMS between the teacher and student. INC leads the student to group the candidate boxes into clusters in NMS as the teacher does, so that the student obtains the same grouping scheme of NMS with the teacher. Rank Matching is further introduced to align the score rank over the clustered candidates between teacher and student.",
          "strengths_and_weaknesses": "Strength:\n1. The motivation of \"dense-to-dense\" paradigm is strong and clear. The limitation of \"sparse-to-dense\" is well presented.\n2. The proposed Inverse NMS Clustering (INC) and Rank Matching are novel. The rank of the samples within each cluster learned by the teacher serves as informative dense supervision, which enables the student to reserve the same candidates as the teacher during NMS.\n3. Ablation studies show the effectiveness of each proposed components or strategies.\nWeakness:\n1. Figure1 and 2 are not illustrative. These two figures fail to give an intuitively visual demonstration on how DTG-SSOD works.\n2. Table 1 is expected to show more results under different labeling ratios, e.g., 20%, 30%, 50%.\n3. Figure 3 is not illustrative. I don't understand it.",
          "questions": "Could you better illustrate Figure 3? It is poorly presented.",
          "limitations": "Despite fair technical merit and solid experimental validation, the visual illustration in this paper is pretty poor.",
          "ethics_flag": "No",
          "ethics_review_area": [],
          "soundness": "3 good",
          "presentation": "2 fair",
          "contribution": "3 good",
          "code_of_conduct": "Yes"
        },
        "signatures": [
          "NeurIPS.cc/2022/Conference/Paper2595/Reviewer_2EWD"
        ],
        "readers": [
          "everyone"
        ],
        "nonreaders": [],
        "writers": [
          "NeurIPS.cc/2022/Conference",
          "NeurIPS.cc/2022/Conference/Paper2595/Reviewer_2EWD"
        ]
      },
      {
        "id": "65-L5TJ-EqZ",
        "original": null,
        "number": 1,
        "cdate": 1659445451786,
        "mdate": null,
        "ddate": null,
        "tcdate": 1659445451786,
        "tmdate": 1659779302439,
        "tddate": null,
        "forum": "0-uBrFiOVf",
        "replyto": "qXjso-9vRnh",
        "invitation": "NeurIPS.cc/2022/Conference/Paper2595/-/Official_Comment",
        "content": {
          "title": "Response to Reviewer 2EWD",
          "comment": "Thanks for your constructive comments. We respond to them below.\n\n**Q1. Figure 1 and 2 are not illustrative.**\n\n**A1.** Please refer to the revision of the paper, where we have updated Figure 1 and Figure 2. \n\n**In the new Figure 1**, we highlight the conventional \"sparse-to-dense\" paradigm involves many handcrafted components (e.g., NMS, score thresholding, label assignment), which inevitably introduce accumulated noise to supervision signals for the student. In contrast, our \"dense-to-dense\" paradigm abandons intermediate operations and enables more informative and precise supervision for the student. \n\n**In the new Figure 2**, we make the following modifications: \n\n1. We elaborately describe the NMS procedure of the teacher, including candidate grouping, ranking, and suppressing. It is underlined that dense teacher guidance (i.e., grouping information and candidate rank) is extracted from the teacher's NMS process.  \n\n2. We split the proposed dense-to-dense paradigm into three steps. At first, one-to-one correspondence between samples of teacher and student is identified, getting ready for the following behavior imitation. Then, Inverse NMS Clustering is performed. The grouping information and reserved boxes offered by the teacher's NMS procedure are converted into dense training labels for student samples. Finally, through Rank Matching, rank distributions over clustered candidates are enforced to be consistent between the teacher and student.\n\n**Q2. Table 1 is expected to show more results under different labeling ratios, e.g., 20%, 30%, and 50%.**\n\n**A2.** In the **Partially Labeled Data setting**, sampling 1%, 2%, 5% and 10% images as labeled data is a common practice adopted by most previous works [8, 9, 10, 11, 12, 14, 27, 33, 34]. These works didn't report their performance under other labeling ratios (e.g., 20%, 30%, and 50%). Therefore, to make a comparison under 20%, 30%, and 50% labeling ratios, we implement the previous best method (Soft Teacher) using its source code. We list the table here to show the comparison:     \n\n|       methods       |   20%    |   30%    |   50%    |\n| :----------------- | :------ | :------ | :------ |\n| supervised baseline |   32.3   |   34.3   |   36.1   |\n|    Soft Teacher     |   35.2   |   37.3   |   38.1   |\n|   DTG-SSOD (ours)   | **37.1** | **38.7** | **39.4** |\n\nUnder all three labeling ratios, our DTG-SSOD consistently surpasses the Soft Teacher by a large margin (i.e., at least **+1.3 mAP**), which validates that our method can generalize well on various labeling ratios. \n\n**Q3. Figure 3 is not illustrative.** \n\n**A3.** In the revision, we have refined Figure 3 and polished the corresponding descriptions (section 4.5). We split the original Figure 3 into two independent figures (i.e., Figure 3 and Figure 4 in the revision) for a better presentation. **The new Figure 3** aims to explain an intrinsic problem in the sparse-to-dense paradigm. Specifically, some pseudo boxes are poorly localized, which will mislead the standard IoU-based label assignment and cause noisy training labels for the student. In contrast, without the dependency on pseudo boxes, our method can effectively alleviate this problem. We show two examples **in the new Figure 3**, where the *identical* student proposals will obtain *different* training labels in the two paradigms.  Compared with the sparse-to-dense paradigm,  our dense-to-dense paradigm obviously offers more precise training labels for the student. In the sub-fig (1), the sparse-to-dense paradigm treats the **poor** proposal (in white) as a positive sample. The proposal has a relatively high IoU value (i.e., 0.6) with the coarse pseudo box (in red),  reaching the requirement of positive samples in the standard IoU-based label assignment. Compared with it, our Inverse NMS Clustering takes teacher predictions into consideration and succeeds in suppressing this misleading positive. Concretely, with the low confidence (i.e., 0.3) predicted by the teacher, this proposal will be a clear background sample in the teacher's NMS. Another example is shown in the sub-fig (2). Due to the poor localization of the pseudo box, a relatively precise proposal is wrongly assigned as a negative sample by the sparse-to-dense paradigm. However, our method can avoid this problem by taking the NMS behavior of proposals into consideration.\n\nOn the other hand, we also exhibit an example **in the new Figure 4**, to demonstrate that the teacher is better at modeling candidate rank than the student. Specifically, between the two candidate boxes shown in the figure, the teacher ranks the one with more precise localization first, while the student fails. Candidate rank predicted by the teacher can serve as beneficial dense guidance, which is missing in the conventional sparse-to-dense paradigm. "
        },
        "signatures": [
          "NeurIPS.cc/2022/Conference/Paper2595/Authors"
        ],
        "readers": [
          "everyone"
        ],
        "nonreaders": [],
        "writers": [
          "NeurIPS.cc/2022/Conference",
          "NeurIPS.cc/2022/Conference/Paper2595/Authors"
        ]
      },
      {
        "id": "dSSYeuMIiXY",
        "original": null,
        "number": 2,
        "cdate": 1659448391712,
        "mdate": null,
        "ddate": null,
        "tcdate": 1659448391712,
        "tmdate": 1660062141189,
        "tddate": null,
        "forum": "0-uBrFiOVf",
        "replyto": "wFv7yx_u1Qa",
        "invitation": "NeurIPS.cc/2022/Conference/Paper2595/-/Official_Comment",
        "content": {
          "title": "Response to Reviewer K4Pn ",
          "comment": "Thanks for your constructive comments. We respond to them below.\n\n**Q1. Some parts of the paper writing can be improved. Figure 2 is not very clear.**\n\n**A1.**  In the revision, we have refined all three figures and polished the Analyses part (Sec. 4.5) for a better presentation. \n\n**In the new Figure 2**, we make the following modifications:\n\n1. We elaborately describe the NMS procedure of the teacher, including candidate grouping, ranking, and suppressing. It is underlined that dense teacher guidance is extracted from the teacher's NMS process.\n2. We split the proposed dense-to-dense paradigm into three steps. At first, one-to-one correspondence between samples of teacher and student is identified, getting ready for the following behavior imitation. Then, Inverse NMS Clustering is performed. The grouping information and reserved boxes offered by the teacher's NMS procedure are converted into dense training labels for student samples. Finally, rank distributions over clustered candidates are enforced to be consistent between the teacher and student.\n\n**Q2. How could the proposed approach be applied to other object detectors?**\n\n**A2.** The principle of our DTG-SSOD is to employ powerful direct, dense teacher supervision. For CNN-based detectors (e.g., Faster R-CNN), we instantiate the dense supervision with NMS behavior of dense predicted boxes, achieving favorable performance. However, for query-based detectors (e.g., DETR) without dense predictions and NMS, we can instantiate dense supervision with **bipartite graph matching of the teacher**. Considering that object queries are relatively dense (e.g., 900 queries are used in DINO [R-1]), the bipartite matching results for object queries can be regarded as dense information. Moreover, recent works [R-1, R-2] validate that the slow convergence of DETR results from the instability of bipartite graph matching. Thanks to stronger performance, the teacher model is supposed to have more stable bipartite matching than the student. Based on these insights, predicted bipartite matching of the teacher is able to serve as dense knowledge to provide consistent optimization goals for the student and stabilize the student training. \n\nWe adopt the two-stage detector (i.e., Faster R-CNN) as the default detection framework in the paper. Here, we also apply our DTG-SSOD to a popular **one-stage detector**, Generalized Focal Loss (GFL) [28], to demonstrate the generalization. The results are listed as follows:\n\n| detector | method                   | mAP      | AP$_{50}$ | AP$_{75}$ |\n| -------- | ------------------------ | -------- | --------- | --------- |\n| GFL      | supervised baseline      | 28.1     | 43.9      | 29.4      |\n| GFL      | Sparse-to-Dense baseline | 35.8 | 53.3      | 38.3      |\n| GFL      | DTG-SSOD (ours)          | **37.1** | **55.6**  | **40.4**  |\n\nExperiments are conducted under the 10% labeling ratio. From the table, our method surpasses the sparse-to-dense baseline by **+1.3 mAP**, validating that our method can perform well on both two-stage and one-stage detectors. \n\n#### **References**\n\n[R-1] Zhang, Hao, et al. \"Dino: Detr with improved denoising anchor boxes for end-to-end object detection.\" arXiv preprint arXiv:2203.03605 (2022).\n\n[R-2] Li, Feng, et al. \"Dn-detr: Accelerate detr training by introducing query denoising.\" Proceedings of the IEEE/CVF Conference on Computer Vision and Pattern Recognition. 2022.\n\n"
        },
        "signatures": [
          "NeurIPS.cc/2022/Conference/Paper2595/Authors"
        ],
        "readers": [
          "everyone"
        ],
        "nonreaders": [],
        "writers": [
          "NeurIPS.cc/2022/Conference",
          "NeurIPS.cc/2022/Conference/Paper2595/Authors"
        ]
      },
      {
        "id": "HmlaW42_ci",
        "original": null,
        "number": 3,
        "cdate": 1659451889195,
        "mdate": null,
        "ddate": null,
        "tcdate": 1659451889195,
        "tmdate": 1659451889195,
        "tddate": null,
        "forum": "0-uBrFiOVf",
        "replyto": "V3LbA5wBpJ9",
        "invitation": "NeurIPS.cc/2022/Conference/Paper2595/-/Official_Comment",
        "content": {
          "title": "Response to Reviewer CxZW ",
          "comment": "Thanks for your constructive comments. We respond to them below.\n\n**Q1. Verifying whether (or to what degree) the student network actually mimics the teacher's NMS behavior.**\n\n**A1.** We define a metric, termed *Overlap Ratio (OR)*, to measure the similarity between NMS behavior of two models. Inspired by the definition of IoU, we formulate the OR as: \n\\begin{equation}\n    OR = \\frac{|box_{s} \\cap box_{t}|}{|box_{s} \\cup box_{t}|},\n\\end{equation}\nwhere $box_{s}$ and $box_{t}$ refer to reserved boxes after the NMS for the student and teacher; $|box_{s} \\cap box_{t}|$ denotes the number of overlapped boxes between $box_{s}$ and $box_{t}$. Only when $box_{s}$ and $box_{t}$ **originate from the same proposal**, they are considered as overlapped. Moreover, $|box_{s} \\cup box_{t}| = |box_{s}| + |box_{t}| - |box_{s} \\cap box_{t}|$, where $|box_{s}|$ denotes the number of  $box_{s}$.\nHigher OR values indicate more similar NMS behavior between the teacher and student. Next, we calculate the OR for the DTG-SSOD and sparse-to-dense baseline. Two checkpoints with similar performance are adopted from two paradigms respectively for analysis, and analyses are conducted on coco val2017 set. The OR of the sparse-to-dense baseline is **33.4%**, and our DTG-SSOD surpasses it by **4.1 points**, reaching **37.5%**. The significant improvements in OR validate that the discrepancy between NMS behavior of the teacher and student is narrowed through the proposed INC and RM.     \n\n**Q2. In Eq.4, is $p_{i}^{t}$ probability or logit? Also, is $p_{i}^{t}$ the output from an additional fc/mlp head or just the output from the existing objectiveness/classification head of the detector?** \n\n**A2.** In Eq.4, $p_{i}^{t}$ is the logit. We correct the descriptions about Eq.4 in the revision. $p_{i}^{t}$ is just the output from the existing classification head of the detector. \n\n**Q3.** **Is RM applied to the R-CNN part or the RPN part as well?**\n\n**A3.** Rank Matching is also applied to the RPN part. From Tab.2(c), applying INC and RM to RPN brings a gain of + 0.8 mAP against the sparse-to-dense RPN.\n\n**Q4. What's the setting in Tab.2?  In Tab.2(a), it makes more sense to compare with sparse-to-dense rather than supervised baseline. In Tab.2(e), it is better presented as a figure containing the val curve of both conditions.**\n\n**A4.** As stated in Line 280-281, unless specified, all ablation studies in Tab.2 adopt a single data fold of the **10% labeling ratio** as the training data. In Tab.2(d) and Line 309-316, we discuss the generalization of our method on various labeling ratios. The experimental results indicate our method consistently performs favorably against the traditional sparse pseudo labels under various settings. \n\nThank you for your kind and professional suggestions on Tab.2(a) and Tab.2(e). A comparison with the sparse-to-dense is already listed in Tab.2(c), thus we report the comparison with the supervised baseline in Tab.2(a). We will substitute the val curve for Tab.2(c), once we obtain the complete val curve of Soft Teacher.   \n\n**Q5. It would be helpful to also include the results of the sparse-to-dense counterpart in Tab.1.**\n\n**A5.** Good suggestion! Most of the results in Tab.1 are averaged on 5 different data folds, which is time-consuming. We hardly finish all experiments on the sparse-to-dense counterpart before the rebuttal deadline. However, we will add it in the final version.    \n\n**Q6. Are Fig.3 cherry-picked results or randomly selected results?**\n\n**A6.** Qualitative results in Fig.3 are randomly selected. More results are attached in *supplementary material*. We look up many visualized examples and only few valuable failure cases are observed. In most of the examples, our DTG-SSOD consistently offers more precise supervision for the student than the sparse-to-dense baseline.    \n\n**Q7. In Fig.2(b), Inverse NMS Clustering, what does that number of star and triangle shapes mean? Also, why do the student samples not contain the reserved box?**\n\n**A7.** In Fig.2(b), there is no special meanings for the number of stars and triangles. We should have kept their number the same to avoid ambiguity. Moreover, the reserved box should be contained in the student samples, which is wrongly illustrated in the original figure. For a better presentation, we update Figure 2 in the revision. Please refer to it for a better understanding."
        },
        "signatures": [
          "NeurIPS.cc/2022/Conference/Paper2595/Authors"
        ],
        "readers": [
          "everyone"
        ],
        "nonreaders": [],
        "writers": [
          "NeurIPS.cc/2022/Conference",
          "NeurIPS.cc/2022/Conference/Paper2595/Authors"
        ]
      },
      {
        "id": "0Rg928RWGbG",
        "original": null,
        "number": 4,
        "cdate": 1659451965709,
        "mdate": null,
        "ddate": null,
        "tcdate": 1659451965709,
        "tmdate": 1659451965709,
        "tddate": null,
        "forum": "0-uBrFiOVf",
        "replyto": "HmlaW42_ci",
        "invitation": "NeurIPS.cc/2022/Conference/Paper2595/-/Official_Comment",
        "content": {
          "title": "Response to Reviewer CxZW ",
          "comment": "**Q8. It is non-trivial to generalize a method developed on a two-stage detector to a one-stage one.**\n\n**A8.** Our DTG-SSOD can perform well on most anchor-based detectors, regardless of one-stage or two-stage ones. We take Generalized Focal Loss (GFL) [28], a popular one-stage detector, as an example, to demonstrate the generalization of DTG-SSOD. The results are listed as follows: \n\n| detector | method                   | mAP      | AP$_{50}$ | AP$_{75}$ |\n| -------- | ------------------------ | -------- | --------- | --------- |\n| GFL      | supervised baseline      | 28.1     | 43.9      | 29.4      |\n| GFL      | Sparse-to-Dense baseline | 35.8     | 53.3      | 38.3      |\n| GFL      | DTG-SSOD (ours)          | **37.1** | **55.6**  | **40.4**  |\n\nExperiments are conducted under the 10% labeling ratio. On the GFL, our method surpasses the sparse-to-dense counterpart by +1.3 mAP. However, generalizing the proposed method to anchor-free detectors may be no-trivial, and we leave it for future work. "
        },
        "signatures": [
          "NeurIPS.cc/2022/Conference/Paper2595/Authors"
        ],
        "readers": [
          "everyone"
        ],
        "nonreaders": [],
        "writers": [
          "NeurIPS.cc/2022/Conference",
          "NeurIPS.cc/2022/Conference/Paper2595/Authors"
        ]
      },
      {
        "id": "uSQ8DlWWC9",
        "original": null,
        "number": 5,
        "cdate": 1659456041030,
        "mdate": null,
        "ddate": null,
        "tcdate": 1659456041030,
        "tmdate": 1659632638532,
        "tddate": null,
        "forum": "0-uBrFiOVf",
        "replyto": "NM5TGhtbkfF",
        "invitation": "NeurIPS.cc/2022/Conference/Paper2595/-/Official_Comment",
        "content": {
          "title": "Response to Reviewer YaeS",
          "comment": "Thanks for your constructive comments. We respond to them below.\n\n**Q1. Which is better between your method and the feature distillation (distillation on the final layer)?**\n\n**A1.** We explain the differences between our method and vanilla distillation methods as follows:\n\n1. Vanilla distillation methods directly take dense predictions of the teacher as knowledge to distill without any adaptation, in contrast, our method converts the teacher's dense predictions into the candidate grouping information and candidate rank, which serve as more informative and instructive knowledge for  student training. **Some important properties of object detection are considered in our method**. For example, considering that accurate box rankings benefit the NMS processing [3, 28], we propose Rank Matching to regularize consistency in candidate rank between the teacher and student. On the contrary, vanilla distillation methods are originally designed for the image classification task, and directly transferring them to object detection ignores the fact that object detection has a more complicated mechanism than classification. Lacking essential adaptations, the vanilla distillation methods may only obtain sub-optimal distillation performance in object detection.     \n\n2. **Vanilla distillation methods hardly adapt to semi-supervised settings well.** In the Mean-Teacher scheme, distinct data augmentations are applied to the teacher and student, which increases feature discrepancies between the teacher and student, as a result, feature distillation (including distillation on FPN features and R-CNN features) is hard to optimize. On the other hand, distillation on the final layer takes the predictions of the teacher as soft labels. However, previous works (e.g., FixMatch [25]) validated that the hard pseudo labels with low entropy can perform favorably against the soft labels on unlabeled data. Neither feature distillation nor final layer distillation can perform well in  semi-supervised settings. In contrast, our method is tailored for semi-supervised settings.\n\nWe conduct expriments to verify our analysis. Experimental results are listed as follows: \n\n| methods                    | mAP      | AP$_{50}$ | AP$_{75}$ |\n| -------------------------- | -------- | --------- | --------- |\n| supervised baseline        | 26.8     | 44.9      | 28.4      |\n| FPN feature distillation   | 28.7     | 47.9      | 30.1      |\n| R-CNN feature distillation | 29.2     | 48.2      | 30.6      |\n| final layer distillation   | 33.3     | 52.9      | 35.8      |\n| DTG-SSOD (ours)            | **36.3** | **56.4**  | **38.8**  |\n\nExperiments are conducted under the 10% labeling ratio. As the results show, our method surpasses other distillation methods by a large margin, at least **3.0 mAP**.  These results support our analyses.\n\n**Q2. The supervision in Inverse NMS Clustering is a \"sparse-to-dense\" paradigm, which is supervised by a reserved box. The author claims that the weakness of the \"sparse-to-dense\" at the beginning.**\n\n**A2.** In the Inverse NMS Clustering (INC), **not only reserved boxes but also dense group information** are employed to supervise the student training. INC is proposed to lead the student to group candidate boxes into clusters in NMS as the teacher does, by learning the **grouping information** revealed in the teacher's NMS procedure. Grouping information provides NMS status for each candidate box, indicating which cluster each candidate belongs to. Obviously, group information serves as dense supervision, enabling  INC to be a \"dense-to-dense\" paradigm.\n\n"
        },
        "signatures": [
          "NeurIPS.cc/2022/Conference/Paper2595/Authors"
        ],
        "readers": [
          "everyone"
        ],
        "nonreaders": [],
        "writers": [
          "NeurIPS.cc/2022/Conference",
          "NeurIPS.cc/2022/Conference/Paper2595/Authors"
        ]
      },
      {
        "id": "AAo1PgoWLei",
        "original": null,
        "number": 6,
        "cdate": 1659881799065,
        "mdate": null,
        "ddate": null,
        "tcdate": 1659881799065,
        "tmdate": 1659881799065,
        "tddate": null,
        "forum": "0-uBrFiOVf",
        "replyto": "V3LbA5wBpJ9",
        "invitation": "NeurIPS.cc/2022/Conference/Paper2595/-/Official_Comment",
        "content": {
          "title": "Comments",
          "comment": "Thanks for the rebuttal. The authors have properly addressed the reviewer's questions in the rebuttal. Thus, the reviewer decided to keep the original rating and suggest accepting this paper."
        },
        "signatures": [
          "NeurIPS.cc/2022/Conference/Paper2595/Reviewer_CxZW"
        ],
        "readers": [
          "everyone"
        ],
        "nonreaders": [],
        "writers": [
          "NeurIPS.cc/2022/Conference",
          "NeurIPS.cc/2022/Conference/Paper2595/Reviewer_CxZW"
        ]
      },
      {
        "id": "wZ-yVDZfSfk",
        "original": null,
        "number": 8,
        "cdate": 1660046103432,
        "mdate": null,
        "ddate": null,
        "tcdate": 1660046103432,
        "tmdate": 1660046103432,
        "tddate": null,
        "forum": "0-uBrFiOVf",
        "replyto": "uSQ8DlWWC9",
        "invitation": "NeurIPS.cc/2022/Conference/Paper2595/-/Official_Comment",
        "content": {
          "title": "Acknowledge the rebuttals",
          "comment": "Thanks for your rebuttal. The author provides detailed experiments to prove this. It has addressed my concerns in the rebuttal. So I think it is a good paper."
        },
        "signatures": [
          "NeurIPS.cc/2022/Conference/Paper2595/Reviewer_YaeS"
        ],
        "readers": [
          "everyone"
        ],
        "nonreaders": [],
        "writers": [
          "NeurIPS.cc/2022/Conference",
          "NeurIPS.cc/2022/Conference/Paper2595/Reviewer_YaeS"
        ]
      },
      {
        "id": "uQY3Fm9Khjj",
        "original": null,
        "number": 1,
        "cdate": 1662436328004,
        "mdate": null,
        "ddate": null,
        "tcdate": 1662436328004,
        "tmdate": 1662436328004,
        "tddate": null,
        "forum": "0-uBrFiOVf",
        "replyto": "0-uBrFiOVf",
        "invitation": "NeurIPS.cc/2022/Conference/Paper2595/-/Meta_Review",
        "content": {
          "metareview": "\n This paper proposes a dense-to-dense semi-supervised object detection method, where the teacher's NMS is used to guide the clustering and ranking of bounding box candidates from the student. This is motivated from potential noise resulting from sparse-to-dense pseudo-label supervision in existing methods. Results are shown on standard semi-supervised object detection benchmarks, with improvements over the current state of art. \n\nThe reviewers all thought that the paper had an interesting idea, strong results, and thorough experiments, ablations, and analysis. Some concerns included generalization to other architectures (e.g. DETR or single-stage CNN), comparison to feature distillation, and poor communication especially through the figures. The rebuttal provided answers to these, including new experiments showing generalization to a single-stage method, and all reviewers have recommended acceptance (and the reviewer with borderline accept mentioned it is a good paper). As a result, I recommend accepting this paper as it provides an interesting new contribution to the common mean teacher paradigm. I highly encourage the authors to add new elements that came out in the rebuttal, especially generalization to single-stage methods and failure cases. ",
          "recommendation": "Accept",
          "confidence": "Certain",
          "award": "No"
        },
        "signatures": [
          "NeurIPS.cc/2022/Conference/Paper2595/Area_Chair_YLpo"
        ],
        "readers": [
          "everyone"
        ],
        "nonreaders": [],
        "writers": [
          "NeurIPS.cc/2022/Conference/Program_Chairs",
          "NeurIPS.cc/2022/Conference/Paper2595/Area_Chairs"
        ],
        "pdate": null
      },
      {
        "id": "HIUP_Y-o5E6",
        "original": null,
        "number": 1,
        "cdate": 1663188492000,
        "mdate": null,
        "ddate": null,
        "tcdate": 1663188492000,
        "tmdate": 1663188492000,
        "tddate": null,
        "forum": "0-uBrFiOVf",
        "replyto": "0-uBrFiOVf",
        "invitation": "NeurIPS.cc/2022/Conference/Paper2595/-/Decision",
        "content": {
          "title": "Paper Decision",
          "decision": "Accept",
          "comment": ""
        },
        "signatures": [
          "NeurIPS.cc/2022/Conference/Program_Chairs"
        ],
        "readers": [
          "everyone"
        ],
        "nonreaders": [],
        "writers": [
          "NeurIPS.cc/2022/Conference/Program_Chairs"
        ]
      }
    ],
    "directReplies": [
      {
        "id": "NM5TGhtbkfF",
        "original": null,
        "number": 1,
        "cdate": 1657540699722,
        "mdate": null,
        "ddate": null,
        "tcdate": 1657540699722,
        "tmdate": 1660031491585,
        "tddate": null,
        "forum": "0-uBrFiOVf",
        "replyto": "0-uBrFiOVf",
        "invitation": "NeurIPS.cc/2022/Conference/Paper2595/-/Official_Review",
        "content": {
          "rating": "5: Borderline accept: Technically solid paper where reasons to accept outweigh reasons to reject, e.g., limited evaluation. Please use sparingly.",
          "confidence": "4: You are confident in your assessment, but not absolutely certain. It is unlikely, but not impossible, that you did not understand some parts of the submission or that you are unfamiliar with some pieces of related work.",
          "summary": "This paper introduces a new dense-to-dense” distillation to supervise the training of object detectors. The authors consider the advantages of the dense-to-dense paradigm and point out that the sparse-to-dense paradigm could accumulate noise in the hand-crafted NMS and label assignment process. They propose the Inverse NMS Clustering (INC) and Rank Matching (RM) to instantiate the dense supervision. Finally, the method achieve SOTA performance in both accuracy and efficiency.",
          "strengths_and_weaknesses": "- The central insight of the work is simple and intuitive i.e. using dense supervision can be more informative regarding the information loss of NMS and score filtering. And the authors propose some solutions(INC and RM) to these problems.\n- The paper presents extensive and insightful ablations showing the importance of various choices (e.g. temperature T, choice of target boxes in INC etc.), and overall, all the choices made are empirically well-justified.\n",
          "questions": "1. Which is better between your method and the feature distillation(distillation on the final layer)?\n2. The supervision in Inverse NMS Clustering is a \"sparse-to-dense\" paradigm, which is supervised by a reserved box. The author claims that the weakness of the \"sparse-to-dense\" at the beginning.",
          "limitations": "1. The questions above confuse me. Q1,Q2 . \n2. The method is not very interesting, but the paper presents extensive and insightful ablations study about their methods.",
          "ethics_flag": "No",
          "ethics_review_area": [],
          "soundness": "3 good",
          "presentation": "3 good",
          "contribution": "3 good",
          "code_of_conduct": "Yes"
        },
        "signatures": [
          "NeurIPS.cc/2022/Conference/Paper2595/Reviewer_YaeS"
        ],
        "readers": [
          "everyone"
        ],
        "nonreaders": [],
        "writers": [
          "NeurIPS.cc/2022/Conference",
          "NeurIPS.cc/2022/Conference/Paper2595/Reviewer_YaeS"
        ]
      },
      {
        "id": "V3LbA5wBpJ9",
        "original": null,
        "number": 2,
        "cdate": 1657660033878,
        "mdate": null,
        "ddate": null,
        "tcdate": 1657660033878,
        "tmdate": 1657660033878,
        "tddate": null,
        "forum": "0-uBrFiOVf",
        "replyto": "0-uBrFiOVf",
        "invitation": "NeurIPS.cc/2022/Conference/Paper2595/-/Official_Review",
        "content": {
          "rating": "7: Accept: Technically solid paper, with high impact on at least one sub-area, or moderate-to-high impact on more than one areas, with good-to-excellent evaluation, resources, reproducibility, and no unaddressed ethical considerations.",
          "confidence": "3: You are fairly confident in your assessment. It is possible that you did not understand some parts of the submission or that you are unfamiliar with some pieces of related work. Math/other details were not carefully checked.",
          "summary": "The authors propose a novel SSOD method that guides the student network to behave like the teacher network's NMS. The proposed method enforces a dense-to-dense training signal instead of the more common sparse-to-dense strategy in other SSOD methods. The proposed method is composed of two parts: (1) INC which leads the student to group candidate boxes into clusters in NMS as the teacher does, and (2) RM which imitates the rank distribution of the teacher over clustered candidates.\n\nThe author demonstrates the effectiveness of the proposed method compared to SoTA SSOD methods. They also conduct thorough ablations and analyses to help understand the contribution of each component and the advantage of the proposed method over the sparse-to-dense strategy.",
          "strengths_and_weaknesses": "### Strength\n\n1. Enforcing the student to mimic the teacher's NMS behavior is somewhat novel in SSOD.\n\n1. This work is well motivated for why using dense-to-dense is a preferred training strategy.\n\n1. The authors conduct thorough ablations (Sec.4.4) and analyses (Sec.4.5) for each component of the proposed method as well as why the proposed dense-to-dense method works better than the sparse-to-dense methods.\n\n1. As shown in Tab.2(b), It is surprising that including the box regression loss is beneficial for the final performance without any tailored method or tricks.\n\n### Weakness\n\n1. It would be good to verify whether (or to what degree) the student network actually mimics the teacher's NMS behavior.\n\n1. In Eq.4, is $p^t_i$ probability or logit? It seems weird to pass the probability through exponential and softmax. Also, is $p^t_i$ the output from an additional fc/mlp head or just the output from the existing objectiveness/classification head of the detector?\n\n1. Is RM applied to the R-CNN part or the RPN part as well?\n\n1. In Tab.2, what is the setting here? Eg. the amount of labeled data. Could the findings generalize to other settings (eg. different amounts of labeled data)? In Tab.2(a), it makes more sense to compare with sparse-to-dense rather than supervised baseline. In Tabl.2(e), it is better presented as a figure containing the val curve of both conditions.\n\n1. It would be helpful to also include the results of the sparse-to-dense counterpart in Tab.1.\n\n1. Are Fig.3 cherry-picked results or randomly selected results? It would be good to also include the failure modes and provide analyses and discussions.\n\n1. In Fig.1(b), Inverse NMS Clustering, what does that number of star and triangle shapes mean? Also, why do the student samples not contain the reserved box?",
          "questions": "Please see the questions in the weakness part of the \"Strengths And Weaknesses\" section.",
          "limitations": "In lines 148-149, the authors claim, \"In theory, our SSOD method is independent of the detection framework and can be applicable to both one-stage and two-stage detectors.\" However, as Unbiased Teacher v2 [1] pointed out, it is non-trivial to generalize a method developed on a two-stage detector to a one-stage one. \n\n[1] Liu, Yen-Cheng, Chih-Yao Ma, and Zsolt Kira. \"Unbiased Teacher v2: Semi-Supervised Object Detection for Anchor-Free and Anchor-Based Detectors.\" Proceedings of the IEEE/CVF Conference on Computer Vision and Pattern Recognition. 2022.",
          "ethics_flag": "No",
          "ethics_review_area": [],
          "soundness": "3 good",
          "presentation": "2 fair",
          "contribution": "3 good",
          "code_of_conduct": "Yes"
        },
        "signatures": [
          "NeurIPS.cc/2022/Conference/Paper2595/Reviewer_CxZW"
        ],
        "readers": [
          "everyone"
        ],
        "nonreaders": [],
        "writers": [
          "NeurIPS.cc/2022/Conference",
          "NeurIPS.cc/2022/Conference/Paper2595/Reviewer_CxZW"
        ]
      },
      {
        "id": "wFv7yx_u1Qa",
        "original": null,
        "number": 3,
        "cdate": 1657689821149,
        "mdate": null,
        "ddate": null,
        "tcdate": 1657689821149,
        "tmdate": 1657689821149,
        "tddate": null,
        "forum": "0-uBrFiOVf",
        "replyto": "0-uBrFiOVf",
        "invitation": "NeurIPS.cc/2022/Conference/Paper2595/-/Official_Review",
        "content": {
          "rating": "6: Weak Accept: Technically solid, moderate-to-high impact paper, with no major concerns with respect to evaluation, resources, reproducibility, ethical considerations.",
          "confidence": "4: You are confident in your assessment, but not absolutely certain. It is unlikely, but not impossible, that you did not understand some parts of the submission or that you are unfamiliar with some pieces of related work.",
          "summary": "This paper focuses on the pseudo-labeling strategy in semi-supervised object detection. Unlike previous approaches which generate sparse pseudo labels from teacher detector for each image and match these sparse pseudo labels to dense proposal and object detection predictions from student detector, this paper proposes a \"dense-to-dense\" paradigm. Inverse NMS Clustering and Rank Matching components are proposed to instantiate the dense-to-dense paradigm. Experiments on COCO show that the proposed approach obtains the state-of-the-art semi-supervised object detection results.",
          "strengths_and_weaknesses": "### Strengths\n- The proposed approach is interesting.\n- Most parts of the paper are well written and easy to understand.\n- Very promising results are obtained by the proposed approach and detailed ablation experiments are conducted.\n\n### Weaknesses\n- Some parts of the paper writing can be improved. The Figure 2 is not very clear about how inverse NMS and Rank Matching are performed.\n- The proposed approach is mainly applied to Faster R-CNN based detector. It's unclear how it can be applied to recent end-to-end object detectors (e.g., DETR) which don't have dense RPN and proposal-wise predictions.",
          "questions": "How could the proposed approach be applied to other object detectors, especially the detectors without dense RPN/proposal-wise predictions and NMS (e.g., DETR)?",
          "limitations": "It's unclear how it can be applied to recent end-to-end object detectors (e.g., DETR) which don't have dense RPN and proposal-wise predictions.",
          "ethics_flag": "No",
          "ethics_review_area": [],
          "soundness": "3 good",
          "presentation": "3 good",
          "contribution": "3 good",
          "code_of_conduct": "Yes"
        },
        "signatures": [
          "NeurIPS.cc/2022/Conference/Paper2595/Reviewer_K4Pn"
        ],
        "readers": [
          "everyone"
        ],
        "nonreaders": [],
        "writers": [
          "NeurIPS.cc/2022/Conference",
          "NeurIPS.cc/2022/Conference/Paper2595/Reviewer_K4Pn"
        ]
      },
      {
        "id": "qXjso-9vRnh",
        "original": null,
        "number": 4,
        "cdate": 1658209165999,
        "mdate": null,
        "ddate": null,
        "tcdate": 1658209165999,
        "tmdate": 1658209165999,
        "tddate": null,
        "forum": "0-uBrFiOVf",
        "replyto": "0-uBrFiOVf",
        "invitation": "NeurIPS.cc/2022/Conference/Paper2595/-/Official_Review",
        "content": {
          "rating": "6: Weak Accept: Technically solid, moderate-to-high impact paper, with no major concerns with respect to evaluation, resources, reproducibility, ethical considerations.",
          "confidence": "4: You are confident in your assessment, but not absolutely certain. It is unlikely, but not impossible, that you did not understand some parts of the submission or that you are unfamiliar with some pieces of related work.",
          "summary": "This paper proposes a \"dense-to-dense\" paradigm that utilizes the dense guidance of teacher to supervise the students. Specifically, Dense Teacher Guidance (DTG)'s dense supervision is achieved by Inverse NMS Clustering (INC) and Rank Matching (RM), which regularizes the consistency on NMS between the teacher and student. INC leads the student to group the candidate boxes into clusters in NMS as the teacher does, so that the student obtains the same grouping scheme of NMS with the teacher. Rank Matching is further introduced to align the score rank over the clustered candidates between teacher and student.",
          "strengths_and_weaknesses": "Strength:\n1. The motivation of \"dense-to-dense\" paradigm is strong and clear. The limitation of \"sparse-to-dense\" is well presented.\n2. The proposed Inverse NMS Clustering (INC) and Rank Matching are novel. The rank of the samples within each cluster learned by the teacher serves as informative dense supervision, which enables the student to reserve the same candidates as the teacher during NMS.\n3. Ablation studies show the effectiveness of each proposed components or strategies.\nWeakness:\n1. Figure1 and 2 are not illustrative. These two figures fail to give an intuitively visual demonstration on how DTG-SSOD works.\n2. Table 1 is expected to show more results under different labeling ratios, e.g., 20%, 30%, 50%.\n3. Figure 3 is not illustrative. I don't understand it.",
          "questions": "Could you better illustrate Figure 3? It is poorly presented.",
          "limitations": "Despite fair technical merit and solid experimental validation, the visual illustration in this paper is pretty poor.",
          "ethics_flag": "No",
          "ethics_review_area": [],
          "soundness": "3 good",
          "presentation": "2 fair",
          "contribution": "3 good",
          "code_of_conduct": "Yes"
        },
        "signatures": [
          "NeurIPS.cc/2022/Conference/Paper2595/Reviewer_2EWD"
        ],
        "readers": [
          "everyone"
        ],
        "nonreaders": [],
        "writers": [
          "NeurIPS.cc/2022/Conference",
          "NeurIPS.cc/2022/Conference/Paper2595/Reviewer_2EWD"
        ]
      },
      {
        "id": "uQY3Fm9Khjj",
        "original": null,
        "number": 1,
        "cdate": 1662436328004,
        "mdate": null,
        "ddate": null,
        "tcdate": 1662436328004,
        "tmdate": 1662436328004,
        "tddate": null,
        "forum": "0-uBrFiOVf",
        "replyto": "0-uBrFiOVf",
        "invitation": "NeurIPS.cc/2022/Conference/Paper2595/-/Meta_Review",
        "content": {
          "metareview": "\n This paper proposes a dense-to-dense semi-supervised object detection method, where the teacher's NMS is used to guide the clustering and ranking of bounding box candidates from the student. This is motivated from potential noise resulting from sparse-to-dense pseudo-label supervision in existing methods. Results are shown on standard semi-supervised object detection benchmarks, with improvements over the current state of art. \n\nThe reviewers all thought that the paper had an interesting idea, strong results, and thorough experiments, ablations, and analysis. Some concerns included generalization to other architectures (e.g. DETR or single-stage CNN), comparison to feature distillation, and poor communication especially through the figures. The rebuttal provided answers to these, including new experiments showing generalization to a single-stage method, and all reviewers have recommended acceptance (and the reviewer with borderline accept mentioned it is a good paper). As a result, I recommend accepting this paper as it provides an interesting new contribution to the common mean teacher paradigm. I highly encourage the authors to add new elements that came out in the rebuttal, especially generalization to single-stage methods and failure cases. ",
          "recommendation": "Accept",
          "confidence": "Certain",
          "award": "No"
        },
        "signatures": [
          "NeurIPS.cc/2022/Conference/Paper2595/Area_Chair_YLpo"
        ],
        "readers": [
          "everyone"
        ],
        "nonreaders": [],
        "writers": [
          "NeurIPS.cc/2022/Conference/Program_Chairs",
          "NeurIPS.cc/2022/Conference/Paper2595/Area_Chairs"
        ],
        "pdate": null
      },
      {
        "id": "HIUP_Y-o5E6",
        "original": null,
        "number": 1,
        "cdate": 1663188492000,
        "mdate": null,
        "ddate": null,
        "tcdate": 1663188492000,
        "tmdate": 1663188492000,
        "tddate": null,
        "forum": "0-uBrFiOVf",
        "replyto": "0-uBrFiOVf",
        "invitation": "NeurIPS.cc/2022/Conference/Paper2595/-/Decision",
        "content": {
          "title": "Paper Decision",
          "decision": "Accept",
          "comment": ""
        },
        "signatures": [
          "NeurIPS.cc/2022/Conference/Program_Chairs"
        ],
        "readers": [
          "everyone"
        ],
        "nonreaders": [],
        "writers": [
          "NeurIPS.cc/2022/Conference/Program_Chairs"
        ]
      }
    ]
  }
}