{
  "id": "0tG59j2efs",
  "original": "gia4nwkgmhv",
  "number": 2026,
  "cdate": 1652737350910,
  "mdate": null,
  "ddate": null,
  "tcdate": 1652737350910,
  "tmdate": 1710206717293,
  "tddate": null,
  "forum": "0tG59j2efs",
  "replyto": null,
  "invitation": "NeurIPS.cc/2022/Conference/-/Blind_Submission",
  "content": {
    "title": "Learning from Future: A Novel Self-Training Framework for Semantic Segmentation",
    "authorids": [
      "~Ye_Du4",
      "~Yujun_Shen1",
      "~Haochen_Wang5",
      "~Jingjing_Fei1",
      "~Wei_Li24",
      "~Liwei_Wu5",
      "~Rui_Zhao6",
      "~Zehua_Fu1",
      "~Qingjie_LIU1"
    ],
    "authors": [
      "Ye Du",
      "Yujun Shen",
      "Haochen Wang",
      "Jingjing Fei",
      "Wei Li",
      "Liwei Wu",
      "Rui Zhao",
      "Zehua Fu",
      "Qingjie LIU"
    ],
    "keywords": [
      "unsupervised domain adaptive semantic segmentation",
      "self-training"
    ],
    "abstract": "Self-training has shown great potential in semi-supervised learning. Its core idea is to use the model learned on labeled data to generate pseudo-labels for unlabeled samples, and in turn teach itself. To obtain valid supervision, active attempts typically employ a momentum teacher for pseudo-label prediction yet observe the confirmation bias issue, where the incorrect predictions may provide wrong supervision signals and get accumulated in the training process. The primary cause of such a drawback is that the prevailing self-training framework acts as guiding the current state with previous knowledge because the teacher is updated with the past student only. To alleviate this problem, we propose a novel self-training strategy, which allows the model to learn from the future. Concretely, at each training step, we first virtually optimize the student (i.e., caching the gradients without applying them to the model weights), then update the teacher with the virtual future student, and finally ask the teacher to produce pseudo-labels for the current student as the guidance. In this way, we manage to improve the quality of pseudo-labels and thus boost the performance. We also develop two variants of our future-self-training (FST) framework through peeping at the future both deeply (FST-D) and widely (FST-W). Taking the tasks of unsupervised domain adaptive semantic segmentation and semi-supervised semantic segmentation as the instances, we experimentally demonstrate the effectiveness and superiority of our approach under a wide range of settings. Code is available at https://github.com/usr922/FST.",
    "paperhash": "du|learning_from_future_a_novel_selftraining_framework_for_semantic_segmentation",
    "TL;DR": "We propose a novel self-training framework, which helps the student to learn from the future, and achieve state-of-the-art performance on the task of unsupervised domain adaptive semantic segmentation.",
    "pdf": "/pdf/a6a5e1afb960ed23406be54d30f7ae6c5fd4963c.pdf",
    "supplementary_material": "/attachment/befb5a92afbe25df94fdf889d33384ad7f6f0dcd.pdf",
    "venue": "NeurIPS 2022 Accept",
    "venueid": "NeurIPS.cc/2022/Conference",
    "_bibtex": "@inproceedings{\ndu2022learning,\ntitle={Learning from Future: A Novel Self-Training Framework for Semantic Segmentation},\nauthor={Ye Du and Yujun Shen and Haochen Wang and Jingjing Fei and Wei Li and Liwei Wu and Rui Zhao and Zehua Fu and Qingjie LIU},\nbooktitle={Advances in Neural Information Processing Systems},\neditor={Alice H. Oh and Alekh Agarwal and Danielle Belgrave and Kyunghyun Cho},\nyear={2022},\nurl={https://openreview.net/forum?id=0tG59j2efs}\n}",
    "community_implementations": "[![CatalyzeX](/images/catalyzex_icon.svg) 1 code implementation](https://www.catalyzex.com/paper/arxiv:2209.06993/code)"
  },
  "signatures": [
    "NeurIPS.cc/2022/Conference"
  ],
  "readers": [
    "everyone"
  ],
  "nonreaders": [],
  "writers": [
    "NeurIPS.cc/2022/Conference"
  ],
  "tauthor": "OpenReview.net",
  "pdate": 1667239200000,
  "details": {
    "overwriting": [],
    "tags": [],
    "writable": false,
    "replyCount": 8,
    "directReplyCount": 5,
    "revisions": true,
    "replies": [
      {
        "id": "I2MzVapZqfm",
        "original": null,
        "number": 1,
        "cdate": 1657414139303,
        "mdate": null,
        "ddate": null,
        "tcdate": 1657414139303,
        "tmdate": 1660869260766,
        "tddate": null,
        "forum": "0tG59j2efs",
        "replyto": "0tG59j2efs",
        "invitation": "NeurIPS.cc/2022/Conference/Paper2026/-/Official_Review",
        "content": {
          "rating": "7: Accept: Technically solid paper, with high impact on at least one sub-area, or moderate-to-high impact on more than one areas, with good-to-excellent evaluation, resources, reproducibility, and no unaddressed ethical considerations.",
          "confidence": "4: You are confident in your assessment, but not absolutely certain. It is unlikely, but not impossible, that you did not understand some parts of the submission or that you are unfamiliar with some pieces of related work.",
          "summary": "This paper presents a new self-training framework for semantic segmentation, by proposing the idea of \"learning from future\". Specifically, instead of using the current step to generate pseudo-labels and train the student, the teacher was updated with a virtual future student and supervised the following training accordingly. The proposed future-self-training (FST) framework was validated on the semantic segmentation task with extensive experimental analysis. The main contributions are the proposed FST framework and the experimental analysis.\n\n\n**Post-rebuttal**\n\nThanks to the authors for their response and the additional experiments, which addressed most of my concerns. There are some remaining concerns I would suggest the authors address in their final version:\n\n1) the motivation still sounds not that convincing to me, the \"roughly better performance\" itself as an observation does not sounds to be a convincing motivation; \n2) in the additional experiment of the newly introduced hyper-parameter, the result showed that the \"learnable\" setting performs much worse (58.87 vs. 59.81) than the \"fixed\" setting, which is not that convincing to me. Theoretically, if 0.999 is the \"optimal\" value, a learnable setting should be able to learn this value, instead of a way worse one. It would be better if the authors could provide an explanation for this in their revised version.\n\nOtherwise, the paper is interesting and could be a good contribution to the community. As a result, I would keep my original positive rating.",
          "strengths_and_weaknesses": "**Strengths**\n\n\\+ The idea of using a \"future student\" to update the current teacher and then using this future teacher to supervise the current student for the self-training framework is interesting and could potentially inspire following-up research.\n\n\\+ The authors perform thorough ablation studies, in which each of the proposed components was well analyzed. This could be useful for following-up research to well leverage the design of the proposed method.\n\n\\+ The proposed method performs better than existing alternative methods for the unsupervised domain adaptation task.\n\n\\+ The paper is generally well-written and easy to follow.\n\n\n**Weaknesses**\n\n\\- Although the idea of \"learning from future\" looks new, the motivation behind it is a bit unclear. Why learn from the future is beneficial, especially considering this \"future\" is also from the current state and the \"history\"? On the other hand, it also increases the ambiguity if the model (weights) is just cached without updating.\n\n\\- Please double-check if the variables were correctly labeled in Fig. 3. From the description, the teacher model  g_\\phi was trained on labled data x_l and the student model on unlabeled data x_u. But what was shown in the figure is the other way around.\nPlease also add more details to the caption to make it self-contained.\n\n\\- In the proposed future self-training (FST), a new hyper-parameter \\mu' was introduced, as in Eq. 4. But it was a bit unclear how to define this parameter and the necessity of it. The authors did an ablation study to test different \\mu', but the result did not suggest a way to set it and it is also a bit unclear the significance of adding this additional parameter.\nWhat if removing it or is that possible to change it to a learnable parameter?\n\n\\- Although the authors stated that the combination of FST-D and FST-W is more beyond the scope of their study, it would be better to have some preliminary investigation to see if these two types of learning schemes actually boost the learning.\n\n\\- It would be better to include more state-of-the-art methods for the experimental comparison of semi-supervised learning (Table 5).\n\n\\- L296, \"... of of ...\"",
          "questions": "It would be better if the authors could address the concerns raised above in the Weaknesses section. For example,\n\n* A more convincing clarification on the motivation\n\n* The necessity of the newly introduced hyper-parameter\n\n* The authors' observation or comments on the combination of FST-D and FST-W\n\n* Possibility of including more methods for the experimental comparison.\n\n* notations in the figure.",
          "limitations": "The authors discussed the limitations of their work and acceptable solution to address it, but did not mention the potential negative societal impact.\n\nA possible societal impact could be the bias within the learned model if there was also bias in the training data. The environmental impact could be another potential societal impact due to the large-scale and long-time training and the corresponding carbon emission.",
          "ethics_flag": "No",
          "ethics_review_area": [],
          "soundness": "3 good",
          "presentation": "3 good",
          "contribution": "3 good",
          "code_of_conduct": "Yes"
        },
        "signatures": [
          "NeurIPS.cc/2022/Conference/Paper2026/Reviewer_Sb76"
        ],
        "readers": [
          "everyone"
        ],
        "nonreaders": [],
        "writers": [
          "NeurIPS.cc/2022/Conference",
          "NeurIPS.cc/2022/Conference/Paper2026/Reviewer_Sb76"
        ]
      },
      {
        "id": "1s3OqRWvXnm",
        "original": null,
        "number": 2,
        "cdate": 1657545323800,
        "mdate": null,
        "ddate": null,
        "tcdate": 1657545323800,
        "tmdate": 1657545323800,
        "tddate": null,
        "forum": "0tG59j2efs",
        "replyto": "0tG59j2efs",
        "invitation": "NeurIPS.cc/2022/Conference/Paper2026/-/Official_Review",
        "content": {
          "rating": "5: Borderline accept: Technically solid paper where reasons to accept outweigh reasons to reject, e.g., limited evaluation. Please use sparingly.",
          "confidence": "4: You are confident in your assessment, but not absolutely certain. It is unlikely, but not impossible, that you did not understand some parts of the submission or that you are unfamiliar with some pieces of related work.",
          "summary": "In this paper, the authors suggest a simple and interesting modification to the student-teacher self-training technique, where instead of having an exponential moving average teacher that is only reflecting the past states of the student model, they base it on a future hypothetical state of the model to prevent the confirmation bias on lower quality pseudo labels. This is achieved by one of the two variations that the authors suggest, referred to as deep future and wide future by either keeping a copy of the student model that is updated for multiple iterations over which the teacher model is updated as a moving average or by ensembling multiple updated student versions (with different data batches). The model is evaluated on unsupervised domain adaptations and semi-supervised learning and the empirical results show that the model improves as compared to the conventional teacher-student method.",
          "strengths_and_weaknesses": "Strengths:\n* The paper aims to improve the student-teacher self-training scheme which is among the most frequently used semi-supervised techniques and therefore contributions here could be of interest to the community. \n* The empirical evaluations are fairly extensive. The method is compared against the baseline student-teacher model, state-of-the-art models in unsupervised domain adaptation, and multiple different variations in the ablation study. Besides, experimentations are also expanded to more modern baseline network architectures, making the conclusions more directly usable.\n* The paper is reasonably well-written and easy to follow.\n\nWeaknesses:\n* Some of the figures and comparisons might be somewhat misleading. More specifically I am referring to figures 2, and 4(a) where an iteration-to-iteration comparison is done among the proposed futuristic and baseline student-teacher methods. Even though the authors argue (at the end of 4.4) that the comparisons are fair as the two models are getting the same number of updates for the student model, actually each iteration of updating the student model implies multiple updates to a copy of the student model ($g_\\tilde{\\theta}$), which is e.g. K times more compute-extensive in the deep-future version. This is specifically questionable when iteration-to-iteration comparisons are made. \n* As another note, but on a relevant topic, I like that the authors bring some comparisons between the proposed multi-iteration student-teacher model and models that are trained for longer. But I find it insufficient for proving wrong a major question/hesitation if a significant part of the advantage is coming from training for more; specifically, we observe that for both those two experiments the model's advantage is less visible (less than a percent) while the two models are computationally roughly equivalent and therefore fairer to compare. I would have liked to see more evidence against this question.",
          "questions": "As stated above a major question is if the suggested model consistently delivers better performance when compared to baseline models with an equal total number of gradient descent updates.",
          "limitations": "The major limitation, i.e. higher computational costs for training is discussed.",
          "ethics_flag": "No",
          "ethics_review_area": [],
          "soundness": "2 fair",
          "presentation": "3 good",
          "contribution": "3 good",
          "code_of_conduct": "Yes"
        },
        "signatures": [
          "NeurIPS.cc/2022/Conference/Paper2026/Reviewer_9B6x"
        ],
        "readers": [
          "everyone"
        ],
        "nonreaders": [],
        "writers": [
          "NeurIPS.cc/2022/Conference",
          "NeurIPS.cc/2022/Conference/Paper2026/Reviewer_9B6x"
        ]
      },
      {
        "id": "p8Z_5mRVZnS",
        "original": null,
        "number": 3,
        "cdate": 1657621353739,
        "mdate": null,
        "ddate": null,
        "tcdate": 1657621353739,
        "tmdate": 1657621378922,
        "tddate": null,
        "forum": "0tG59j2efs",
        "replyto": "0tG59j2efs",
        "invitation": "NeurIPS.cc/2022/Conference/Paper2026/-/Official_Review",
        "content": {
          "rating": "6: Weak Accept: Technically solid, moderate-to-high impact paper, with no major concerns with respect to evaluation, resources, reproducibility, ethical considerations.",
          "confidence": "4: You are confident in your assessment, but not absolutely certain. It is unlikely, but not impossible, that you did not understand some parts of the submission or that you are unfamiliar with some pieces of related work.",
          "summary": "This paper introduces a novel extension of the mean-teacher method for semi-supervised learning. Rather than only using previous knowledge, this framework looks ahead to involve the future information to update the teacher model, which improves the quality of pseudo labels to mitigate the confirmation bias issue. Authors also propose different variants, like improved-FST, FST-D and FST-W. Comprehensive experiments demonstrate the effectiveness of the proposed pipeline. \n",
          "strengths_and_weaknesses": "- This paper presents a novel framework that extends prevailing mean-teacher method by learning from the future. The paper is technically sound. Different variants are also designed. \n- Authors conducted extensive experiments for various tasks, like semi-supervised semantic segmentation and domain adaptation. The results on different datasets show the effectiveness of the introduced pipeline.\n- The paper is well-written and well-organized. It provides enough information for reproduction. \n- For the implementation, some parts are not clear. There are some questions posed in the questions part below. \n\n",
          "questions": "- The improved-FST is proposed since Eq(3) discards the contribution of the student weight at time t (line 153). If we let the teacher model equal to the student model at the very beginning (time t=0) and evolve the training following the EMA in equation(1), I wonder if, in this case, it could already involve the current student weights information? It may simply the computation a little. Correct me if I am wrong. \n- I am not very clear about the implementation of FST-D. Do we update the student weights when looking ahead K steps? For instance, let’s say K=3, we are looking 3 steps ahead (t+1, t+2, t+3). When we acquire the gradients at time=t+1, do we update the student model with these gradients, and then update the teacher model? If we update it, as shown in equation(5), it actually increases the number of updates to the student model(maybe another student model, but the cost of the update increases). However, in line 334, it says the number of updates remains the same. Also, in line 336, it says that it trades space for time). Even if we maintain only one ahead student model, for each time t, the original student model is updated, and we need to run this ahead student model over the next 3 steps to provide future information. In this case, I am curious about why it saves time? I am not sure whether I understand it accurately, it would be better if the authors clarify these questions. \n\nTypo: \n- Line 296: ‘of’ appears twice\n",
          "limitations": "Limitations and potential social impacts have been discussed in this work.\n",
          "ethics_flag": "No",
          "ethics_review_area": [
            "I don’t know"
          ],
          "soundness": "3 good",
          "presentation": "4 excellent",
          "contribution": "3 good",
          "code_of_conduct": "Yes"
        },
        "signatures": [
          "NeurIPS.cc/2022/Conference/Paper2026/Reviewer_7vtH"
        ],
        "readers": [
          "everyone"
        ],
        "nonreaders": [],
        "writers": [
          "NeurIPS.cc/2022/Conference",
          "NeurIPS.cc/2022/Conference/Paper2026/Reviewer_7vtH"
        ]
      },
      {
        "id": "7JnxcfAN9W",
        "original": null,
        "number": 2,
        "cdate": 1659433132170,
        "mdate": null,
        "ddate": null,
        "tcdate": 1659433132170,
        "tmdate": 1659433132170,
        "tddate": null,
        "forum": "0tG59j2efs",
        "replyto": "p8Z_5mRVZnS",
        "invitation": "NeurIPS.cc/2022/Conference/Paper2026/-/Official_Comment",
        "content": {
          "title": "Response to Reviewer 7vtH",
          "comment": "**Q1: Does the original EMA-based self-training involves the current student information and can it simplify the computation?**\n\nThanks. In Eq. (3), \"$\\theta\\_{t} -\\gamma\\nabla_{\\theta} \\left[\\mathcal{L}(g\\_{\\theta_t}(x_l),y_l)+\\lambda\\mathcal{L}(g\\_{\\theta\\_{t}}(x_u),\\hat{y}\\_u|\\phi\\_{t})\\right]$\" represents a virtual future student, $\\theta_{t+1}$, which means the teacher is only updated with the virtual $(t+1)$-step student with Eq. (1).\nThis is the most straightforward version of FST.\nIn the improved FST in Eq. (4), we update the teacher with *both* the $t$-step student and the $(t+1)$-step student, to help the teacher gain more knowledge.\nYour understanding is correct and we have exactly the same implementation as you have suggested.\nWe have clarified this in the revised version.\n\n\n\n**Q2: About the implementation of FST-D.**\n\nAt each iteration $t$, we first make a \"copy\" of the current student, $\\theta_t$, and then conduct virtual exploration to obtain future states, *i.e.*, update the \"copy\" for $K$ steps under the supervision of the teacher.\nDuring such a virtual exploration, the teacher co-evolves with the \"copy\", while the original student, $\\theta_t$, remains untouched.\nFinally, the advanced teacher is used to provide pseudo-labels for the original student, $\\theta_t$, and perform updating *only once*.\n\n\n\n**Q3: Why can maintaining an ahead model save training time?**\n\nFor instance, if we maintain an ahead student model $\\theta'$, which is trained parallelly with the original student, $\\theta$, but $K$ steps faster than $\\theta$.\nWe can directly obtain the virtual future model states from the ahead model $\\theta\\_{t+K}'$ to guide the current student training $\\theta_t$.\nSince the ahead model is always $K$ steps faster than the student, we can *skip the virtual exploration*, and instead store the model weights $\\theta'\\_{t+1},...,\\theta'_{t+K-1}$. That is how we trade space for time. We leave this as a future study as mentioned in the paper."
        },
        "signatures": [
          "NeurIPS.cc/2022/Conference/Paper2026/Authors"
        ],
        "readers": [
          "everyone"
        ],
        "nonreaders": [],
        "writers": [
          "NeurIPS.cc/2022/Conference",
          "NeurIPS.cc/2022/Conference/Paper2026/Authors"
        ]
      },
      {
        "id": "FWkEujpdUbt",
        "original": null,
        "number": 3,
        "cdate": 1659433216253,
        "mdate": null,
        "ddate": null,
        "tcdate": 1659433216253,
        "tmdate": 1659433216253,
        "tddate": null,
        "forum": "0tG59j2efs",
        "replyto": "1s3OqRWvXnm",
        "invitation": "NeurIPS.cc/2022/Conference/Paper2026/-/Official_Comment",
        "content": {
          "title": "Response to Reviewer 9B6x",
          "comment": "**Q1: Some of the figures and comparisons might be somewhat misleading.**\n\nThese figures show performance comparisons under *the same number of updates* of the student.\nThis is a fair comparison because the student is the final model used for evaluation.\nWe have revised the captions of these figures so that readers can better understand the difference between our FST and the baseline model.\n\nYou are correct that we spend more time in the teacher exploration, however the main difference between our FST and the conventional ST is that our teacher could provide more accurate supervision signals (by acquiring knowledge from the future), instead of simply extending the training time.\nAs suggested, we involve an iteration-to-iteration comparison in Fig. S5 of the *revised supplementary material* (Page 9).\nWe can tell that, the performance of ST even suffers from a longer training time (note that we report its best performance instead of the final performance).\nBy contrast, our FST consistently benefits from a longer training time.\n\n\n\n**Q2: Comparison with longer training baselines.**\n\nThanks.\nA longer training strategy indeed can help boost performance, but the longer is not necessarily the better.\nThe major problem in the existing ST framework is that *wrong supervision signals may get accumulated* in the training process, which is also known as the \"confirmation bias\" issue.\nAs a result, the performance would even *drop* after a sufficient time of training (please refer to **Q1**).\nBy involving the \"future\" knowledge, our FST manages to alleviate such a problem to some extent, because the teacher could provide *more accurate pseudo-labels*.\nUnder such a case, our FST could benefit from further longer training iterations and obtain a better performance.\nThis property is beyond the capability of the conventional ST.\n\n"
        },
        "signatures": [
          "NeurIPS.cc/2022/Conference/Paper2026/Authors"
        ],
        "readers": [
          "everyone"
        ],
        "nonreaders": [],
        "writers": [
          "NeurIPS.cc/2022/Conference",
          "NeurIPS.cc/2022/Conference/Paper2026/Authors"
        ]
      },
      {
        "id": "GFDOgDaY-OL",
        "original": null,
        "number": 4,
        "cdate": 1659433421995,
        "mdate": null,
        "ddate": null,
        "tcdate": 1659433421995,
        "tmdate": 1659433421995,
        "tddate": null,
        "forum": "0tG59j2efs",
        "replyto": "I2MzVapZqfm",
        "invitation": "NeurIPS.cc/2022/Conference/Paper2026/-/Official_Comment",
        "content": {
          "title": "Response to Reviewer Sb76",
          "comment": "**Q1: A more convincing clarification on the motivation.**\n\nFirst, we observe that, although the pseudo-labels are noisy during training, the performance roughly gets better, which means *more accurate predictions*.\nMotivated by this, we wonder if it is possible to use the future state to provide more reliable pseudo-labels for the current state, and hence boost the performance.\nSuch an idea clearly distinguishes our approach from the existing ST framework.\n\nAs for the \"cached\" model weights, they are primarily used for the teacher exploration.\nAfter getting a more reliable teacher, we can use it to better supervise the student, which causes an actual update instead of caching.\n\n\n\n**Q2: The necessity of the newly introduced hyper-parameter.**\n\nThe newly introduced hyper-parameter $\\mu'$ aims to balance the contribution of the *current states* and the *virtual future states* to the teacher updates.\nIt increases the flexibility of the method.\nWe provide ablations on $\\mu'$ in Tab. 4 and choose $\\mu' = 0.999$ in practice considering the performance mean and variance. Following the suggestion, we provide more experiments on $\\mu'$, including linearly increasing from 0.9 to 0.99999, linearly decreasing from 0.99999 to 0.9, and setting it as a learnable hyper-parameter.\nThe results are shown below and we find that fixing it as 0.999 performs best among all settings.\n\n| Setting         | mIoU  |\n| --------------- | :---: |\n| Linear Increase | 56.79 |\n| Linear Decrease | 58.08 |\n| Learnable       | 58.87 |\n| Fixed (0.999)   | 59.81 |\n\n\n\n\n\n**Q3: Observations or comments on the combination of FST-D and FST-W.**\n\nThanks.\nTraining a combination of FST-D and FST-W can be time-consuming because it takes even more time (*i.e.*, depth times width) for teacher exploration.\nAs suggested, we provide some preliminary results along this direction.\nAt each training iteration, we explore $K=3$ steps deeply (*i.e.*, FST-D), and the ensemble of $N=3$ explorations using different data batches (*i.e.*, FST-W).\nThe results are listed below, where our FST-D+W achieves the best performance with even fewer student updates.\nThis table is also included in Tab. S7 of the *revised supplementary material* (Page 9).\n\n| Method  | mIoU (4k) | mIoU (8k) | mIoU (12k) | mIoU (28k) | mIoU (40k) |\n| :------ | :-------: | :-------: | :--------: | :--------: | :--------: |\n| ST      |   45.55   |   44.97   |   50.54    |   53.47    |   55.99    |\n| FST-D   |   50.08   |   54.35   |   57.12    |   58.77    |   59.82    |\n| FST-W   |   51.00   |   54.32   |   56.78    |   57.96    |   59.23    |\n| FST-D+W |   54.48   |   57.27   |   58.45    | **61.49**  |     -      |\n\n\n\n**Q4: Possibility of including more methods for the experimental comparison (more comparisons with semi-supervised methods).**\n\n\n\nWe have already provided more comparisons with state-of-the-art semi-supervised methods in the *supplementary material*.\nPlease refer to Tab. S6 on Page 5 for details.\n\n\n**Q5: Notations in the Fig. 3.**\n\nThe notations in Fig. 3 are correct, and follow the paradigm of [1]. Concretely, the student model is trained on both labeled data $\\\\{(x_l, y_l)\\\\}$ and unlabeled data $\\\\{(x_u)\\\\}$. The teacher model is momentum updated with the student, and provides pseudo-labels $\\hat{y}_u$ for the student as the supervision.\n\n[1] *Mean teachers are better role models: Weight-averaged consistency targets improve semi-supervised deep learning results. Tarvainen and Valpola. NeurIPS'17*\n\n\n\n\n**Q6: Potential negative societal impact.**\n\nThanks. In Sec. H of the *supplementary material*, we have discussed some potential negative societal impacts.\nWe have also included more discussion as suggested in the revised version.\n\n"
        },
        "signatures": [
          "NeurIPS.cc/2022/Conference/Paper2026/Authors"
        ],
        "readers": [
          "everyone"
        ],
        "nonreaders": [],
        "writers": [
          "NeurIPS.cc/2022/Conference",
          "NeurIPS.cc/2022/Conference/Paper2026/Authors"
        ]
      },
      {
        "id": "X6Lwg59u2t",
        "original": null,
        "number": 1,
        "cdate": 1661493411923,
        "mdate": null,
        "ddate": null,
        "tcdate": 1661493411923,
        "tmdate": 1661493411923,
        "tddate": null,
        "forum": "0tG59j2efs",
        "replyto": "0tG59j2efs",
        "invitation": "NeurIPS.cc/2022/Conference/Paper2026/-/Meta_Review",
        "content": {
          "metareview": "This paper introduces an approach for reducing confirmation bias during self-training for semantic segmentation, by “learning from the future”, i.e. updating the teacher at a given timestep in self-training with a virtually updated version of the student, without actually using the gradients to update the student yet. Overall, reviewers were enthusiastic about the paper, finding the proposed method to be simple but interesting and of broad utility, and the paper well-written. The rebuttal responses seemed to address most questions and concerns, though there are some remaining weaknesses, such as the fact that the approach adds additional time/computation cost while the performance advantage versus standard self-training decreases with additional training iterations. However, on the balance I agree with reviewers that the strengths of the paper outweigh the weaknesses and recommend acceptance.",
          "recommendation": "Accept",
          "confidence": "Certain",
          "award": "No"
        },
        "signatures": [
          "NeurIPS.cc/2022/Conference/Paper2026/Area_Chair_KWZa"
        ],
        "readers": [
          "everyone"
        ],
        "nonreaders": [],
        "writers": [
          "NeurIPS.cc/2022/Conference/Program_Chairs",
          "NeurIPS.cc/2022/Conference/Paper2026/Area_Chairs"
        ],
        "pdate": null
      },
      {
        "id": "bKwYd3dy383",
        "original": null,
        "number": 1,
        "cdate": 1663188462803,
        "mdate": null,
        "ddate": null,
        "tcdate": 1663188462803,
        "tmdate": 1663188462803,
        "tddate": null,
        "forum": "0tG59j2efs",
        "replyto": "0tG59j2efs",
        "invitation": "NeurIPS.cc/2022/Conference/Paper2026/-/Decision",
        "content": {
          "title": "Paper Decision",
          "decision": "Accept",
          "comment": ""
        },
        "signatures": [
          "NeurIPS.cc/2022/Conference/Program_Chairs"
        ],
        "readers": [
          "everyone"
        ],
        "nonreaders": [],
        "writers": [
          "NeurIPS.cc/2022/Conference/Program_Chairs"
        ]
      }
    ],
    "directReplies": [
      {
        "id": "I2MzVapZqfm",
        "original": null,
        "number": 1,
        "cdate": 1657414139303,
        "mdate": null,
        "ddate": null,
        "tcdate": 1657414139303,
        "tmdate": 1660869260766,
        "tddate": null,
        "forum": "0tG59j2efs",
        "replyto": "0tG59j2efs",
        "invitation": "NeurIPS.cc/2022/Conference/Paper2026/-/Official_Review",
        "content": {
          "rating": "7: Accept: Technically solid paper, with high impact on at least one sub-area, or moderate-to-high impact on more than one areas, with good-to-excellent evaluation, resources, reproducibility, and no unaddressed ethical considerations.",
          "confidence": "4: You are confident in your assessment, but not absolutely certain. It is unlikely, but not impossible, that you did not understand some parts of the submission or that you are unfamiliar with some pieces of related work.",
          "summary": "This paper presents a new self-training framework for semantic segmentation, by proposing the idea of \"learning from future\". Specifically, instead of using the current step to generate pseudo-labels and train the student, the teacher was updated with a virtual future student and supervised the following training accordingly. The proposed future-self-training (FST) framework was validated on the semantic segmentation task with extensive experimental analysis. The main contributions are the proposed FST framework and the experimental analysis.\n\n\n**Post-rebuttal**\n\nThanks to the authors for their response and the additional experiments, which addressed most of my concerns. There are some remaining concerns I would suggest the authors address in their final version:\n\n1) the motivation still sounds not that convincing to me, the \"roughly better performance\" itself as an observation does not sounds to be a convincing motivation; \n2) in the additional experiment of the newly introduced hyper-parameter, the result showed that the \"learnable\" setting performs much worse (58.87 vs. 59.81) than the \"fixed\" setting, which is not that convincing to me. Theoretically, if 0.999 is the \"optimal\" value, a learnable setting should be able to learn this value, instead of a way worse one. It would be better if the authors could provide an explanation for this in their revised version.\n\nOtherwise, the paper is interesting and could be a good contribution to the community. As a result, I would keep my original positive rating.",
          "strengths_and_weaknesses": "**Strengths**\n\n\\+ The idea of using a \"future student\" to update the current teacher and then using this future teacher to supervise the current student for the self-training framework is interesting and could potentially inspire following-up research.\n\n\\+ The authors perform thorough ablation studies, in which each of the proposed components was well analyzed. This could be useful for following-up research to well leverage the design of the proposed method.\n\n\\+ The proposed method performs better than existing alternative methods for the unsupervised domain adaptation task.\n\n\\+ The paper is generally well-written and easy to follow.\n\n\n**Weaknesses**\n\n\\- Although the idea of \"learning from future\" looks new, the motivation behind it is a bit unclear. Why learn from the future is beneficial, especially considering this \"future\" is also from the current state and the \"history\"? On the other hand, it also increases the ambiguity if the model (weights) is just cached without updating.\n\n\\- Please double-check if the variables were correctly labeled in Fig. 3. From the description, the teacher model  g_\\phi was trained on labled data x_l and the student model on unlabeled data x_u. But what was shown in the figure is the other way around.\nPlease also add more details to the caption to make it self-contained.\n\n\\- In the proposed future self-training (FST), a new hyper-parameter \\mu' was introduced, as in Eq. 4. But it was a bit unclear how to define this parameter and the necessity of it. The authors did an ablation study to test different \\mu', but the result did not suggest a way to set it and it is also a bit unclear the significance of adding this additional parameter.\nWhat if removing it or is that possible to change it to a learnable parameter?\n\n\\- Although the authors stated that the combination of FST-D and FST-W is more beyond the scope of their study, it would be better to have some preliminary investigation to see if these two types of learning schemes actually boost the learning.\n\n\\- It would be better to include more state-of-the-art methods for the experimental comparison of semi-supervised learning (Table 5).\n\n\\- L296, \"... of of ...\"",
          "questions": "It would be better if the authors could address the concerns raised above in the Weaknesses section. For example,\n\n* A more convincing clarification on the motivation\n\n* The necessity of the newly introduced hyper-parameter\n\n* The authors' observation or comments on the combination of FST-D and FST-W\n\n* Possibility of including more methods for the experimental comparison.\n\n* notations in the figure.",
          "limitations": "The authors discussed the limitations of their work and acceptable solution to address it, but did not mention the potential negative societal impact.\n\nA possible societal impact could be the bias within the learned model if there was also bias in the training data. The environmental impact could be another potential societal impact due to the large-scale and long-time training and the corresponding carbon emission.",
          "ethics_flag": "No",
          "ethics_review_area": [],
          "soundness": "3 good",
          "presentation": "3 good",
          "contribution": "3 good",
          "code_of_conduct": "Yes"
        },
        "signatures": [
          "NeurIPS.cc/2022/Conference/Paper2026/Reviewer_Sb76"
        ],
        "readers": [
          "everyone"
        ],
        "nonreaders": [],
        "writers": [
          "NeurIPS.cc/2022/Conference",
          "NeurIPS.cc/2022/Conference/Paper2026/Reviewer_Sb76"
        ]
      },
      {
        "id": "1s3OqRWvXnm",
        "original": null,
        "number": 2,
        "cdate": 1657545323800,
        "mdate": null,
        "ddate": null,
        "tcdate": 1657545323800,
        "tmdate": 1657545323800,
        "tddate": null,
        "forum": "0tG59j2efs",
        "replyto": "0tG59j2efs",
        "invitation": "NeurIPS.cc/2022/Conference/Paper2026/-/Official_Review",
        "content": {
          "rating": "5: Borderline accept: Technically solid paper where reasons to accept outweigh reasons to reject, e.g., limited evaluation. Please use sparingly.",
          "confidence": "4: You are confident in your assessment, but not absolutely certain. It is unlikely, but not impossible, that you did not understand some parts of the submission or that you are unfamiliar with some pieces of related work.",
          "summary": "In this paper, the authors suggest a simple and interesting modification to the student-teacher self-training technique, where instead of having an exponential moving average teacher that is only reflecting the past states of the student model, they base it on a future hypothetical state of the model to prevent the confirmation bias on lower quality pseudo labels. This is achieved by one of the two variations that the authors suggest, referred to as deep future and wide future by either keeping a copy of the student model that is updated for multiple iterations over which the teacher model is updated as a moving average or by ensembling multiple updated student versions (with different data batches). The model is evaluated on unsupervised domain adaptations and semi-supervised learning and the empirical results show that the model improves as compared to the conventional teacher-student method.",
          "strengths_and_weaknesses": "Strengths:\n* The paper aims to improve the student-teacher self-training scheme which is among the most frequently used semi-supervised techniques and therefore contributions here could be of interest to the community. \n* The empirical evaluations are fairly extensive. The method is compared against the baseline student-teacher model, state-of-the-art models in unsupervised domain adaptation, and multiple different variations in the ablation study. Besides, experimentations are also expanded to more modern baseline network architectures, making the conclusions more directly usable.\n* The paper is reasonably well-written and easy to follow.\n\nWeaknesses:\n* Some of the figures and comparisons might be somewhat misleading. More specifically I am referring to figures 2, and 4(a) where an iteration-to-iteration comparison is done among the proposed futuristic and baseline student-teacher methods. Even though the authors argue (at the end of 4.4) that the comparisons are fair as the two models are getting the same number of updates for the student model, actually each iteration of updating the student model implies multiple updates to a copy of the student model ($g_\\tilde{\\theta}$), which is e.g. K times more compute-extensive in the deep-future version. This is specifically questionable when iteration-to-iteration comparisons are made. \n* As another note, but on a relevant topic, I like that the authors bring some comparisons between the proposed multi-iteration student-teacher model and models that are trained for longer. But I find it insufficient for proving wrong a major question/hesitation if a significant part of the advantage is coming from training for more; specifically, we observe that for both those two experiments the model's advantage is less visible (less than a percent) while the two models are computationally roughly equivalent and therefore fairer to compare. I would have liked to see more evidence against this question.",
          "questions": "As stated above a major question is if the suggested model consistently delivers better performance when compared to baseline models with an equal total number of gradient descent updates.",
          "limitations": "The major limitation, i.e. higher computational costs for training is discussed.",
          "ethics_flag": "No",
          "ethics_review_area": [],
          "soundness": "2 fair",
          "presentation": "3 good",
          "contribution": "3 good",
          "code_of_conduct": "Yes"
        },
        "signatures": [
          "NeurIPS.cc/2022/Conference/Paper2026/Reviewer_9B6x"
        ],
        "readers": [
          "everyone"
        ],
        "nonreaders": [],
        "writers": [
          "NeurIPS.cc/2022/Conference",
          "NeurIPS.cc/2022/Conference/Paper2026/Reviewer_9B6x"
        ]
      },
      {
        "id": "p8Z_5mRVZnS",
        "original": null,
        "number": 3,
        "cdate": 1657621353739,
        "mdate": null,
        "ddate": null,
        "tcdate": 1657621353739,
        "tmdate": 1657621378922,
        "tddate": null,
        "forum": "0tG59j2efs",
        "replyto": "0tG59j2efs",
        "invitation": "NeurIPS.cc/2022/Conference/Paper2026/-/Official_Review",
        "content": {
          "rating": "6: Weak Accept: Technically solid, moderate-to-high impact paper, with no major concerns with respect to evaluation, resources, reproducibility, ethical considerations.",
          "confidence": "4: You are confident in your assessment, but not absolutely certain. It is unlikely, but not impossible, that you did not understand some parts of the submission or that you are unfamiliar with some pieces of related work.",
          "summary": "This paper introduces a novel extension of the mean-teacher method for semi-supervised learning. Rather than only using previous knowledge, this framework looks ahead to involve the future information to update the teacher model, which improves the quality of pseudo labels to mitigate the confirmation bias issue. Authors also propose different variants, like improved-FST, FST-D and FST-W. Comprehensive experiments demonstrate the effectiveness of the proposed pipeline. \n",
          "strengths_and_weaknesses": "- This paper presents a novel framework that extends prevailing mean-teacher method by learning from the future. The paper is technically sound. Different variants are also designed. \n- Authors conducted extensive experiments for various tasks, like semi-supervised semantic segmentation and domain adaptation. The results on different datasets show the effectiveness of the introduced pipeline.\n- The paper is well-written and well-organized. It provides enough information for reproduction. \n- For the implementation, some parts are not clear. There are some questions posed in the questions part below. \n\n",
          "questions": "- The improved-FST is proposed since Eq(3) discards the contribution of the student weight at time t (line 153). If we let the teacher model equal to the student model at the very beginning (time t=0) and evolve the training following the EMA in equation(1), I wonder if, in this case, it could already involve the current student weights information? It may simply the computation a little. Correct me if I am wrong. \n- I am not very clear about the implementation of FST-D. Do we update the student weights when looking ahead K steps? For instance, let’s say K=3, we are looking 3 steps ahead (t+1, t+2, t+3). When we acquire the gradients at time=t+1, do we update the student model with these gradients, and then update the teacher model? If we update it, as shown in equation(5), it actually increases the number of updates to the student model(maybe another student model, but the cost of the update increases). However, in line 334, it says the number of updates remains the same. Also, in line 336, it says that it trades space for time). Even if we maintain only one ahead student model, for each time t, the original student model is updated, and we need to run this ahead student model over the next 3 steps to provide future information. In this case, I am curious about why it saves time? I am not sure whether I understand it accurately, it would be better if the authors clarify these questions. \n\nTypo: \n- Line 296: ‘of’ appears twice\n",
          "limitations": "Limitations and potential social impacts have been discussed in this work.\n",
          "ethics_flag": "No",
          "ethics_review_area": [
            "I don’t know"
          ],
          "soundness": "3 good",
          "presentation": "4 excellent",
          "contribution": "3 good",
          "code_of_conduct": "Yes"
        },
        "signatures": [
          "NeurIPS.cc/2022/Conference/Paper2026/Reviewer_7vtH"
        ],
        "readers": [
          "everyone"
        ],
        "nonreaders": [],
        "writers": [
          "NeurIPS.cc/2022/Conference",
          "NeurIPS.cc/2022/Conference/Paper2026/Reviewer_7vtH"
        ]
      },
      {
        "id": "X6Lwg59u2t",
        "original": null,
        "number": 1,
        "cdate": 1661493411923,
        "mdate": null,
        "ddate": null,
        "tcdate": 1661493411923,
        "tmdate": 1661493411923,
        "tddate": null,
        "forum": "0tG59j2efs",
        "replyto": "0tG59j2efs",
        "invitation": "NeurIPS.cc/2022/Conference/Paper2026/-/Meta_Review",
        "content": {
          "metareview": "This paper introduces an approach for reducing confirmation bias during self-training for semantic segmentation, by “learning from the future”, i.e. updating the teacher at a given timestep in self-training with a virtually updated version of the student, without actually using the gradients to update the student yet. Overall, reviewers were enthusiastic about the paper, finding the proposed method to be simple but interesting and of broad utility, and the paper well-written. The rebuttal responses seemed to address most questions and concerns, though there are some remaining weaknesses, such as the fact that the approach adds additional time/computation cost while the performance advantage versus standard self-training decreases with additional training iterations. However, on the balance I agree with reviewers that the strengths of the paper outweigh the weaknesses and recommend acceptance.",
          "recommendation": "Accept",
          "confidence": "Certain",
          "award": "No"
        },
        "signatures": [
          "NeurIPS.cc/2022/Conference/Paper2026/Area_Chair_KWZa"
        ],
        "readers": [
          "everyone"
        ],
        "nonreaders": [],
        "writers": [
          "NeurIPS.cc/2022/Conference/Program_Chairs",
          "NeurIPS.cc/2022/Conference/Paper2026/Area_Chairs"
        ],
        "pdate": null
      },
      {
        "id": "bKwYd3dy383",
        "original": null,
        "number": 1,
        "cdate": 1663188462803,
        "mdate": null,
        "ddate": null,
        "tcdate": 1663188462803,
        "tmdate": 1663188462803,
        "tddate": null,
        "forum": "0tG59j2efs",
        "replyto": "0tG59j2efs",
        "invitation": "NeurIPS.cc/2022/Conference/Paper2026/-/Decision",
        "content": {
          "title": "Paper Decision",
          "decision": "Accept",
          "comment": ""
        },
        "signatures": [
          "NeurIPS.cc/2022/Conference/Program_Chairs"
        ],
        "readers": [
          "everyone"
        ],
        "nonreaders": [],
        "writers": [
          "NeurIPS.cc/2022/Conference/Program_Chairs"
        ]
      }
    ]
  }
}