{
  "id": "5OLcPQaYTVg",
  "original": "tFYQwQzST3",
  "number": 6206,
  "cdate": 1652737547358,
  "mdate": null,
  "ddate": null,
  "tcdate": 1652737547358,
  "tmdate": 1673800852817,
  "tddate": null,
  "forum": "5OLcPQaYTVg",
  "replyto": null,
  "invitation": "NeurIPS.cc/2022/Conference/-/Blind_Submission",
  "content": {
    "title": "Learning Predictions for Algorithms with Predictions",
    "authorids": [
      "~Mikhail_Khodak1",
      "~Nina_Balcan1",
      "~Ameet_Talwalkar1",
      "~Sergei_Vassilvitskii2"
    ],
    "authors": [
      "Mikhail Khodak",
      "Nina Balcan",
      "Ameet Talwalkar",
      "Sergei Vassilvitskii"
    ],
    "keywords": [
      "algorithms with predictions",
      "learning-augmented algorithms",
      "online learning",
      "combinatorial optimization",
      "meta-learning"
    ],
    "TL;DR": "We provide a framework for obtaining learning-theoretic guarantees for algorithms with predictions.",
    "abstract": "A burgeoning paradigm in algorithm design is the field of algorithms with predictions, in which algorithms can take advantage of a possibly-imperfect prediction of some aspect of the problem. While much work has focused on using predictions to improve competitive ratios, running times, or other performance measures, less effort has been devoted to the question of how to obtain the predictions themselves, especially in the critical online setting. We introduce a general design approach for algorithms that learn predictors: (1) identify a functional dependence of the performance measure on the prediction quality and (2) apply techniques from online learning to learn predictors, tune robustness-consistency trade-offs, and bound the sample complexity. We demonstrate the effectiveness of our approach by applying it to bipartite matching, ski-rental, page migration, and job scheduling. In several settings we improve upon multiple existing results while utilizing a much simpler analysis, while in the others we provide the first learning-theoretic guarantees.",
    "paperhash": "khodak|learning_predictions_for_algorithms_with_predictions",
    "pdf": "/pdf/83324f3676ade20a26616edff240b9ac0b3717f2.pdf",
    "venue": "NeurIPS 2022 Accept",
    "venueid": "NeurIPS.cc/2022/Conference",
    "_bibtex": "@inproceedings{\nkhodak2022learning,\ntitle={Learning Predictions for Algorithms with Predictions},\nauthor={Mikhail Khodak and Nina Balcan and Ameet Talwalkar and Sergei Vassilvitskii},\nbooktitle={Advances in Neural Information Processing Systems},\neditor={Alice H. Oh and Alekh Agarwal and Danielle Belgrave and Kyunghyun Cho},\nyear={2022},\nurl={https://openreview.net/forum?id=5OLcPQaYTVg}\n}",
    "supplementary_material": "/attachment/9439cdf27bf5293b66be2a54717e45c02194de8f.pdf"
  },
  "signatures": [
    "NeurIPS.cc/2022/Conference"
  ],
  "readers": [
    "everyone"
  ],
  "nonreaders": [],
  "writers": [
    "NeurIPS.cc/2022/Conference"
  ],
  "tauthor": "OpenReview.net",
  "pdate": 1667239200000,
  "details": {
    "overwriting": [],
    "tags": [],
    "writable": false,
    "replyCount": 12,
    "directReplyCount": 7,
    "revisions": true,
    "replies": [
      {
        "id": "TUIehjG7hVY",
        "original": null,
        "number": 1,
        "cdate": 1656983405115,
        "mdate": null,
        "ddate": null,
        "tcdate": 1656983405115,
        "tmdate": 1656983405115,
        "tddate": null,
        "forum": "5OLcPQaYTVg",
        "replyto": "5OLcPQaYTVg",
        "invitation": "NeurIPS.cc/2022/Conference/Paper6206/-/Official_Review",
        "content": {
          "rating": "7: Accept: Technically solid paper, with high impact on at least one sub-area, or moderate-to-high impact on more than one areas, with good-to-excellent evaluation, resources, reproducibility, and no unaddressed ethical considerations.",
          "confidence": "5: You are absolutely certain about your assessment. You are very familiar with the related work and checked the math/other details carefully.",
          "summary": "The paper studies learning-augmented algorithms, mostly focused on the online setting. A recent line of works establishes that one can improve upon classic, worst-case guarantees if the algorithm is furnished with good predictions. However, the question of when and how such good predictions can be learned from data (efficiently) is still open. \n\nThis work presents a fairly general approach to answering this question. Prior work shows that the performance of a learning-based algorithm can be bounded by some error measure of the prediction (compared with the best prediction). This paper shows that if there's an efficiently-optimizable upper bound of the error measure, then techniques from online learning (in particular, online convex optimization) can be applied to learn good predictions. \n\nIt is shown that this general learning-theoretic framework can be applied to matching, paging migration, scheduling and ski-rental. ",
          "strengths_and_weaknesses": "Strengths\n----\nThe paper is solid on a technical level and the theoretical claims are sound.\n\nOverall I find the paper very well written. \n\nTo the best of my knowledge, the results are novel. Given the recent spate of work on algorithms with predictions, I believe it has potential to make further impact\n\nWeaknesses\n---\nI am not convinced that the paper exhausts all its potential. Particularly, there should be some more problems where this general framework can be applied. I suggest a few in a later section. I encourage the author(s) to consider them in the final version or in a followup work.\n\n\nIn comparison with some of the prior work, the paper  does not provide experimental evaluations. \n\nMinor and missing references\n---\nRelated work: “Faster Fundamental Graph Algorithms via Learned Predictions” (ICML 22) also studies bipartite matching, extending Dinitz et al.\n\nTheorem 3.1. I suggest the author(s) switch the order of the third and second result, since the second result is obtained from the third (using online-to-batch conversion), so it’s natural to present the third first.\n",
          "questions": "On the technical side, can the dimension-dependence (on n) of theorem 3.1 be improved? I think using OGD on the L-infty ball constraint may be loose. Note that one sqrt n factor comes from Line 181, where the L-infty constraint is converted to L2, allowing one to apply the OGD guarantee. The author(s) may want to look into the relevant literature on online mirror descent; e.g., “On the Universality of Online Mirror Descent” (https://arxiv.org/abs/1107.4080)\n",
          "limitations": "In general, I feel that this approach has more potential, to be applied to more problems. Here are two concrete suggestions:\n\n* “Permutation Predictions for Non-Clairvoyant Scheduling” (SPAA 22) studies a new prediction model for non-clairvoyant scheduling, which provides a relative order of jobs. It seems that the continuous relaxation technique of section 4 can be used to learn this permutation. I believe this could be more broadly interesting, to other online problems, such as paging and   graph problems (where vertices/edges arrive online in some order, and it would help if you can learn this order).  \n\n* “Faster Fundamental Graph Algorithms via Learned Predictions” (ICML 22) considers speeding up other (offline) graph problems, not just matching. The techniques from section 3 can probably be used in those settings. \n\nFinally, I'd like to see whether the regret bounds from section 3 can be improved. ",
          "ethics_flag": "No",
          "ethics_review_area": [],
          "soundness": "4 excellent",
          "presentation": "4 excellent",
          "contribution": "3 good",
          "code_of_conduct": "Yes"
        },
        "signatures": [
          "NeurIPS.cc/2022/Conference/Paper6206/Reviewer_zeSS"
        ],
        "readers": [
          "everyone"
        ],
        "nonreaders": [],
        "writers": [
          "NeurIPS.cc/2022/Conference",
          "NeurIPS.cc/2022/Conference/Paper6206/Reviewer_zeSS"
        ]
      },
      {
        "id": "PQWWxjkEpue",
        "original": null,
        "number": 2,
        "cdate": 1657454683856,
        "mdate": null,
        "ddate": null,
        "tcdate": 1657454683856,
        "tmdate": 1657454683856,
        "tddate": null,
        "forum": "5OLcPQaYTVg",
        "replyto": "5OLcPQaYTVg",
        "invitation": "NeurIPS.cc/2022/Conference/Paper6206/-/Official_Review",
        "content": {
          "rating": "5: Borderline accept: Technically solid paper where reasons to accept outweigh reasons to reject, e.g., limited evaluation. Please use sparingly.",
          "confidence": "4: You are confident in your assessment, but not absolutely certain. It is unlikely, but not impossible, that you did not understand some parts of the submission or that you are unfamiliar with some pieces of related work.",
          "summary": "The paper studies the learnability of predictions in the field of algorithms with predictions. The authors propose a general framework to learn predictions, and show that the framework can be applied to bipartite matching and page migration. In each setting, the proposed learning method obtains statistical guarantees. Furthermore, they show that the learning framework can help to tune the robustness-consistency tradeoffs in some problems, e.g. scheduling and ski rental.",
          "strengths_and_weaknesses": "Strength:\n- The learnability of predictions is a piece in the learning-augmented model which receives little attention but is very necessary. The paper makes contributions in this part. It not only improves the sample complexity given in the previous work when the instance (of bipartite matching) is sampled from a fixed distribution, but also presents theoretical bounds of the sample complexity and the average regret when instances are from an adversarial sequence. To the best of my knowledge, this is the first regret bound in the learning-augmented framework.\n\nWeakness:\n- The paper has theoretical contributions but is not that technically deep. It builds on several existing theorems to give the statistical guarantees, which makes the results technically simple.\n\n- There is no experiment. In (Dinitz et al, NeurIPS 2021), experiments were provided to investigate the empirical performance. Since the paper introduces a new learning setting, it is expected that there are experiments to show that the new learning framework can perform better than the previous learning algorithm (empirical risk minimization) on some data sets.",
          "questions": "- The ``OnlineAlgorithm\" in Algorithm 1 is unclear to me. Does this refer to the online gradient descent algorithm?\n\n- Figure 1 is too far from where it is referenced.\n\n- The submission should not have the appendices.",
          "limitations": "I didn't see any potential negative societal impact.",
          "ethics_flag": "No",
          "ethics_review_area": [],
          "soundness": "2 fair",
          "presentation": "2 fair",
          "contribution": "3 good",
          "code_of_conduct": "Yes"
        },
        "signatures": [
          "NeurIPS.cc/2022/Conference/Paper6206/Reviewer_58f3"
        ],
        "readers": [
          "everyone"
        ],
        "nonreaders": [],
        "writers": [
          "NeurIPS.cc/2022/Conference",
          "NeurIPS.cc/2022/Conference/Paper6206/Reviewer_58f3"
        ]
      },
      {
        "id": "adB7Q_c9Faf",
        "original": null,
        "number": 3,
        "cdate": 1657528732327,
        "mdate": null,
        "ddate": null,
        "tcdate": 1657528732327,
        "tmdate": 1657528732327,
        "tddate": null,
        "forum": "5OLcPQaYTVg",
        "replyto": "5OLcPQaYTVg",
        "invitation": "NeurIPS.cc/2022/Conference/Paper6206/-/Official_Review",
        "content": {
          "rating": "6: Weak Accept: Technically solid, moderate-to-high impact paper, with no major concerns with respect to evaluation, resources, reproducibility, ethical considerations.",
          "confidence": "2: You are willing to defend your assessment, but it is quite likely that you did not understand the central parts of the submission or that you are unfamiliar with some pieces of related work. Math/other details were not carefully checked.",
          "summary": "This paper proposes a general meta-framework for improving algorithms with predictions (e.g. an initial guess). The authors propose a 2 step procedure to iteratively learn better predictions: 1. upper bound the problem's cost (or tradeoff parameter) using the prediction (e.g. distance between prediction and global optimum), then 2. update the prediction using this cost estimate via standard online learning, with the goal of minimizing expected regret and sample complexity. This framework is used to derive improved guarantees across a wide range of algorithms such as matching and scheduling.\n",
          "strengths_and_weaknesses": "## Originality\n- This paper presents several novel analyses under a unified framework, and cites previous work where appropriate\n\n## Quality/Significance\n- The proposed framework is interesting, well-motivated, and has potential for many follow up works\n- In the beginning of Section 4, the authors claim an upper bound on parameter $q$. However the assumption in [17] implies a lower bound on $q$. I'm unsure how much this possible bug affects the rest of the analysis.\n- This paper has clear, elegant theoretical contributions. However, it would be stronger if it also contained experiments that verify the regret guarantees, sample complexity bounds, and general efficacy of the new algorithms\n\n## Clarity\n- Well organized and a pleasure to read\n- Clear statements of results and intuitions behind them\n- Typo: on Line 89 \", nut they also\" should be \", but they also\"\n\n[17] Piotr Indyk, Frederik Mallmann-Trenn, Slobodan Mitrovic, and Ronitt Rubinfeld. Online page migration with ML advice. In Proceedings of the 25th International Conference on Artificial Intelligence and Statistics, 2022.",
          "questions": "- How tight are the regret/sample complexity bounds in practice on real problem instances?",
          "limitations": "This paper describes limitations as opportunities for future work, but does not address any potential negative social impact.",
          "ethics_flag": "No",
          "ethics_review_area": [],
          "soundness": "3 good",
          "presentation": "4 excellent",
          "contribution": "3 good",
          "code_of_conduct": "Yes"
        },
        "signatures": [
          "NeurIPS.cc/2022/Conference/Paper6206/Reviewer_wD8D"
        ],
        "readers": [
          "everyone"
        ],
        "nonreaders": [],
        "writers": [
          "NeurIPS.cc/2022/Conference",
          "NeurIPS.cc/2022/Conference/Paper6206/Reviewer_wD8D"
        ]
      },
      {
        "id": "9M_MLs0SdcP",
        "original": null,
        "number": 4,
        "cdate": 1657686584976,
        "mdate": null,
        "ddate": null,
        "tcdate": 1657686584976,
        "tmdate": 1657686584976,
        "tddate": null,
        "forum": "5OLcPQaYTVg",
        "replyto": "5OLcPQaYTVg",
        "invitation": "NeurIPS.cc/2022/Conference/Paper6206/-/Official_Review",
        "content": {
          "rating": "7: Accept: Technically solid paper, with high impact on at least one sub-area, or moderate-to-high impact on more than one areas, with good-to-excellent evaluation, resources, reproducibility, and no unaddressed ethical considerations.",
          "confidence": "4: You are confident in your assessment, but not absolutely certain. It is unlikely, but not impossible, that you did not understand some parts of the submission or that you are unfamiliar with some pieces of related work.",
          "summary": "This paper gives a framework for learning parameters in learning-augmented algorithms. First, an upper bound is computed on the objective of interest such that this upper bound function can be optimized. If the upper bound is reasonably tight, this is also a reasonable optimization for the actual cost. Then, the parameters optimizing the upper bound of the cost function are used as learned parameters in the learning-augmented algorithm. \n\nTwo forms of this optimization are considered in this paper: sample complexity bounds for inputs drawn from a distribution and regret bounds from online learning for adversarial inputs. In terms of applications, this idea is applied to obtain new sample complexity and online learning bounds for several problems: speeding up matching algorithms using a warm start by learned duals, online page migration, obtaining the optimal consistency-robustness tradeoff in problems like ski rental and scheduling, etc.",
          "strengths_and_weaknesses": "Strengths:\n\n1. I like the general area of learning-augmented algorithms and data driven algorithms, and this paper makes an important contribution to this area. There is relatively little work on the learnability of predicted parameters. Instead, the focus has been on developing (robust) algorithms to exploit (noisy) predictions generated by a black box learner. This is reasonable for certain situations, e.g., if one is using a deep neural network for the purpose of generating parameters. But, in situations where we do have well-understood theoretical abstractions such as PAC and online learning, it makes sense to think of a white box approach as proposed in this paper.\n\n2. The framework proposed is quite general and intuitive and can be applied broadly to multiple learning paradigms. In particular, the use of online learning in making predictions about algorithmic parameters is novel (to the best of my knowledge). \n\nWeaknesses:\n\n1. One might complain that there is no killer application here. In particular, the improvements in sample complexity bounds are relatively modest. ",
          "questions": "I do not have specific questions. This is a nice paper overall and should be accepted.",
          "limitations": "There is some discussion about limitations and future work at the end of the paper. It reads somewhat generic though, mostly focusing on some broad future directions for the entire field of learning-augmented algorithms rather than being specific to this paper.",
          "ethics_flag": "No",
          "ethics_review_area": [],
          "soundness": "3 good",
          "presentation": "3 good",
          "contribution": "3 good",
          "code_of_conduct": "Yes"
        },
        "signatures": [
          "NeurIPS.cc/2022/Conference/Paper6206/Reviewer_br4H"
        ],
        "readers": [
          "everyone"
        ],
        "nonreaders": [],
        "writers": [
          "NeurIPS.cc/2022/Conference",
          "NeurIPS.cc/2022/Conference/Paper6206/Reviewer_br4H"
        ]
      },
      {
        "id": "QPp9q3Wcjn3",
        "original": null,
        "number": 3,
        "cdate": 1659447318283,
        "mdate": null,
        "ddate": null,
        "tcdate": 1659447318283,
        "tmdate": 1659447318283,
        "tddate": null,
        "forum": "5OLcPQaYTVg",
        "replyto": "5OLcPQaYTVg",
        "invitation": "NeurIPS.cc/2022/Conference/Paper6206/-/Official_Comment",
        "content": {
          "title": "General response",
          "comment": "Thank you to the reviewers for the positive reviews and many helpful suggestions. Our submission studies the learning component of algorithms with predictions, a very popular and impactful area in theory and practice, and proposes a general framework for proving learning-theoretic guarantees for these problems. We thus believe the work has potential for great future impact in providing end-to-end guarantees—ones encompassing both computation and learning—for this growing field. In further support of this, and following some suggestions from the reviewers, we have uploaded a new draft containing discussions of additional algorithms with predictions that our work can provide learning guarantees for, as well as other revisions and corrections. If accepted, we hope to use the additional space to include some of these new applications in the main text, which we believe strengthens the paper.\n\n&nbsp;  \n**Summary of the main changes:**\n1. In Section 3, following a suggestion by Reviewer zeSS, we updated the learning algorithm used in order to remove a Õ(\\sqrt{n}) factor from the regret for learning duals for bipartite matching, where n is the number of vertices in the graph. This also reduces the sample complexity by a factor of Õ(n), so we now improve upon the past work by a factor of O(n).\n2. In Section 4, we corrected the regret to be O(n*\\sqrt{T}) rather than O(\\sqrt{n*T}). We apologize for this error.\n3. In Section C.1 we consider the case where computational instances come with feature vectors and we wish to learn linear mappings from them to predictions, a setting which generalizes our existing results for fixed predictions. Here we extend our results for bipartite matching and page migration and also show a new application to the online scheduling work of Lattanzi et al. (2020). Learning from instance features is an important setting for algorithms with predictions and we believe this is the first work that shows learning guarantees for it.\n4. In Section C.2 we consider the paper by Chen et al. (2022) suggested by Reviewer zeSS and show that for one of their settings our framework provides the first online algorithms and obtains an O(d^2) improvement in sample complexity.\n5. In Section C.3 we consider the paper by Lindermayr & Megow (2022) suggested by Reviewer zeSS and show that our framework can also match their learning-theoretic guarantees, albeit with an inefficient algorithm.\n\n&nbsp;  \n**References:**\n1. Chen, Silwal, Vakilian, Zhang. *Faster fundamental graph algorithms via learned predictions*. ICML 2022.\n2. Lattanzi, Lavastida, Moseley, Vassilvitskii. *Online scheduling via learned weights*. SODA 2020.\n3. Lindermayer, Megow. *Permutation predictions for non-clairvoyant scheduling*. SPAA 2022."
        },
        "signatures": [
          "NeurIPS.cc/2022/Conference/Paper6206/Authors"
        ],
        "readers": [
          "everyone"
        ],
        "nonreaders": [],
        "writers": [
          "NeurIPS.cc/2022/Conference",
          "NeurIPS.cc/2022/Conference/Paper6206/Authors"
        ]
      },
      {
        "id": "7EdylqYrBIz",
        "original": null,
        "number": 4,
        "cdate": 1659447378495,
        "mdate": null,
        "ddate": null,
        "tcdate": 1659447378495,
        "tmdate": 1659447378495,
        "tddate": null,
        "forum": "5OLcPQaYTVg",
        "replyto": "9M_MLs0SdcP",
        "invitation": "NeurIPS.cc/2022/Conference/Paper6206/-/Official_Comment",
        "content": {
          "title": "Response to Reviewer br4H",
          "comment": "Thank you for your positive review. We believe the killer application of our work is in providing learning guarantees for the broad field of algorithms with predictions, for which we have provided more evidence in the revision. Note also that, following a suggestion by another reviewer, our sample complexity improvement over past work for the bipartite matching problem is now O(n) rather than O(\\log{n}), where n is the number of vertices. We can also show O(d^2) improvement over Theorem 6.2 of Chen et al. (2022).\n\n&nbsp;  \n**References:**\n1. Chen, Silwal, Vakilian, Zhang. *Faster fundamental graph algorithms via learned predictions*. ICML 2022."
        },
        "signatures": [
          "NeurIPS.cc/2022/Conference/Paper6206/Authors"
        ],
        "readers": [
          "everyone"
        ],
        "nonreaders": [],
        "writers": [
          "NeurIPS.cc/2022/Conference",
          "NeurIPS.cc/2022/Conference/Paper6206/Authors"
        ]
      },
      {
        "id": "aXVo3-XwEwG",
        "original": null,
        "number": 5,
        "cdate": 1659447432896,
        "mdate": null,
        "ddate": null,
        "tcdate": 1659447432896,
        "tmdate": 1659447432896,
        "tddate": null,
        "forum": "5OLcPQaYTVg",
        "replyto": "adB7Q_c9Faf",
        "invitation": "NeurIPS.cc/2022/Conference/Paper6206/-/Official_Comment",
        "content": {
          "title": "Response to Reviewer wD8D",
          "comment": "Thank you for your positive review. We hope to address your comments and questions below:\n1. [*the authors claim an upper bound on parameter q. However the assumption in [17] implies a lower bound on q.*]  \nIn [17, Assumption 1], q is defined as the smallest number lower-bounded by the proportion of mismatches in any interval of length \\epsilon\\*D. Thus it can be equivalently defined as the maximum over all intervals of length \\epsilon\\*D of the proportion of mismatches in that interval, which is the definition we use (c.f. the equation below the “Deriving an upper bound” paragraph). We want to upper-bound this quantity since (1) it bounds the maximum number of mistakes made in any interval and (2) an upper bound on q implies an upper bound on the competitive ratio [17, Theorem 1], which we want to be small.\n2. [*it would be stronger if it also contained experiments that verify the regret guarantees, sample complexity bounds, and general efficacy of the new algorithms*]  \nGiven the breadth of our potential learning-theoretic applications, our focus was on demonstrating how to apply our framework to proving guarantees for different problems.\n3. [*How tight are the regret/sample complexity bounds in practice on real problem instances?*]  \nSample complexity guarantees are often not tight in practice, e.g. in Dinitz et al. (2021) the number of samples need to learn a good prediction for bipartite matching was much smaller than their bounds. However, they are still useful for understanding what is and is not learnable as well as broad dependencies on problem parameters. \n\n&nbsp;  \n**References:**\n1. Dinitz, Im, Lavastida, Moseley, Vassilvitskii. *Faster matchings via learned duals*. NeurIPS 2021."
        },
        "signatures": [
          "NeurIPS.cc/2022/Conference/Paper6206/Authors"
        ],
        "readers": [
          "everyone"
        ],
        "nonreaders": [],
        "writers": [
          "NeurIPS.cc/2022/Conference",
          "NeurIPS.cc/2022/Conference/Paper6206/Authors"
        ]
      },
      {
        "id": "RDCyZxkMTpS",
        "original": null,
        "number": 6,
        "cdate": 1659447490182,
        "mdate": null,
        "ddate": null,
        "tcdate": 1659447490182,
        "tmdate": 1659447490182,
        "tddate": null,
        "forum": "5OLcPQaYTVg",
        "replyto": "PQWWxjkEpue",
        "invitation": "NeurIPS.cc/2022/Conference/Paper6206/-/Official_Comment",
        "content": {
          "title": "Response to Reviewer 58f3",
          "comment": "Thank you for your positive review. We hope to address your comments and questions below.\n1. [*The paper has theoretical contributions but is not that technically deep.*]  \nThe many results that follow from the general framework after it has been constructed is a testament to its potential: we view as a positive aspect the fact that in future algorithms with predictions work, researchers will be able to apply it directly to new computational guarantees to obtain learning-theoretic results. Note also that several components of the work, e.g. the derivation of a learnable upper bound for online page migration, involved significant novel analysis.\n2. [*There is no experiment.*]  \nGiven the breadth of our potential learning-theoretic applications, our focus was on demonstrating how to apply our framework to proving guarantees for different problems.\n3. [*The ``OnlineAlgorithm\" in Algorithm 1 is unclear to me. Does this refer to the online gradient descent algorithm?*]  \nIt refers to the application-specific online algorithm optimizing the upper bounds on the cost of the application’s AlgorithmWithPrediction. The full list is in the second-to-last column of Table 1. So for example in the bipartite matching application it was indeed online gradient descent (prior to the update to p-norm following the suggestion by Reviewer zeSS), but in page migration we use exponentiated gradient.\n4. [*Figure 1 is too far from where it is referenced.*]  \nThis was done in the submission to save space, but we should have more room to put it closer if the paper is accepted.\n5. [*The submission should not have the appendices.*]  \nThis is allowed this year by the [NeurIPS 2022 FAQ](https://neurips.cc/Conferences/2022/PaperInformation/NeurIPS-FAQ): “You can include appendices with the main submission file, or you can include them as a separate file in the supplementary materials.”"
        },
        "signatures": [
          "NeurIPS.cc/2022/Conference/Paper6206/Authors"
        ],
        "readers": [
          "everyone"
        ],
        "nonreaders": [],
        "writers": [
          "NeurIPS.cc/2022/Conference",
          "NeurIPS.cc/2022/Conference/Paper6206/Authors"
        ]
      },
      {
        "id": "kYPVpgJUN7",
        "original": null,
        "number": 7,
        "cdate": 1659447539071,
        "mdate": null,
        "ddate": null,
        "tcdate": 1659447539071,
        "tmdate": 1659447539071,
        "tddate": null,
        "forum": "5OLcPQaYTVg",
        "replyto": "TUIehjG7hVY",
        "invitation": "NeurIPS.cc/2022/Conference/Paper6206/-/Official_Comment",
        "content": {
          "title": "Response to Reviewer zeSS",
          "comment": "Thank you for your positive review and insightful suggestions. We hope to address your comments and questions below:\n1. [*I am not convinced that the paper exhausts all its potential. Particularly, there should be some more problems where this general framework can be applied.*]  \nIn the appendix of the revision we have added discussion of how our framework applies to several additional settings—learning linear mappings from instance features, online scheduling, and the two you suggested below—and will include parts of these in the main text if accepted.\n2. [*In comparison with some of the prior work, the paper does not provide experimental evaluations.*]  \nGiven the breadth of our potential learning-theoretic applications, our focus was on demonstrating how to apply our framework to proving guarantees for different problems.\n3. [*Theorem 3.1. I suggest the author(s) switch the order of the third and second result*]  \nWe considered doing this, for the reasons you mention, but also wanted to match the cadence in past work (e.g. Dinitz et al. (2021)) of the runtime guarantee followed by sample complexity. We will think about this further.\n4. [*can the dimension-dependence (on n) of theorem 3.1 be improved?*]  \nThank you for sharing this insight. In-fact yes, a factor Õ(\\sqrt{n}) can be removed from the regret by using the p-norm algorithm rather than online gradient descent, which also leads to an Õ(n) improvement in the sample complexity. Note that the new linear dependence on n is likely optimal according to the table in the reference you pointed to (in our case p_1=p_2=\\infty).\n5. [*“Permutation Predictions for Non-Clairvoyant Scheduling” (SPAA 22)*]  \nThank you for this suggestion; we have noted the paper in the introduction and added a larger discussion in the appendix. We believe the error metric in this paper can be written as Trace((UoX)^TXwp^T), where X is the permutation prediction, U is the upper triangular matrix of ones, w is the vector of job weights, and p is the vector of processing requirements. Naively learning permutations can be treated as an experts problem over n! experts, which yields sublinear regret and can be converted into a sample complexity bound that matches the paper’s, but the algorithm is intractable. If the objective were linear in X we could learn over the set of stochastic matrices, as in Helmbold & Warmuth (2009), but in this case the objective is more complicated and so more work may be required.\n6. [*“Faster Fundamental Graph Algorithms via Learned Predictions” (ICML 22)*]  \nThank you for this suggestion; we have noted the paper in the introduction and added a larger discussion in the appendix. In this case one of the error metrics is the same as the one for the learned duals problem, and so our framework of course applies and yields the same improvement. We have added a discussion of how guarantees targeting their infinity-norm metric can also be obtained using our approach, obtaining O(d^2) improvement over their sample complexity result, where d is the dimension of the prediction. However, many of the objectives in their paper contain the product of the 1-norm and infinity-norm metrics, which it does not show learning guarantees for. Since the product is non-convex, we are also not sure whether our results extend to that setting.\n\n&nbsp;  \n**References:**\n1. Dinitz, Im, Lavastida, Moseley, Vassilvitskii. *Faster matchings via learned duals*. NeurIPS 2021.\n2. Helmbold, Warmuth. *Learning permutations with exponential weights*. JMLR 2009."
        },
        "signatures": [
          "NeurIPS.cc/2022/Conference/Paper6206/Authors"
        ],
        "readers": [
          "everyone"
        ],
        "nonreaders": [],
        "writers": [
          "NeurIPS.cc/2022/Conference",
          "NeurIPS.cc/2022/Conference/Paper6206/Authors"
        ]
      },
      {
        "id": "qjpKg-2bBZ5",
        "original": null,
        "number": 8,
        "cdate": 1659725933541,
        "mdate": null,
        "ddate": null,
        "tcdate": 1659725933541,
        "tmdate": 1659725933541,
        "tddate": null,
        "forum": "5OLcPQaYTVg",
        "replyto": "kYPVpgJUN7",
        "invitation": "NeurIPS.cc/2022/Conference/Paper6206/-/Official_Comment",
        "content": {
          "title": "Re",
          "comment": "Thank you for the response! I believe my questions and concerns have been addressed. I would recommend accept. "
        },
        "signatures": [
          "NeurIPS.cc/2022/Conference/Paper6206/Reviewer_zeSS"
        ],
        "readers": [
          "everyone"
        ],
        "nonreaders": [],
        "writers": [
          "NeurIPS.cc/2022/Conference",
          "NeurIPS.cc/2022/Conference/Paper6206/Reviewer_zeSS"
        ]
      },
      {
        "id": "Fa3EkTNbjHs",
        "original": null,
        "number": 1,
        "cdate": 1661104343981,
        "mdate": null,
        "ddate": null,
        "tcdate": 1661104343981,
        "tmdate": 1661104343981,
        "tddate": null,
        "forum": "5OLcPQaYTVg",
        "replyto": "5OLcPQaYTVg",
        "invitation": "NeurIPS.cc/2022/Conference/Paper6206/-/Meta_Review",
        "content": {
          "metareview": "The paper introduces a general design approach for algorithms that learn predictors. This is achieved by identifying a functional dependence of the performance measure on the prediction quality, and applying techniques from online learning to learn predictors against adversarial instances, tune robustness-consistency trade-offs, and obtain new statistical guarantees. The problem is well-motivated and the proposed solution is general and interesting. Majority of the reviewers' concerns are addressed by the rebuttal. The paper will be significantly stronger if the authors benefit from the additional page to incorporate the feedback into the main paper.",
          "recommendation": "Accept",
          "confidence": "Certain",
          "award": "No"
        },
        "signatures": [
          "NeurIPS.cc/2022/Conference/Paper6206/Area_Chair_7vUC"
        ],
        "readers": [
          "everyone"
        ],
        "nonreaders": [],
        "writers": [
          "NeurIPS.cc/2022/Conference/Program_Chairs",
          "NeurIPS.cc/2022/Conference/Paper6206/Area_Chairs"
        ],
        "pdate": null
      },
      {
        "id": "u7g_8O43F1K",
        "original": null,
        "number": 1,
        "cdate": 1663188617344,
        "mdate": null,
        "ddate": null,
        "tcdate": 1663188617344,
        "tmdate": 1663188617344,
        "tddate": null,
        "forum": "5OLcPQaYTVg",
        "replyto": "5OLcPQaYTVg",
        "invitation": "NeurIPS.cc/2022/Conference/Paper6206/-/Decision",
        "content": {
          "title": "Paper Decision",
          "decision": "Accept",
          "comment": ""
        },
        "signatures": [
          "NeurIPS.cc/2022/Conference/Program_Chairs"
        ],
        "readers": [
          "everyone"
        ],
        "nonreaders": [],
        "writers": [
          "NeurIPS.cc/2022/Conference/Program_Chairs"
        ]
      }
    ],
    "directReplies": [
      {
        "id": "TUIehjG7hVY",
        "original": null,
        "number": 1,
        "cdate": 1656983405115,
        "mdate": null,
        "ddate": null,
        "tcdate": 1656983405115,
        "tmdate": 1656983405115,
        "tddate": null,
        "forum": "5OLcPQaYTVg",
        "replyto": "5OLcPQaYTVg",
        "invitation": "NeurIPS.cc/2022/Conference/Paper6206/-/Official_Review",
        "content": {
          "rating": "7: Accept: Technically solid paper, with high impact on at least one sub-area, or moderate-to-high impact on more than one areas, with good-to-excellent evaluation, resources, reproducibility, and no unaddressed ethical considerations.",
          "confidence": "5: You are absolutely certain about your assessment. You are very familiar with the related work and checked the math/other details carefully.",
          "summary": "The paper studies learning-augmented algorithms, mostly focused on the online setting. A recent line of works establishes that one can improve upon classic, worst-case guarantees if the algorithm is furnished with good predictions. However, the question of when and how such good predictions can be learned from data (efficiently) is still open. \n\nThis work presents a fairly general approach to answering this question. Prior work shows that the performance of a learning-based algorithm can be bounded by some error measure of the prediction (compared with the best prediction). This paper shows that if there's an efficiently-optimizable upper bound of the error measure, then techniques from online learning (in particular, online convex optimization) can be applied to learn good predictions. \n\nIt is shown that this general learning-theoretic framework can be applied to matching, paging migration, scheduling and ski-rental. ",
          "strengths_and_weaknesses": "Strengths\n----\nThe paper is solid on a technical level and the theoretical claims are sound.\n\nOverall I find the paper very well written. \n\nTo the best of my knowledge, the results are novel. Given the recent spate of work on algorithms with predictions, I believe it has potential to make further impact\n\nWeaknesses\n---\nI am not convinced that the paper exhausts all its potential. Particularly, there should be some more problems where this general framework can be applied. I suggest a few in a later section. I encourage the author(s) to consider them in the final version or in a followup work.\n\n\nIn comparison with some of the prior work, the paper  does not provide experimental evaluations. \n\nMinor and missing references\n---\nRelated work: “Faster Fundamental Graph Algorithms via Learned Predictions” (ICML 22) also studies bipartite matching, extending Dinitz et al.\n\nTheorem 3.1. I suggest the author(s) switch the order of the third and second result, since the second result is obtained from the third (using online-to-batch conversion), so it’s natural to present the third first.\n",
          "questions": "On the technical side, can the dimension-dependence (on n) of theorem 3.1 be improved? I think using OGD on the L-infty ball constraint may be loose. Note that one sqrt n factor comes from Line 181, where the L-infty constraint is converted to L2, allowing one to apply the OGD guarantee. The author(s) may want to look into the relevant literature on online mirror descent; e.g., “On the Universality of Online Mirror Descent” (https://arxiv.org/abs/1107.4080)\n",
          "limitations": "In general, I feel that this approach has more potential, to be applied to more problems. Here are two concrete suggestions:\n\n* “Permutation Predictions for Non-Clairvoyant Scheduling” (SPAA 22) studies a new prediction model for non-clairvoyant scheduling, which provides a relative order of jobs. It seems that the continuous relaxation technique of section 4 can be used to learn this permutation. I believe this could be more broadly interesting, to other online problems, such as paging and   graph problems (where vertices/edges arrive online in some order, and it would help if you can learn this order).  \n\n* “Faster Fundamental Graph Algorithms via Learned Predictions” (ICML 22) considers speeding up other (offline) graph problems, not just matching. The techniques from section 3 can probably be used in those settings. \n\nFinally, I'd like to see whether the regret bounds from section 3 can be improved. ",
          "ethics_flag": "No",
          "ethics_review_area": [],
          "soundness": "4 excellent",
          "presentation": "4 excellent",
          "contribution": "3 good",
          "code_of_conduct": "Yes"
        },
        "signatures": [
          "NeurIPS.cc/2022/Conference/Paper6206/Reviewer_zeSS"
        ],
        "readers": [
          "everyone"
        ],
        "nonreaders": [],
        "writers": [
          "NeurIPS.cc/2022/Conference",
          "NeurIPS.cc/2022/Conference/Paper6206/Reviewer_zeSS"
        ]
      },
      {
        "id": "PQWWxjkEpue",
        "original": null,
        "number": 2,
        "cdate": 1657454683856,
        "mdate": null,
        "ddate": null,
        "tcdate": 1657454683856,
        "tmdate": 1657454683856,
        "tddate": null,
        "forum": "5OLcPQaYTVg",
        "replyto": "5OLcPQaYTVg",
        "invitation": "NeurIPS.cc/2022/Conference/Paper6206/-/Official_Review",
        "content": {
          "rating": "5: Borderline accept: Technically solid paper where reasons to accept outweigh reasons to reject, e.g., limited evaluation. Please use sparingly.",
          "confidence": "4: You are confident in your assessment, but not absolutely certain. It is unlikely, but not impossible, that you did not understand some parts of the submission or that you are unfamiliar with some pieces of related work.",
          "summary": "The paper studies the learnability of predictions in the field of algorithms with predictions. The authors propose a general framework to learn predictions, and show that the framework can be applied to bipartite matching and page migration. In each setting, the proposed learning method obtains statistical guarantees. Furthermore, they show that the learning framework can help to tune the robustness-consistency tradeoffs in some problems, e.g. scheduling and ski rental.",
          "strengths_and_weaknesses": "Strength:\n- The learnability of predictions is a piece in the learning-augmented model which receives little attention but is very necessary. The paper makes contributions in this part. It not only improves the sample complexity given in the previous work when the instance (of bipartite matching) is sampled from a fixed distribution, but also presents theoretical bounds of the sample complexity and the average regret when instances are from an adversarial sequence. To the best of my knowledge, this is the first regret bound in the learning-augmented framework.\n\nWeakness:\n- The paper has theoretical contributions but is not that technically deep. It builds on several existing theorems to give the statistical guarantees, which makes the results technically simple.\n\n- There is no experiment. In (Dinitz et al, NeurIPS 2021), experiments were provided to investigate the empirical performance. Since the paper introduces a new learning setting, it is expected that there are experiments to show that the new learning framework can perform better than the previous learning algorithm (empirical risk minimization) on some data sets.",
          "questions": "- The ``OnlineAlgorithm\" in Algorithm 1 is unclear to me. Does this refer to the online gradient descent algorithm?\n\n- Figure 1 is too far from where it is referenced.\n\n- The submission should not have the appendices.",
          "limitations": "I didn't see any potential negative societal impact.",
          "ethics_flag": "No",
          "ethics_review_area": [],
          "soundness": "2 fair",
          "presentation": "2 fair",
          "contribution": "3 good",
          "code_of_conduct": "Yes"
        },
        "signatures": [
          "NeurIPS.cc/2022/Conference/Paper6206/Reviewer_58f3"
        ],
        "readers": [
          "everyone"
        ],
        "nonreaders": [],
        "writers": [
          "NeurIPS.cc/2022/Conference",
          "NeurIPS.cc/2022/Conference/Paper6206/Reviewer_58f3"
        ]
      },
      {
        "id": "adB7Q_c9Faf",
        "original": null,
        "number": 3,
        "cdate": 1657528732327,
        "mdate": null,
        "ddate": null,
        "tcdate": 1657528732327,
        "tmdate": 1657528732327,
        "tddate": null,
        "forum": "5OLcPQaYTVg",
        "replyto": "5OLcPQaYTVg",
        "invitation": "NeurIPS.cc/2022/Conference/Paper6206/-/Official_Review",
        "content": {
          "rating": "6: Weak Accept: Technically solid, moderate-to-high impact paper, with no major concerns with respect to evaluation, resources, reproducibility, ethical considerations.",
          "confidence": "2: You are willing to defend your assessment, but it is quite likely that you did not understand the central parts of the submission or that you are unfamiliar with some pieces of related work. Math/other details were not carefully checked.",
          "summary": "This paper proposes a general meta-framework for improving algorithms with predictions (e.g. an initial guess). The authors propose a 2 step procedure to iteratively learn better predictions: 1. upper bound the problem's cost (or tradeoff parameter) using the prediction (e.g. distance between prediction and global optimum), then 2. update the prediction using this cost estimate via standard online learning, with the goal of minimizing expected regret and sample complexity. This framework is used to derive improved guarantees across a wide range of algorithms such as matching and scheduling.\n",
          "strengths_and_weaknesses": "## Originality\n- This paper presents several novel analyses under a unified framework, and cites previous work where appropriate\n\n## Quality/Significance\n- The proposed framework is interesting, well-motivated, and has potential for many follow up works\n- In the beginning of Section 4, the authors claim an upper bound on parameter $q$. However the assumption in [17] implies a lower bound on $q$. I'm unsure how much this possible bug affects the rest of the analysis.\n- This paper has clear, elegant theoretical contributions. However, it would be stronger if it also contained experiments that verify the regret guarantees, sample complexity bounds, and general efficacy of the new algorithms\n\n## Clarity\n- Well organized and a pleasure to read\n- Clear statements of results and intuitions behind them\n- Typo: on Line 89 \", nut they also\" should be \", but they also\"\n\n[17] Piotr Indyk, Frederik Mallmann-Trenn, Slobodan Mitrovic, and Ronitt Rubinfeld. Online page migration with ML advice. In Proceedings of the 25th International Conference on Artificial Intelligence and Statistics, 2022.",
          "questions": "- How tight are the regret/sample complexity bounds in practice on real problem instances?",
          "limitations": "This paper describes limitations as opportunities for future work, but does not address any potential negative social impact.",
          "ethics_flag": "No",
          "ethics_review_area": [],
          "soundness": "3 good",
          "presentation": "4 excellent",
          "contribution": "3 good",
          "code_of_conduct": "Yes"
        },
        "signatures": [
          "NeurIPS.cc/2022/Conference/Paper6206/Reviewer_wD8D"
        ],
        "readers": [
          "everyone"
        ],
        "nonreaders": [],
        "writers": [
          "NeurIPS.cc/2022/Conference",
          "NeurIPS.cc/2022/Conference/Paper6206/Reviewer_wD8D"
        ]
      },
      {
        "id": "9M_MLs0SdcP",
        "original": null,
        "number": 4,
        "cdate": 1657686584976,
        "mdate": null,
        "ddate": null,
        "tcdate": 1657686584976,
        "tmdate": 1657686584976,
        "tddate": null,
        "forum": "5OLcPQaYTVg",
        "replyto": "5OLcPQaYTVg",
        "invitation": "NeurIPS.cc/2022/Conference/Paper6206/-/Official_Review",
        "content": {
          "rating": "7: Accept: Technically solid paper, with high impact on at least one sub-area, or moderate-to-high impact on more than one areas, with good-to-excellent evaluation, resources, reproducibility, and no unaddressed ethical considerations.",
          "confidence": "4: You are confident in your assessment, but not absolutely certain. It is unlikely, but not impossible, that you did not understand some parts of the submission or that you are unfamiliar with some pieces of related work.",
          "summary": "This paper gives a framework for learning parameters in learning-augmented algorithms. First, an upper bound is computed on the objective of interest such that this upper bound function can be optimized. If the upper bound is reasonably tight, this is also a reasonable optimization for the actual cost. Then, the parameters optimizing the upper bound of the cost function are used as learned parameters in the learning-augmented algorithm. \n\nTwo forms of this optimization are considered in this paper: sample complexity bounds for inputs drawn from a distribution and regret bounds from online learning for adversarial inputs. In terms of applications, this idea is applied to obtain new sample complexity and online learning bounds for several problems: speeding up matching algorithms using a warm start by learned duals, online page migration, obtaining the optimal consistency-robustness tradeoff in problems like ski rental and scheduling, etc.",
          "strengths_and_weaknesses": "Strengths:\n\n1. I like the general area of learning-augmented algorithms and data driven algorithms, and this paper makes an important contribution to this area. There is relatively little work on the learnability of predicted parameters. Instead, the focus has been on developing (robust) algorithms to exploit (noisy) predictions generated by a black box learner. This is reasonable for certain situations, e.g., if one is using a deep neural network for the purpose of generating parameters. But, in situations where we do have well-understood theoretical abstractions such as PAC and online learning, it makes sense to think of a white box approach as proposed in this paper.\n\n2. The framework proposed is quite general and intuitive and can be applied broadly to multiple learning paradigms. In particular, the use of online learning in making predictions about algorithmic parameters is novel (to the best of my knowledge). \n\nWeaknesses:\n\n1. One might complain that there is no killer application here. In particular, the improvements in sample complexity bounds are relatively modest. ",
          "questions": "I do not have specific questions. This is a nice paper overall and should be accepted.",
          "limitations": "There is some discussion about limitations and future work at the end of the paper. It reads somewhat generic though, mostly focusing on some broad future directions for the entire field of learning-augmented algorithms rather than being specific to this paper.",
          "ethics_flag": "No",
          "ethics_review_area": [],
          "soundness": "3 good",
          "presentation": "3 good",
          "contribution": "3 good",
          "code_of_conduct": "Yes"
        },
        "signatures": [
          "NeurIPS.cc/2022/Conference/Paper6206/Reviewer_br4H"
        ],
        "readers": [
          "everyone"
        ],
        "nonreaders": [],
        "writers": [
          "NeurIPS.cc/2022/Conference",
          "NeurIPS.cc/2022/Conference/Paper6206/Reviewer_br4H"
        ]
      },
      {
        "id": "QPp9q3Wcjn3",
        "original": null,
        "number": 3,
        "cdate": 1659447318283,
        "mdate": null,
        "ddate": null,
        "tcdate": 1659447318283,
        "tmdate": 1659447318283,
        "tddate": null,
        "forum": "5OLcPQaYTVg",
        "replyto": "5OLcPQaYTVg",
        "invitation": "NeurIPS.cc/2022/Conference/Paper6206/-/Official_Comment",
        "content": {
          "title": "General response",
          "comment": "Thank you to the reviewers for the positive reviews and many helpful suggestions. Our submission studies the learning component of algorithms with predictions, a very popular and impactful area in theory and practice, and proposes a general framework for proving learning-theoretic guarantees for these problems. We thus believe the work has potential for great future impact in providing end-to-end guarantees—ones encompassing both computation and learning—for this growing field. In further support of this, and following some suggestions from the reviewers, we have uploaded a new draft containing discussions of additional algorithms with predictions that our work can provide learning guarantees for, as well as other revisions and corrections. If accepted, we hope to use the additional space to include some of these new applications in the main text, which we believe strengthens the paper.\n\n&nbsp;  \n**Summary of the main changes:**\n1. In Section 3, following a suggestion by Reviewer zeSS, we updated the learning algorithm used in order to remove a Õ(\\sqrt{n}) factor from the regret for learning duals for bipartite matching, where n is the number of vertices in the graph. This also reduces the sample complexity by a factor of Õ(n), so we now improve upon the past work by a factor of O(n).\n2. In Section 4, we corrected the regret to be O(n*\\sqrt{T}) rather than O(\\sqrt{n*T}). We apologize for this error.\n3. In Section C.1 we consider the case where computational instances come with feature vectors and we wish to learn linear mappings from them to predictions, a setting which generalizes our existing results for fixed predictions. Here we extend our results for bipartite matching and page migration and also show a new application to the online scheduling work of Lattanzi et al. (2020). Learning from instance features is an important setting for algorithms with predictions and we believe this is the first work that shows learning guarantees for it.\n4. In Section C.2 we consider the paper by Chen et al. (2022) suggested by Reviewer zeSS and show that for one of their settings our framework provides the first online algorithms and obtains an O(d^2) improvement in sample complexity.\n5. In Section C.3 we consider the paper by Lindermayr & Megow (2022) suggested by Reviewer zeSS and show that our framework can also match their learning-theoretic guarantees, albeit with an inefficient algorithm.\n\n&nbsp;  \n**References:**\n1. Chen, Silwal, Vakilian, Zhang. *Faster fundamental graph algorithms via learned predictions*. ICML 2022.\n2. Lattanzi, Lavastida, Moseley, Vassilvitskii. *Online scheduling via learned weights*. SODA 2020.\n3. Lindermayer, Megow. *Permutation predictions for non-clairvoyant scheduling*. SPAA 2022."
        },
        "signatures": [
          "NeurIPS.cc/2022/Conference/Paper6206/Authors"
        ],
        "readers": [
          "everyone"
        ],
        "nonreaders": [],
        "writers": [
          "NeurIPS.cc/2022/Conference",
          "NeurIPS.cc/2022/Conference/Paper6206/Authors"
        ]
      },
      {
        "id": "Fa3EkTNbjHs",
        "original": null,
        "number": 1,
        "cdate": 1661104343981,
        "mdate": null,
        "ddate": null,
        "tcdate": 1661104343981,
        "tmdate": 1661104343981,
        "tddate": null,
        "forum": "5OLcPQaYTVg",
        "replyto": "5OLcPQaYTVg",
        "invitation": "NeurIPS.cc/2022/Conference/Paper6206/-/Meta_Review",
        "content": {
          "metareview": "The paper introduces a general design approach for algorithms that learn predictors. This is achieved by identifying a functional dependence of the performance measure on the prediction quality, and applying techniques from online learning to learn predictors against adversarial instances, tune robustness-consistency trade-offs, and obtain new statistical guarantees. The problem is well-motivated and the proposed solution is general and interesting. Majority of the reviewers' concerns are addressed by the rebuttal. The paper will be significantly stronger if the authors benefit from the additional page to incorporate the feedback into the main paper.",
          "recommendation": "Accept",
          "confidence": "Certain",
          "award": "No"
        },
        "signatures": [
          "NeurIPS.cc/2022/Conference/Paper6206/Area_Chair_7vUC"
        ],
        "readers": [
          "everyone"
        ],
        "nonreaders": [],
        "writers": [
          "NeurIPS.cc/2022/Conference/Program_Chairs",
          "NeurIPS.cc/2022/Conference/Paper6206/Area_Chairs"
        ],
        "pdate": null
      },
      {
        "id": "u7g_8O43F1K",
        "original": null,
        "number": 1,
        "cdate": 1663188617344,
        "mdate": null,
        "ddate": null,
        "tcdate": 1663188617344,
        "tmdate": 1663188617344,
        "tddate": null,
        "forum": "5OLcPQaYTVg",
        "replyto": "5OLcPQaYTVg",
        "invitation": "NeurIPS.cc/2022/Conference/Paper6206/-/Decision",
        "content": {
          "title": "Paper Decision",
          "decision": "Accept",
          "comment": ""
        },
        "signatures": [
          "NeurIPS.cc/2022/Conference/Program_Chairs"
        ],
        "readers": [
          "everyone"
        ],
        "nonreaders": [],
        "writers": [
          "NeurIPS.cc/2022/Conference/Program_Chairs"
        ]
      }
    ]
  }
}