{
  "id": "6HFRBaPmp",
  "original": "RAf_XCs-X_F",
  "number": 7082,
  "cdate": 1652737589061,
  "mdate": null,
  "ddate": null,
  "tcdate": 1652737589061,
  "tmdate": 1673461001167,
  "tddate": null,
  "forum": "6HFRBaPmp",
  "replyto": null,
  "invitation": "NeurIPS.cc/2022/Conference/-/Blind_Submission",
  "content": {
    "title": "Doubly-Asynchronous Value Iteration: Making Value Iteration Asynchronous in Actions",
    "authorids": [
      "~Tian_Tian4",
      "~Kenny_John_Young1",
      "~Richard_S._Sutton1"
    ],
    "authors": [
      "Tian Tian",
      "Kenny John Young",
      "Richard S. Sutton"
    ],
    "keywords": [
      "Reinforcement learning",
      "dynamic programming",
      "planning"
    ],
    "TL;DR": "Making maximisation over actions in value iteration asynchronous",
    "abstract": "Value iteration (VI) is a foundational dynamic programming method, important for learning and planning in optimal control and reinforcement learning.  VI proceeds in batches, where the update to the value of each state must be completed before the next batch of updates can begin.  Completing a single batch is prohibitively expensive if the state space is large, rendering VI impractical for many applications.  Asynchronous VI helps to address the large state space problem by updating one state at a time, in-place and in an arbitrary order.  However, Asynchronous VI still requires a maximization over the entire action space, making it impractical for domains with large action space.  To address this issue, we propose doubly-asynchronous value iteration (DAVI), a new algorithm that generalizes the idea of asynchrony from states to states and actions.  More concretely, DAVI maximizes over a sampled subset of actions that can be of any user-defined size.  This simple approach of using sampling to reduce computation maintains similarly appealing theoretical properties to VI without the need to wait for a full sweep through the entire action space in each update.  In this paper, we show DAVI converges to the optimal value function with probability one, converges at a near-geometric rate with probability $1-\\delta$, and returns a near-optimal policy in computation time that nearly matches a previously established bound for VI.  We also empirically demonstrate DAVI's effectiveness in several experiments.",
    "paperhash": "tian|doublyasynchronous_value_iteration_making_value_iteration_asynchronous_in_actions",
    "pdf": "/pdf/a7c2c85f38fa3386c7067ef0eae0fb2a7f8e598f.pdf",
    "supplementary_material": "/attachment/e1a013d93b618b1527e4b97756290ff243f5dc62.pdf",
    "venue": "NeurIPS 2022 Accept",
    "venueid": "NeurIPS.cc/2022/Conference",
    "_bibtex": "@inproceedings{\ntian2022doublyasynchronous,\ntitle={Doubly-Asynchronous Value Iteration: Making Value Iteration Asynchronous in Actions},\nauthor={Tian Tian and Kenny John Young and Richard S. Sutton},\nbooktitle={Advances in Neural Information Processing Systems},\neditor={Alice H. Oh and Alekh Agarwal and Danielle Belgrave and Kyunghyun Cho},\nyear={2022},\nurl={https://openreview.net/forum?id=6HFRBaPmp}\n}"
  },
  "signatures": [
    "NeurIPS.cc/2022/Conference"
  ],
  "readers": [
    "everyone"
  ],
  "nonreaders": [],
  "writers": [
    "NeurIPS.cc/2022/Conference"
  ],
  "tauthor": "OpenReview.net",
  "pdate": 1667239200000,
  "details": {
    "overwriting": [],
    "tags": [],
    "writable": false,
    "replyCount": 6,
    "directReplyCount": 6,
    "revisions": true,
    "replies": [
      {
        "id": "Jj-kdlPd9gl",
        "original": null,
        "number": 1,
        "cdate": 1657563554923,
        "mdate": null,
        "ddate": null,
        "tcdate": 1657563554923,
        "tmdate": 1657563554923,
        "tddate": null,
        "forum": "6HFRBaPmp",
        "replyto": "6HFRBaPmp",
        "invitation": "NeurIPS.cc/2022/Conference/Paper7082/-/Official_Review",
        "content": {
          "rating": "6: Weak Accept: Technically solid, moderate-to-high impact paper, with no major concerns with respect to evaluation, resources, reproducibility, ethical considerations.",
          "confidence": "3: You are fairly confident in your assessment. It is possible that you did not understand some parts of the submission or that you are unfamiliar with some pieces of related work. Math/other details were not carefully checked.",
          "summary": "This paper propose a dynamic-programming method with finer granularity than predecessor. The proposed method iterate on sampled actions rather than on the entire action set as seen in traditional value iteration and asynchronous value iteration. The resulting algorithm is provided with tight bounds and convergence results, with clear line of future work.\n",
          "strengths_and_weaknesses": "While theoretical analysis is thorough, the empirical result could be improved in complexity. A more challenging (realistic?) environment could be employed for evaluation. In addition, the proposed method does reduce the complexity of the problem by much (as expected), the entire sampling process may still be “prohibitively expansive”, which is not ideal if paired with catastrophically forgetting networks.\nThe paper is well written and the theoretical foundation is solid. ",
          "questions": "Sampling distribution (state and action) may become a prominent influencer if employed empirically, would the sampling distribution be better guided with exploration techniques based on the maturity of action values? \n",
          "limitations": "Limited empirical performance gain.\n",
          "ethics_flag": "No",
          "ethics_review_area": [],
          "soundness": "3 good",
          "presentation": "3 good",
          "contribution": "2 fair",
          "code_of_conduct": "Yes"
        },
        "signatures": [
          "NeurIPS.cc/2022/Conference/Paper7082/Reviewer_baze"
        ],
        "readers": [
          "everyone"
        ],
        "nonreaders": [],
        "writers": [
          "NeurIPS.cc/2022/Conference",
          "NeurIPS.cc/2022/Conference/Paper7082/Reviewer_baze"
        ]
      },
      {
        "id": "GjYyiPbIJCZ",
        "original": null,
        "number": 2,
        "cdate": 1657681105574,
        "mdate": null,
        "ddate": null,
        "tcdate": 1657681105574,
        "tmdate": 1657681105574,
        "tddate": null,
        "forum": "6HFRBaPmp",
        "replyto": "6HFRBaPmp",
        "invitation": "NeurIPS.cc/2022/Conference/Paper7082/-/Official_Review",
        "content": {
          "rating": "6: Weak Accept: Technically solid, moderate-to-high impact paper, with no major concerns with respect to evaluation, resources, reproducibility, ethical considerations.",
          "confidence": "4: You are confident in your assessment, but not absolutely certain. It is unlikely, but not impossible, that you did not understand some parts of the submission or that you are unfamiliar with some pieces of related work.",
          "summary": "The paper introduces and analyzes DAVI. A variation of value iteration that selects both the state and the action of evaluated look ahead asynchronously. It provides proof of convergence and convergence rate analysis for the algorithm as well as its computation complexity.",
          "strengths_and_weaknesses": "The paper is technically very precise, thorough, and well-written. It introduces a nice extension to normal value iteration, which seems to be effective in some domains. The possibility of choosing only a subset of actions to evaluate, opens up a new direction of research regarding the action selection method. One can see this line of research as equivalent of search-control queue studies. \n\n\nOne strange part of the paper was the emphasis on DAVI \"nearly matching\" computational complexity of VI. The whole promise of DAVI is to be computationally more efficient than VI, and such guarantee is not helping with establishing that. It is a nice result to have but the writing is too positive about it in my opinion. I know the complexity is for the worst-case scenario and the speed-up probably does not always happen, which leads to my second suggestion.\n\nA possible improvement to the paper would be some analysis of the cases DAVI introduces a speed-up compared to traditional VI. The experiments suggest that the number of viable action in each state is a factor for a speed-up. I wonder if this could be formalize in the form of $Q^*$ values.\n\nOverall, I think this is a solid paper.\n",
          "questions": "Does authors have any more concrete conjectures about the scenarios DAVI converges faster than VI?",
          "limitations": "The algorithm's performance is precisely bounded and compared to literature.",
          "ethics_flag": "No",
          "ethics_review_area": [],
          "soundness": "4 excellent",
          "presentation": "4 excellent",
          "contribution": "3 good",
          "code_of_conduct": "Yes"
        },
        "signatures": [
          "NeurIPS.cc/2022/Conference/Paper7082/Reviewer_qTcp"
        ],
        "readers": [
          "everyone"
        ],
        "nonreaders": [],
        "writers": [
          "NeurIPS.cc/2022/Conference",
          "NeurIPS.cc/2022/Conference/Paper7082/Reviewer_qTcp"
        ]
      },
      {
        "id": "SRkkW4W4f8j",
        "original": null,
        "number": 3,
        "cdate": 1658183314792,
        "mdate": null,
        "ddate": null,
        "tcdate": 1658183314792,
        "tmdate": 1658183314792,
        "tddate": null,
        "forum": "6HFRBaPmp",
        "replyto": "6HFRBaPmp",
        "invitation": "NeurIPS.cc/2022/Conference/Paper7082/-/Official_Review",
        "content": {
          "rating": "8: Strong Accept: Technically strong paper, with novel ideas, excellent impact on at least one area, or high-to-excellent impact on multiple areas, with excellent evaluation, resources, and reproducibility, and no unaddressed ethical considerations.",
          "confidence": "1: Your assessment is an educated guess. The submission is not in your area or the submission was difficult to understand. Math/other details were not carefully checked.",
          "summary": "This paper proposes doubly-asynchronous value iteration (DAVI) that generalizes asynchrony from states to states and actions. The intuition behind DAVI is incremental maximization, where maximizing over a few actions could improve the value estimate for a certain state. DVAI maximizes over a sampled subset of actions of arbitrary size. DAVI is proved to converge to the optimal value function with probability one at a near-geometric rate with probability $1-\\delta$. DAVI returns a near-optimal policy in computation time that nearly matches a previously established bound for VI.",
          "strengths_and_weaknesses": "Strength:\n1. This paper studies one of the most widely studies dynamic programming algorithm: Value iteration (VI). \n2. The proposed DAVI generalizes the idea of asynchrony from states to states and actions.\n3. The computational complexity bound for DAVI nearly match a previously established bound for VI and the convergence rate is nearly geometric rate.\n4. DAVIS could converge to the optimal value function despite only maximizing over a subset of actions in each update.\n\nWeakness:\nI don't work in this field.",
          "questions": "I don't have any questions",
          "limitations": "I have not seen any limitations. This paper is mathematically sound with good intuition.",
          "ethics_flag": "No",
          "ethics_review_area": [],
          "soundness": "4 excellent",
          "presentation": "3 good",
          "contribution": "4 excellent",
          "code_of_conduct": "Yes"
        },
        "signatures": [
          "NeurIPS.cc/2022/Conference/Paper7082/Reviewer_592T"
        ],
        "readers": [
          "everyone"
        ],
        "nonreaders": [],
        "writers": [
          "NeurIPS.cc/2022/Conference",
          "NeurIPS.cc/2022/Conference/Paper7082/Reviewer_592T"
        ]
      },
      {
        "id": "SDGX9vAKo44",
        "original": null,
        "number": 3,
        "cdate": 1659460602566,
        "mdate": null,
        "ddate": null,
        "tcdate": 1659460602566,
        "tmdate": 1659460602566,
        "tddate": null,
        "forum": "6HFRBaPmp",
        "replyto": "6HFRBaPmp",
        "invitation": "NeurIPS.cc/2022/Conference/Paper7082/-/Official_Comment",
        "content": {
          "title": "Author's response",
          "comment": "We thank all reviewers for their positive feedback and suggestions for future directions. We are gratified that all the reviewers found our work novel and significant, with clear writing, technically precise theory, and thorough analysis. Reviewer 592T pointed out that DAVI “generalizes the idea of asynchrony in value iteration from states to states and actions.”  As reviewer qTcp commented, DAVI is a “nice extension to normal value iteration.” We agree with reviewer qTcp that our work opens the door to interesting future directions in designing sampling strategies to guide the exploration of state and action space. In what follows, we respond to specific reviewer questions and comments.  \n \nTo address reviewer baze's comment on the complexity of the environment, the present work primarily serves to establish the theory which sets DAVI as a valid and worthwhile approach. We performed experiments on simple environments to better understand DAVI’s behavior and validate our theoretical results. Evaluating DAVI in more complex environments is an important direction for future work.\n\nReviewer qTcp asked whether we have more concrete conjecture on scenarios where DAVI converges faster than VI.  Aside from what is already noted in the paper, we do not have more concrete conjectures as of yet. However, this is an interesting direction for future research.\n"
        },
        "signatures": [
          "NeurIPS.cc/2022/Conference/Paper7082/Authors"
        ],
        "readers": [
          "everyone"
        ],
        "nonreaders": [],
        "writers": [
          "NeurIPS.cc/2022/Conference",
          "NeurIPS.cc/2022/Conference/Paper7082/Authors"
        ]
      },
      {
        "id": "7LJx_-E6C1",
        "original": null,
        "number": 1,
        "cdate": 1661509023496,
        "mdate": null,
        "ddate": null,
        "tcdate": 1661509023496,
        "tmdate": 1661509023496,
        "tddate": null,
        "forum": "6HFRBaPmp",
        "replyto": "6HFRBaPmp",
        "invitation": "NeurIPS.cc/2022/Conference/Paper7082/-/Meta_Review",
        "content": {
          "metareview": "The paper proposes and analyzes a new asynchronous value iteration method, which extends asynchrony from states to states and actions.\nThe reviewers have found the paper technically sound and well executed and they agree that it deserves publication.\nIn preparing the final version of their paper, the authors are invited to consider the reviewers' comments.",
          "recommendation": "Accept",
          "confidence": "Certain",
          "award": "No"
        },
        "signatures": [
          "NeurIPS.cc/2022/Conference/Paper7082/Area_Chair_tBKq"
        ],
        "readers": [
          "everyone"
        ],
        "nonreaders": [],
        "writers": [
          "NeurIPS.cc/2022/Conference/Program_Chairs",
          "NeurIPS.cc/2022/Conference/Paper7082/Area_Chairs"
        ],
        "pdate": null
      },
      {
        "id": "eydyr7yy2m-",
        "original": null,
        "number": 1,
        "cdate": 1663188675309,
        "mdate": null,
        "ddate": null,
        "tcdate": 1663188675309,
        "tmdate": 1663188675309,
        "tddate": null,
        "forum": "6HFRBaPmp",
        "replyto": "6HFRBaPmp",
        "invitation": "NeurIPS.cc/2022/Conference/Paper7082/-/Decision",
        "content": {
          "title": "Paper Decision",
          "decision": "Accept",
          "comment": ""
        },
        "signatures": [
          "NeurIPS.cc/2022/Conference/Program_Chairs"
        ],
        "readers": [
          "everyone"
        ],
        "nonreaders": [],
        "writers": [
          "NeurIPS.cc/2022/Conference/Program_Chairs"
        ]
      }
    ],
    "directReplies": [
      {
        "id": "Jj-kdlPd9gl",
        "original": null,
        "number": 1,
        "cdate": 1657563554923,
        "mdate": null,
        "ddate": null,
        "tcdate": 1657563554923,
        "tmdate": 1657563554923,
        "tddate": null,
        "forum": "6HFRBaPmp",
        "replyto": "6HFRBaPmp",
        "invitation": "NeurIPS.cc/2022/Conference/Paper7082/-/Official_Review",
        "content": {
          "rating": "6: Weak Accept: Technically solid, moderate-to-high impact paper, with no major concerns with respect to evaluation, resources, reproducibility, ethical considerations.",
          "confidence": "3: You are fairly confident in your assessment. It is possible that you did not understand some parts of the submission or that you are unfamiliar with some pieces of related work. Math/other details were not carefully checked.",
          "summary": "This paper propose a dynamic-programming method with finer granularity than predecessor. The proposed method iterate on sampled actions rather than on the entire action set as seen in traditional value iteration and asynchronous value iteration. The resulting algorithm is provided with tight bounds and convergence results, with clear line of future work.\n",
          "strengths_and_weaknesses": "While theoretical analysis is thorough, the empirical result could be improved in complexity. A more challenging (realistic?) environment could be employed for evaluation. In addition, the proposed method does reduce the complexity of the problem by much (as expected), the entire sampling process may still be “prohibitively expansive”, which is not ideal if paired with catastrophically forgetting networks.\nThe paper is well written and the theoretical foundation is solid. ",
          "questions": "Sampling distribution (state and action) may become a prominent influencer if employed empirically, would the sampling distribution be better guided with exploration techniques based on the maturity of action values? \n",
          "limitations": "Limited empirical performance gain.\n",
          "ethics_flag": "No",
          "ethics_review_area": [],
          "soundness": "3 good",
          "presentation": "3 good",
          "contribution": "2 fair",
          "code_of_conduct": "Yes"
        },
        "signatures": [
          "NeurIPS.cc/2022/Conference/Paper7082/Reviewer_baze"
        ],
        "readers": [
          "everyone"
        ],
        "nonreaders": [],
        "writers": [
          "NeurIPS.cc/2022/Conference",
          "NeurIPS.cc/2022/Conference/Paper7082/Reviewer_baze"
        ]
      },
      {
        "id": "GjYyiPbIJCZ",
        "original": null,
        "number": 2,
        "cdate": 1657681105574,
        "mdate": null,
        "ddate": null,
        "tcdate": 1657681105574,
        "tmdate": 1657681105574,
        "tddate": null,
        "forum": "6HFRBaPmp",
        "replyto": "6HFRBaPmp",
        "invitation": "NeurIPS.cc/2022/Conference/Paper7082/-/Official_Review",
        "content": {
          "rating": "6: Weak Accept: Technically solid, moderate-to-high impact paper, with no major concerns with respect to evaluation, resources, reproducibility, ethical considerations.",
          "confidence": "4: You are confident in your assessment, but not absolutely certain. It is unlikely, but not impossible, that you did not understand some parts of the submission or that you are unfamiliar with some pieces of related work.",
          "summary": "The paper introduces and analyzes DAVI. A variation of value iteration that selects both the state and the action of evaluated look ahead asynchronously. It provides proof of convergence and convergence rate analysis for the algorithm as well as its computation complexity.",
          "strengths_and_weaknesses": "The paper is technically very precise, thorough, and well-written. It introduces a nice extension to normal value iteration, which seems to be effective in some domains. The possibility of choosing only a subset of actions to evaluate, opens up a new direction of research regarding the action selection method. One can see this line of research as equivalent of search-control queue studies. \n\n\nOne strange part of the paper was the emphasis on DAVI \"nearly matching\" computational complexity of VI. The whole promise of DAVI is to be computationally more efficient than VI, and such guarantee is not helping with establishing that. It is a nice result to have but the writing is too positive about it in my opinion. I know the complexity is for the worst-case scenario and the speed-up probably does not always happen, which leads to my second suggestion.\n\nA possible improvement to the paper would be some analysis of the cases DAVI introduces a speed-up compared to traditional VI. The experiments suggest that the number of viable action in each state is a factor for a speed-up. I wonder if this could be formalize in the form of $Q^*$ values.\n\nOverall, I think this is a solid paper.\n",
          "questions": "Does authors have any more concrete conjectures about the scenarios DAVI converges faster than VI?",
          "limitations": "The algorithm's performance is precisely bounded and compared to literature.",
          "ethics_flag": "No",
          "ethics_review_area": [],
          "soundness": "4 excellent",
          "presentation": "4 excellent",
          "contribution": "3 good",
          "code_of_conduct": "Yes"
        },
        "signatures": [
          "NeurIPS.cc/2022/Conference/Paper7082/Reviewer_qTcp"
        ],
        "readers": [
          "everyone"
        ],
        "nonreaders": [],
        "writers": [
          "NeurIPS.cc/2022/Conference",
          "NeurIPS.cc/2022/Conference/Paper7082/Reviewer_qTcp"
        ]
      },
      {
        "id": "SRkkW4W4f8j",
        "original": null,
        "number": 3,
        "cdate": 1658183314792,
        "mdate": null,
        "ddate": null,
        "tcdate": 1658183314792,
        "tmdate": 1658183314792,
        "tddate": null,
        "forum": "6HFRBaPmp",
        "replyto": "6HFRBaPmp",
        "invitation": "NeurIPS.cc/2022/Conference/Paper7082/-/Official_Review",
        "content": {
          "rating": "8: Strong Accept: Technically strong paper, with novel ideas, excellent impact on at least one area, or high-to-excellent impact on multiple areas, with excellent evaluation, resources, and reproducibility, and no unaddressed ethical considerations.",
          "confidence": "1: Your assessment is an educated guess. The submission is not in your area or the submission was difficult to understand. Math/other details were not carefully checked.",
          "summary": "This paper proposes doubly-asynchronous value iteration (DAVI) that generalizes asynchrony from states to states and actions. The intuition behind DAVI is incremental maximization, where maximizing over a few actions could improve the value estimate for a certain state. DVAI maximizes over a sampled subset of actions of arbitrary size. DAVI is proved to converge to the optimal value function with probability one at a near-geometric rate with probability $1-\\delta$. DAVI returns a near-optimal policy in computation time that nearly matches a previously established bound for VI.",
          "strengths_and_weaknesses": "Strength:\n1. This paper studies one of the most widely studies dynamic programming algorithm: Value iteration (VI). \n2. The proposed DAVI generalizes the idea of asynchrony from states to states and actions.\n3. The computational complexity bound for DAVI nearly match a previously established bound for VI and the convergence rate is nearly geometric rate.\n4. DAVIS could converge to the optimal value function despite only maximizing over a subset of actions in each update.\n\nWeakness:\nI don't work in this field.",
          "questions": "I don't have any questions",
          "limitations": "I have not seen any limitations. This paper is mathematically sound with good intuition.",
          "ethics_flag": "No",
          "ethics_review_area": [],
          "soundness": "4 excellent",
          "presentation": "3 good",
          "contribution": "4 excellent",
          "code_of_conduct": "Yes"
        },
        "signatures": [
          "NeurIPS.cc/2022/Conference/Paper7082/Reviewer_592T"
        ],
        "readers": [
          "everyone"
        ],
        "nonreaders": [],
        "writers": [
          "NeurIPS.cc/2022/Conference",
          "NeurIPS.cc/2022/Conference/Paper7082/Reviewer_592T"
        ]
      },
      {
        "id": "SDGX9vAKo44",
        "original": null,
        "number": 3,
        "cdate": 1659460602566,
        "mdate": null,
        "ddate": null,
        "tcdate": 1659460602566,
        "tmdate": 1659460602566,
        "tddate": null,
        "forum": "6HFRBaPmp",
        "replyto": "6HFRBaPmp",
        "invitation": "NeurIPS.cc/2022/Conference/Paper7082/-/Official_Comment",
        "content": {
          "title": "Author's response",
          "comment": "We thank all reviewers for their positive feedback and suggestions for future directions. We are gratified that all the reviewers found our work novel and significant, with clear writing, technically precise theory, and thorough analysis. Reviewer 592T pointed out that DAVI “generalizes the idea of asynchrony in value iteration from states to states and actions.”  As reviewer qTcp commented, DAVI is a “nice extension to normal value iteration.” We agree with reviewer qTcp that our work opens the door to interesting future directions in designing sampling strategies to guide the exploration of state and action space. In what follows, we respond to specific reviewer questions and comments.  \n \nTo address reviewer baze's comment on the complexity of the environment, the present work primarily serves to establish the theory which sets DAVI as a valid and worthwhile approach. We performed experiments on simple environments to better understand DAVI’s behavior and validate our theoretical results. Evaluating DAVI in more complex environments is an important direction for future work.\n\nReviewer qTcp asked whether we have more concrete conjecture on scenarios where DAVI converges faster than VI.  Aside from what is already noted in the paper, we do not have more concrete conjectures as of yet. However, this is an interesting direction for future research.\n"
        },
        "signatures": [
          "NeurIPS.cc/2022/Conference/Paper7082/Authors"
        ],
        "readers": [
          "everyone"
        ],
        "nonreaders": [],
        "writers": [
          "NeurIPS.cc/2022/Conference",
          "NeurIPS.cc/2022/Conference/Paper7082/Authors"
        ]
      },
      {
        "id": "7LJx_-E6C1",
        "original": null,
        "number": 1,
        "cdate": 1661509023496,
        "mdate": null,
        "ddate": null,
        "tcdate": 1661509023496,
        "tmdate": 1661509023496,
        "tddate": null,
        "forum": "6HFRBaPmp",
        "replyto": "6HFRBaPmp",
        "invitation": "NeurIPS.cc/2022/Conference/Paper7082/-/Meta_Review",
        "content": {
          "metareview": "The paper proposes and analyzes a new asynchronous value iteration method, which extends asynchrony from states to states and actions.\nThe reviewers have found the paper technically sound and well executed and they agree that it deserves publication.\nIn preparing the final version of their paper, the authors are invited to consider the reviewers' comments.",
          "recommendation": "Accept",
          "confidence": "Certain",
          "award": "No"
        },
        "signatures": [
          "NeurIPS.cc/2022/Conference/Paper7082/Area_Chair_tBKq"
        ],
        "readers": [
          "everyone"
        ],
        "nonreaders": [],
        "writers": [
          "NeurIPS.cc/2022/Conference/Program_Chairs",
          "NeurIPS.cc/2022/Conference/Paper7082/Area_Chairs"
        ],
        "pdate": null
      },
      {
        "id": "eydyr7yy2m-",
        "original": null,
        "number": 1,
        "cdate": 1663188675309,
        "mdate": null,
        "ddate": null,
        "tcdate": 1663188675309,
        "tmdate": 1663188675309,
        "tddate": null,
        "forum": "6HFRBaPmp",
        "replyto": "6HFRBaPmp",
        "invitation": "NeurIPS.cc/2022/Conference/Paper7082/-/Decision",
        "content": {
          "title": "Paper Decision",
          "decision": "Accept",
          "comment": ""
        },
        "signatures": [
          "NeurIPS.cc/2022/Conference/Program_Chairs"
        ],
        "readers": [
          "everyone"
        ],
        "nonreaders": [],
        "writers": [
          "NeurIPS.cc/2022/Conference/Program_Chairs"
        ]
      }
    ]
  }
}