{
  "id": "78aj7sPX4s-",
  "original": "p4SMHjhjdP7",
  "number": 5597,
  "cdate": 1652737517530,
  "mdate": null,
  "ddate": null,
  "tcdate": 1652737517530,
  "tmdate": 1710206691188,
  "tddate": null,
  "forum": "78aj7sPX4s-",
  "replyto": null,
  "invitation": "NeurIPS.cc/2022/Conference/-/Blind_Submission",
  "content": {
    "title": "Stability Analysis and Generalization Bounds of Adversarial Training",
    "authorids": [
      "~Jiancong_Xiao1",
      "~Yanbo_Fan1",
      "~Ruoyu_Sun1",
      "~Jue_Wang2",
      "~Zhi-Quan_Luo1"
    ],
    "authors": [
      "Jiancong Xiao",
      "Yanbo Fan",
      "Ruoyu Sun",
      "Jue Wang",
      "Zhi-Quan Luo"
    ],
    "keywords": [
      "Generalization",
      "Adversarial Training",
      "Uniform Stability"
    ],
    "abstract": "In adversarial machine learning, deep neural networks can fit the adversarial examples on the training dataset but have poor generalization ability on the test set. This phenomenon is called robust overfitting, and it can be observed when adversarially training neural nets on common datasets, including SVHN, CIFAR-10, CIFAR-100, and ImageNet. In this paper, we study the robust overfitting issue of adversarial training by using tools from uniform stability. One major challenge is that the outer function (as a maximization of the inner function) is nonsmooth, so the standard technique (e.g., Hardt et al., 2016) cannot be applied. Our approach is to consider $\\eta$-approximate smoothness: we show that the outer function satisfies this modified smoothness assumption with $\\eta$ being a constant related to the adversarial perturbation $\\epsilon$. Based on this, we derive stability-based generalization bounds for stochastic gradient descent (SGD) on the general class of $\\eta$-approximate smooth functions, which covers the adversarial loss. Our results suggest that robust test accuracy decreases in $\\epsilon$ when $T$ is large, with a speed between $\\Omega(\\epsilon\\sqrt{T})$ and $\\mathcal{O}(\\epsilon T)$. This phenomenon is also observed in practice. Additionally, we show that a few popular techniques for adversarial training (\\emph{e.g.,} early stopping, cyclic learning rate, and stochastic weight averaging) are stability-promoting in theory.",
    "paperhash": "xiao|stability_analysis_and_generalization_bounds_of_adversarial_training",
    "pdf": "/pdf/43a92bd6378bd67fb3ed04fdc1aab4b01e33be25.pdf",
    "supplementary_material": "/attachment/5ffcec0c949a37b1cb0c1194e67a18f8b436c6ad.pdf",
    "venue": "NeurIPS 2022 Accept",
    "venueid": "NeurIPS.cc/2022/Conference",
    "_bibtex": "@inproceedings{\nxiao2022stability,\ntitle={Stability Analysis and Generalization Bounds of Adversarial Training},\nauthor={Jiancong Xiao and Yanbo Fan and Ruoyu Sun and Jue Wang and Zhi-Quan Luo},\nbooktitle={Advances in Neural Information Processing Systems},\neditor={Alice H. Oh and Alekh Agarwal and Danielle Belgrave and Kyunghyun Cho},\nyear={2022},\nurl={https://openreview.net/forum?id=78aj7sPX4s-}\n}",
    "community_implementations": "[![CatalyzeX](/images/catalyzex_icon.svg) 1 code implementation](https://www.catalyzex.com/paper/arxiv:2210.00960/code)"
  },
  "signatures": [
    "NeurIPS.cc/2022/Conference"
  ],
  "readers": [
    "everyone"
  ],
  "nonreaders": [],
  "writers": [
    "NeurIPS.cc/2022/Conference"
  ],
  "tauthor": "OpenReview.net",
  "pdate": 1667239200000,
  "details": {
    "overwriting": [],
    "tags": [],
    "writable": false,
    "replyCount": 16,
    "directReplyCount": 7,
    "revisions": true,
    "replies": [
      {
        "id": "1oJHVx3psrf",
        "original": null,
        "number": 1,
        "cdate": 1656957497147,
        "mdate": null,
        "ddate": null,
        "tcdate": 1656957497147,
        "tmdate": 1659587106358,
        "tddate": null,
        "forum": "78aj7sPX4s-",
        "replyto": "78aj7sPX4s-",
        "invitation": "NeurIPS.cc/2022/Conference/Paper5597/-/Official_Review",
        "content": {
          "rating": "7: Accept: Technically solid paper, with high impact on at least one sub-area, or moderate-to-high impact on more than one areas, with good-to-excellent evaluation, resources, reproducibility, and no unaddressed ethical considerations.",
          "confidence": "4: You are confident in your assessment, but not absolutely certain. It is unlikely, but not impossible, that you did not understand some parts of the submission or that you are unfamiliar with some pieces of related work.",
          "summary": "This paper studies the algorithmic stability of adversarial training. Compared to existing literature, it provides a better way to describe the smoothness of adversarial training, and obtain a more intuitive description on the algorithmic stability, convergence, and generalization error in adversarial training. Theorems and experiments are provided to justify their arguments.",
          "strengths_and_weaknesses": "Strengths:\n\n[1] Different from existing literature, this paper provides another aspect of approximate smoothness to analyze the algorithmic stability of adversarial training. General results in algorithmic stability may not fit adversarial training very well, and this work overcomes this issue.\n\n[2] This paper provides theoretical results in terms of algorithmic stability, generalization, and optimization, which together characterize the adversarial training process. The theorems are easy to understand. They also provide a lower bound result, which further strengthens their contribution.\n\nWeaknesses: \n\n[1] Given a real data set, the relationship between \\eps and \\eta is fixed. Therefore, from the current experiments, it is not so convincing that the large generalization gap is caused by a large \\eta. It would be great if the authors can provide some simulation studies to verify the relationship between \\eta and the generalization when varying L and \\eps. It would be even better if there is a simulation in other tasks rather than adversarial training to justify the relationship between \\eta and generalization error.\n\n[2] This paper does not provide enough new insights on how to improve adversarial training. For example, this paper argues the necessity of early stopping, but it is a known conclusion as in Bassily et. al. (2020). In Xing et. al. (2021), they consider the noise-injection method to improve robustness, which is beyond Bassily et. al. (2020) and particular for adversarial training. However, in this submission, the authors only mention some potential solutions without any strong evidence.\n\n[3] This submission compares a lot with Xing et. al. (2021), and mentions a lot of weaknesses of that paper. However, after reading Xing et. al. (2021), my understanding is that they directly verify the effectiveness of the noise injection (optimal rate), so there is no need to work on a fine-grained analysis on a sub-optimal rate in their paper. Please tune your description when describing Xing et. al. (2021).\n\n\n",
          "questions": "Please help address my concerns in the weaknesses section.",
          "limitations": "NA",
          "ethics_flag": "No",
          "ethics_review_area": [],
          "soundness": "3 good",
          "presentation": "3 good",
          "contribution": "3 good",
          "code_of_conduct": "Yes"
        },
        "signatures": [
          "NeurIPS.cc/2022/Conference/Paper5597/Reviewer_4YYt"
        ],
        "readers": [
          "everyone"
        ],
        "nonreaders": [],
        "writers": [
          "NeurIPS.cc/2022/Conference",
          "NeurIPS.cc/2022/Conference/Paper5597/Reviewer_4YYt"
        ]
      },
      {
        "id": "dx9Rh9t3phF",
        "original": null,
        "number": 2,
        "cdate": 1657583496813,
        "mdate": null,
        "ddate": null,
        "tcdate": 1657583496813,
        "tmdate": 1657583496813,
        "tddate": null,
        "forum": "78aj7sPX4s-",
        "replyto": "78aj7sPX4s-",
        "invitation": "NeurIPS.cc/2022/Conference/Paper5597/-/Official_Review",
        "content": {
          "rating": "7: Accept: Technically solid paper, with high impact on at least one sub-area, or moderate-to-high impact on more than one areas, with good-to-excellent evaluation, resources, reproducibility, and no unaddressed ethical considerations.",
          "confidence": "4: You are confident in your assessment, but not absolutely certain. It is unlikely, but not impossible, that you did not understand some parts of the submission or that you are unfamiliar with some pieces of related work.",
          "summary": "This paper provides a stability analysis ( and the consequent generalization analysis) of adversarial training. In order to tackle the nonsmoothness of adversarial loss, it introduces the eta approximation smoothness as an analysis tool. It derives a better rate than prior works with new theoretical insights. ",
          "strengths_and_weaknesses": "The paper is well written and I believe it makes a good contribution to this line of research. \n\n",
          "questions": "One suggestion is that the theory considers gradient descent of empirical adversarial loss, while in practice, the optimization is done by an alternative min-max type optimization. I wonder whether this gap is essential or not.",
          "limitations": "N.A.",
          "ethics_flag": "No",
          "ethics_review_area": [],
          "soundness": "3 good",
          "presentation": "4 excellent",
          "contribution": "4 excellent",
          "code_of_conduct": "Yes"
        },
        "signatures": [
          "NeurIPS.cc/2022/Conference/Paper5597/Reviewer_zt8C"
        ],
        "readers": [
          "everyone"
        ],
        "nonreaders": [],
        "writers": [
          "NeurIPS.cc/2022/Conference",
          "NeurIPS.cc/2022/Conference/Paper5597/Reviewer_zt8C"
        ]
      },
      {
        "id": "SWPKOsKBoX",
        "original": null,
        "number": 3,
        "cdate": 1658007223808,
        "mdate": null,
        "ddate": null,
        "tcdate": 1658007223808,
        "tmdate": 1658007223808,
        "tddate": null,
        "forum": "78aj7sPX4s-",
        "replyto": "78aj7sPX4s-",
        "invitation": "NeurIPS.cc/2022/Conference/Paper5597/-/Official_Review",
        "content": {
          "rating": "7: Accept: Technically solid paper, with high impact on at least one sub-area, or moderate-to-high impact on more than one areas, with good-to-excellent evaluation, resources, reproducibility, and no unaddressed ethical considerations.",
          "confidence": "3: You are fairly confident in your assessment. It is possible that you did not understand some parts of the submission or that you are unfamiliar with some pieces of related work. Math/other details were not carefully checked.",
          "summary": "- The paper shows that the adversarial loss is approximately gradient Lipschitz, with the smoothness dependent on the adversarial perturbation size $\\varepsilon$\n- The paper derives an $\\varepsilon$ dependent generalization bounds, and interprets the bounds to argue that overfitting is a result of the non-smoothness of the adversarial loss\n- The paper analyzes common methods to mitigate adversarial overfitting to show that they are stability promoting\n- Experiments on SVHN, CIFAR-10, CIFAR-100, Imagenet to verify the bounds",
          "strengths_and_weaknesses": "Strengths:\n1. Good presentation, and explains necessary context/background well\n2. Interesting result, and the paper provides a clear interpretation of it to explaining the robust overfitting phenomenon. The derived bound seems significant and is potentially useful beyond adversarial training literature. Very clear explanation of how this result compares to existing bounds\n3. Section 6 provides interpretations of methods which have been shown to reduce robust overfitting - this part is quite interesting\n\nWeaknesses:\n1. The derived result doesn't seem to explain why robust generalization requires significantly more datapoints (compared to regular training), and why this reduces robust overfitting. It seems that the bound derived would imply that robust overfitting would occur at the same rate regardless of $n$. We understand that this is perhaps outside of the scope of the paper, however a mention of this missing piece might be helpful\n2. A limitations sections explaining aspects of robust overfitting remain unexplained by this bound would be useful.\n3. Experiments feel a bit rudimentary, i.e. it feels like the experiments section verifies already known results, without a real attempt at nitpicking/ablating the theory. The reviewer is unsure what experiments could be conducted to improve this section",
          "questions": "1. See weaknesses 1, 2. Do the authors have opinions on this?\n2. Does robust overfitting affect non-adversarial training based defenses such as randomized smoothing? Perhaps this could be useful evidence in support of the paper in case these other methods do face the same overfitting issue.",
          "limitations": "See weaknesses/questions section.",
          "ethics_flag": "No",
          "ethics_review_area": [],
          "soundness": "3 good",
          "presentation": "4 excellent",
          "contribution": "3 good",
          "code_of_conduct": "Yes"
        },
        "signatures": [
          "NeurIPS.cc/2022/Conference/Paper5597/Reviewer_mocV"
        ],
        "readers": [
          "everyone"
        ],
        "nonreaders": [],
        "writers": [
          "NeurIPS.cc/2022/Conference",
          "NeurIPS.cc/2022/Conference/Paper5597/Reviewer_mocV"
        ]
      },
      {
        "id": "x87ilfd_Pt4",
        "original": null,
        "number": 4,
        "cdate": 1658030312986,
        "mdate": null,
        "ddate": null,
        "tcdate": 1658030312986,
        "tmdate": 1658030312986,
        "tddate": null,
        "forum": "78aj7sPX4s-",
        "replyto": "78aj7sPX4s-",
        "invitation": "NeurIPS.cc/2022/Conference/Paper5597/-/Official_Review",
        "content": {
          "rating": "7: Accept: Technically solid paper, with high impact on at least one sub-area, or moderate-to-high impact on more than one areas, with good-to-excellent evaluation, resources, reproducibility, and no unaddressed ethical considerations.",
          "confidence": "4: You are confident in your assessment, but not absolutely certain. It is unlikely, but not impossible, that you did not understand some parts of the submission or that you are unfamiliar with some pieces of related work.",
          "summary": "The paper is concerned with a uniform stability analysis of adversarial training, in order to gain a better understanding of the robust overfitting phenomenon.\nTo this end the authors introduce a class of $\\eta$-approximately smooth functions, i.e., functions $h$ whose gradient is approximately Lipschitz continuous and satisfies\n$$\\|\\nabla h(\\theta_1) - \\nabla h(\\theta_2)\\|\\leq L \\|\\theta_1-\\theta_2\\| + \\eta.$$\nThis is motivated by the fact that the adversarial loss $h(\\theta; z) := \\max_{\\|z'-z\\|\\leq\\varepsilon} g(\\theta; z')$ is $\\eta$-approximately smooth with $\\eta=2 L_z \\varepsilon$ where $L_z$ is the Lipschitz constant of $z\\mapsto\\nabla_\\theta g(\\theta, z)$.\n\nThe authors then prove bounds for the generalization and the optimization gap of stochastic gradient descent (SGD) applied to the adversarial risk for different assumptions on the loss function (such as different degrees of convexity). The most notable discovery is that the generalization gap after $T$ steps of SGD with learning rate $\\alpha$ contains and extra term of order $L_z \\varepsilon T \\alpha$. The authors make the point that this explains robust overfitting since this term blows up for more and more SGD steps. This is also indicated by their numerical results.\n\n",
          "strengths_and_weaknesses": "Strenghts: \n\nThe paper is structured in a clear way and the arguments are easy to follow. The analysis of gradient descent type schemes for $\\eta$-approximately smooth functions is a valuable contribution on its own (at least I think its novel). The main strengths of the contribution are (1) a uniform stability analysis which depends on the adversarial budget $\\varepsilon$ and extends to non-convex losses and (2) a theoretical explanation of robust overfitting.\n\nWeaknesses: \n\nMy main criticism is that the Lipschitz gradient assumption $\\|\\nabla_\\theta g(\\theta, z_1) - \\nabla_\\theta g(\\theta,z_2)\\| \\leq L_z \\|z_1 - z_2\\|$ $\\forall \\theta$ with respect to the input variable $z$ seems very strong. Note that $L_z$ multiplies the adversarial budget $\\varepsilon$ in the stability estimates. Standard network architectures are known to be very far from being Lipschitz continuous with a moderate constant. In the light of this, demaning uniform Lipschitz continuity of the loss w.r.t. $z$ appears to be questionable. This is particularly important since recently it was shown that adversarial training leads to a total variation regularization instead of Lipschitz regularization, see [1,2]. Hence, in practice such uniform Lipschitz continuity may get lost during the optimization. \nThis issue requires some more explanations and justifications.\nBesides that, the paper would benefit from a careful language revision.\n\n[1] Finlay, C., Oberman, A. M., & Abbasi, B. (2018). Improved robustness to adversarial examples using Lipschitz regularization of the loss.\n[2] Bungert, L., Trillos, N. G., & Murray, R. (2021). The geometry of adversarial training in binary classification. arXiv preprint arXiv:2111.13613.",
          "questions": "I have a couple of questions and remarks which should be taken into account for a revised version of the article:\n\n- a short paragraph on notation would be good. In particular, you should remark that you use the Euclidean norm not any norm.\n- Assumption 4.1: comment on the third assumption (see above)\n- Lemma 4.2: the comments before and after the lemma are a little confusing: This lemma shows that the adversarial loss is $\\eta$-approximately smooth and not that its not Lipschitz smooth. For this you would need a lower bound.\n- Lemma 4.2: Why is $h$ differentiable with respect to $\\theta$? A priori, this is not obvious due to the maximum in $z$.\n- line 170: Calling (4.2) SUBgradient descent seems out of place. This is just stochastic gradient descent and the gradient is a proper gradient by your assumptions.\n- line 198: did you mean to refer to Eq. (5.1) instead of (5.3)? \n- Corollary 5.2 basically shows that the inner maximization problem does not play a role at all in your analysis and you could just choose an arbtrary point which is $\\varepsilon$-close to $z$. I suspect this is due to the strong Lipschitz assumption on the gradient of $h$ (see above). This should be pointed out.\n- Theorem 5.3 should read: \"IT exists a function h...\", \"THERE EXIST data sets S and S'...\"\n- line 223: Is the improvement from L (the $\\theta$ Lipschitz constant of the loss) to $L_z\\varepsilon$ really an improvement?\n- line 223: I thought $L$ is the Lipschitz constant of the loss and not its gradient?\n- lines 223-230: the language of this paragraph is clumsy and should be revised. \n- Theorems 5.4 and 5.5 have slightly different wording which is confusing. For instance, \"we run SGD\" versus \"we run SGD on the adversarial surrogate\". Are there different assumptions here? \n- Theorem 5.4: It should read $\\alpha\\leq 1/\\beta$.\n- Maybe formula (6.2) could be moved to the beginning of the article. It seems to contain the main contribution.\n- Could one use a discrepancy principle (as used for variational regularization schemes to solve inverse problems) for the early stopping?\n- lines 347-348: For small values of $\\varepsilon$ I agree that the robust test accuracy seems to behave linearly in $\\varepsilon$ but not necessarily for large values ($\\varepsilon=10$).",
          "limitations": "The limitations of the assumption of an input-Lipschitz continuous gradients of the loss function should be discussed.\n\nNegative societal impact is not to be expected.",
          "ethics_flag": "No",
          "ethics_review_area": [],
          "soundness": "3 good",
          "presentation": "3 good",
          "contribution": "3 good",
          "code_of_conduct": "Yes"
        },
        "signatures": [
          "NeurIPS.cc/2022/Conference/Paper5597/Reviewer_LfVE"
        ],
        "readers": [
          "everyone"
        ],
        "nonreaders": [],
        "writers": [
          "NeurIPS.cc/2022/Conference",
          "NeurIPS.cc/2022/Conference/Paper5597/Reviewer_LfVE"
        ]
      },
      {
        "id": "coptwXDnX2Z",
        "original": null,
        "number": 7,
        "cdate": 1659454369299,
        "mdate": null,
        "ddate": null,
        "tcdate": 1659454369299,
        "tmdate": 1659454369299,
        "tddate": null,
        "forum": "78aj7sPX4s-",
        "replyto": "x87ilfd_Pt4",
        "invitation": "NeurIPS.cc/2022/Conference/Paper5597/-/Official_Comment",
        "content": {
          "title": "Response to Reviewer LfVE (2/2)",
          "comment": "Q11: lines 223-230: the language of this paragraph is clumsy and should be revised.\n\nA: Thanks for the suggestion. We will revise (including Q9 - Q11) it in the updated version.\n\nQ12: Theorems 5.4 and 5.5 have slightly different wording, which is confusing. For instance, \"we run SGD\" versus \"we run SGD on the adversarial surrogate\". Are there different assumptions here?\n\nA: There are no different assumptions. We will use consistent descriptions in the updated version.\n\nQ13: Theorem 5.4: It should read $1/\\beta$.\n\nA: Thm 5.4 uses a diminishing step size $1/(\\beta t)$. Using fixed stepsize, we cannot obtain a bound in $O(T)$. We will emphasize the diminishing step size in the updated version.\n\nQ14: Maybe formula (6.2) could be moved to the beginning of the article. It seems to contain the main contribution.\n\nA: Thanks for the suggestion. We will use 6.2 to illustrate our main results and place them in Intro.\n\nQ15: Could one use a discrepancy principle (as used for variational regularization schemes to solve inverse problems) for the early stopping?\n\nA: After reading the work of [1,2], we think using total variation regularization schemes as stopping criteria for early stopping makes sense intuitively. However, without comprehensive experiments, we cannot have a sure answer.\n\nQ16: lines 347-348: For small values of, I agree that the robust test accuracy seems to behave linearly in but not necessarily for large values.\n\nA: Yes we agree. We will remove the word 'linealy'."
        },
        "signatures": [
          "NeurIPS.cc/2022/Conference/Paper5597/Authors"
        ],
        "readers": [
          "everyone"
        ],
        "nonreaders": [],
        "writers": [
          "NeurIPS.cc/2022/Conference",
          "NeurIPS.cc/2022/Conference/Paper5597/Authors"
        ]
      },
      {
        "id": "OA-1Zi56GRv",
        "original": null,
        "number": 8,
        "cdate": 1659454394992,
        "mdate": null,
        "ddate": null,
        "tcdate": 1659454394992,
        "tmdate": 1659495836031,
        "tddate": null,
        "forum": "78aj7sPX4s-",
        "replyto": "x87ilfd_Pt4",
        "invitation": "NeurIPS.cc/2022/Conference/Paper5597/-/Official_Comment",
        "content": {
          "title": "Response to Reviewer LfVE (1/2)",
          "comment": "We thank Reviewer LfVE for the questions and comments. Especially, we would like to thank Reviewer LfVE for giving many constructive suggestions to improve our paper. We will upload our updated version later. Below we answer your questions.\n___\n**Weakness (Q2)**: My main criticism is that the Lipschitz gradient assumption is strong ....This is particularly important since recently it was shown that adversarial training leads to a total variation regularization instead of Lipschitz regularization, see [1,2]. Hence, in practice such uniform Lipschitz continuity may get lost during the optimization. \n\nA: Thanks for the question. After reading the paper [1,2], we find the criticism should be function Lipschitz assumption is strong rather than the gradient Lipschitz assumption is strong. Therefore, it is not contradicting assumption 4.1 and is consistent with the goal of our paper in some sense (We aim to reduce the dependence on function Lipschitz since it is a strong assumption).\n\nTo be specific, in the work of [1,2], the authors show that adversarial training is equivalent to minimizing a total variation regularization problem\n\n$$E _{(x,y)}[\\ell(x,y)]+\\epsilon E _{(x,y)}\\|\\nabla _x \\ell(x,y)\\| _*,$$\n\nwhere $\\|\\cdot\\|  _*$ is the dual norm, instead of a Lipschitz regularization problem\n\n$$E _{(x,y)}[\\ell(x,y)]+\\epsilon \\max _{(x,y)}\\|\\nabla _x \\ell(x,y)\\| _*.$$\n\nNotice that the Lipschitz regularization term is a penalty term on the magnitude of the gradient, which is equivalent to the penalty of the function Lipschitz rather than gradient Lipschitz.\nIt is because $\\|\\nabla f(x)\\|\\leq L$ is equivalent to $|f(x)-f(y)|\\leq L\\|x-y\\|$. Thus, the argument should be that 'uniform function Lipschitz with respect to the input $x$ may get lost during the optimization. '\n\nTherefore, it is not contradicting assumption 4.1 since we do not need to assume that $g$ is function Lipschitz with respect to $z$. It is consistent with the goal of our paper.\n___\nQ1: a short paragraph on notation would be good. In particular, you should remark that you use the Euclidean norm not any norm.\n\nA: Thanks for the suggestion. We will add such a paragraph.\n\nQ3: Lemma 4.2: the comments before and after the lemma are a little confusing: This lemma shows that the adversarial loss is $\\eta$-approximately smooth and not that its not Lipschitz smooth. For this you would need a lower bound.\n\nA: Thanks for pointing out the confusing comments. We will rewrite 'the adversarial loss is approximately smooth (define later in Def. 4.3).'\n\nQ4: Lemma 4.2: Why is $h$ differentiable? A priori, this is not obvious due to the maximum in $z$.\n\nA: In Lemma 4.2, $h$ is not guaranteed to be differentiable. Lemma 4.2 holds for all the subgradients in the subdifferential at point $\\theta$. We will fix the description.\n\nQ5: line 170: Calling (4.2) SUBgradient descent seems out of place. This is just stochastic gradient descent, and the gradient is a proper gradient by your assumptions.\n\nA: In definition 4.3, we will modify 'We say a differentiable function.' In line 170, we will modify `stochastic gradient descent'. In our analysis, starting from Sec 4.3, we assume $h$ to be differentiable to simplify the argument.\n\nQ6: line 198: did you mean to refer to Eq. (5.1) instead of (5.3)?\n\nA: Yes, this is a typo. We will fix it.\n\nQ7: Corollary 5.2 basically shows that the inner maximization problem does not play a role at all in your analysis, and you could just choose an arbitrary point which is -close to. I suspect this is due to the strong Lipschitz assumption on the gradient of  (see above). This should be pointed out.\n\nA: Yes, we agree. Corollary 5.2 implies that the generalization bound of (weak attack) AT shares the same order as that of (strong attack) AT. This might be due to the assumption and/or the weakness of the stability framework. We will add a discussion. However, the exact bound (not in order) of (weak attack) AT is still larger, which still matches the observation in practice.\n\nQ8: Theorem 5.3 should read: \"IT exists a function h...\", \"THERE EXIST data sets S and S'...\"\n\nA: Thanks for pointing out the typo. We will fix it.\n\nQ9: line 223: Is the improvement from $L$ to $L_z\\epsilon$ really an improvement?\n\nA: This question is related to the weakness part. See our responses above.\n\nQ10: line 223: I thought $L$ is the Lipschitz constant of the loss and not its gradient?\n\nA: Thanks for the question. For differentiable function, function Lipschitz $|f(\\theta_1)-f(\\theta_2)|\\leq L|\\theta_1-\\theta_2|$ implies bounded gradient $\\|\\nabla f(\\theta)\\|\\leq L$. We will state it clearly."
        },
        "signatures": [
          "NeurIPS.cc/2022/Conference/Paper5597/Authors"
        ],
        "readers": [
          "everyone"
        ],
        "nonreaders": [],
        "writers": [
          "NeurIPS.cc/2022/Conference",
          "NeurIPS.cc/2022/Conference/Paper5597/Authors"
        ]
      },
      {
        "id": "ZsomP8RWnYu",
        "original": null,
        "number": 9,
        "cdate": 1659454753494,
        "mdate": null,
        "ddate": null,
        "tcdate": 1659454753494,
        "tmdate": 1659454753494,
        "tddate": null,
        "forum": "78aj7sPX4s-",
        "replyto": "dx9Rh9t3phF",
        "invitation": "NeurIPS.cc/2022/Conference/Paper5597/-/Official_Comment",
        "content": {
          "title": "Response to Reviewer zt8C ",
          "comment": "We thank reviewers for the questions and comments. Below we answer your questions.\n\nQ: One suggestion is that the theory considers gradient descent of empirical adversarial loss, ... I wonder whether this gap is essential or not.\n\nA: Thanks for the suggestion. Our Corollary 5.2 might answer your question. For the inner max problem, we assume that the algorithms (e.g., PGD) find suboptimal adversarial examples ($\\Delta\\epsilon$ from the optimal one). Our results show that the generalization bound of this type of min-max algorithm has the same order as that of running SGD on adversarial loss."
        },
        "signatures": [
          "NeurIPS.cc/2022/Conference/Paper5597/Authors"
        ],
        "readers": [
          "everyone"
        ],
        "nonreaders": [],
        "writers": [
          "NeurIPS.cc/2022/Conference",
          "NeurIPS.cc/2022/Conference/Paper5597/Authors"
        ]
      },
      {
        "id": "lZgIy9f6mO",
        "original": null,
        "number": 10,
        "cdate": 1659458475811,
        "mdate": null,
        "ddate": null,
        "tcdate": 1659458475811,
        "tmdate": 1659458475811,
        "tddate": null,
        "forum": "78aj7sPX4s-",
        "replyto": "SWPKOsKBoX",
        "invitation": "NeurIPS.cc/2022/Conference/Paper5597/-/Official_Comment",
        "content": {
          "title": "Response to Reviewer mocV ",
          "comment": "We thank reviewers for the questions and comments. Below we answer your questions.\n___\n**Q1.1 (W1)**: The derived result doesn't seem to explain why robust generalization requires significantly more datapoints (compared to regular training), and why this reduces robust overfitting. It seems that the bound derived would imply that robust overfitting would occur at the same rate regardless of n.\n\nA: Thanks for the question. Our bound in Eq. (6.2) can provide an explanation for why more training data can reduce robust overfitting. The bound derived would imply that robust overfitting would occur at a different rate in terms of n.\n\n\nFirstly, the bound in Eq. 6.2 is \n$$\\text{excess risk}\\leq L\\eta T\\alpha +2L^2 T\\alpha/n+D^2/T\\alpha+L^2\\alpha,$$\nwhere $n$ is the number of samples, $T$ is the number of epochs, and $\\alpha$ is the step size. In the paper, we mainly discuss the regime in that the first term dominates the other term. However, the actual speed (rate of decrease) of robust overfitting is given in the first two term\n$$L(\\eta+L/n)T\\alpha.$$\nFor larger $n$, the slope is smaller. Then, the decrease rate is smaller. It might (partially) answer your question. \n___\n**Q1.2 (W2)**: A limitations sections explaining aspects of robust overfitting remain unexplained by this bound would be useful.\n\nA: Thanks for the suggestion. This is related to the last question. In our opinion, one thing remains unexplained is that whether the decrease rate is $O(T)$, $O(\\sqrt{T})$, or in between. First of all, this is the gap between the upper and lower bounds. Secondly, we can see in the experiments that the decrease rate is closed to $O(T)$ when $\\epsilon$ is small and is closed to $O(\\sqrt{T})$ when $\\epsilon$ is large. We will add a section to discuss the limitation. We will upload the updated version later. \n___\n**W3**: Experiments feel a bit rudimentary, i.e., it feels like the experiments section verifies already known results, without a real attempt at nitpicking/ablating the theory. The reviewer is unsure what experiments could be conducted to improve this section.\n\nA: Thanks for the question. Our experiments make the following attempts to ablating the theory. Since the main difference between our bound and the existing bounds is the term $L_z\\epsilon T\\alpha$. Our ablation studies are to vary $\\epsilon$ (=2,4,6,8, and 10) and to vary $T\\alpha$ (we consider different learning rate schedules). In adversarial training, $L_z$ is unknown, and it is hard to provide experiments to do ablation studies with respect to $L_z$.\n___\n**Q2**: Does robust overfitting affect non-adversarial training-based defenses such as randomized smoothing? Perhaps this could be useful evidence in support of the paper in case these other methods do face the same overfitting issue.\n\nA: As we can see in research in the last few years, non-AT defenses do face robust overfitting issues. However, using them as evidence in support of the paper requires providing a generalization bound of each of these algorithms independently. \n\nAs we can see in the paper, the stability-based generalization bound is algorithm-dependent. For example, providing a generalization bound of AT (Thm 5.1) and SWA (Thm. 6.2) requires two different proofs.   It may be straightforward to provide stability-based generalization bound of some of the defense algorithms and may be highly nontrivial for some other algorithms. We will study these problems in the future. \n"
        },
        "signatures": [
          "NeurIPS.cc/2022/Conference/Paper5597/Authors"
        ],
        "readers": [
          "everyone"
        ],
        "nonreaders": [],
        "writers": [
          "NeurIPS.cc/2022/Conference",
          "NeurIPS.cc/2022/Conference/Paper5597/Authors"
        ]
      },
      {
        "id": "RXeCZ_-VE6p5",
        "original": null,
        "number": 11,
        "cdate": 1659462038158,
        "mdate": null,
        "ddate": null,
        "tcdate": 1659462038158,
        "tmdate": 1659494951839,
        "tddate": null,
        "forum": "78aj7sPX4s-",
        "replyto": "1oJHVx3psrf",
        "invitation": "NeurIPS.cc/2022/Conference/Paper5597/-/Official_Comment",
        "content": {
          "title": "Response to Reviewer 4YYt ",
          "comment": "We thank reviewers for the questions and comments. Below we answer your questions.\n___\n**W1**: Given a real data set, the relationship between $\\epsilon$ and $\\eta$ is fixed ... It would be even better if there is a simulation in other tasks rather than adversarial training to justify the relationship between $\\eta$ and generalization error.\n\nA: Thanks for the suggestion. Since our work focuses on adversarial generalization and robust overfitting, we have not considered other tasks. Based on your suggestion, we are trying to design simulations for other tasks to study the effects $\\eta$.\n___\n**W2**: This paper does not provide enough new insights on how to improve adversarial training. ...  in this submission, the authors only mention some potential solutions without any strong evidence.\n\nA: Thanks for the question. To improve training, there are two ways. The first one is to control the assumptions given in 4.1. The second one is to design new algorithms to improve the bounds based on the assumptions.\n\nFor the first one, we have discussed one possible way, which is to control $l_z$. However, our work is a mainly theoretical work to provide generalization bound and provide an understanding of adversarial machine learning. To provide strong evidence to show that controlling $l_z$ does improve training beyond the scope of our work.\n\nAs for algorithms, it is one of the weaknesses of the stability framework that it cannot provide new insight into design new algorithm. Notice that the stability-based generalization bound is algorithm-dependent. The researcher should propose an algorithm first. Then, they can analyze the stability of the proposed algorithm. This is similar to the optimization field. It is like 'providing the convergence rate of one algorithm cannot provide new insight to design new algorithm.'\n\nHowever, there is still a possible way for the researcher to design new algorithms. The researcher could dig into the proof of the bound rather than the bound itself to think about what algorithm can reduce the generalization bound. We will keep studying these in the future.\n___\n**W3**: This submission compares a lot with Xing et. al. (2021), and mentions a lot of weaknesses of that paper.\n\nA: Thanks for the comments. We will modify it as follows to avoid misleading the readers' understanding of the work of [Xing et. al. (2021)]. \n\nComparison of our work and the work of [Xing et. al. (2021)]. The work of [Xing et. al. (2021)] argued that the max function is not smooth even though the standard counterpart is smooth. Therefore, they followed the bound in non-smooth cases [Bassily et. al. (2020)]. Then, the work of [Xing et. al. (2021)] aimed to solve the non-smooth issue. They design a noise-injected algorithm and show its effectiveness in tackling the non-smooth issue. Our work focus on providing better bounds to interpret robust overfitting.\n\nPlease see our updated version (upload later)."
        },
        "signatures": [
          "NeurIPS.cc/2022/Conference/Paper5597/Authors"
        ],
        "readers": [
          "everyone"
        ],
        "nonreaders": [],
        "writers": [
          "NeurIPS.cc/2022/Conference",
          "NeurIPS.cc/2022/Conference/Paper5597/Authors"
        ]
      },
      {
        "id": "JzY_VA2sRwQ",
        "original": null,
        "number": 12,
        "cdate": 1659587172742,
        "mdate": null,
        "ddate": null,
        "tcdate": 1659587172742,
        "tmdate": 1659588090184,
        "tddate": null,
        "forum": "78aj7sPX4s-",
        "replyto": "RXeCZ_-VE6p5",
        "invitation": "NeurIPS.cc/2022/Conference/Paper5597/-/Official_Comment",
        "content": {
          "title": "Thanks for your response",
          "comment": "I appreciate the authors addressing my comments. I have read the reviews and the author response, and raised my score from 6 to 7. \n\nPlease notify me when the revision of the paper is updated. Thank you."
        },
        "signatures": [
          "NeurIPS.cc/2022/Conference/Paper5597/Reviewer_4YYt"
        ],
        "readers": [
          "everyone"
        ],
        "nonreaders": [],
        "writers": [
          "NeurIPS.cc/2022/Conference",
          "NeurIPS.cc/2022/Conference/Paper5597/Reviewer_4YYt"
        ]
      },
      {
        "id": "rCAAidszkk",
        "original": null,
        "number": 13,
        "cdate": 1659945765821,
        "mdate": null,
        "ddate": null,
        "tcdate": 1659945765821,
        "tmdate": 1659945765821,
        "tddate": null,
        "forum": "78aj7sPX4s-",
        "replyto": "OA-1Zi56GRv",
        "invitation": "NeurIPS.cc/2022/Conference/Paper5597/-/Official_Comment",
        "content": {
          "title": "Response",
          "comment": "Thanks for carefully addressing my comments! \n\nThere is still a little confusion with respect to the Lipschitz gradient assumption that is also partially due to my own imprecision. Indeed, the works [1,2] show that adversarial training leads to a total variation regularization and no Lipschitz regularization wrt the input variable. In contrast, assumption 4.1 demands that the gradient wrt the parameters is Lipschitz continuout wrt to the input variable. \n\nSpeaking in terms of derivatives, a function Lipschitz assumption (which is unrealistic and which the authors indeed do not pose) would be $|\\nabla_z g(\\theta,z)|\\leq L$ for all $\\theta$ and all $z$. \nThe assumption that the authors do pose is the gradient Lipschitz assumption $|\\nabla_z \\nabla_\\theta g(\\theta, z)|\\leq L$ for all $\\theta$ and all $z$. This looks equally strong or even stronger to me and in the revised version I would appreciate an example or a comment addressing whether this is a realistic assumption. For instance, for feedforward neural networks with Lipschitz continuous activation a uniform bound on the product of the weight matrices ensures a function Lipschitz assumption. Does this also imply a gradient Lipschitz assumption or does one possibly need a condition on the data set, as well? "
        },
        "signatures": [
          "NeurIPS.cc/2022/Conference/Paper5597/Reviewer_LfVE"
        ],
        "readers": [
          "everyone"
        ],
        "nonreaders": [],
        "writers": [
          "NeurIPS.cc/2022/Conference",
          "NeurIPS.cc/2022/Conference/Paper5597/Reviewer_LfVE"
        ]
      },
      {
        "id": "bdAYUIegVs",
        "original": null,
        "number": 14,
        "cdate": 1659961804911,
        "mdate": null,
        "ddate": null,
        "tcdate": 1659961804911,
        "tmdate": 1659961804911,
        "tddate": null,
        "forum": "78aj7sPX4s-",
        "replyto": "78aj7sPX4s-",
        "invitation": "NeurIPS.cc/2022/Conference/Paper5597/-/Official_Comment",
        "content": {
          "title": "Summary of Revision",
          "comment": "Dear AC and Reviewers,\n\nWe have provided the updated version of our paper. We fix the typos and inconsistent statement mentioned by the reviewers.\n\nSec.1: We rewrite the description of the work of [46]. We move Eq. (6.2) to Intro to describe the main result of our paper.\n\nSec. 4: We use subgradient in Lemma 4.1. \n\nSec. 5: We add a remark to state the limitation of Corollary 5.1. We rewrite the comparison with existing bounds in Sec 5.2.\n\nSec. 8: We add a discussion on limitation and future work.\n\nSec. A.2: We rewrite the proof in terms of sub-gradient."
        },
        "signatures": [
          "NeurIPS.cc/2022/Conference/Paper5597/Authors"
        ],
        "readers": [
          "everyone"
        ],
        "nonreaders": [],
        "writers": [
          "NeurIPS.cc/2022/Conference",
          "NeurIPS.cc/2022/Conference/Paper5597/Authors"
        ]
      },
      {
        "id": "fkwNlinbft",
        "original": null,
        "number": 15,
        "cdate": 1659963631247,
        "mdate": null,
        "ddate": null,
        "tcdate": 1659963631247,
        "tmdate": 1659963631247,
        "tddate": null,
        "forum": "78aj7sPX4s-",
        "replyto": "rCAAidszkk",
        "invitation": "NeurIPS.cc/2022/Conference/Paper5597/-/Official_Comment",
        "content": {
          "title": "Response to Reviewer LfVE",
          "comment": "Thanks for the question.\n\nFirstly, for neural networks, $L_z$-gradient Lipschitz with respect to $z$ is a strong assumption due to the non-smooth activation function (e.g., ReLU). This is already discussed in the submitted version:\n\n''While ReLU activation function is non-smooth, recent works [1,13] showed that the loss function of over-parameterized DNNs is\nsemi-smooth.''\n\nWe use the work of [1,13] to argue that neural networks is closed to a smooth function, $L_z$-gradient Lipschitz is an acceptable assumptions.\n\nSecondly, for neural networks with smooth activation function (e.g., SiLU), one can estimate a uniform bound of gradient Lipschitz of DNNs using the same Lipschitz-peeling technique as you mentioned.\n\nLastly, gradient Lipschitz is the most commonly used assumption in both optimization and generalization fields. Without this assumption, it is hard to provide an analysis of an algorithm."
        },
        "signatures": [
          "NeurIPS.cc/2022/Conference/Paper5597/Authors"
        ],
        "readers": [
          "everyone"
        ],
        "nonreaders": [],
        "writers": [
          "NeurIPS.cc/2022/Conference",
          "NeurIPS.cc/2022/Conference/Paper5597/Authors"
        ]
      },
      {
        "id": "50yOVe4AtUv",
        "original": null,
        "number": 16,
        "cdate": 1659969914045,
        "mdate": null,
        "ddate": null,
        "tcdate": 1659969914045,
        "tmdate": 1659969914045,
        "tddate": null,
        "forum": "78aj7sPX4s-",
        "replyto": "JzY_VA2sRwQ",
        "invitation": "NeurIPS.cc/2022/Conference/Paper5597/-/Official_Comment",
        "content": {
          "title": "Response to Reviewer 4YYt",
          "comment": "Thanks for the response. We have uploaded the updated paper."
        },
        "signatures": [
          "NeurIPS.cc/2022/Conference/Paper5597/Authors"
        ],
        "readers": [
          "everyone"
        ],
        "nonreaders": [],
        "writers": [
          "NeurIPS.cc/2022/Conference",
          "NeurIPS.cc/2022/Conference/Paper5597/Authors"
        ]
      },
      {
        "id": "vazq_08C56_",
        "original": null,
        "number": 1,
        "cdate": 1661732573455,
        "mdate": null,
        "ddate": null,
        "tcdate": 1661732573455,
        "tmdate": 1661732573455,
        "tddate": null,
        "forum": "78aj7sPX4s-",
        "replyto": "78aj7sPX4s-",
        "invitation": "NeurIPS.cc/2022/Conference/Paper5597/-/Meta_Review",
        "content": {
          "metareview": "This paper uses uniform stability to study generalization in networks under adversarial training. The authors use their framework to understand robust overfitting: the phenomenon in which a network is adversarially robust on the training set, but generalize poorly. The theoretical results in this paper are backed up by experiments and applications to provide theoretical clarity to a number of common methods for reducing overfitting.\n\nAll reviewers supported acceptance of this paper. Reviewers enjoyed the exposition and writing, and found the theoretical developments and explanation of overfitting to be convincing. Finally, the reviewers liked the experiments backing up the theory and the practical applications.\n",
          "recommendation": "Accept",
          "confidence": "Certain",
          "award": "No"
        },
        "signatures": [
          "NeurIPS.cc/2022/Conference/Paper5597/Area_Chair_RtE3"
        ],
        "readers": [
          "everyone"
        ],
        "nonreaders": [],
        "writers": [
          "NeurIPS.cc/2022/Conference/Program_Chairs",
          "NeurIPS.cc/2022/Conference/Paper5597/Area_Chairs"
        ],
        "pdate": null
      },
      {
        "id": "4GMupvszPPx",
        "original": null,
        "number": 1,
        "cdate": 1663188597081,
        "mdate": null,
        "ddate": null,
        "tcdate": 1663188597081,
        "tmdate": 1663188597081,
        "tddate": null,
        "forum": "78aj7sPX4s-",
        "replyto": "78aj7sPX4s-",
        "invitation": "NeurIPS.cc/2022/Conference/Paper5597/-/Decision",
        "content": {
          "title": "Paper Decision",
          "decision": "Accept",
          "comment": ""
        },
        "signatures": [
          "NeurIPS.cc/2022/Conference/Program_Chairs"
        ],
        "readers": [
          "everyone"
        ],
        "nonreaders": [],
        "writers": [
          "NeurIPS.cc/2022/Conference/Program_Chairs"
        ]
      }
    ],
    "directReplies": [
      {
        "id": "1oJHVx3psrf",
        "original": null,
        "number": 1,
        "cdate": 1656957497147,
        "mdate": null,
        "ddate": null,
        "tcdate": 1656957497147,
        "tmdate": 1659587106358,
        "tddate": null,
        "forum": "78aj7sPX4s-",
        "replyto": "78aj7sPX4s-",
        "invitation": "NeurIPS.cc/2022/Conference/Paper5597/-/Official_Review",
        "content": {
          "rating": "7: Accept: Technically solid paper, with high impact on at least one sub-area, or moderate-to-high impact on more than one areas, with good-to-excellent evaluation, resources, reproducibility, and no unaddressed ethical considerations.",
          "confidence": "4: You are confident in your assessment, but not absolutely certain. It is unlikely, but not impossible, that you did not understand some parts of the submission or that you are unfamiliar with some pieces of related work.",
          "summary": "This paper studies the algorithmic stability of adversarial training. Compared to existing literature, it provides a better way to describe the smoothness of adversarial training, and obtain a more intuitive description on the algorithmic stability, convergence, and generalization error in adversarial training. Theorems and experiments are provided to justify their arguments.",
          "strengths_and_weaknesses": "Strengths:\n\n[1] Different from existing literature, this paper provides another aspect of approximate smoothness to analyze the algorithmic stability of adversarial training. General results in algorithmic stability may not fit adversarial training very well, and this work overcomes this issue.\n\n[2] This paper provides theoretical results in terms of algorithmic stability, generalization, and optimization, which together characterize the adversarial training process. The theorems are easy to understand. They also provide a lower bound result, which further strengthens their contribution.\n\nWeaknesses: \n\n[1] Given a real data set, the relationship between \\eps and \\eta is fixed. Therefore, from the current experiments, it is not so convincing that the large generalization gap is caused by a large \\eta. It would be great if the authors can provide some simulation studies to verify the relationship between \\eta and the generalization when varying L and \\eps. It would be even better if there is a simulation in other tasks rather than adversarial training to justify the relationship between \\eta and generalization error.\n\n[2] This paper does not provide enough new insights on how to improve adversarial training. For example, this paper argues the necessity of early stopping, but it is a known conclusion as in Bassily et. al. (2020). In Xing et. al. (2021), they consider the noise-injection method to improve robustness, which is beyond Bassily et. al. (2020) and particular for adversarial training. However, in this submission, the authors only mention some potential solutions without any strong evidence.\n\n[3] This submission compares a lot with Xing et. al. (2021), and mentions a lot of weaknesses of that paper. However, after reading Xing et. al. (2021), my understanding is that they directly verify the effectiveness of the noise injection (optimal rate), so there is no need to work on a fine-grained analysis on a sub-optimal rate in their paper. Please tune your description when describing Xing et. al. (2021).\n\n\n",
          "questions": "Please help address my concerns in the weaknesses section.",
          "limitations": "NA",
          "ethics_flag": "No",
          "ethics_review_area": [],
          "soundness": "3 good",
          "presentation": "3 good",
          "contribution": "3 good",
          "code_of_conduct": "Yes"
        },
        "signatures": [
          "NeurIPS.cc/2022/Conference/Paper5597/Reviewer_4YYt"
        ],
        "readers": [
          "everyone"
        ],
        "nonreaders": [],
        "writers": [
          "NeurIPS.cc/2022/Conference",
          "NeurIPS.cc/2022/Conference/Paper5597/Reviewer_4YYt"
        ]
      },
      {
        "id": "dx9Rh9t3phF",
        "original": null,
        "number": 2,
        "cdate": 1657583496813,
        "mdate": null,
        "ddate": null,
        "tcdate": 1657583496813,
        "tmdate": 1657583496813,
        "tddate": null,
        "forum": "78aj7sPX4s-",
        "replyto": "78aj7sPX4s-",
        "invitation": "NeurIPS.cc/2022/Conference/Paper5597/-/Official_Review",
        "content": {
          "rating": "7: Accept: Technically solid paper, with high impact on at least one sub-area, or moderate-to-high impact on more than one areas, with good-to-excellent evaluation, resources, reproducibility, and no unaddressed ethical considerations.",
          "confidence": "4: You are confident in your assessment, but not absolutely certain. It is unlikely, but not impossible, that you did not understand some parts of the submission or that you are unfamiliar with some pieces of related work.",
          "summary": "This paper provides a stability analysis ( and the consequent generalization analysis) of adversarial training. In order to tackle the nonsmoothness of adversarial loss, it introduces the eta approximation smoothness as an analysis tool. It derives a better rate than prior works with new theoretical insights. ",
          "strengths_and_weaknesses": "The paper is well written and I believe it makes a good contribution to this line of research. \n\n",
          "questions": "One suggestion is that the theory considers gradient descent of empirical adversarial loss, while in practice, the optimization is done by an alternative min-max type optimization. I wonder whether this gap is essential or not.",
          "limitations": "N.A.",
          "ethics_flag": "No",
          "ethics_review_area": [],
          "soundness": "3 good",
          "presentation": "4 excellent",
          "contribution": "4 excellent",
          "code_of_conduct": "Yes"
        },
        "signatures": [
          "NeurIPS.cc/2022/Conference/Paper5597/Reviewer_zt8C"
        ],
        "readers": [
          "everyone"
        ],
        "nonreaders": [],
        "writers": [
          "NeurIPS.cc/2022/Conference",
          "NeurIPS.cc/2022/Conference/Paper5597/Reviewer_zt8C"
        ]
      },
      {
        "id": "SWPKOsKBoX",
        "original": null,
        "number": 3,
        "cdate": 1658007223808,
        "mdate": null,
        "ddate": null,
        "tcdate": 1658007223808,
        "tmdate": 1658007223808,
        "tddate": null,
        "forum": "78aj7sPX4s-",
        "replyto": "78aj7sPX4s-",
        "invitation": "NeurIPS.cc/2022/Conference/Paper5597/-/Official_Review",
        "content": {
          "rating": "7: Accept: Technically solid paper, with high impact on at least one sub-area, or moderate-to-high impact on more than one areas, with good-to-excellent evaluation, resources, reproducibility, and no unaddressed ethical considerations.",
          "confidence": "3: You are fairly confident in your assessment. It is possible that you did not understand some parts of the submission or that you are unfamiliar with some pieces of related work. Math/other details were not carefully checked.",
          "summary": "- The paper shows that the adversarial loss is approximately gradient Lipschitz, with the smoothness dependent on the adversarial perturbation size $\\varepsilon$\n- The paper derives an $\\varepsilon$ dependent generalization bounds, and interprets the bounds to argue that overfitting is a result of the non-smoothness of the adversarial loss\n- The paper analyzes common methods to mitigate adversarial overfitting to show that they are stability promoting\n- Experiments on SVHN, CIFAR-10, CIFAR-100, Imagenet to verify the bounds",
          "strengths_and_weaknesses": "Strengths:\n1. Good presentation, and explains necessary context/background well\n2. Interesting result, and the paper provides a clear interpretation of it to explaining the robust overfitting phenomenon. The derived bound seems significant and is potentially useful beyond adversarial training literature. Very clear explanation of how this result compares to existing bounds\n3. Section 6 provides interpretations of methods which have been shown to reduce robust overfitting - this part is quite interesting\n\nWeaknesses:\n1. The derived result doesn't seem to explain why robust generalization requires significantly more datapoints (compared to regular training), and why this reduces robust overfitting. It seems that the bound derived would imply that robust overfitting would occur at the same rate regardless of $n$. We understand that this is perhaps outside of the scope of the paper, however a mention of this missing piece might be helpful\n2. A limitations sections explaining aspects of robust overfitting remain unexplained by this bound would be useful.\n3. Experiments feel a bit rudimentary, i.e. it feels like the experiments section verifies already known results, without a real attempt at nitpicking/ablating the theory. The reviewer is unsure what experiments could be conducted to improve this section",
          "questions": "1. See weaknesses 1, 2. Do the authors have opinions on this?\n2. Does robust overfitting affect non-adversarial training based defenses such as randomized smoothing? Perhaps this could be useful evidence in support of the paper in case these other methods do face the same overfitting issue.",
          "limitations": "See weaknesses/questions section.",
          "ethics_flag": "No",
          "ethics_review_area": [],
          "soundness": "3 good",
          "presentation": "4 excellent",
          "contribution": "3 good",
          "code_of_conduct": "Yes"
        },
        "signatures": [
          "NeurIPS.cc/2022/Conference/Paper5597/Reviewer_mocV"
        ],
        "readers": [
          "everyone"
        ],
        "nonreaders": [],
        "writers": [
          "NeurIPS.cc/2022/Conference",
          "NeurIPS.cc/2022/Conference/Paper5597/Reviewer_mocV"
        ]
      },
      {
        "id": "x87ilfd_Pt4",
        "original": null,
        "number": 4,
        "cdate": 1658030312986,
        "mdate": null,
        "ddate": null,
        "tcdate": 1658030312986,
        "tmdate": 1658030312986,
        "tddate": null,
        "forum": "78aj7sPX4s-",
        "replyto": "78aj7sPX4s-",
        "invitation": "NeurIPS.cc/2022/Conference/Paper5597/-/Official_Review",
        "content": {
          "rating": "7: Accept: Technically solid paper, with high impact on at least one sub-area, or moderate-to-high impact on more than one areas, with good-to-excellent evaluation, resources, reproducibility, and no unaddressed ethical considerations.",
          "confidence": "4: You are confident in your assessment, but not absolutely certain. It is unlikely, but not impossible, that you did not understand some parts of the submission or that you are unfamiliar with some pieces of related work.",
          "summary": "The paper is concerned with a uniform stability analysis of adversarial training, in order to gain a better understanding of the robust overfitting phenomenon.\nTo this end the authors introduce a class of $\\eta$-approximately smooth functions, i.e., functions $h$ whose gradient is approximately Lipschitz continuous and satisfies\n$$\\|\\nabla h(\\theta_1) - \\nabla h(\\theta_2)\\|\\leq L \\|\\theta_1-\\theta_2\\| + \\eta.$$\nThis is motivated by the fact that the adversarial loss $h(\\theta; z) := \\max_{\\|z'-z\\|\\leq\\varepsilon} g(\\theta; z')$ is $\\eta$-approximately smooth with $\\eta=2 L_z \\varepsilon$ where $L_z$ is the Lipschitz constant of $z\\mapsto\\nabla_\\theta g(\\theta, z)$.\n\nThe authors then prove bounds for the generalization and the optimization gap of stochastic gradient descent (SGD) applied to the adversarial risk for different assumptions on the loss function (such as different degrees of convexity). The most notable discovery is that the generalization gap after $T$ steps of SGD with learning rate $\\alpha$ contains and extra term of order $L_z \\varepsilon T \\alpha$. The authors make the point that this explains robust overfitting since this term blows up for more and more SGD steps. This is also indicated by their numerical results.\n\n",
          "strengths_and_weaknesses": "Strenghts: \n\nThe paper is structured in a clear way and the arguments are easy to follow. The analysis of gradient descent type schemes for $\\eta$-approximately smooth functions is a valuable contribution on its own (at least I think its novel). The main strengths of the contribution are (1) a uniform stability analysis which depends on the adversarial budget $\\varepsilon$ and extends to non-convex losses and (2) a theoretical explanation of robust overfitting.\n\nWeaknesses: \n\nMy main criticism is that the Lipschitz gradient assumption $\\|\\nabla_\\theta g(\\theta, z_1) - \\nabla_\\theta g(\\theta,z_2)\\| \\leq L_z \\|z_1 - z_2\\|$ $\\forall \\theta$ with respect to the input variable $z$ seems very strong. Note that $L_z$ multiplies the adversarial budget $\\varepsilon$ in the stability estimates. Standard network architectures are known to be very far from being Lipschitz continuous with a moderate constant. In the light of this, demaning uniform Lipschitz continuity of the loss w.r.t. $z$ appears to be questionable. This is particularly important since recently it was shown that adversarial training leads to a total variation regularization instead of Lipschitz regularization, see [1,2]. Hence, in practice such uniform Lipschitz continuity may get lost during the optimization. \nThis issue requires some more explanations and justifications.\nBesides that, the paper would benefit from a careful language revision.\n\n[1] Finlay, C., Oberman, A. M., & Abbasi, B. (2018). Improved robustness to adversarial examples using Lipschitz regularization of the loss.\n[2] Bungert, L., Trillos, N. G., & Murray, R. (2021). The geometry of adversarial training in binary classification. arXiv preprint arXiv:2111.13613.",
          "questions": "I have a couple of questions and remarks which should be taken into account for a revised version of the article:\n\n- a short paragraph on notation would be good. In particular, you should remark that you use the Euclidean norm not any norm.\n- Assumption 4.1: comment on the third assumption (see above)\n- Lemma 4.2: the comments before and after the lemma are a little confusing: This lemma shows that the adversarial loss is $\\eta$-approximately smooth and not that its not Lipschitz smooth. For this you would need a lower bound.\n- Lemma 4.2: Why is $h$ differentiable with respect to $\\theta$? A priori, this is not obvious due to the maximum in $z$.\n- line 170: Calling (4.2) SUBgradient descent seems out of place. This is just stochastic gradient descent and the gradient is a proper gradient by your assumptions.\n- line 198: did you mean to refer to Eq. (5.1) instead of (5.3)? \n- Corollary 5.2 basically shows that the inner maximization problem does not play a role at all in your analysis and you could just choose an arbtrary point which is $\\varepsilon$-close to $z$. I suspect this is due to the strong Lipschitz assumption on the gradient of $h$ (see above). This should be pointed out.\n- Theorem 5.3 should read: \"IT exists a function h...\", \"THERE EXIST data sets S and S'...\"\n- line 223: Is the improvement from L (the $\\theta$ Lipschitz constant of the loss) to $L_z\\varepsilon$ really an improvement?\n- line 223: I thought $L$ is the Lipschitz constant of the loss and not its gradient?\n- lines 223-230: the language of this paragraph is clumsy and should be revised. \n- Theorems 5.4 and 5.5 have slightly different wording which is confusing. For instance, \"we run SGD\" versus \"we run SGD on the adversarial surrogate\". Are there different assumptions here? \n- Theorem 5.4: It should read $\\alpha\\leq 1/\\beta$.\n- Maybe formula (6.2) could be moved to the beginning of the article. It seems to contain the main contribution.\n- Could one use a discrepancy principle (as used for variational regularization schemes to solve inverse problems) for the early stopping?\n- lines 347-348: For small values of $\\varepsilon$ I agree that the robust test accuracy seems to behave linearly in $\\varepsilon$ but not necessarily for large values ($\\varepsilon=10$).",
          "limitations": "The limitations of the assumption of an input-Lipschitz continuous gradients of the loss function should be discussed.\n\nNegative societal impact is not to be expected.",
          "ethics_flag": "No",
          "ethics_review_area": [],
          "soundness": "3 good",
          "presentation": "3 good",
          "contribution": "3 good",
          "code_of_conduct": "Yes"
        },
        "signatures": [
          "NeurIPS.cc/2022/Conference/Paper5597/Reviewer_LfVE"
        ],
        "readers": [
          "everyone"
        ],
        "nonreaders": [],
        "writers": [
          "NeurIPS.cc/2022/Conference",
          "NeurIPS.cc/2022/Conference/Paper5597/Reviewer_LfVE"
        ]
      },
      {
        "id": "bdAYUIegVs",
        "original": null,
        "number": 14,
        "cdate": 1659961804911,
        "mdate": null,
        "ddate": null,
        "tcdate": 1659961804911,
        "tmdate": 1659961804911,
        "tddate": null,
        "forum": "78aj7sPX4s-",
        "replyto": "78aj7sPX4s-",
        "invitation": "NeurIPS.cc/2022/Conference/Paper5597/-/Official_Comment",
        "content": {
          "title": "Summary of Revision",
          "comment": "Dear AC and Reviewers,\n\nWe have provided the updated version of our paper. We fix the typos and inconsistent statement mentioned by the reviewers.\n\nSec.1: We rewrite the description of the work of [46]. We move Eq. (6.2) to Intro to describe the main result of our paper.\n\nSec. 4: We use subgradient in Lemma 4.1. \n\nSec. 5: We add a remark to state the limitation of Corollary 5.1. We rewrite the comparison with existing bounds in Sec 5.2.\n\nSec. 8: We add a discussion on limitation and future work.\n\nSec. A.2: We rewrite the proof in terms of sub-gradient."
        },
        "signatures": [
          "NeurIPS.cc/2022/Conference/Paper5597/Authors"
        ],
        "readers": [
          "everyone"
        ],
        "nonreaders": [],
        "writers": [
          "NeurIPS.cc/2022/Conference",
          "NeurIPS.cc/2022/Conference/Paper5597/Authors"
        ]
      },
      {
        "id": "vazq_08C56_",
        "original": null,
        "number": 1,
        "cdate": 1661732573455,
        "mdate": null,
        "ddate": null,
        "tcdate": 1661732573455,
        "tmdate": 1661732573455,
        "tddate": null,
        "forum": "78aj7sPX4s-",
        "replyto": "78aj7sPX4s-",
        "invitation": "NeurIPS.cc/2022/Conference/Paper5597/-/Meta_Review",
        "content": {
          "metareview": "This paper uses uniform stability to study generalization in networks under adversarial training. The authors use their framework to understand robust overfitting: the phenomenon in which a network is adversarially robust on the training set, but generalize poorly. The theoretical results in this paper are backed up by experiments and applications to provide theoretical clarity to a number of common methods for reducing overfitting.\n\nAll reviewers supported acceptance of this paper. Reviewers enjoyed the exposition and writing, and found the theoretical developments and explanation of overfitting to be convincing. Finally, the reviewers liked the experiments backing up the theory and the practical applications.\n",
          "recommendation": "Accept",
          "confidence": "Certain",
          "award": "No"
        },
        "signatures": [
          "NeurIPS.cc/2022/Conference/Paper5597/Area_Chair_RtE3"
        ],
        "readers": [
          "everyone"
        ],
        "nonreaders": [],
        "writers": [
          "NeurIPS.cc/2022/Conference/Program_Chairs",
          "NeurIPS.cc/2022/Conference/Paper5597/Area_Chairs"
        ],
        "pdate": null
      },
      {
        "id": "4GMupvszPPx",
        "original": null,
        "number": 1,
        "cdate": 1663188597081,
        "mdate": null,
        "ddate": null,
        "tcdate": 1663188597081,
        "tmdate": 1663188597081,
        "tddate": null,
        "forum": "78aj7sPX4s-",
        "replyto": "78aj7sPX4s-",
        "invitation": "NeurIPS.cc/2022/Conference/Paper5597/-/Decision",
        "content": {
          "title": "Paper Decision",
          "decision": "Accept",
          "comment": ""
        },
        "signatures": [
          "NeurIPS.cc/2022/Conference/Program_Chairs"
        ],
        "readers": [
          "everyone"
        ],
        "nonreaders": [],
        "writers": [
          "NeurIPS.cc/2022/Conference/Program_Chairs"
        ]
      }
    ]
  }
}