{
  "id": "7KBzV5IL7W",
  "original": "Da4qrqjF1K",
  "number": 1483,
  "cdate": 1652737325908,
  "mdate": null,
  "ddate": null,
  "tcdate": 1652737325908,
  "tmdate": 1665605915742,
  "tddate": null,
  "forum": "7KBzV5IL7W",
  "replyto": null,
  "invitation": "NeurIPS.cc/2022/Conference/-/Blind_Submission",
  "content": {
    "title": "INRAS: Implicit Neural Representation for Audio Scenes",
    "authorids": [
      "~Kun_Su1",
      "~Mingfei_Chen2",
      "~Eli_Shlizerman1"
    ],
    "authors": [
      "Kun Su",
      "Mingfei Chen",
      "Eli Shlizerman"
    ],
    "keywords": [
      "audio scenes",
      "spatial audio",
      "neural acoustic fields",
      "implicit neural representation",
      "applications"
    ],
    "TL;DR": "We propose an Implicit Neural Representation for Audio Scenes, INRAS, for efficient representation of spatial audio fields with high fidelity.",
    "abstract": "The spatial acoustic information of a scene, i.e., how sounds emitted from a particular location in the scene are perceived in another location, is key for immersive scene modeling. Robust representation of scene's acoustics can be formulated through a continuous field formulation along with impulse responses varied by emitter-listener locations. The impulse responses are then used to render sounds perceived by the listener. While such representation is advantageous, parameterization of impulse responses for generic scenes presents itself as a challenge. Indeed, traditional pre-computation methods have only implemented parameterization at discrete probe points and require large storage, while other existing methods such as geometry-based sound simulations still suffer from inability to simulate all wave-based sound effects. In this work, we introduce a novel neural network for light-weight Implicit Neural Representation for Audio Scenes (INRAS), which can render a high fidelity time-domain impulse responses at any arbitrary emitter-listener positions by learning a continuous implicit function. INRAS disentangles scene’s geometry features with three modules to generate independent features for the emitter, the geometry of the scene, and the listener respectively. These lead to an efficient reuse of scene-dependent features and support effective multi-condition training for multiple scenes.  Our experimental results show that INRAS outperforms existing approaches for representation and rendering of sounds for varying emitter-listener locations in all aspects, including the impulse response quality, inference speed, and storage requirements. ",
    "paperhash": "su|inras_implicit_neural_representation_for_audio_scenes",
    "pdf": "/pdf/54ad552a2022fe18c3f310733d642e04a93fabed.pdf",
    "supplementary_material": "/attachment/46bc4b36d0e07baf7d68001db3d3a05c2215f206.zip",
    "venue": "NeurIPS 2022 Accept",
    "venueid": "NeurIPS.cc/2022/Conference",
    "_bibtex": "@inproceedings{\nsu2022inras,\ntitle={{INRAS}: Implicit Neural Representation for Audio Scenes},\nauthor={Kun Su and Mingfei Chen and Eli Shlizerman},\nbooktitle={Advances in Neural Information Processing Systems},\neditor={Alice H. Oh and Alekh Agarwal and Danielle Belgrave and Kyunghyun Cho},\nyear={2022},\nurl={https://openreview.net/forum?id=7KBzV5IL7W}\n}"
  },
  "signatures": [
    "NeurIPS.cc/2022/Conference"
  ],
  "readers": [
    "everyone"
  ],
  "nonreaders": [],
  "writers": [
    "NeurIPS.cc/2022/Conference"
  ],
  "tauthor": "OpenReview.net",
  "pdate": 1667239200000,
  "details": {
    "overwriting": [],
    "tags": [],
    "writable": false,
    "replyCount": 10,
    "directReplyCount": 5,
    "revisions": true,
    "replies": [
      {
        "id": "i2A5mDe4KCl",
        "original": null,
        "number": 1,
        "cdate": 1657513518522,
        "mdate": null,
        "ddate": null,
        "tcdate": 1657513518522,
        "tmdate": 1659984664843,
        "tddate": null,
        "forum": "7KBzV5IL7W",
        "replyto": "7KBzV5IL7W",
        "invitation": "NeurIPS.cc/2022/Conference/Paper1483/-/Official_Review",
        "content": {
          "rating": "5: Borderline accept: Technically solid paper where reasons to accept outweigh reasons to reject, e.g., limited evaluation. Please use sparingly.",
          "confidence": "4: You are confident in your assessment, but not absolutely certain. It is unlikely, but not impossible, that you did not understand some parts of the submission or that you are unfamiliar with some pieces of related work.",
          "summary": "This paper proposes to use implicit neural representation to represent spatial audio in the scene. It renders high fidelity time-domain impulse responses at any arbitrary emitter-listener positions using neural network parameterization. Experimental results demonstrate that INRAS outperforms existing methods across a series of metrics.",
          "strengths_and_weaknesses": "Strengths:\n\n- The paper is generally well-written and well-motivated. It nicely reviews prior methods of scene acoustic modeling: wave-based vs. geometry-based. The proposed method is motivated by prior methods on interactive acoustic radiance transfer, and proposes a neural network-based approach to mimic their settings.\n\n- Dividing the whole pipeline into three sub-steps: scattering from the emitter, acoustic transfer, and gathering at listener makes sense. The design of INRAS well captures the physical process of how sound is propagated from the emitter to the listener.\n\n- Compared to the baseline method NAF, the proposed method has large gains.\n\nWeaknesses:\n\n- The proposed method is motivated by prior methods on interactive acoustic radiance transfer, which is nice. And it is cool to represent spatial audio using a neural representation. However, what is the use of it and why a neural implicit representation is better is not discussed. The neural network basically tries to model how sound is propagated from the emitter to the listener. Why not just directly doing geometry-based audio simulation, for example bi-directional path tracing, to obtain the room impulse response. What is the motivation to use an implicit neural representation to replace the spatial audio simulation? Bi-directional path tracing can also be made real-time with some simplifications.\n\n",
          "questions": "1. It is claimed \"the proposed method renders high fidelity time-domain impulse responses at any arbitrary emitter-listener positions using neural network parameterization\", but SoundSpaces only provides impulse responses at a discrete set of grid points in the spatial environment. How the evaluation is done at the points where there is no ground truth?\n\n2. See weakness.\n\n3. How sensitive is the performance to the number of bounce points used?",
          "limitations": "Yes, there are discussions of limitations and potential negative societal impact of the work in the supplementary materials.",
          "ethics_flag": "No",
          "ethics_review_area": [],
          "soundness": "3 good",
          "presentation": "2 fair",
          "contribution": "2 fair",
          "code_of_conduct": "Yes"
        },
        "signatures": [
          "NeurIPS.cc/2022/Conference/Paper1483/Reviewer_RoFe"
        ],
        "readers": [
          "everyone"
        ],
        "nonreaders": [],
        "writers": [
          "NeurIPS.cc/2022/Conference",
          "NeurIPS.cc/2022/Conference/Paper1483/Reviewer_RoFe"
        ]
      },
      {
        "id": "jmmrNTnCI6-",
        "original": null,
        "number": 2,
        "cdate": 1657517312836,
        "mdate": null,
        "ddate": null,
        "tcdate": 1657517312836,
        "tmdate": 1657517312836,
        "tddate": null,
        "forum": "7KBzV5IL7W",
        "replyto": "7KBzV5IL7W",
        "invitation": "NeurIPS.cc/2022/Conference/Paper1483/-/Official_Review",
        "content": {
          "rating": "5: Borderline accept: Technically solid paper where reasons to accept outweigh reasons to reject, e.g., limited evaluation. Please use sparingly.",
          "confidence": "3: You are fairly confident in your assessment. It is possible that you did not understand some parts of the submission or that you are unfamiliar with some pieces of related work. Math/other details were not carefully checked.",
          "summary": "In this paper the authors address the problem of generating high fidelity impulse responses for acoustic scene rendering for AR/VR and teleconferencing type of applications which rely on faithful recreation of acoustic scenes. The basic idea revolves around decomposing RIR generation into two sets of attributes: i) attributes pertaining to source and receiver locations and ii) attributes pertaining to the room geometry. Features are separately extracted for these attributes using a feed-forward net. Extracted features are then concatenated to estimate binaural impulse responses using another feed-forward net. All the FF nets are trained end-to-end using waveform reconstruction loss and a multi-resolution spectro-temporal reconstruction loss which accounts for reconstruction of magnitude and phase spectrograms separately. The proposed method is compared to audio coding standards and relatively new deep learning based approach for RIR generation (Neural Acoustic Fields - NAF). Experimental results show that the proposed decomposition of attributes and network training is effective in generating high quality impulse responses, reduce storage requirements, fast and can be used to generate IRs in multiple rooms of different shapes.  ",
          "strengths_and_weaknesses": "Strengths:\n1. The idea of decomposing RIR attributes separately for room and source/receiver locations is very interesting. The idea of using Bounce points and the three modules to capture interaction of emitter with the room (bounce points), propagation from bounce points, and receiver with bounce points is also very interesting. \n\nWeakness:\n1. The paper is not very easy to read. I believe the presentation can be greatly simplified. \n2. Goal of the paper is not crisply stated and is scattered throughout the paper. \n3. Purpose of comparing with Audio coding standards is completely lost on the reader. \n4. Abstract is not very informative. \n5. Generalization experiments are a misnomer. Those experiments are mostly multi-condition training than generalization.",
          "questions": "1. At a fundamental level, from the input-output specifications of the network it appears that the function that the network is trying to approximate is a one-to-many function as for a specified input - of emitter+receiver locations and bounce points, acoustic conditions can be changed by changing the reflection co-efficients of the walls. So are these networks trying to memorize a specific enclosure ? In this case it is not generalizable to other rooms with exact same geometry but with different reflection characteristics ?\n2. Would it be possible to assess the generalization capabilities of the network in the true sense by generating RIRs of unseen environments ?\n3. Was the point of comparing the proposed approach with AAC and Opus to say merely storing discrete IRs and interpolating will not help ? \n4. Generically stating 40-60 bounce points would suffice is not making sense to me. Is this not dependent on room geometry in general and size in particular ?\n5. in line 226, shouldn't \\alpha_k bea function of i ?\n6. In Fig 3, d_{b_{i}}^s is this a vector of distances or difference in position vectors. Dimesnions of these inputs should be clarified. Similarly for the gather modules. ",
          "limitations": "A few limitations are raised in Questions section. Based on authors' response I will edit this section at a later stage. ",
          "ethics_flag": "No",
          "ethics_review_area": [],
          "soundness": "2 fair",
          "presentation": "1 poor",
          "contribution": "2 fair",
          "code_of_conduct": "Yes"
        },
        "signatures": [
          "NeurIPS.cc/2022/Conference/Paper1483/Reviewer_ddeR"
        ],
        "readers": [
          "everyone"
        ],
        "nonreaders": [],
        "writers": [
          "NeurIPS.cc/2022/Conference",
          "NeurIPS.cc/2022/Conference/Paper1483/Reviewer_ddeR"
        ]
      },
      {
        "id": "pgWyXofd5jL",
        "original": null,
        "number": 3,
        "cdate": 1657622701430,
        "mdate": null,
        "ddate": null,
        "tcdate": 1657622701430,
        "tmdate": 1659614880728,
        "tddate": null,
        "forum": "7KBzV5IL7W",
        "replyto": "7KBzV5IL7W",
        "invitation": "NeurIPS.cc/2022/Conference/Paper1483/-/Official_Review",
        "content": {
          "rating": "8: Strong Accept: Technically strong paper, with novel ideas, excellent impact on at least one area, or high-to-excellent impact on multiple areas, with excellent evaluation, resources, and reproducibility, and no unaddressed ethical considerations.",
          "confidence": "5: You are absolutely certain about your assessment. You are very familiar with the related work and checked the math/other details carefully.",
          "summary": "Sound in a 3D scene depends on the emitter position and the listener position. The spatial acoustic information of the scene is important for having an immersive experience during scene modeling wherein how sounds from a particular location in a scene are perceived in another location in the scene. The authors designed INRAS: implicit neural representation for audio scenes as a way to model the spatial information. Given a geometry of the scene, emitter and listener positions, INRAS learns the Binaural impulse response which is combined with the source sound to render the spatial sound.  The INRAS system has two main components where the first component learns the audio scenes feature decomposition through the scatter, bounce, and gather module. Here the bounce point is any point in the surface of the geometry environment from which the sound can bounce from the emitter to the listener. The second component is the listener module that combines the decomposed feature representation from scenes by fusing the three components via concatenation of the features associated with each bounce point b to predict the Spatial Binaural impulse responses taking into account the head orientation and the location of the left/right ear for the listener.  \n\nThe disentangling of the feature representation in the first stage into scatter, bounce, and gather modules allows the model to generalize to multiple scenes with few trainable parameters. The proposed INRAS method outperformed the existing approaches on all the metrics of audio rendering and has greatly improved the inference, speed, and storage requirements since the model require less than 3 Mb of storage capacity with almost a 4-fold improvement in inference speed. Additionally, the authors provide evidence on why the three stages are necessary such as the removal of the bounce module eliminates the static scene feature impairing performance. ",
          "strengths_and_weaknesses": "The paper provides a good description of the related works and clarifies how the INRAS method is a light-weighted and efficient neural network module that can generate high fidelity spatial impulse response at the arbitrary emitter and listener positions. \n\nStrengths:\nThe model is a lightweight and efficient neural network that produces spatial impulse responses at arbitrary emitter-listener positions. INRAS is capable of modeling continuous implicit function which maps the corresponding time-domain directional and binaural impulse responses of the sound field. \n\nThe training step leverages the fact that the geometry of the scene is static and thus it is possible to learn reusable scene-dependent feature representations which can be associated with the emitter and the listener. The design of the two-stage approach to first generate independent scene geometric features and then during the second stage fuse the features to generate a binaural impulse response is a novel and logical step in building such an acoustic representation.  \n\nThe approach generalizes to multiple scenes as the emitter and listener is made aware of scene geometry via the computation of the relative distance to bounce points in the scatter and gather modules. Here the bounce module will provide a static scene-dependent feature representation. The co-ordinate space of multiple scenes is normalized and the bounce points are collected from the different scenes to achieve generalization as the emitter and listener can realize the scene they are a part of. \n\nEvaluation metrics cover the three aspects such as impulse response quality, storage requirements, and inference speed and on all three metrics the approach outperforms the NAF method. The model has a significantly lower C50 error and has a third of the parameters with less than 3 Mb required to store the model and a 4 fold improvement in inference speed due to the smaller size. Additionally, the method outperforms all other relevant approaches when it comes to generalizing to multiple scenes leading to significant improvement in terms of SNR and PSNR for INRAS system. \n\nThe paper is well written and organized with no/few grammatical errors and the supplementary section provides necessary information complementing the main paper. \n\nWeakness: \nThe approach is dependent on the data and availability of the training data for any given number of scenes and thus limited in terms of scaling the system to any scenario. \n\nThe choice of the bounce points is important as the authors show that when bounce points are chosen with missing some of the boundaries the performance reduces for the INRAS representation as the T60 error and the C50 error increase. This raises the question on what would happen to model performance in a situation where the complete boundaries of the 3D scene are not defined. \n",
          "questions": "Authors have performed experimentation with INRAS where the optimal number of bounce points mentioned in the paper is 40 to 60 and it is unclear how the authors arrived at this conclusion. Why would the performance of the system drop with the addition of the bounce points? Wouldn’t a system with 100 bounce points extracted from the mesh boundary that covers the geometry of the environment be better? \n\nHow would the modeling be changed/affected when the listener is placed in rooms of different sizes beyond the layouts that are covered in the Soundscapes dataset? How does the current approach take into account the number of obstacles in the room is unclear? ",
          "limitations": "The authors provide a limitation for their work where the boundary of the scene should be given as input to the INRAS system which I agree is a primary limitation. The above limitation is not a problem for scenes with 3D models where the boundary can be inferred if not given but the scenes without any geometry and recorded impulse response. The INRAS method would not work in these situations since the bounce points will be impossible to define in situations with unknown geometry.  The method is dependent on the availability of datasets such as SoundScapes which imply the need for INRAS to have a sufficient amount of training data to learn a reasonable acoustic representation of a given scene. This type of data collection is a problem in the case of real-world situations where a large number of impulse responses will be required for INRAS to work. \n\nWith regard to the negative societal impact, the authors highlight a concern where rendered spatial audio can be used to manipulate the original nonspatial sound and create a non-authentic impression of the audio requiring the need for an additional authentication step on the output of INRAS preventing the unethical or illegal use. \n\nAnother concern that I think authors need to consider is whether it is possible to deduce the environment in which the listener is seated where the malicious user may only require the need of spatial sound - the output of INRAS. ",
          "ethics_flag": "No",
          "ethics_review_area": [],
          "soundness": "4 excellent",
          "presentation": "3 good",
          "contribution": "4 excellent",
          "code_of_conduct": "Yes"
        },
        "signatures": [
          "NeurIPS.cc/2022/Conference/Paper1483/Reviewer_6t7L"
        ],
        "readers": [
          "everyone"
        ],
        "nonreaders": [],
        "writers": [
          "NeurIPS.cc/2022/Conference",
          "NeurIPS.cc/2022/Conference/Paper1483/Reviewer_6t7L"
        ]
      },
      {
        "id": "VOTP1wSYq7-",
        "original": null,
        "number": 1,
        "cdate": 1659456744216,
        "mdate": null,
        "ddate": null,
        "tcdate": 1659456744216,
        "tmdate": 1659456744216,
        "tddate": null,
        "forum": "7KBzV5IL7W",
        "replyto": "pgWyXofd5jL",
        "invitation": "NeurIPS.cc/2022/Conference/Paper1483/-/Official_Comment",
        "content": {
          "title": "Response to Reviewer 6t7L",
          "comment": "We thank the reviewer for a thoughtful review, valuable feedback and acknowledgement of our work. We provide point by point clarifications and answer questions below.\n### Strengths and Weaknesses:\n- W1. Our approach is indeed dependent on the availability of training data. This is not an issue for virtual scenes since sound simulation can be performed to generate data prior to training. For real world scenes, there typically would be less data available since it cannot be easily generated. Plausible solutions that are currently being used are physical scanning of real world scenes and obtaining 3D meshes and then performing sound simulations to generate training data. The scenes in the Soundspace dataset are such real world scenes.\n### Questions:\n- Q1. Bounce points: The number of bounce points is dependent on the room size and the sampling rate. We performed experiments with various sampling rates to evaluate which selection to use. For example, ‘Room_2’ has a perimeter of about 24 meters and the total number points of the mesh boundary is ~ 2400. Our experiments indicated that uniform sampling of the bounce points every 0.5m (sample rate:1/50, 48 bounce points) is optimal. Notably, the impulse response data has the same spatial resolution. \nUsing a higher sampling rate doesn’t achieve better performance because noise and redundant features are induced as the sampling resolution is higher than the spatial resolution. We compare different sampling rates for bounce points for the mesh of ‘Room_2’ in the following table, which will be added to the supplementary information along with the above discussion.\n| Sampling Rate | T60 error | C50 error | EDT error |\n|---------------|-----------|-----------|-----------|\n| 1/100         | 1.47     |  0.53     |  0.019    |\n| 1/75          | 1.42      | 0.53      | 0.018     |\n| **1/50**      | **1.41**  | **0.51**  | **0.016** |\n| 1/25          | 1.41      | 0.59      | 0.019     |\n| 1/10          | 1.70      | 0.71      | 0.025     |\n- Q2. Modeling rooms of different sizes beyond the layout covered in the *Soundspace* dataset is straightforward. The only setting that is required is the distribution of the bounce points depending on the room geometry and size and uniform sampling can be used as we used for *Soundspace* rooms.\n- Q3. We uniformly sample bounce points on the boundaries of obstacles appearing in the scene and there could be any number of obstacles. In the *Soundspace* dataset, the only obstacles are walls that block sound propagation but INRAS could also deal with additional sound blocking objects such as furniture. The distribution of bounce points on the obstacles is according to uniform sampling rate as discussed above.\n"
        },
        "signatures": [
          "NeurIPS.cc/2022/Conference/Paper1483/Authors"
        ],
        "readers": [
          "everyone"
        ],
        "nonreaders": [],
        "writers": [
          "NeurIPS.cc/2022/Conference",
          "NeurIPS.cc/2022/Conference/Paper1483/Authors"
        ]
      },
      {
        "id": "FJnxoLuE70v",
        "original": null,
        "number": 3,
        "cdate": 1659457716976,
        "mdate": null,
        "ddate": null,
        "tcdate": 1659457716976,
        "tmdate": 1659461703808,
        "tddate": null,
        "forum": "7KBzV5IL7W",
        "replyto": "jmmrNTnCI6-",
        "invitation": "NeurIPS.cc/2022/Conference/Paper1483/-/Official_Comment",
        "content": {
          "title": "Response to Reviewer ddeR",
          "comment": "### Questions\n- Q1. Fundamentally, INRAS implicit neural representation is the parameterization of a continuous acoustic field using neural network parameters. The acoustic field is encoded within the neural network, providing a more compact representation. Since the Soundspace dataset fixed the reflection coefficient before simulating sounds, we didn’t consider such variations. \\\nTo answer this question, we tested whether INRAS can be conditioned on various reflection coefficients by creating a 3m x 5m room using the available open source python package (pyroomacoustics) [1] to simulate impulse responses using Image Source + Ray tracing method. We use spatial resolution of 0.5m to sample both impulse responses and bounce points. For the same room, we created 225 sets of impulse responses with various absorption and scattering coefficients on the walls. We use 90% sets of coefficients to train and 10% to test. For the coefficients seen in the training, we also hold 10% spatial points for testing. To incorporate the coefficient condition in our model, we adapt our model by adding a coefficient embedding using sinusoidal embedding similar to coordinate inputs. An addition operation is performed to add the coefficient embedding to the decomposed features. In this experiment, as the following table, INRAS model achieved testing t60 error of 3.83%, C50 error of 1.13dB and EDT error of 0.03 sec, which is quite close to the performance on the training set. These results show that INRAS can perform well even when absorption and scattering coefficients are unseen and are varying.\n| Settings                                          | T60 error | C50 error | EDT error |\n|---------------------------------------------------|-----------|-----------|-----------|\n| Seen Varying Reflection Coefficients (Training)   | 3.56      | 1.06      | 0.023     |\n| Unseen Varying Reflection  Coefficients (Testing) | 3.83      | 1.13      | 0.030     |\n- Q2. A complete generalization to an unseen environment without any condition is challenging for any type of implicit neural representation including INRAS. Here, we focused on modeling a compact representation for known scenes. However, as discussed above, we do assess several aspects of generalization of the pre-trained INRAS model such as variation of physical properties of the scene, slight geometrical variations, etc. \\\nIf the scene is completely unseen and significantly different than those that INRAS was pre-trained on, the same quality of the generated impulse responses as for the seen scenes cannot be guaranteed. \\\nIndeed, when we tested such an unseen scenario, the evaluation showed a large T60 error between the generated IR and the ground truth. We will add this discussion to the limitation section.\n- Q3. See response to W3.\n- Q4. The number of bounce points is dependent on the room size and the sampling rate. We performed experiments with various sampling rates to evaluate which selection to use. For example, ‘Room_2’ has a perimeter of about 24 meters and the total number points of the mesh boundary is ~ 2400. Our experiments indicated that uniform sampling of the bounce points every 0.5m (sample rate:1/50, 48 bounce points) is optimal. Notably, the impulse response data has the same spatial resolution. \nUsing a higher sampling rate doesn’t achieve better performance because noise and redundant features are induced as the sampling resolution is higher than the spatial resolution. We compare different sampling rates for bounce points for the mesh of ‘Room_2’ in the following table, which will be added to the supplementary information along with the above discussion.\n| Sampling Rate | T60 error | C50 error | EDT error |\n|---------------|-----------|-----------|-----------|\n| 1/100         | 1.47      | 0.53      | 0.019     |\n| 1/75          | 1.42      | 0.53      | 0.018     |\n| **1/50**      | **1.41**  | **0.51**  | **0.016** |\n| 1/25          | 1.41      | 0.59      | 0.019     |\n| 1/10          | 1.70      | 0.71      | 0.025     |\n\n- Q5. In line 226, the alpha_k should be alpha_{i,k}.\n- Q6. In Fig 3, d_{b_{i}}^s is the difference between position vectors.\n\n[1] R. Scheibler, E. Bezzam, I. Dokmanić, Pyroomacoustics: A Python package for audio room simulations and array processing algorithms, Proc. IEEE ICASSP, Calgary, CA, 2018."
        },
        "signatures": [
          "NeurIPS.cc/2022/Conference/Paper1483/Authors"
        ],
        "readers": [
          "everyone"
        ],
        "nonreaders": [],
        "writers": [
          "NeurIPS.cc/2022/Conference",
          "NeurIPS.cc/2022/Conference/Paper1483/Authors"
        ]
      },
      {
        "id": "VioZK76GhfQ",
        "original": null,
        "number": 4,
        "cdate": 1659458009291,
        "mdate": null,
        "ddate": null,
        "tcdate": 1659458009291,
        "tmdate": 1659463991044,
        "tddate": null,
        "forum": "7KBzV5IL7W",
        "replyto": "jmmrNTnCI6-",
        "invitation": "NeurIPS.cc/2022/Conference/Paper1483/-/Official_Comment",
        "content": {
          "title": "Response to Reviewer ddeR",
          "comment": "We thank the reviewer for a thoughtful review and valuable feedback. We address the questions and specify the intended revisions related to the presentation of our work below.\n### Strengths And Weaknesses\n- W1. We will follow the reviewer’s recommendations to clarify the presentation of the methodology in the Methods section. We will also extensively proofread the manuscript for overall grammatical and typographical amendments.\n- W2. Indeed, the main goal of our work is to introduce a light-weight neural network to learn a continuous implicit function to represent the acoustic fields of scenes. For that purpose, we propose a novel approach to compress acoustic fields in terms of required memory and rapid rendering of impulse responses for interactive applications.\n- W3. We compare INRAS to audio coding standards since INRAS is effectively a novel encoding method to compress the acoustic field of a scene. We thereby estimate the effectiveness of INRAS versus common audio coding standards. The comparison shows that the storage requirement of Audio coding standards is much larger than of INRAS (180-350MB vs. 3MB). Moreover, an interpolation approach is necessary for audio coding standards to generate impulse responses at unseen locations. We examined how interpolation of the training set encoded by Audio coding standards (AAC, Opus) impacts the quality of the generated impulse responses for the test set and we find that the quality drops significantly. These experiments demonstrate that INRAS should be more beneficial as an encoding method for acoustic fields of scenes than Audio coding standards.\n- W4. We will revise the abstract to more effectively emphasize the following key points and contributions of our work:\n  - We introduce a light-weight neural network to learn a continuous implicit function to represent the acoustic fields of scenes.\n  - INRAS disentangles scene’s geometry features.\n  - INRAS includes three modules to generate independent features for the emitter, the geometry of the scene, and the listener. This leads to efficient reuse of scene-dependent features for arbitrary emitter-listener positions.\n  - INRAS supports effective multi-condition training for multiple scenes by adding only a few trainable parameters. \n  - INRAS outperforms existing approaches on all metrics of audio rendering, including the impulse response quality, inference speed, and storage requirements.\n- W5. We thank the reviewer for pointing out that the term ‘generalization’ used to describe the option of using a single unified network to represent multiple scenes is too broad. We agree that a more suitable term could be used to describe this option. When referring to this option in the camera-ready revision of the manuscript we will use the term ‘multi-condition training’ and we will also clarify the exact meaning of this term. In addition to multi-condition training, we also consider additional aspects of INRAS extensions for unseen scenarios, e.g. unseen reflection coefficients. We describe these in experiments below in response to Q1. We will include these in the revised version of supplementary information.\n"
        },
        "signatures": [
          "NeurIPS.cc/2022/Conference/Paper1483/Authors"
        ],
        "readers": [
          "everyone"
        ],
        "nonreaders": [],
        "writers": [
          "NeurIPS.cc/2022/Conference",
          "NeurIPS.cc/2022/Conference/Paper1483/Authors"
        ]
      },
      {
        "id": "4Q4NexdYhST",
        "original": null,
        "number": 5,
        "cdate": 1659458497427,
        "mdate": null,
        "ddate": null,
        "tcdate": 1659458497427,
        "tmdate": 1659461806584,
        "tddate": null,
        "forum": "7KBzV5IL7W",
        "replyto": "i2A5mDe4KCl",
        "invitation": "NeurIPS.cc/2022/Conference/Paper1483/-/Official_Comment",
        "content": {
          "title": "Response to Reviewer RoFe",
          "comment": "We thank the reviewer for a thoughtful review and valuable feedback. Below we answer questions, and as a result the revisions that we will include in the camera ready version of the manuscript which address the reviewer's concerns.\n### Strengths And Weaknesses\n- W1. We summarize the benefits of using an implicit neural representation: \n  - In comparison to previous pre-computation approaches, an implicit neural representation can learn a continuous compact representation for pre-computed impulse responses in a scene, which significantly decreases the storage requirement and provides fast inference in run-time.\n  - Indeed some state-of-the-art geometry-based sound simulations can be made real-time. However, these approaches still have the common drawback of geometric-based methods, such as inaccuracy at low frequency and inability to simulate complete wave-based sound effects. In comparison, an implicit neural representation is not limited to these drawbacks at run-time because conceptually it can learn to map input coordinates to infinite-high fidelity impulse responses which can be pre-computed ahead of time. In other words, the complexity of the sound simulation will not be a bottleneck for the quality of the real-time rendering. Therefore, we believe that using an implicit neural representation is a promising direction for future sound rendering techniques.\n  - Implicit neural representations can fit real world data, on which it is challenging for an interactive geometric-based simulation to reach the same quality. To further investigate this aspect, we train INRAS on S1-M3969 subset of meshRIR dataset [1] which includes dense real impulse responses recordings in a room with approximate dimensions of 7m x 6.4m. We sample the bounce point every 0.5m. Since the recording is a single channel, we remove the head orientation conditions at the listener module and output a single channel. We use 90% data for training and 10% data for testing. \\\nTo perform the comparison, we created a room with the same dimension using available open source python package (pyroomacoustics) [2] to simulate impulse responses using Image Source + Ray tracing method. For a fair comparison, we faithfully tuned material parameters of the room model to best match the ground truth recordings. Our results show that INRAS outperforms geometry-based simulation in all metrics and obtains large gains on them as shown in the following table:\n| **Real World Scene**      | C50 error      | T60 error      | EDT error       |\n|---------------------------|----------------|----------------|-----------------|\n| Geometry Based Simulation | 1.45           | 3.67           | 0.042           |\n| INRAS (ours)              | 0.35 (-75.86%) | 1.61 (-56.13%) | 0.011 (-73.81%) |\n\nWe intend to include this discussion and the experiment in the revised version of the paper.\n### Questions\n- Q1. For points that do not have ground truth, we refer to the qualitative results shown on the loudness map and impulse response waveforms in Fig 4, 5 and supplementary material, and demo videos. The loudness map shows that INRAS can render a continuous acoustic field at any location and resemble the ground truth (smooth version). The impulse response waveform also shows a high similarity to the ground truth.\n- Q2. See the response to W1.\n- Q3.  The number of bounce points is dependent on the room size and the sampling rate. We performed experiments with various sampling rates to evaluate which selection to use. For example, ‘Room_2’ has a perimeter of about 24 meters and the total number points of the mesh boundary is ~ 2400. Our experiments indicated that uniform sampling of the bounce points every 0.5m (sample rate:1/50, 48 bounce points) is optimal. Notably, the impulse response data has the same spatial resolution. \nUsing a higher sampling rate doesn’t achieve better performance because noise and redundant features are induced as the sampling resolution is higher than the spatial resolution. We compare different sampling rates for bounce points for the mesh of ‘Room_2’ in the following table, which will be added to the supplementary information along with the above discussion.\n| Sampling Rate | T60 error | C50 error | EDT error |\n|---------------|-----------|-----------|-----------|\n| 1/100         | 1.47      | 0.53      | 0.019     |\n| 1/75          | 1.42      | 0.53      | 0.018     |\n| **1/50**      | **1.41**  | **0.51**  | **0.016** |\n| 1/25          | 1.41      | 0.59      | 0.019     |\n| 1/10          | 1.70      | 0.71      | 0.025     |\n\n[1] S. Koyama, et al, \"MESHRIR: A Dataset of Room Impulse Responses on Meshed Grid Points for Evaluating Sound Field Analysis and Synthesis Methods,\" 2021 IEEE Workshop on Applications of Signal Processing to Audio and Acoustics (WASPAA), 2021.\n\n[2] R. Scheibler, et al, Pyroomacoustics: A Python package for audio room simulations and array processing algorithms, Proc. IEEE ICASSP, Calgary, CA, 2018."
        },
        "signatures": [
          "NeurIPS.cc/2022/Conference/Paper1483/Authors"
        ],
        "readers": [
          "everyone"
        ],
        "nonreaders": [],
        "writers": [
          "NeurIPS.cc/2022/Conference",
          "NeurIPS.cc/2022/Conference/Paper1483/Authors"
        ]
      },
      {
        "id": "-42w23NjxwK",
        "original": null,
        "number": 6,
        "cdate": 1659984646743,
        "mdate": null,
        "ddate": null,
        "tcdate": 1659984646743,
        "tmdate": 1659984646743,
        "tddate": null,
        "forum": "7KBzV5IL7W",
        "replyto": "4Q4NexdYhST",
        "invitation": "NeurIPS.cc/2022/Conference/Paper1483/-/Official_Comment",
        "content": {
          "title": "Some concerns addressed",
          "comment": "Thank the authors for the response, which addresses many of my concerns. The new comparions are very helpful. It makes sense to use a compact neural representation to encode the acoustic fields, which can be computationally expensive to simulate. However, I am still not very convinced that the dataset used in the paper is the best testbed here, because the main argument is that the neural network can render very *realistic and accurate* sound in real-time. And just looking at the qualitative results shown on the loudness map is not very convincing to show that the model works well on the points where there are no ground-truth. Having said that, the paper proposes some interesting ideas, and the proposed modules make sense and have inductive biases built into the network. I am raising my score and would be fine to see this paper accepted."
        },
        "signatures": [
          "NeurIPS.cc/2022/Conference/Paper1483/Reviewer_RoFe"
        ],
        "readers": [
          "everyone"
        ],
        "nonreaders": [],
        "writers": [
          "NeurIPS.cc/2022/Conference",
          "NeurIPS.cc/2022/Conference/Paper1483/Reviewer_RoFe"
        ]
      },
      {
        "id": "IPFltV9q71E",
        "original": null,
        "number": 1,
        "cdate": 1661623312364,
        "mdate": null,
        "ddate": null,
        "tcdate": 1661623312364,
        "tmdate": 1661623312364,
        "tddate": null,
        "forum": "7KBzV5IL7W",
        "replyto": "7KBzV5IL7W",
        "invitation": "NeurIPS.cc/2022/Conference/Paper1483/-/Meta_Review",
        "content": {
          "metareview": "This is a technically good paper, with some flaws. Parts of the paper are hard to read.   Several questions remain, e.g. how to determine the optimal number and location of bouncepoints, and how they depend on room layout and content.\n\nThe motivation behind some of the comparisons, e.g. to AACs is unclear.\n\nRegardless, the overall paper presents a well-defined novel idea, and represent a significant contribution.  The authors have also addressed most of the reviewers' comments satisfactorily.\n\nI am recommending that the paper be accepted. \n\n",
          "recommendation": "Accept",
          "confidence": "Certain",
          "award": "No"
        },
        "signatures": [
          "NeurIPS.cc/2022/Conference/Paper1483/Area_Chair_sXAG"
        ],
        "readers": [
          "everyone"
        ],
        "nonreaders": [],
        "writers": [
          "NeurIPS.cc/2022/Conference/Program_Chairs",
          "NeurIPS.cc/2022/Conference/Paper1483/Area_Chairs"
        ],
        "pdate": null
      },
      {
        "id": "s0ubTar6IRd",
        "original": null,
        "number": 1,
        "cdate": 1663188441117,
        "mdate": null,
        "ddate": null,
        "tcdate": 1663188441117,
        "tmdate": 1663188441117,
        "tddate": null,
        "forum": "7KBzV5IL7W",
        "replyto": "7KBzV5IL7W",
        "invitation": "NeurIPS.cc/2022/Conference/Paper1483/-/Decision",
        "content": {
          "title": "Paper Decision",
          "decision": "Accept",
          "comment": ""
        },
        "signatures": [
          "NeurIPS.cc/2022/Conference/Program_Chairs"
        ],
        "readers": [
          "everyone"
        ],
        "nonreaders": [],
        "writers": [
          "NeurIPS.cc/2022/Conference/Program_Chairs"
        ]
      }
    ],
    "directReplies": [
      {
        "id": "i2A5mDe4KCl",
        "original": null,
        "number": 1,
        "cdate": 1657513518522,
        "mdate": null,
        "ddate": null,
        "tcdate": 1657513518522,
        "tmdate": 1659984664843,
        "tddate": null,
        "forum": "7KBzV5IL7W",
        "replyto": "7KBzV5IL7W",
        "invitation": "NeurIPS.cc/2022/Conference/Paper1483/-/Official_Review",
        "content": {
          "rating": "5: Borderline accept: Technically solid paper where reasons to accept outweigh reasons to reject, e.g., limited evaluation. Please use sparingly.",
          "confidence": "4: You are confident in your assessment, but not absolutely certain. It is unlikely, but not impossible, that you did not understand some parts of the submission or that you are unfamiliar with some pieces of related work.",
          "summary": "This paper proposes to use implicit neural representation to represent spatial audio in the scene. It renders high fidelity time-domain impulse responses at any arbitrary emitter-listener positions using neural network parameterization. Experimental results demonstrate that INRAS outperforms existing methods across a series of metrics.",
          "strengths_and_weaknesses": "Strengths:\n\n- The paper is generally well-written and well-motivated. It nicely reviews prior methods of scene acoustic modeling: wave-based vs. geometry-based. The proposed method is motivated by prior methods on interactive acoustic radiance transfer, and proposes a neural network-based approach to mimic their settings.\n\n- Dividing the whole pipeline into three sub-steps: scattering from the emitter, acoustic transfer, and gathering at listener makes sense. The design of INRAS well captures the physical process of how sound is propagated from the emitter to the listener.\n\n- Compared to the baseline method NAF, the proposed method has large gains.\n\nWeaknesses:\n\n- The proposed method is motivated by prior methods on interactive acoustic radiance transfer, which is nice. And it is cool to represent spatial audio using a neural representation. However, what is the use of it and why a neural implicit representation is better is not discussed. The neural network basically tries to model how sound is propagated from the emitter to the listener. Why not just directly doing geometry-based audio simulation, for example bi-directional path tracing, to obtain the room impulse response. What is the motivation to use an implicit neural representation to replace the spatial audio simulation? Bi-directional path tracing can also be made real-time with some simplifications.\n\n",
          "questions": "1. It is claimed \"the proposed method renders high fidelity time-domain impulse responses at any arbitrary emitter-listener positions using neural network parameterization\", but SoundSpaces only provides impulse responses at a discrete set of grid points in the spatial environment. How the evaluation is done at the points where there is no ground truth?\n\n2. See weakness.\n\n3. How sensitive is the performance to the number of bounce points used?",
          "limitations": "Yes, there are discussions of limitations and potential negative societal impact of the work in the supplementary materials.",
          "ethics_flag": "No",
          "ethics_review_area": [],
          "soundness": "3 good",
          "presentation": "2 fair",
          "contribution": "2 fair",
          "code_of_conduct": "Yes"
        },
        "signatures": [
          "NeurIPS.cc/2022/Conference/Paper1483/Reviewer_RoFe"
        ],
        "readers": [
          "everyone"
        ],
        "nonreaders": [],
        "writers": [
          "NeurIPS.cc/2022/Conference",
          "NeurIPS.cc/2022/Conference/Paper1483/Reviewer_RoFe"
        ]
      },
      {
        "id": "jmmrNTnCI6-",
        "original": null,
        "number": 2,
        "cdate": 1657517312836,
        "mdate": null,
        "ddate": null,
        "tcdate": 1657517312836,
        "tmdate": 1657517312836,
        "tddate": null,
        "forum": "7KBzV5IL7W",
        "replyto": "7KBzV5IL7W",
        "invitation": "NeurIPS.cc/2022/Conference/Paper1483/-/Official_Review",
        "content": {
          "rating": "5: Borderline accept: Technically solid paper where reasons to accept outweigh reasons to reject, e.g., limited evaluation. Please use sparingly.",
          "confidence": "3: You are fairly confident in your assessment. It is possible that you did not understand some parts of the submission or that you are unfamiliar with some pieces of related work. Math/other details were not carefully checked.",
          "summary": "In this paper the authors address the problem of generating high fidelity impulse responses for acoustic scene rendering for AR/VR and teleconferencing type of applications which rely on faithful recreation of acoustic scenes. The basic idea revolves around decomposing RIR generation into two sets of attributes: i) attributes pertaining to source and receiver locations and ii) attributes pertaining to the room geometry. Features are separately extracted for these attributes using a feed-forward net. Extracted features are then concatenated to estimate binaural impulse responses using another feed-forward net. All the FF nets are trained end-to-end using waveform reconstruction loss and a multi-resolution spectro-temporal reconstruction loss which accounts for reconstruction of magnitude and phase spectrograms separately. The proposed method is compared to audio coding standards and relatively new deep learning based approach for RIR generation (Neural Acoustic Fields - NAF). Experimental results show that the proposed decomposition of attributes and network training is effective in generating high quality impulse responses, reduce storage requirements, fast and can be used to generate IRs in multiple rooms of different shapes.  ",
          "strengths_and_weaknesses": "Strengths:\n1. The idea of decomposing RIR attributes separately for room and source/receiver locations is very interesting. The idea of using Bounce points and the three modules to capture interaction of emitter with the room (bounce points), propagation from bounce points, and receiver with bounce points is also very interesting. \n\nWeakness:\n1. The paper is not very easy to read. I believe the presentation can be greatly simplified. \n2. Goal of the paper is not crisply stated and is scattered throughout the paper. \n3. Purpose of comparing with Audio coding standards is completely lost on the reader. \n4. Abstract is not very informative. \n5. Generalization experiments are a misnomer. Those experiments are mostly multi-condition training than generalization.",
          "questions": "1. At a fundamental level, from the input-output specifications of the network it appears that the function that the network is trying to approximate is a one-to-many function as for a specified input - of emitter+receiver locations and bounce points, acoustic conditions can be changed by changing the reflection co-efficients of the walls. So are these networks trying to memorize a specific enclosure ? In this case it is not generalizable to other rooms with exact same geometry but with different reflection characteristics ?\n2. Would it be possible to assess the generalization capabilities of the network in the true sense by generating RIRs of unseen environments ?\n3. Was the point of comparing the proposed approach with AAC and Opus to say merely storing discrete IRs and interpolating will not help ? \n4. Generically stating 40-60 bounce points would suffice is not making sense to me. Is this not dependent on room geometry in general and size in particular ?\n5. in line 226, shouldn't \\alpha_k bea function of i ?\n6. In Fig 3, d_{b_{i}}^s is this a vector of distances or difference in position vectors. Dimesnions of these inputs should be clarified. Similarly for the gather modules. ",
          "limitations": "A few limitations are raised in Questions section. Based on authors' response I will edit this section at a later stage. ",
          "ethics_flag": "No",
          "ethics_review_area": [],
          "soundness": "2 fair",
          "presentation": "1 poor",
          "contribution": "2 fair",
          "code_of_conduct": "Yes"
        },
        "signatures": [
          "NeurIPS.cc/2022/Conference/Paper1483/Reviewer_ddeR"
        ],
        "readers": [
          "everyone"
        ],
        "nonreaders": [],
        "writers": [
          "NeurIPS.cc/2022/Conference",
          "NeurIPS.cc/2022/Conference/Paper1483/Reviewer_ddeR"
        ]
      },
      {
        "id": "pgWyXofd5jL",
        "original": null,
        "number": 3,
        "cdate": 1657622701430,
        "mdate": null,
        "ddate": null,
        "tcdate": 1657622701430,
        "tmdate": 1659614880728,
        "tddate": null,
        "forum": "7KBzV5IL7W",
        "replyto": "7KBzV5IL7W",
        "invitation": "NeurIPS.cc/2022/Conference/Paper1483/-/Official_Review",
        "content": {
          "rating": "8: Strong Accept: Technically strong paper, with novel ideas, excellent impact on at least one area, or high-to-excellent impact on multiple areas, with excellent evaluation, resources, and reproducibility, and no unaddressed ethical considerations.",
          "confidence": "5: You are absolutely certain about your assessment. You are very familiar with the related work and checked the math/other details carefully.",
          "summary": "Sound in a 3D scene depends on the emitter position and the listener position. The spatial acoustic information of the scene is important for having an immersive experience during scene modeling wherein how sounds from a particular location in a scene are perceived in another location in the scene. The authors designed INRAS: implicit neural representation for audio scenes as a way to model the spatial information. Given a geometry of the scene, emitter and listener positions, INRAS learns the Binaural impulse response which is combined with the source sound to render the spatial sound.  The INRAS system has two main components where the first component learns the audio scenes feature decomposition through the scatter, bounce, and gather module. Here the bounce point is any point in the surface of the geometry environment from which the sound can bounce from the emitter to the listener. The second component is the listener module that combines the decomposed feature representation from scenes by fusing the three components via concatenation of the features associated with each bounce point b to predict the Spatial Binaural impulse responses taking into account the head orientation and the location of the left/right ear for the listener.  \n\nThe disentangling of the feature representation in the first stage into scatter, bounce, and gather modules allows the model to generalize to multiple scenes with few trainable parameters. The proposed INRAS method outperformed the existing approaches on all the metrics of audio rendering and has greatly improved the inference, speed, and storage requirements since the model require less than 3 Mb of storage capacity with almost a 4-fold improvement in inference speed. Additionally, the authors provide evidence on why the three stages are necessary such as the removal of the bounce module eliminates the static scene feature impairing performance. ",
          "strengths_and_weaknesses": "The paper provides a good description of the related works and clarifies how the INRAS method is a light-weighted and efficient neural network module that can generate high fidelity spatial impulse response at the arbitrary emitter and listener positions. \n\nStrengths:\nThe model is a lightweight and efficient neural network that produces spatial impulse responses at arbitrary emitter-listener positions. INRAS is capable of modeling continuous implicit function which maps the corresponding time-domain directional and binaural impulse responses of the sound field. \n\nThe training step leverages the fact that the geometry of the scene is static and thus it is possible to learn reusable scene-dependent feature representations which can be associated with the emitter and the listener. The design of the two-stage approach to first generate independent scene geometric features and then during the second stage fuse the features to generate a binaural impulse response is a novel and logical step in building such an acoustic representation.  \n\nThe approach generalizes to multiple scenes as the emitter and listener is made aware of scene geometry via the computation of the relative distance to bounce points in the scatter and gather modules. Here the bounce module will provide a static scene-dependent feature representation. The co-ordinate space of multiple scenes is normalized and the bounce points are collected from the different scenes to achieve generalization as the emitter and listener can realize the scene they are a part of. \n\nEvaluation metrics cover the three aspects such as impulse response quality, storage requirements, and inference speed and on all three metrics the approach outperforms the NAF method. The model has a significantly lower C50 error and has a third of the parameters with less than 3 Mb required to store the model and a 4 fold improvement in inference speed due to the smaller size. Additionally, the method outperforms all other relevant approaches when it comes to generalizing to multiple scenes leading to significant improvement in terms of SNR and PSNR for INRAS system. \n\nThe paper is well written and organized with no/few grammatical errors and the supplementary section provides necessary information complementing the main paper. \n\nWeakness: \nThe approach is dependent on the data and availability of the training data for any given number of scenes and thus limited in terms of scaling the system to any scenario. \n\nThe choice of the bounce points is important as the authors show that when bounce points are chosen with missing some of the boundaries the performance reduces for the INRAS representation as the T60 error and the C50 error increase. This raises the question on what would happen to model performance in a situation where the complete boundaries of the 3D scene are not defined. \n",
          "questions": "Authors have performed experimentation with INRAS where the optimal number of bounce points mentioned in the paper is 40 to 60 and it is unclear how the authors arrived at this conclusion. Why would the performance of the system drop with the addition of the bounce points? Wouldn’t a system with 100 bounce points extracted from the mesh boundary that covers the geometry of the environment be better? \n\nHow would the modeling be changed/affected when the listener is placed in rooms of different sizes beyond the layouts that are covered in the Soundscapes dataset? How does the current approach take into account the number of obstacles in the room is unclear? ",
          "limitations": "The authors provide a limitation for their work where the boundary of the scene should be given as input to the INRAS system which I agree is a primary limitation. The above limitation is not a problem for scenes with 3D models where the boundary can be inferred if not given but the scenes without any geometry and recorded impulse response. The INRAS method would not work in these situations since the bounce points will be impossible to define in situations with unknown geometry.  The method is dependent on the availability of datasets such as SoundScapes which imply the need for INRAS to have a sufficient amount of training data to learn a reasonable acoustic representation of a given scene. This type of data collection is a problem in the case of real-world situations where a large number of impulse responses will be required for INRAS to work. \n\nWith regard to the negative societal impact, the authors highlight a concern where rendered spatial audio can be used to manipulate the original nonspatial sound and create a non-authentic impression of the audio requiring the need for an additional authentication step on the output of INRAS preventing the unethical or illegal use. \n\nAnother concern that I think authors need to consider is whether it is possible to deduce the environment in which the listener is seated where the malicious user may only require the need of spatial sound - the output of INRAS. ",
          "ethics_flag": "No",
          "ethics_review_area": [],
          "soundness": "4 excellent",
          "presentation": "3 good",
          "contribution": "4 excellent",
          "code_of_conduct": "Yes"
        },
        "signatures": [
          "NeurIPS.cc/2022/Conference/Paper1483/Reviewer_6t7L"
        ],
        "readers": [
          "everyone"
        ],
        "nonreaders": [],
        "writers": [
          "NeurIPS.cc/2022/Conference",
          "NeurIPS.cc/2022/Conference/Paper1483/Reviewer_6t7L"
        ]
      },
      {
        "id": "IPFltV9q71E",
        "original": null,
        "number": 1,
        "cdate": 1661623312364,
        "mdate": null,
        "ddate": null,
        "tcdate": 1661623312364,
        "tmdate": 1661623312364,
        "tddate": null,
        "forum": "7KBzV5IL7W",
        "replyto": "7KBzV5IL7W",
        "invitation": "NeurIPS.cc/2022/Conference/Paper1483/-/Meta_Review",
        "content": {
          "metareview": "This is a technically good paper, with some flaws. Parts of the paper are hard to read.   Several questions remain, e.g. how to determine the optimal number and location of bouncepoints, and how they depend on room layout and content.\n\nThe motivation behind some of the comparisons, e.g. to AACs is unclear.\n\nRegardless, the overall paper presents a well-defined novel idea, and represent a significant contribution.  The authors have also addressed most of the reviewers' comments satisfactorily.\n\nI am recommending that the paper be accepted. \n\n",
          "recommendation": "Accept",
          "confidence": "Certain",
          "award": "No"
        },
        "signatures": [
          "NeurIPS.cc/2022/Conference/Paper1483/Area_Chair_sXAG"
        ],
        "readers": [
          "everyone"
        ],
        "nonreaders": [],
        "writers": [
          "NeurIPS.cc/2022/Conference/Program_Chairs",
          "NeurIPS.cc/2022/Conference/Paper1483/Area_Chairs"
        ],
        "pdate": null
      },
      {
        "id": "s0ubTar6IRd",
        "original": null,
        "number": 1,
        "cdate": 1663188441117,
        "mdate": null,
        "ddate": null,
        "tcdate": 1663188441117,
        "tmdate": 1663188441117,
        "tddate": null,
        "forum": "7KBzV5IL7W",
        "replyto": "7KBzV5IL7W",
        "invitation": "NeurIPS.cc/2022/Conference/Paper1483/-/Decision",
        "content": {
          "title": "Paper Decision",
          "decision": "Accept",
          "comment": ""
        },
        "signatures": [
          "NeurIPS.cc/2022/Conference/Program_Chairs"
        ],
        "readers": [
          "everyone"
        ],
        "nonreaders": [],
        "writers": [
          "NeurIPS.cc/2022/Conference/Program_Chairs"
        ]
      }
    ]
  }
}