{
  "id": "9PQ13zJ1HME",
  "original": "xqBR8iVSRJ9",
  "number": 8362,
  "cdate": 1652737652667,
  "mdate": null,
  "ddate": null,
  "tcdate": 1652737652667,
  "tmdate": 1673843442766,
  "tddate": null,
  "forum": "9PQ13zJ1HME",
  "replyto": null,
  "invitation": "NeurIPS.cc/2022/Conference/-/Blind_Submission",
  "content": {
    "title": "Retaining Knowledge for Learning with Dynamic Definition",
    "authorids": [
      "~Zichang_Liu1",
      "~Benjamin_Coleman1",
      "tz21@rice.edu",
      "~Anshumali_Shrivastava1"
    ],
    "authors": [
      "Zichang Liu",
      "Benjamin Coleman",
      "Tianyi Zhang",
      "Anshumali Shrivastava"
    ],
    "keywords": [],
    "abstract": "Machine learning models are often deployed in settings where they must be constantly updated in response to the changes in class definitions while retaining high accuracy on previously learned definitions. A classical use case is fraud detection, where new fraud schemes come one after another. While such an update can be accomplished by re-training on the complete data, the process is inefficient and prevents real-time and on-device learning. On the other hand, efficient methods that incrementally learn from new data often result in the forgetting of previously-learned knowledge. We define this problem as Learning with Dynamic Definition (LDD) and demonstrate that popular models, such as the Vision Transformer and Roberta, exhibit substantial forgetting of past definitions.  We present the first practical \nand provable solution to LDD. Our proposal is a hash-based sparsity model \\textit{RIDDLE} that solves evolving definitions by associating samples only to relevant parameters. We prove that our model is a universal function approximator and theoretically bounds the knowledge lost during the update process. On practical tasks with evolving class definition in vision and natural language processing, \\textit{RIDDLE} outperforms baselines by up to 30\\% on the original dataset while providing competitive accuracy on the update dataset.",
    "paperhash": "liu|retaining_knowledge_for_learning_with_dynamic_definition",
    "pdf": "/pdf/c983575ce3afd0adb4857b7eccf4cfb1eeb0601d.pdf",
    "supplementary_material": "/attachment/bc7c887de1bd020844c47ed1569d167d2c5e5df5.zip",
    "venue": "NeurIPS 2022 Accept",
    "venueid": "NeurIPS.cc/2022/Conference",
    "_bibtex": "@inproceedings{\nliu2022retaining,\ntitle={Retaining Knowledge for Learning with Dynamic Definition},\nauthor={Zichang Liu and Benjamin Coleman and Tianyi Zhang and Anshumali Shrivastava},\nbooktitle={Advances in Neural Information Processing Systems},\neditor={Alice H. Oh and Alekh Agarwal and Danielle Belgrave and Kyunghyun Cho},\nyear={2022},\nurl={https://openreview.net/forum?id=9PQ13zJ1HME}\n}",
    "TL;DR": "We propose a new model architecture for use in a dynamic learning setting that frequently appears in practice. We prove (theoretically and empirically) that our method outperforms existing techniques."
  },
  "signatures": [
    "NeurIPS.cc/2022/Conference"
  ],
  "readers": [
    "everyone"
  ],
  "nonreaders": [],
  "writers": [
    "NeurIPS.cc/2022/Conference"
  ],
  "tauthor": "OpenReview.net",
  "pdate": 1667239200000,
  "details": {
    "overwriting": [],
    "tags": [],
    "writable": false,
    "replyCount": 16,
    "directReplyCount": 7,
    "revisions": true,
    "replies": [
      {
        "id": "TQ6obTeT64",
        "original": null,
        "number": 1,
        "cdate": 1657476954019,
        "mdate": null,
        "ddate": null,
        "tcdate": 1657476954019,
        "tmdate": 1660100248035,
        "tddate": null,
        "forum": "9PQ13zJ1HME",
        "replyto": "9PQ13zJ1HME",
        "invitation": "NeurIPS.cc/2022/Conference/Paper8362/-/Official_Review",
        "content": {
          "rating": "6: Weak Accept: Technically solid, moderate-to-high impact paper, with no major concerns with respect to evaluation, resources, reproducibility, ethical considerations.",
          "confidence": "3: You are fairly confident in your assessment. It is possible that you did not understand some parts of the submission or that you are unfamiliar with some pieces of related work. Math/other details were not carefully checked.",
          "summary": "This paper formally defines the Learning with Dynamic Definition (LDD) problem and proposes an efficient solution, RIDDLE, to LDD. RIDDLE exploits locality-sensitive hash functions and works by assigning different sets of parameters to distinct inputs. The authors prove that RIDDLE is a universal function approximater. Theoretical analysis together with experiments on vision and NLP tasks demonstrate that RIDDLE can effectively alleviate catastrophic forgetting while achieving comparable performance with standard baseline models.",
          "strengths_and_weaknesses": "Strengths:\n1. The central topic, i.e., alleviating catastrophic forgetting, is a crucial problem that must be resolved for the realization of Artificial General Intelligence (AGI).\n2. The proposed RIDDLE model is novel, efficient, and elegant. In addition, RIDDLE may be viewed as a self-contained module that can be used together with other SOTA models.\n3. Both theoretical and empirical studies are included to demonstrate the effectiveness of the proposed model.\n4. The paper is generally well-written and easy to follow.\n\nWeaknesses:\n1. Missing discussion about the similarity function associated with the LSH functions in use, i.e., sparse projection-based LSH functions. Is K-L divergence the similarity function?\n2. Experiments only include deliberately designed tasks, e.g., predicting whether a person is allergic to the object in the image on the ImageNet dataset, rather than the standard classification task.\n3. Missing ablation study, for example, how do $L$ and $R$ affect the RIDDLE model?\n4. Some symbols are confusing, for example: between lines 157 and 158, what does $\\bar{c}$ mean in the formula for dynamic learning rate? and symbol $f_{S,h}(x_i)$ in Algorithm 1 is not explicitly defined.\n5. The description of experiment settings needs to be more clear. For example, according to the code, the pretrained models, e.g., ViT, are frozen during training. However, this is not mentioned in the main text; and It is not clear whether all the experiments are conducted using the dynamic learning rate.\n6. Several references to tables should be corrected, for example, Table 5.1 should be Table 1 (lines 264 and 275); and in line 291 it refers to Table 4 without mentioning that this table is in the supplementary material. \n\n",
          "questions": "\n1. In RIDDLE \"similar\" input data to use similar parameters in $S$.  This information is captured by the Counters $C$. It would be interesting to illustrate the $C$ matrix to see the pattern for different tasks. The pattern can help to show, for example, how much the update data differ from the original ones.\n2. How would different hash functions affect RIDDLE?\n3. What is the similarity function corresponding to the LSH function in use in RIDDLE?\n4. It would be desirable to see how RIDDLE performs on normal classification tasks?\n5. It would be desirable to include an ablation study to see, for example, how do $R$ and $L$ affect RIDDLE? Does the performance critically depend on the use of the dynamic learning rate $\\eta(c)$?\n6.  According to my understanding, RIDDLE can be dynamically extended, is this correct? For example, given a trained RIDDLE, one can increase $L$ and $R$ by smartly choosing a new hash function.\n\n",
          "limitations": "The paper briefly mentions a limitation of memory usage of RIDDLE (line 300). As far as I am concerned, the limitations also include\n* a lack of ablation study.\n* no experiment on standard classification tasks.\n* no discussion about the similarity function corresponding to the LSH function used in RIDDLE.",
          "ethics_flag": "No",
          "ethics_review_area": [],
          "soundness": "3 good",
          "presentation": "2 fair",
          "contribution": "3 good",
          "code_of_conduct": "Yes"
        },
        "signatures": [
          "NeurIPS.cc/2022/Conference/Paper8362/Reviewer_X2yQ"
        ],
        "readers": [
          "everyone"
        ],
        "nonreaders": [],
        "writers": [
          "NeurIPS.cc/2022/Conference",
          "NeurIPS.cc/2022/Conference/Paper8362/Reviewer_X2yQ"
        ]
      },
      {
        "id": "zAPaTuQLbcU",
        "original": null,
        "number": 2,
        "cdate": 1657572142513,
        "mdate": null,
        "ddate": null,
        "tcdate": 1657572142513,
        "tmdate": 1657572142513,
        "tddate": null,
        "forum": "9PQ13zJ1HME",
        "replyto": "9PQ13zJ1HME",
        "invitation": "NeurIPS.cc/2022/Conference/Paper8362/-/Official_Review",
        "content": {
          "rating": "6: Weak Accept: Technically solid, moderate-to-high impact paper, with no major concerns with respect to evaluation, resources, reproducibility, ethical considerations.",
          "confidence": "3: You are fairly confident in your assessment. It is possible that you did not understand some parts of the submission or that you are unfamiliar with some pieces of related work. Math/other details were not carefully checked.",
          "summary": "- This paper proposes RIDDLE, a model with novel parameters grouping strategy, to tackle the catastrophic forgetting problem. In this paper, the catastrophic forgetting problem is formulated as the data distribution deviations between the original and the new tasks. RIDDLE helps solve this problem by preserving the parameters that are mostly responsible for the original tasks. To be specific, RIDDLE leverages the local sensitive hash (LSH) function to map inputs to various indexes of a trainable matrix; its corresponding values are then averaged as the output of the model. Therefore, for different data distributions, LSH maps them to various indexes and utilizes the parameters from the different parts of the trainable array. Catastrophic forgetting is then prevented when the parameters responsible for original tasks are preserved. This paper theoretically shows RIDDLE can represent a large set of functions, and experimentally demonstrate how it mitigates catastrophic forgetting.\n\n- Contributions: (a) This paper proposes a novel parameters grouping strategy. (b) This paper demonstrates the proposed framework can be used for various functions. (c) This paper shows RIDDLE is effective in multiple experiments.",
          "strengths_and_weaknesses": "Strengths:\n- The idea of using different groups of parameters to tackle catastrophic forgetting is novel and reasonable. \n- The authors demonstrate RIDDLE can be used for multiple functions and multiple tasks. This means RIDDLE can potentially be a general way to solve catastrophic forgetting for many tasks in various scenarios, which could have a significant impact.\n\n\nWeakness:\n- Lack of discussion on how to determine the responsible parameters. Between lines 157 and 158, the authors discuss that frequently used parameters in original tasks should be responsible for the tasks and should not be updated, and the authors propose a soft learning rate to prevent these parameters from overly updating. The proposed updating rule seems complex and is influenced by hyperparameter \\alpha. How does the updating rule influence the performance in the experiment sections?\n\n- Lack of comparisons with other methods to prevent catastrophic forgetting. There are also other methods that effectively prevent catastrophic forgetting, while the authors do not compare with them. Instead, the authors just compare with the pre-trained models. Does RIDDLE demonstrate advantages over other methods that prevent forgetting (in terms of original /new task accuracy, efficiency, etc.)?\nA comparison with other methods (e.g. EWC from Overcoming catastrophic forgetting in neural networks, and CPG from Compacting, Picking and Growing for Unforgetting Continual Learning) could make this work more solid.\n\n- Lack of reasoning on replacing the last layer with RIDDLE. In the experiments, the last layer of models is replaced by RIDDLE framework. Why only the last layer is chosen? For example, RIDDLE can also be applied in the intermediate part of the model to connect two concatenate layers.\n",
          "questions": "Based on the previous potential weakness, the questions are summarized as follows:\n\n- The parameters updating rule: \n(1) When \\alpha is changing, would the model performance vary largely on original and new tasks? And would we need to search \\alpha for different tasks, or it is robust to most tasks? \n(2) Is this the only effective learning rate updating rule? The current updating rule seems complicated and less intuitive, and there can be some easier updating rules. For example, a simple updating rule can be using a pre-defined counting threshold $c_0$, where the parameters with frequency $c$ greater than $c_0$ will not be updated. How about the performance of those easier updating rules?\n\n- Comparisons with other methods (e.g. EWC from Overcoming catastrophic forgetting in neural networks, and CPG from Compacting, Picking and Growing for Unforgetting Continual Learning) to prevent catastrophic forgetting: Does RIDDLE demonstrate advantages over other meta-learning methods (in terms of original /new task accuracy, efficiency, etc.)?\n\n- Why only the last layer is replaced by RIDDLE? Specifically, what would be the performance and efficiency when the intermediate layers are also replaced by RIDDLE?",
          "limitations": "Yes. The authors have pointed out the potential limitation, and I agree with the authors that this work poses minimal negative social impact.",
          "ethics_flag": "No",
          "ethics_review_area": [],
          "soundness": "2 fair",
          "presentation": "2 fair",
          "contribution": "3 good",
          "code_of_conduct": "Yes"
        },
        "signatures": [
          "NeurIPS.cc/2022/Conference/Paper8362/Reviewer_gwhJ"
        ],
        "readers": [
          "everyone"
        ],
        "nonreaders": [],
        "writers": [
          "NeurIPS.cc/2022/Conference",
          "NeurIPS.cc/2022/Conference/Paper8362/Reviewer_gwhJ"
        ]
      },
      {
        "id": "pYo3sgJnm6z",
        "original": null,
        "number": 3,
        "cdate": 1657579326695,
        "mdate": null,
        "ddate": null,
        "tcdate": 1657579326695,
        "tmdate": 1657579326695,
        "tddate": null,
        "forum": "9PQ13zJ1HME",
        "replyto": "9PQ13zJ1HME",
        "invitation": "NeurIPS.cc/2022/Conference/Paper8362/-/Official_Review",
        "content": {
          "rating": "8: Strong Accept: Technically strong paper, with novel ideas, excellent impact on at least one area, or high-to-excellent impact on multiple areas, with excellent evaluation, resources, and reproducibility, and no unaddressed ethical considerations.",
          "confidence": "2: You are willing to defend your assessment, but it is quite likely that you did not understand the central parts of the submission or that you are unfamiliar with some pieces of related work. Math/other details were not carefully checked.",
          "summary": "The paper tackles the problem of learning from new data without forgetting previously known knowledge. The authors term it Learning with Dynamic Definition (LDD). The proposed method is to hash the input and use the bucketing to associate it with the set of parameters used on it. The idea is that similar inputs will have similar associated parameters due to the hashing, so updates generated due to new inputs will likely not affect the irrelevant parameters much, thus preserving the knowledge. The authors prove that the model is a universal function approximator and theoretically bounds the knowledge lost. On many CV and NLP tasks, the authors find the method does better at retaining knowledge after the update process as evidenced by performance on the original dataset whilst also performing competitively on the new dataset. \n",
          "strengths_and_weaknesses": " Strength:\n- Relatively simple approach with good results.\n- Comprehensive description of each section, well written.\n- Results section and graphs are significantly impressive.\n\nWeakness:\n- I might be biased, but felt too reliant on LSH doing a good job?\n- Are the scores or gains statistically significant across multiple runs?\n\n",
          "questions": "- have you explored any big datasets, how does the tradeoff for memory vs performance look like for bigger datasets?",
          "limitations": "- Limitations have already been properly/adequately addressed. ",
          "ethics_flag": "No",
          "ethics_review_area": [],
          "soundness": "4 excellent",
          "presentation": "3 good",
          "contribution": "3 good",
          "code_of_conduct": "Yes"
        },
        "signatures": [
          "NeurIPS.cc/2022/Conference/Paper8362/Reviewer_u21g"
        ],
        "readers": [
          "everyone"
        ],
        "nonreaders": [],
        "writers": [
          "NeurIPS.cc/2022/Conference",
          "NeurIPS.cc/2022/Conference/Paper8362/Reviewer_u21g"
        ]
      },
      {
        "id": "ybJuvdI1Ms",
        "original": null,
        "number": 4,
        "cdate": 1657674157640,
        "mdate": null,
        "ddate": null,
        "tcdate": 1657674157640,
        "tmdate": 1659896697788,
        "tddate": null,
        "forum": "9PQ13zJ1HME",
        "replyto": "9PQ13zJ1HME",
        "invitation": "NeurIPS.cc/2022/Conference/Paper8362/-/Official_Review",
        "content": {
          "rating": "5: Borderline accept: Technically solid paper where reasons to accept outweigh reasons to reject, e.g., limited evaluation. Please use sparingly.",
          "confidence": "4: You are confident in your assessment, but not absolutely certain. It is unlikely, but not impossible, that you did not understand some parts of the submission or that you are unfamiliar with some pieces of related work.",
          "summary": "The authors propose a new model type, that they name RIDDLE, that they claim is a universal function approximator, and can outperform the performance of popular existing neural networks such as ViT and RoBERTa when it comes to catastrophic forgetting when learning on a new task. \n\nRIDDLE consists of a number of hash functions applied to the input sample, which then are aggregated as a means to choose a parameter partition to be used for the data point at hand. They claim that the hash functions are selected such that more similar data distributions are clustered together. \n\nThey benchmark their models against a number of neural networks and more traditional linear models and show that their model exceeds most models both on the source dataset and the update dataset accuracy.",
          "strengths_and_weaknesses": "Originality:\nThe idea itself seems quite novel, and puts a spin on the modern trends towards neural networks. It would be nice to see combinations of RIDDLE and existing NNs. \n\nQuality:\nThe quality of the writing itself is fair, but the clarity of the descriptions/figures that try to distil the model ideas are hard to parse and interpret. I'd recommend taking the time to rewrite those sections more clearly and to make better figures. Figures directly comparing RIDDLE to known models structurally would be a nice way to help readers transfer their existing knowledge on to RIDDLE.\n\nThe experimental quality is problematic, as it is lacking both in terms of reporting means and standard deviations over a variety of runs, and clearly stating the metrics reported. From line 269 I can guess that the accuracies reported are on the test set, but it should be stated more explicitly, as given the target problem and the novelty of the model, one could easily assume that the authors also compared training speeds etc somewhere and thus training accuracies would also make sense. More importantly, since RIDDLE is essentially a continual learning method that uses its own selective update mechanism, it would only be fair to compare RIDDLE with other existing selective update methods for NNs, elastic weight consolitation, usage of Fischer information as a way to select what parameters to update etc, to name a few, as well as the more classic ProtoNets, Matching Networks. There are also methods that combine static backbones and inner loop updateable components such as Self Critique and Adapt. Without any of these comparisons it's hard to know whether the work is significant in any way. \n\n\nClarity: \n\nWriting is overall OK but is also often clumsy in usage of acronyms such as CIFAR as Cifar, MNIST as Mnist -- more importantly: **The paper underplays the fact that RIDDLE is in fact using a large scale pretrained neural network as its backbone, using RIDDLE only in its last layers. ** I had to dig to find this, and found it at lines 243-246. Please make that more explicit, and rephrase writing that tries to make RIDDLE appear as something other than a neural network. I would be very keen to see how a fully RIDDLE'd model would perform when pretrained on the same dataset as the neural networks were that you used. \n\nAlso, there are no information on what optimizers and other such experimental hyperparameters mentioned. In my own work I have seen stark performance differences when fine tuning ViTs when the learning rate is not small enough. I suspect, based on the patterns in the figures of this paper that the learning rate was arbitrarily chosen or not received enough attention. \n\n\n\n\nSignificance: \n\nThe work can be significant for a continual learning context, but this is hard to tell as no comparisons were made with a lot of existing continual learning methods. ",
          "questions": "1. How does your model compare with neural network based methods that selectively choose what parameters to update, such as elastic weight consolidation, or literally using Fischer information or the gradients wrt loss as a means of generating a mask for what weights to update? There are douzens of continual learning methods that work in similar principles and at least some should be compared with your method.\n2. What is the optimizer and hyperparameters used? What about other training details like number of iterations and data augmentation strategies, as well as any regularization methods applied on the source and update dataset. The effect of these can be astounding. \n3. Figure: What accuracy is shown on the y axis? Test set of original dataset? Or training set?\n",
          "limitations": "I have already stated technical limitations, but have not noticed any negative societal impact potential from this work.",
          "ethics_flag": "No",
          "ethics_review_area": [
            "I don’t know"
          ],
          "soundness": "2 fair",
          "presentation": "2 fair",
          "contribution": "2 fair",
          "code_of_conduct": "Yes"
        },
        "signatures": [
          "NeurIPS.cc/2022/Conference/Paper8362/Reviewer_qrRt"
        ],
        "readers": [
          "everyone"
        ],
        "nonreaders": [],
        "writers": [
          "NeurIPS.cc/2022/Conference",
          "NeurIPS.cc/2022/Conference/Paper8362/Reviewer_qrRt"
        ]
      },
      {
        "id": "rn3ytEmODYo",
        "original": null,
        "number": 1,
        "cdate": 1659423674335,
        "mdate": null,
        "ddate": null,
        "tcdate": 1659423674335,
        "tmdate": 1659459130432,
        "tddate": null,
        "forum": "9PQ13zJ1HME",
        "replyto": "ybJuvdI1Ms",
        "invitation": "NeurIPS.cc/2022/Conference/Paper8362/-/Official_Comment",
        "content": {
          "title": " Reply to Review by Reviewer qrRt",
          "comment": "We thank the reviewer for the constructive and detailed suggestions! We appreciate your generous comments on the novelty and significance. We have carefully thought through your concern and made following changes to our manuscript (1) We include additional figure( Figure 2) to clarify how we use RIDDLE within neural networks. (2) We include additional comparison in Appendix( Table 4, Table 5) (2) We include hyperparameters and training details in Appendix. A.2 (3) We fix small things such as acronyms to be consistent.  Please see the following to address your questions.\n\n**Q1:  How does your model compare with neural network based methods that selectively choose what parameters to update, such as elastic weight consolidation,ProtoNets, Matching Networks?**\n\nThank you for suggesting additional baselines. Given the time limits, we have performed an experimental comparison with Elastic Weight Consolidation and summarized the results in the following table. We apply EWC on different network architectures, e.g. EWC-Resnet18 denotes for EWC applied to Resnet18. In each cell, left number is test accuracy on original test set, right number is test accuracy on update test set. We used Adam optimizer with lr 1e-4.  EWC is effective in improving the accuracy of the original dataset, however, we can still observe a large gap compared to RIDDLE. Also, we compared RIDDLE with the best case, retraining on all data from scratch in Table 4 . We observe only a small gap with retraining, especially on MNIST-binary, only 0.9% difference in accuracy. \n\n\nWe would like to note that some suggested baselines such as ProtoNets and Matching Networks are designed for few-shot/zero-shot classification settings, where a classifier must generalize to new classes given only a small number of examples of each new class. However, this paper considers a totally different setting.  We do not introduce new classes but instead dynamically update the definition associated with existing classes. \n\n\n||    Method    | **Trained on original dataset** | **Updated on update dataset**     |\n| :---| :---        |    :----:   |          ---: |\n|MNIST_Binary |   EWC-MLP    | 99.2  / 59.8    | 90.9/96.7   |\n|    | RIDDLE      | 99.2/60.2      | **98.3**/98.0 |\n|CIFAR10 |   EWC-Resnet18    | 92.0  / 71.8    | 75.9/83.9 |\n|    | EWC-Vit      | 91.3/75.5     | 84.5/90.5 |\n|    | RIDDLE      | 93.0/75.7      | **89.0**/90.9 |\n|ImageNet |   EWC-Resnet18    | 74.0  / 46.6    | 52.8/68.2 |\n|    | EWC-Vit      | 71.8/41.2     | 54.5/71.8 |\n|    | RIDDLE      | 74.3/45.8      | **67.1**/70.5 |\n|News |   EWC-RoBERTa    | 96.5  / 45.5    | 86.1/87.5 |\n|    | RIDDLE      | 96.6/54.6    | **89.7**/86.4 |\n\n**Q2:  What is the optimizer and hyperparameters used? What about other training details like number of iterations and data augmentation strategies, as well as any regularization methods applied on the source and update dataset.**\n\nThank you for the suggestion. We have updated the paper to include training and model hyperparameters. Please refer to Appendix A.2. For baselines, we followed standard hyperparameters and tuned to our best. \n\n**Q3: Figure: What accuracy is shown on the y axis? Test set of original dataset? Or a training set?**\n\nFigure1 y axis shows the accuracy on the test set of the original dataset, as written in line 266 and caption. \n"
        },
        "signatures": [
          "NeurIPS.cc/2022/Conference/Paper8362/Authors"
        ],
        "readers": [
          "everyone"
        ],
        "nonreaders": [],
        "writers": [
          "NeurIPS.cc/2022/Conference",
          "NeurIPS.cc/2022/Conference/Paper8362/Authors"
        ]
      },
      {
        "id": "Agc5vc7v1R",
        "original": null,
        "number": 2,
        "cdate": 1659423773233,
        "mdate": null,
        "ddate": null,
        "tcdate": 1659423773233,
        "tmdate": 1659423773233,
        "tddate": null,
        "forum": "9PQ13zJ1HME",
        "replyto": "pYo3sgJnm6z",
        "invitation": "NeurIPS.cc/2022/Conference/Paper8362/-/Official_Comment",
        "content": {
          "title": "Reply to Review by Reviewer u21g",
          "comment": "We thank the reviewer for the strong support of our work!  We appreciate your generous comments on our thorough theoretical & empirical analysis and simple & exact algorithm.\n\n**Q1: Too reliant on LSH doing a good job?**\n\nWe quantify the amount of information that is forgotten in Theorem 3.3, which is bounded by the kernel density estimate. LSH kernels are a well studied area with different LSH designed for various applications. We expect the loss to be small with a reasonable choice of LSH functions. \n\n**Q2: Have you explored any big datasets, how does the tradeoff for memory vs performance look like for bigger datasets?**\n\nGenerally, bigger datasets don’t necessarily lead to larger RIDDLE. Though an increase of $L$ could reduce the variance and potentially lead to a higher accuracy. SUSY in Table2 has over 5,000,000 data. RIDDLE’s memory size is around 0.4 MB while a similar performance neural network(5 layer MLP) is around 0.7MB. \n"
        },
        "signatures": [
          "NeurIPS.cc/2022/Conference/Paper8362/Authors"
        ],
        "readers": [
          "everyone"
        ],
        "nonreaders": [],
        "writers": [
          "NeurIPS.cc/2022/Conference",
          "NeurIPS.cc/2022/Conference/Paper8362/Authors"
        ]
      },
      {
        "id": "4h-F_Yd8TNw",
        "original": null,
        "number": 3,
        "cdate": 1659424747989,
        "mdate": null,
        "ddate": null,
        "tcdate": 1659424747989,
        "tmdate": 1659459115683,
        "tddate": null,
        "forum": "9PQ13zJ1HME",
        "replyto": "zAPaTuQLbcU",
        "invitation": "NeurIPS.cc/2022/Conference/Paper8362/-/Official_Comment",
        "content": {
          "title": "Reply to Review by Reviewer gwhJ",
          "comment": "Thanks for your encouragement in our novelty and significance! We appreciate your suggestions on our experiments, which have helped us improve the paper.\n\nQ1: The parameters updating rule: (1) When $\\alpha$ is changing, would the model performance vary largely on original and new tasks? And would we need to search $\\alpha$ for different tasks, or it is robust to most tasks? (2) Is this the only effective learning rate updating rule? The current updating rule seems complicated and less intuitive, and there can be some easier updating rules. \n\nWe agree that partition dependent learning rate rules could take many reasonable functions, as long as the learning rate is inversely proportional to the counts.  In our experiment, we actually set $\\alpha=0$ because $\\bar{c}$ provides a good relative indicator for less used parameters. The simplest form could be $\\eta(c) \\propto \\alpha / c$, and seems to provide reasonable performance on original test set after updating from the following table on MNIST-binary.  At the extreme case with static learning rate, RIDDLE still preserves reasonable performance on original distribution because of parameter seperation. There could be smarter/easier updating rules and we will leave it as future work. \n\n| |MLP |   Static learning rate   | $\\eta(c) \\propto \\alpha / c, \\alpha=5$    | $\\eta(c) \\propto \\alpha / c, \\alpha=10$ |\n| :---| :---| :---        |    :----:   |          ---: |\n|Accuracy on Orignal Testset|  69.1   | 94.9    | 94.7 | 93.3 |\n\n**Q2:  Does RIDDLE demonstrate advantages over other methods that prevent forgetting (in terms of original /new task accuracy, efficiency, etc.)? A comparison with other methods (e.g. EWC from Overcoming catastrophic forgetting in neural networks, and CPG from Compacting, Picking and Growing for Unforgetting Continual Learning) could make this work more solid.**\n\nThank you for suggesting additional baselines. We have include the additional result in Appendix (Table 4 and Table 5). Given the time limit, we have performed an experimental comparison with Elastic Weight Consolidation and summarized the results in the following. All numbers are test accuracy. We apply EWC on different network architectures, e.g. EWC-Resnet18 denotes for EWC applied to Resnet18. In each cell, left number is test accuracy on original test set, right number is test accuracy on update test set. EWC is effective in improving the accuracy of the original dataset, however, we can still observe a large gap compared to RIDDLE. Also, we compared RIDDLE with the best case, retraining on all data from scratch in Appendix Table 4 . We observe only a small gap with retraining, especially on MNIST-binary, only 0.9% difference in accuracy. \n\n\n||    Method    | **Trained on original dataset** | **Updated on update dataset**     |\n| :---| :---        |    :----:   |          ---: |\n|MNIST_Binary |   EWC-MLP    | 99.2  / 59.8    | 90.9/96.7   |\n|    | RIDDLE      | 99.2/60.2      | **98.3**/98.0 |\n|CIFAR10 |   EWC-Resnet18    | 92.0  / 71.8    | 75.9/83.9 |\n|    | EWC-Vit      | 91.3/75.5     | 84.5/90.5 |\n|    | RIDDLE      | 93.0/75.7      | **89.0**/90.9 |\n|ImageNet |   EWC-Resnet18    | 74.0  / 46.6    | 52.8/68.2 |\n|    | EWC-Vit      | 71.8/41.2     | 56.5/71.8 |\n|    | RIDDLE      | 74.3/45.8      | **67.1**/70.5 |\n|News |   EWC-RoBERTa    | 96.5  / 45.5    | 86.1/87,5 |\n|    | RIDDLE      | 96.6/54.6    | **89.7**/86.4 |\n\n**Q3: Lack of reasoning on replacing the last layer with RIDDLE. In the experiments, the last layer of models is replaced by RIDDLE framework. Why only the last layer is chosen? For example, RIDDLE can also be applied in the intermediate part of the model to connect two concatenate layers. Specifically, what would be the performance and efficiency when the intermediate layers are also replaced by RIDDLE?**\n\nWe chose the classification layer because pre-trained models are usually trained on a diverse dataset, thus, more robust to distribution shift, however, classification layers are usually randomly initialized and tuned for the task during finetuning, which makes it less robust to distribution shift. Thus, the last layer is a good place to start.  Also, if only using RIDDLE as the last layer could prevent forgetting, applying RIDDLE to multiple layers could further improve the performance. We think this explains why RIDDLE has the least drop in original accuracy on MNIST-binary. We leave using RIDDLE in the intermediate layer for future work.\n\n"
        },
        "signatures": [
          "NeurIPS.cc/2022/Conference/Paper8362/Authors"
        ],
        "readers": [
          "everyone"
        ],
        "nonreaders": [],
        "writers": [
          "NeurIPS.cc/2022/Conference",
          "NeurIPS.cc/2022/Conference/Paper8362/Authors"
        ]
      },
      {
        "id": "H9IZsEe2hlL",
        "original": null,
        "number": 4,
        "cdate": 1659425643579,
        "mdate": null,
        "ddate": null,
        "tcdate": 1659425643579,
        "tmdate": 1660102930558,
        "tddate": null,
        "forum": "9PQ13zJ1HME",
        "replyto": "TQ6obTeT64",
        "invitation": "NeurIPS.cc/2022/Conference/Paper8362/-/Official_Comment",
        "content": {
          "title": "Reply to Review by Reviewer X2yQ",
          "comment": "**Q1: In RIDDLE \"similar\" input data to use similar parameters in S. This information is captured by the Counters C. It would be interesting to illustrate the C matrix to see the pattern for different tasks. The pattern can help to show, for example, how much the update data differ from the original ones.**\n\nThanks for the suggestions. $C$ on  $D^o$ versus $C$ on $D^u$ could be a good visualization over distribution shift. As a toy example, we plot $C_o$ and $C_u$ on Mnist_binary with $R=32$. We randomly sample 3 rows as it is easier to visualize. For each comparison, top row is from $C_o$, bottom is from $C_u$.  We can observe the density difference. Please see Appendix Figure 4 since image is not allowed in the response.\n\n**Q2: How would different hash functions affect RIDDLE?**\n\nAll RIDDLE requires is that the LSH function takes the form of a positive semi-definite kernel, which includes MinHash for Jaccard similarity, p-stable LSH for Euclidean, SimHash for cosine similarity. Different LSH functions result in different partitioning of the space. This determines the types of shift to which RIDDLE is robust to. For example, because SimHash distinguishes inputs based on their angles, it will be robust to shifts along the surface of the unit sphere but not along the radius of the sphere. We refer the reader to relevant literature mentioned in Related Work for a detailed discussion on different LSH functions and their properties. \n\n**Q3: What is the similarity function corresponding to the LSH function in use in RIDDLE?**\nWe use SimHash in our experiment as angular differences tend to be relevant for the input embedding from the last hidden layer.  \n\n**Q3: It would be desirable to see how RIDDLE performs on normal classification tasks?**\nPlease see Table 2. We curated a diverse set of datasets from UCI and Kaggle. These datasets cover a wide range of tasks and domains and are widely used as benchmarks in other works. We compare it with popular linear methods and deep learning models. This comparison is used to show RIDDLE as a general function approximater. \n\n**Q4: It would be desirable to include an ablation study to see, for example, how do R and L affect RIDDLE? Does the performance critically depend on the use of the dynamic learning rate $\\eta(c)$?**\n\nWe include an ablation study on $R$ and $L$ in Appendix Table 6. Since RIDDLE associates different parameters with different input, dynamic learning rate is more of a back up step. From the following table regarding accuracy on MNIST-binary,  RIDDLE still preserves most performance on original distribution, even with static learning rate. \n||MLP |   Static learning rate  |\n| :---| :---| :---       |\n|Accuracy on Orignal Testset|  69.1/ 98.9   | 94.9 / 93.3  |\n\n**Q5: According to my understanding, RIDDLE can be dynamically extended, is this correct? For example, given a trained RIDDLE, one can increase L and  R by smartly choosing a new hash function.**\n\nThis is not something that we explored in the paper, but yes. One can append new rows, maybe even rows with different hash functions.  It is possible to use different LSH functions for different rows such that RIDDLE is sensitive to multiple similarities. Also, there is no constraint to make each row the same length L. \n\n\n\n\n"
        },
        "signatures": [
          "NeurIPS.cc/2022/Conference/Paper8362/Authors"
        ],
        "readers": [
          "everyone"
        ],
        "nonreaders": [],
        "writers": [
          "NeurIPS.cc/2022/Conference",
          "NeurIPS.cc/2022/Conference/Paper8362/Authors"
        ]
      },
      {
        "id": "5bm3p18RXt",
        "original": null,
        "number": 5,
        "cdate": 1659708417118,
        "mdate": null,
        "ddate": null,
        "tcdate": 1659708417118,
        "tmdate": 1659708417118,
        "tddate": null,
        "forum": "9PQ13zJ1HME",
        "replyto": "rn3ytEmODYo",
        "invitation": "NeurIPS.cc/2022/Conference/Paper8362/-/Official_Comment",
        "content": {
          "title": "Reply to Authors",
          "comment": "Thank you for providing EWC as an additional baseline. Yes, as you state it seems that RIDDLE outperforms it. \n\n>We would like to note that some suggested baselines such as ProtoNets and Matching Networks are designed for few-shot/zero-shot >classification settings, where a classifier must generalize to new classes given only a small number of examples of each new class. >However, this paper considers a totally different setting. We do not introduce new classes but instead dynamically update the definition >associated with existing classes.\n\nProtoNets and Matching Networks can be applied in continual settings as described in https://arxiv.org/abs/2004.11967, even when a class is continually overwritten. \n\nThank you for taking care of the rest of my points. \n\nMy main concern is that RIDDLE is still oversold as a replacement for neural networks when it relies on one in the backbone to do its job. Hence it feels like some overclaiming/distraction is taking place. \n\nFurthermore, there are methods far superior to EWC, say SCA (Self Critique and Adapt), which have not been compared to provide further comparisons with your method, so that more robust conclusions can be made. \n\nI will increase my rating, but in order to accept the paper, the overclaiming must be toned down, and RIDDLE clearly explained as a plug-and-play method on top of a learned representation (similar to how say ProtoNets use euclidean distance or MAML uses gradient-based meta-learning). Furthermore, additional comparisons with recent, and state-of-the-art continual learning methods is vital. "
        },
        "signatures": [
          "NeurIPS.cc/2022/Conference/Paper8362/Reviewer_qrRt"
        ],
        "readers": [
          "everyone"
        ],
        "nonreaders": [],
        "writers": [
          "NeurIPS.cc/2022/Conference",
          "NeurIPS.cc/2022/Conference/Paper8362/Reviewer_qrRt"
        ]
      },
      {
        "id": "HhxcFQMJBNer",
        "original": null,
        "number": 6,
        "cdate": 1659827752229,
        "mdate": null,
        "ddate": null,
        "tcdate": 1659827752229,
        "tmdate": 1659827752229,
        "tddate": null,
        "forum": "9PQ13zJ1HME",
        "replyto": "9PQ13zJ1HME",
        "invitation": "NeurIPS.cc/2022/Conference/Paper8362/-/Official_Comment",
        "content": {
          "title": "Please reply to rebuttals",
          "comment": "Dear Reviewers,\n\nThanks for your work reviewing this paper. There are only a few days left for discussing with the authors.\n\nPlease read the authors' rebuttals and **explain why you decided to keep your score as is or why you updated it.** (not just click on the \"acknowledge\" button).  It is very frustrating for authors to be completely ignored.\n\nHence, we urge you to read and reply ASAP.  \n\nThanks again,\n\nAC "
        },
        "signatures": [
          "NeurIPS.cc/2022/Conference/Paper8362/Area_Chair_RamJ"
        ],
        "readers": [
          "everyone"
        ],
        "nonreaders": [],
        "writers": [
          "NeurIPS.cc/2022/Conference",
          "NeurIPS.cc/2022/Conference/Paper8362/Area_Chair_RamJ"
        ]
      },
      {
        "id": "Jlpp78aZnGF",
        "original": null,
        "number": 7,
        "cdate": 1659884861369,
        "mdate": null,
        "ddate": null,
        "tcdate": 1659884861369,
        "tmdate": 1659884861369,
        "tddate": null,
        "forum": "9PQ13zJ1HME",
        "replyto": "4h-F_Yd8TNw",
        "invitation": "NeurIPS.cc/2022/Conference/Paper8362/-/Official_Comment",
        "content": {
          "title": "Thank you",
          "comment": "I would like to thank the authors for answering my questions! I would encourage the authors to continue to evaluate more baselines."
        },
        "signatures": [
          "NeurIPS.cc/2022/Conference/Paper8362/Reviewer_gwhJ"
        ],
        "readers": [
          "everyone"
        ],
        "nonreaders": [],
        "writers": [
          "NeurIPS.cc/2022/Conference",
          "NeurIPS.cc/2022/Conference/Paper8362/Reviewer_gwhJ"
        ]
      },
      {
        "id": "C5ta2fP8Ofx",
        "original": null,
        "number": 8,
        "cdate": 1660072868015,
        "mdate": null,
        "ddate": null,
        "tcdate": 1660072868015,
        "tmdate": 1660072879487,
        "tddate": null,
        "forum": "9PQ13zJ1HME",
        "replyto": "5bm3p18RXt",
        "invitation": "NeurIPS.cc/2022/Conference/Paper8362/-/Official_Comment",
        "content": {
          "title": "Reply to Additional Review by Reviewer qrRt ",
          "comment": "We appreciate your suggestions to make our paper more solid. \n\n**Q1: ProtoNets and Matching Networks can be applied in continual settings as described in https://arxiv.org/abs/2004.11967, even when a class is continually overwritten. Furthermore, there are methods far superior to EWC, say SCA (Self Critique and Adapt), which have not been compared to provide further comparisons with your method, so that more robust conclusions can be made.**\n\nThank you for the pointer. We have added few shot continue learning in Section 2 Related Work.\n\nBesides, based on your suggestion on further baselines, we were able to run MAML as additional baselines. (SCA requires more hypterparameters tuning and code adaptation, which we couldn’t finish given the time constraint.) We used AdamW optimizer with lr 1e-3. We can see RIDDLE outperform MAML with a significant margin.  \n \n||    Method    | **Trained on original dataset** | **Updated on update dataset**     |\n| :---| :---        |    :----:   |          ---: |\n|MNIST_Binary |    MAML-MLP    | 99.2/59.4   |  90.4/90.5 |\n|    | RIDDLE      | 99.2/60.2      | **98.3**/98.0 |\n|CIFAR10 |    MAML-Resnet18      | 93.0/72.5     | 80.8/84.0 |\n|    | RIDDLE      | 93.0/75.7      | **89.0**/90.9 |\n\n**Q2: My main concern is that RIDDLE is still oversold as a replacement for neural networks.**\n\nThank you for your comments regarding the positioning of the paper. We consider RIDDLE to be similar in representation capability to a one or two layer neural network. RIDDLE can solve simple tasks, such as MNIST, as a stand-alone model. For more complex tasks, RIDDLE needs to be combined with state of the art learned representations. \nWhile we did not intend to oversell RIDDLE as a replacement for deep neural networks, upon a second read through we agree that several claims can be toned down. We have made changes to  Section 1, Section 3.1 and Figure 2 to reflect the viewpoint from the previous paragraph. "
        },
        "signatures": [
          "NeurIPS.cc/2022/Conference/Paper8362/Authors"
        ],
        "readers": [
          "everyone"
        ],
        "nonreaders": [],
        "writers": [
          "NeurIPS.cc/2022/Conference",
          "NeurIPS.cc/2022/Conference/Paper8362/Authors"
        ]
      },
      {
        "id": "p1fjmxc34z",
        "original": null,
        "number": 9,
        "cdate": 1660100225766,
        "mdate": null,
        "ddate": null,
        "tcdate": 1660100225766,
        "tmdate": 1660100225766,
        "tddate": null,
        "forum": "9PQ13zJ1HME",
        "replyto": "H9IZsEe2hlL",
        "invitation": "NeurIPS.cc/2022/Conference/Paper8362/-/Official_Comment",
        "content": {
          "title": "Thank you",
          "comment": "Thanks for the detailed reply, and my concerns have been appropriately addressed.\n\nConsidering these responses and additional experiments from the replies to other reviewers, I would like to increase my score to 6.\n\nAt last, for the new results in your response to Q4, can you also show the performance with the static learning rate on the update dataset after updating? and, if possible, also include results on more datasets to comprehensively show how does $\\eta(c)$ affect RIDDLE?"
        },
        "signatures": [
          "NeurIPS.cc/2022/Conference/Paper8362/Reviewer_X2yQ"
        ],
        "readers": [
          "everyone"
        ],
        "nonreaders": [],
        "writers": [
          "NeurIPS.cc/2022/Conference",
          "NeurIPS.cc/2022/Conference/Paper8362/Reviewer_X2yQ"
        ]
      },
      {
        "id": "aVXJGfs5lK",
        "original": null,
        "number": 10,
        "cdate": 1660102915022,
        "mdate": null,
        "ddate": null,
        "tcdate": 1660102915022,
        "tmdate": 1660102915022,
        "tddate": null,
        "forum": "9PQ13zJ1HME",
        "replyto": "p1fjmxc34z",
        "invitation": "NeurIPS.cc/2022/Conference/Paper8362/-/Official_Comment",
        "content": {
          "title": "Reply to Reviewer X2yQ",
          "comment": "Thanks for the support. We are glad our response addresses your concerns.\n\nWe updated the previous response to include the accuracy on update dataset. In each cell, left number is test accuracy on original test set, right number is test accuracy on update test set. We will definitely include a more comprehensively ablation on $\\eta(c)$ investigating different form of $\\eta(c)$ on all datasets. "
        },
        "signatures": [
          "NeurIPS.cc/2022/Conference/Paper8362/Authors"
        ],
        "readers": [
          "everyone"
        ],
        "nonreaders": [],
        "writers": [
          "NeurIPS.cc/2022/Conference",
          "NeurIPS.cc/2022/Conference/Paper8362/Authors"
        ]
      },
      {
        "id": "ASpiFsOxeRQ",
        "original": null,
        "number": 1,
        "cdate": 1661550348098,
        "mdate": null,
        "ddate": null,
        "tcdate": 1661550348098,
        "tmdate": 1661550348098,
        "tddate": null,
        "forum": "9PQ13zJ1HME",
        "replyto": "9PQ13zJ1HME",
        "invitation": "NeurIPS.cc/2022/Conference/Paper8362/-/Meta_Review",
        "content": {
          "metareview": "This paper focuses on the problem of learning from new data without forgetting the knowledge from the previously learned tasks. The forgetting happens due to the parameter changes when training on new data. The author proposes RIDDLE, a model with novel parameters grouping strategy, to effectively preserve the parameters that are most responsible for the original tasks. The key idea is to leverage the local sensitive hash function to hash the input and use the bucketing to associate the input with the corresponding set of parameters. The authors conduct both theoretical and empirical analyses on the proposed method, demonstrating that RIDDLE effectively improves the performance on the original tasks, thus showing RIDDLE retains the learned knowledge. All reviewers recognize the novelty and significance of the proposed method. During the discussion, the authors also successfully addressed the reviewers' concerns on the performance comparisons with other baselines, hyperparameter settings, choice of hash functions, etc. Based on the reviews and thorough discussions, we recommend the acceptance of the paper.\n",
          "recommendation": "Accept",
          "confidence": "Certain",
          "award": "No"
        },
        "signatures": [
          "NeurIPS.cc/2022/Conference/Paper8362/Area_Chair_RamJ"
        ],
        "readers": [
          "everyone"
        ],
        "nonreaders": [],
        "writers": [
          "NeurIPS.cc/2022/Conference/Program_Chairs",
          "NeurIPS.cc/2022/Conference/Paper8362/Area_Chairs"
        ],
        "pdate": null
      },
      {
        "id": "j3w-rHKU1Y3",
        "original": null,
        "number": 1,
        "cdate": 1663188756549,
        "mdate": null,
        "ddate": null,
        "tcdate": 1663188756549,
        "tmdate": 1663188756549,
        "tddate": null,
        "forum": "9PQ13zJ1HME",
        "replyto": "9PQ13zJ1HME",
        "invitation": "NeurIPS.cc/2022/Conference/Paper8362/-/Decision",
        "content": {
          "title": "Paper Decision",
          "decision": "Accept",
          "comment": ""
        },
        "signatures": [
          "NeurIPS.cc/2022/Conference/Program_Chairs"
        ],
        "readers": [
          "everyone"
        ],
        "nonreaders": [],
        "writers": [
          "NeurIPS.cc/2022/Conference/Program_Chairs"
        ]
      }
    ],
    "directReplies": [
      {
        "id": "TQ6obTeT64",
        "original": null,
        "number": 1,
        "cdate": 1657476954019,
        "mdate": null,
        "ddate": null,
        "tcdate": 1657476954019,
        "tmdate": 1660100248035,
        "tddate": null,
        "forum": "9PQ13zJ1HME",
        "replyto": "9PQ13zJ1HME",
        "invitation": "NeurIPS.cc/2022/Conference/Paper8362/-/Official_Review",
        "content": {
          "rating": "6: Weak Accept: Technically solid, moderate-to-high impact paper, with no major concerns with respect to evaluation, resources, reproducibility, ethical considerations.",
          "confidence": "3: You are fairly confident in your assessment. It is possible that you did not understand some parts of the submission or that you are unfamiliar with some pieces of related work. Math/other details were not carefully checked.",
          "summary": "This paper formally defines the Learning with Dynamic Definition (LDD) problem and proposes an efficient solution, RIDDLE, to LDD. RIDDLE exploits locality-sensitive hash functions and works by assigning different sets of parameters to distinct inputs. The authors prove that RIDDLE is a universal function approximater. Theoretical analysis together with experiments on vision and NLP tasks demonstrate that RIDDLE can effectively alleviate catastrophic forgetting while achieving comparable performance with standard baseline models.",
          "strengths_and_weaknesses": "Strengths:\n1. The central topic, i.e., alleviating catastrophic forgetting, is a crucial problem that must be resolved for the realization of Artificial General Intelligence (AGI).\n2. The proposed RIDDLE model is novel, efficient, and elegant. In addition, RIDDLE may be viewed as a self-contained module that can be used together with other SOTA models.\n3. Both theoretical and empirical studies are included to demonstrate the effectiveness of the proposed model.\n4. The paper is generally well-written and easy to follow.\n\nWeaknesses:\n1. Missing discussion about the similarity function associated with the LSH functions in use, i.e., sparse projection-based LSH functions. Is K-L divergence the similarity function?\n2. Experiments only include deliberately designed tasks, e.g., predicting whether a person is allergic to the object in the image on the ImageNet dataset, rather than the standard classification task.\n3. Missing ablation study, for example, how do $L$ and $R$ affect the RIDDLE model?\n4. Some symbols are confusing, for example: between lines 157 and 158, what does $\\bar{c}$ mean in the formula for dynamic learning rate? and symbol $f_{S,h}(x_i)$ in Algorithm 1 is not explicitly defined.\n5. The description of experiment settings needs to be more clear. For example, according to the code, the pretrained models, e.g., ViT, are frozen during training. However, this is not mentioned in the main text; and It is not clear whether all the experiments are conducted using the dynamic learning rate.\n6. Several references to tables should be corrected, for example, Table 5.1 should be Table 1 (lines 264 and 275); and in line 291 it refers to Table 4 without mentioning that this table is in the supplementary material. \n\n",
          "questions": "\n1. In RIDDLE \"similar\" input data to use similar parameters in $S$.  This information is captured by the Counters $C$. It would be interesting to illustrate the $C$ matrix to see the pattern for different tasks. The pattern can help to show, for example, how much the update data differ from the original ones.\n2. How would different hash functions affect RIDDLE?\n3. What is the similarity function corresponding to the LSH function in use in RIDDLE?\n4. It would be desirable to see how RIDDLE performs on normal classification tasks?\n5. It would be desirable to include an ablation study to see, for example, how do $R$ and $L$ affect RIDDLE? Does the performance critically depend on the use of the dynamic learning rate $\\eta(c)$?\n6.  According to my understanding, RIDDLE can be dynamically extended, is this correct? For example, given a trained RIDDLE, one can increase $L$ and $R$ by smartly choosing a new hash function.\n\n",
          "limitations": "The paper briefly mentions a limitation of memory usage of RIDDLE (line 300). As far as I am concerned, the limitations also include\n* a lack of ablation study.\n* no experiment on standard classification tasks.\n* no discussion about the similarity function corresponding to the LSH function used in RIDDLE.",
          "ethics_flag": "No",
          "ethics_review_area": [],
          "soundness": "3 good",
          "presentation": "2 fair",
          "contribution": "3 good",
          "code_of_conduct": "Yes"
        },
        "signatures": [
          "NeurIPS.cc/2022/Conference/Paper8362/Reviewer_X2yQ"
        ],
        "readers": [
          "everyone"
        ],
        "nonreaders": [],
        "writers": [
          "NeurIPS.cc/2022/Conference",
          "NeurIPS.cc/2022/Conference/Paper8362/Reviewer_X2yQ"
        ]
      },
      {
        "id": "zAPaTuQLbcU",
        "original": null,
        "number": 2,
        "cdate": 1657572142513,
        "mdate": null,
        "ddate": null,
        "tcdate": 1657572142513,
        "tmdate": 1657572142513,
        "tddate": null,
        "forum": "9PQ13zJ1HME",
        "replyto": "9PQ13zJ1HME",
        "invitation": "NeurIPS.cc/2022/Conference/Paper8362/-/Official_Review",
        "content": {
          "rating": "6: Weak Accept: Technically solid, moderate-to-high impact paper, with no major concerns with respect to evaluation, resources, reproducibility, ethical considerations.",
          "confidence": "3: You are fairly confident in your assessment. It is possible that you did not understand some parts of the submission or that you are unfamiliar with some pieces of related work. Math/other details were not carefully checked.",
          "summary": "- This paper proposes RIDDLE, a model with novel parameters grouping strategy, to tackle the catastrophic forgetting problem. In this paper, the catastrophic forgetting problem is formulated as the data distribution deviations between the original and the new tasks. RIDDLE helps solve this problem by preserving the parameters that are mostly responsible for the original tasks. To be specific, RIDDLE leverages the local sensitive hash (LSH) function to map inputs to various indexes of a trainable matrix; its corresponding values are then averaged as the output of the model. Therefore, for different data distributions, LSH maps them to various indexes and utilizes the parameters from the different parts of the trainable array. Catastrophic forgetting is then prevented when the parameters responsible for original tasks are preserved. This paper theoretically shows RIDDLE can represent a large set of functions, and experimentally demonstrate how it mitigates catastrophic forgetting.\n\n- Contributions: (a) This paper proposes a novel parameters grouping strategy. (b) This paper demonstrates the proposed framework can be used for various functions. (c) This paper shows RIDDLE is effective in multiple experiments.",
          "strengths_and_weaknesses": "Strengths:\n- The idea of using different groups of parameters to tackle catastrophic forgetting is novel and reasonable. \n- The authors demonstrate RIDDLE can be used for multiple functions and multiple tasks. This means RIDDLE can potentially be a general way to solve catastrophic forgetting for many tasks in various scenarios, which could have a significant impact.\n\n\nWeakness:\n- Lack of discussion on how to determine the responsible parameters. Between lines 157 and 158, the authors discuss that frequently used parameters in original tasks should be responsible for the tasks and should not be updated, and the authors propose a soft learning rate to prevent these parameters from overly updating. The proposed updating rule seems complex and is influenced by hyperparameter \\alpha. How does the updating rule influence the performance in the experiment sections?\n\n- Lack of comparisons with other methods to prevent catastrophic forgetting. There are also other methods that effectively prevent catastrophic forgetting, while the authors do not compare with them. Instead, the authors just compare with the pre-trained models. Does RIDDLE demonstrate advantages over other methods that prevent forgetting (in terms of original /new task accuracy, efficiency, etc.)?\nA comparison with other methods (e.g. EWC from Overcoming catastrophic forgetting in neural networks, and CPG from Compacting, Picking and Growing for Unforgetting Continual Learning) could make this work more solid.\n\n- Lack of reasoning on replacing the last layer with RIDDLE. In the experiments, the last layer of models is replaced by RIDDLE framework. Why only the last layer is chosen? For example, RIDDLE can also be applied in the intermediate part of the model to connect two concatenate layers.\n",
          "questions": "Based on the previous potential weakness, the questions are summarized as follows:\n\n- The parameters updating rule: \n(1) When \\alpha is changing, would the model performance vary largely on original and new tasks? And would we need to search \\alpha for different tasks, or it is robust to most tasks? \n(2) Is this the only effective learning rate updating rule? The current updating rule seems complicated and less intuitive, and there can be some easier updating rules. For example, a simple updating rule can be using a pre-defined counting threshold $c_0$, where the parameters with frequency $c$ greater than $c_0$ will not be updated. How about the performance of those easier updating rules?\n\n- Comparisons with other methods (e.g. EWC from Overcoming catastrophic forgetting in neural networks, and CPG from Compacting, Picking and Growing for Unforgetting Continual Learning) to prevent catastrophic forgetting: Does RIDDLE demonstrate advantages over other meta-learning methods (in terms of original /new task accuracy, efficiency, etc.)?\n\n- Why only the last layer is replaced by RIDDLE? Specifically, what would be the performance and efficiency when the intermediate layers are also replaced by RIDDLE?",
          "limitations": "Yes. The authors have pointed out the potential limitation, and I agree with the authors that this work poses minimal negative social impact.",
          "ethics_flag": "No",
          "ethics_review_area": [],
          "soundness": "2 fair",
          "presentation": "2 fair",
          "contribution": "3 good",
          "code_of_conduct": "Yes"
        },
        "signatures": [
          "NeurIPS.cc/2022/Conference/Paper8362/Reviewer_gwhJ"
        ],
        "readers": [
          "everyone"
        ],
        "nonreaders": [],
        "writers": [
          "NeurIPS.cc/2022/Conference",
          "NeurIPS.cc/2022/Conference/Paper8362/Reviewer_gwhJ"
        ]
      },
      {
        "id": "pYo3sgJnm6z",
        "original": null,
        "number": 3,
        "cdate": 1657579326695,
        "mdate": null,
        "ddate": null,
        "tcdate": 1657579326695,
        "tmdate": 1657579326695,
        "tddate": null,
        "forum": "9PQ13zJ1HME",
        "replyto": "9PQ13zJ1HME",
        "invitation": "NeurIPS.cc/2022/Conference/Paper8362/-/Official_Review",
        "content": {
          "rating": "8: Strong Accept: Technically strong paper, with novel ideas, excellent impact on at least one area, or high-to-excellent impact on multiple areas, with excellent evaluation, resources, and reproducibility, and no unaddressed ethical considerations.",
          "confidence": "2: You are willing to defend your assessment, but it is quite likely that you did not understand the central parts of the submission or that you are unfamiliar with some pieces of related work. Math/other details were not carefully checked.",
          "summary": "The paper tackles the problem of learning from new data without forgetting previously known knowledge. The authors term it Learning with Dynamic Definition (LDD). The proposed method is to hash the input and use the bucketing to associate it with the set of parameters used on it. The idea is that similar inputs will have similar associated parameters due to the hashing, so updates generated due to new inputs will likely not affect the irrelevant parameters much, thus preserving the knowledge. The authors prove that the model is a universal function approximator and theoretically bounds the knowledge lost. On many CV and NLP tasks, the authors find the method does better at retaining knowledge after the update process as evidenced by performance on the original dataset whilst also performing competitively on the new dataset. \n",
          "strengths_and_weaknesses": " Strength:\n- Relatively simple approach with good results.\n- Comprehensive description of each section, well written.\n- Results section and graphs are significantly impressive.\n\nWeakness:\n- I might be biased, but felt too reliant on LSH doing a good job?\n- Are the scores or gains statistically significant across multiple runs?\n\n",
          "questions": "- have you explored any big datasets, how does the tradeoff for memory vs performance look like for bigger datasets?",
          "limitations": "- Limitations have already been properly/adequately addressed. ",
          "ethics_flag": "No",
          "ethics_review_area": [],
          "soundness": "4 excellent",
          "presentation": "3 good",
          "contribution": "3 good",
          "code_of_conduct": "Yes"
        },
        "signatures": [
          "NeurIPS.cc/2022/Conference/Paper8362/Reviewer_u21g"
        ],
        "readers": [
          "everyone"
        ],
        "nonreaders": [],
        "writers": [
          "NeurIPS.cc/2022/Conference",
          "NeurIPS.cc/2022/Conference/Paper8362/Reviewer_u21g"
        ]
      },
      {
        "id": "ybJuvdI1Ms",
        "original": null,
        "number": 4,
        "cdate": 1657674157640,
        "mdate": null,
        "ddate": null,
        "tcdate": 1657674157640,
        "tmdate": 1659896697788,
        "tddate": null,
        "forum": "9PQ13zJ1HME",
        "replyto": "9PQ13zJ1HME",
        "invitation": "NeurIPS.cc/2022/Conference/Paper8362/-/Official_Review",
        "content": {
          "rating": "5: Borderline accept: Technically solid paper where reasons to accept outweigh reasons to reject, e.g., limited evaluation. Please use sparingly.",
          "confidence": "4: You are confident in your assessment, but not absolutely certain. It is unlikely, but not impossible, that you did not understand some parts of the submission or that you are unfamiliar with some pieces of related work.",
          "summary": "The authors propose a new model type, that they name RIDDLE, that they claim is a universal function approximator, and can outperform the performance of popular existing neural networks such as ViT and RoBERTa when it comes to catastrophic forgetting when learning on a new task. \n\nRIDDLE consists of a number of hash functions applied to the input sample, which then are aggregated as a means to choose a parameter partition to be used for the data point at hand. They claim that the hash functions are selected such that more similar data distributions are clustered together. \n\nThey benchmark their models against a number of neural networks and more traditional linear models and show that their model exceeds most models both on the source dataset and the update dataset accuracy.",
          "strengths_and_weaknesses": "Originality:\nThe idea itself seems quite novel, and puts a spin on the modern trends towards neural networks. It would be nice to see combinations of RIDDLE and existing NNs. \n\nQuality:\nThe quality of the writing itself is fair, but the clarity of the descriptions/figures that try to distil the model ideas are hard to parse and interpret. I'd recommend taking the time to rewrite those sections more clearly and to make better figures. Figures directly comparing RIDDLE to known models structurally would be a nice way to help readers transfer their existing knowledge on to RIDDLE.\n\nThe experimental quality is problematic, as it is lacking both in terms of reporting means and standard deviations over a variety of runs, and clearly stating the metrics reported. From line 269 I can guess that the accuracies reported are on the test set, but it should be stated more explicitly, as given the target problem and the novelty of the model, one could easily assume that the authors also compared training speeds etc somewhere and thus training accuracies would also make sense. More importantly, since RIDDLE is essentially a continual learning method that uses its own selective update mechanism, it would only be fair to compare RIDDLE with other existing selective update methods for NNs, elastic weight consolitation, usage of Fischer information as a way to select what parameters to update etc, to name a few, as well as the more classic ProtoNets, Matching Networks. There are also methods that combine static backbones and inner loop updateable components such as Self Critique and Adapt. Without any of these comparisons it's hard to know whether the work is significant in any way. \n\n\nClarity: \n\nWriting is overall OK but is also often clumsy in usage of acronyms such as CIFAR as Cifar, MNIST as Mnist -- more importantly: **The paper underplays the fact that RIDDLE is in fact using a large scale pretrained neural network as its backbone, using RIDDLE only in its last layers. ** I had to dig to find this, and found it at lines 243-246. Please make that more explicit, and rephrase writing that tries to make RIDDLE appear as something other than a neural network. I would be very keen to see how a fully RIDDLE'd model would perform when pretrained on the same dataset as the neural networks were that you used. \n\nAlso, there are no information on what optimizers and other such experimental hyperparameters mentioned. In my own work I have seen stark performance differences when fine tuning ViTs when the learning rate is not small enough. I suspect, based on the patterns in the figures of this paper that the learning rate was arbitrarily chosen or not received enough attention. \n\n\n\n\nSignificance: \n\nThe work can be significant for a continual learning context, but this is hard to tell as no comparisons were made with a lot of existing continual learning methods. ",
          "questions": "1. How does your model compare with neural network based methods that selectively choose what parameters to update, such as elastic weight consolidation, or literally using Fischer information or the gradients wrt loss as a means of generating a mask for what weights to update? There are douzens of continual learning methods that work in similar principles and at least some should be compared with your method.\n2. What is the optimizer and hyperparameters used? What about other training details like number of iterations and data augmentation strategies, as well as any regularization methods applied on the source and update dataset. The effect of these can be astounding. \n3. Figure: What accuracy is shown on the y axis? Test set of original dataset? Or training set?\n",
          "limitations": "I have already stated technical limitations, but have not noticed any negative societal impact potential from this work.",
          "ethics_flag": "No",
          "ethics_review_area": [
            "I don’t know"
          ],
          "soundness": "2 fair",
          "presentation": "2 fair",
          "contribution": "2 fair",
          "code_of_conduct": "Yes"
        },
        "signatures": [
          "NeurIPS.cc/2022/Conference/Paper8362/Reviewer_qrRt"
        ],
        "readers": [
          "everyone"
        ],
        "nonreaders": [],
        "writers": [
          "NeurIPS.cc/2022/Conference",
          "NeurIPS.cc/2022/Conference/Paper8362/Reviewer_qrRt"
        ]
      },
      {
        "id": "HhxcFQMJBNer",
        "original": null,
        "number": 6,
        "cdate": 1659827752229,
        "mdate": null,
        "ddate": null,
        "tcdate": 1659827752229,
        "tmdate": 1659827752229,
        "tddate": null,
        "forum": "9PQ13zJ1HME",
        "replyto": "9PQ13zJ1HME",
        "invitation": "NeurIPS.cc/2022/Conference/Paper8362/-/Official_Comment",
        "content": {
          "title": "Please reply to rebuttals",
          "comment": "Dear Reviewers,\n\nThanks for your work reviewing this paper. There are only a few days left for discussing with the authors.\n\nPlease read the authors' rebuttals and **explain why you decided to keep your score as is or why you updated it.** (not just click on the \"acknowledge\" button).  It is very frustrating for authors to be completely ignored.\n\nHence, we urge you to read and reply ASAP.  \n\nThanks again,\n\nAC "
        },
        "signatures": [
          "NeurIPS.cc/2022/Conference/Paper8362/Area_Chair_RamJ"
        ],
        "readers": [
          "everyone"
        ],
        "nonreaders": [],
        "writers": [
          "NeurIPS.cc/2022/Conference",
          "NeurIPS.cc/2022/Conference/Paper8362/Area_Chair_RamJ"
        ]
      },
      {
        "id": "ASpiFsOxeRQ",
        "original": null,
        "number": 1,
        "cdate": 1661550348098,
        "mdate": null,
        "ddate": null,
        "tcdate": 1661550348098,
        "tmdate": 1661550348098,
        "tddate": null,
        "forum": "9PQ13zJ1HME",
        "replyto": "9PQ13zJ1HME",
        "invitation": "NeurIPS.cc/2022/Conference/Paper8362/-/Meta_Review",
        "content": {
          "metareview": "This paper focuses on the problem of learning from new data without forgetting the knowledge from the previously learned tasks. The forgetting happens due to the parameter changes when training on new data. The author proposes RIDDLE, a model with novel parameters grouping strategy, to effectively preserve the parameters that are most responsible for the original tasks. The key idea is to leverage the local sensitive hash function to hash the input and use the bucketing to associate the input with the corresponding set of parameters. The authors conduct both theoretical and empirical analyses on the proposed method, demonstrating that RIDDLE effectively improves the performance on the original tasks, thus showing RIDDLE retains the learned knowledge. All reviewers recognize the novelty and significance of the proposed method. During the discussion, the authors also successfully addressed the reviewers' concerns on the performance comparisons with other baselines, hyperparameter settings, choice of hash functions, etc. Based on the reviews and thorough discussions, we recommend the acceptance of the paper.\n",
          "recommendation": "Accept",
          "confidence": "Certain",
          "award": "No"
        },
        "signatures": [
          "NeurIPS.cc/2022/Conference/Paper8362/Area_Chair_RamJ"
        ],
        "readers": [
          "everyone"
        ],
        "nonreaders": [],
        "writers": [
          "NeurIPS.cc/2022/Conference/Program_Chairs",
          "NeurIPS.cc/2022/Conference/Paper8362/Area_Chairs"
        ],
        "pdate": null
      },
      {
        "id": "j3w-rHKU1Y3",
        "original": null,
        "number": 1,
        "cdate": 1663188756549,
        "mdate": null,
        "ddate": null,
        "tcdate": 1663188756549,
        "tmdate": 1663188756549,
        "tddate": null,
        "forum": "9PQ13zJ1HME",
        "replyto": "9PQ13zJ1HME",
        "invitation": "NeurIPS.cc/2022/Conference/Paper8362/-/Decision",
        "content": {
          "title": "Paper Decision",
          "decision": "Accept",
          "comment": ""
        },
        "signatures": [
          "NeurIPS.cc/2022/Conference/Program_Chairs"
        ],
        "readers": [
          "everyone"
        ],
        "nonreaders": [],
        "writers": [
          "NeurIPS.cc/2022/Conference/Program_Chairs"
        ]
      }
    ]
  }
}