{
  "id": "_iXQPM6AsQD",
  "original": "KJwIY8PQh5Y",
  "number": 4021,
  "cdate": 1652737443640,
  "mdate": null,
  "ddate": null,
  "tcdate": 1652737443640,
  "tmdate": 1673597191584,
  "tddate": null,
  "forum": "_iXQPM6AsQD",
  "replyto": null,
  "invitation": "NeurIPS.cc/2022/Conference/-/Blind_Submission",
  "content": {
    "title": "Could Giant Pre-trained Image Models Extract Universal Representations?",
    "authorids": [
      "~Yutong_Lin1",
      "~Ze_Liu1",
      "~Zheng_Zhang4",
      "~Han_Hu1",
      "~Nanning_Zheng1",
      "~Stephen_Lin1",
      "~Yue_Cao2"
    ],
    "authors": [
      "Yutong Lin",
      "Ze Liu",
      "Zheng Zhang",
      "Han Hu",
      "Nanning Zheng",
      "Stephen Lin",
      "Yue Cao"
    ],
    "keywords": [],
    "abstract": "Frozen pretrained models have become a viable alternative to the pretraining-then-finetuning paradigm for transfer learning. However, with frozen models there are relatively few parameters available for adapting to downstream tasks, which is problematic in computer vision where tasks vary significantly in input/output format and the type of information that is of value. In this paper, we present a study of frozen pretrained models when applied to diverse and representative computer vision tasks, including object detection, semantic segmentation and video action recognition. From this empirical analysis, our work answers the questions of what pretraining task fits best with this frozen setting, how to make the frozen setting more flexible to various downstream tasks, and the effect of larger model sizes. We additionally examine the upper bound of performance using a giant frozen pretrained model with 3 billion parameters (SwinV2-G) and find that it reaches competitive performance on a varied set of major benchmarks with only one shared frozen base network: 60.0 box mAP and 52.2 mask mAP on COCO object detection test-dev, 57.6 val mIoU on ADE20K semantic segmentation, and 81.7 top-1 accuracy on Kinetics-400 action recognition. With this work, we hope to bring greater attention to this promising path of freezing pretrained image models.",
    "paperhash": "lin|could_giant_pretrained_image_models_extract_universal_representations",
    "pdf": "/pdf/3be087c743e65a0c229cb50ae954ad48c98ff7bb.pdf",
    "supplementary_material": "/attachment/65d4ed805c51c034b801c58ba9109a5f448ee346.pdf",
    "venue": "NeurIPS 2022 Accept",
    "venueid": "NeurIPS.cc/2022/Conference",
    "_bibtex": "@inproceedings{\nlin2022could,\ntitle={Could Giant Pre-trained Image Models Extract Universal Representations?},\nauthor={Yutong Lin and Ze Liu and Zheng Zhang and Han Hu and Nanning Zheng and Stephen Lin and Yue Cao},\nbooktitle={Advances in Neural Information Processing Systems},\neditor={Alice H. Oh and Alekh Agarwal and Danielle Belgrave and Kyunghyun Cho},\nyear={2022},\nurl={https://openreview.net/forum?id=_iXQPM6AsQD}\n}"
  },
  "signatures": [
    "NeurIPS.cc/2022/Conference"
  ],
  "readers": [
    "everyone"
  ],
  "nonreaders": [],
  "writers": [
    "NeurIPS.cc/2022/Conference"
  ],
  "tauthor": "OpenReview.net",
  "pdate": 1667239200000,
  "details": {
    "overwriting": [],
    "tags": [],
    "writable": false,
    "replyCount": 14,
    "directReplyCount": 6,
    "revisions": true,
    "replies": [
      {
        "id": "5pJM3jGEC_b",
        "original": null,
        "number": 1,
        "cdate": 1657168572792,
        "mdate": null,
        "ddate": null,
        "tcdate": 1657168572792,
        "tmdate": 1657168572792,
        "tddate": null,
        "forum": "_iXQPM6AsQD",
        "replyto": "_iXQPM6AsQD",
        "invitation": "NeurIPS.cc/2022/Conference/Paper4021/-/Official_Review",
        "content": {
          "rating": "5: Borderline accept: Technically solid paper where reasons to accept outweigh reasons to reject, e.g., limited evaluation. Please use sparingly.",
          "confidence": "5: You are absolutely certain about your assessment. You are very familiar with the related work and checked the math/other details carefully.",
          "summary": "Authors present a relatively comprehensive study of how far frozen pre-trained models can get us for multiple downstream computer vision tasks: object detection, semantic segmentation and action classification. They specifically explore 1) which pretraining task leads to most useful representations (out of supervised, self-supervised and masked image modeling, supervised on In22K is best); 2) How is the performance affected by adding more tunable parameters (it helps significantly, but less so for larger frozen models -- similar to trends observed for large language models) and 3) What is the best results one can achieve with a very large frozen model (Swin-V2-G, 3B parameters). They obtain some good results on all the 3 tasks considered.",
          "strengths_and_weaknesses": "## Strengths\n\n1. [Significance] Impressive results with a frozen backbone: The results reported without finetuning the backbone are quite impressive and to my knowledge not previously reported. For instance 79.6% on Kinetics-400 with a frame-level feature extractor + few temporal/global aggregation blocks is comparable to recent work like TimeSformer, which is finetuned end-to-end. However it is obtained by adding additional tunable parameters on top of the frozen model, so it's not clear how favorably it compares in training compute cost to full finetuning.\n\n2. [Clarity] The paper is well written and easy to follow. The sections are organized well and flow naturally, making the paper an easy and pleasant read.\n\n## Weaknesses\n\n1. [Novelty] The results aren't particularly novel: While they haven't been reported before to my knowledge and hence are interesting for the community to know, they aren't surprising or unexpected. ImageNet-22K models have been well known to generalize better to downstream task; and masked-image-modeling based models have not generalized well without full finetuning. Adding more tunable parameters is expected to improve performance. \n\n2. [Quality] Analysis of training speed/memory usage: What does training with frozen backbone enable? One important gain would be making state of the art models accessible to users with limited resources. However the paper doesn't show explicit comparison on this axis. How does the training time of frozen + tunable parameter models compare to finetuning the frozen model without tunable parameters? Does it lead to significant training time or GPU memory savings that enable SOTA models to be trained on very small GPUs? Or do the additional trainable parameters somewhat nullify the gains by freezing the backbone?\n\n3. [Clarity] Some parts of the model enhancements are not clear. What is the precise design of the \"global\" and \"temporal\" blocks added in Table 4? Also, how is the aggregation over the full video done?\n\n4. [Quality] Additional analysis: While the paper has decent amount of analysis, it is limited to Swin Transformer based architectures; similar analysis on ViTs would make the paper stronger. Also, the set of tasks is somewhat limited -- object detection and semantic segmentation are quite similar (and authors also observe similar trends for both). Paper's impact can be increased by adding few more computer vision tasks, such as vision-language tasks (VQA, captioning etc), 3D/RGBD recognition tasks etc.\n\n## Overall\nThe paper is generally well written and motivated. The results are interesting however not totally novel or surprising. More analysis of the computational savings would make future versions of the paper stronger. Hence, I am borderline, however leaning towards acceptance given the range of results shown across object detection, segmentation and video classification, with different sized Swin models etc.",
          "questions": "I would be interested in seeing more analysis on computational savings (i.e. training time and GPU memory) of adding additional tunable parameters on frozen backbone VS finetuning the frozen backbone. If that improves accessibility of SOTA models to users with limited resources, that would increase the significance of this work.",
          "limitations": "N/A",
          "ethics_flag": "No",
          "ethics_review_area": [],
          "soundness": "4 excellent",
          "presentation": "3 good",
          "contribution": "3 good",
          "code_of_conduct": "Yes"
        },
        "signatures": [
          "NeurIPS.cc/2022/Conference/Paper4021/Reviewer_Fp53"
        ],
        "readers": [
          "everyone"
        ],
        "nonreaders": [],
        "writers": [
          "NeurIPS.cc/2022/Conference",
          "NeurIPS.cc/2022/Conference/Paper4021/Reviewer_Fp53"
        ]
      },
      {
        "id": "A1sBSDPtWVw",
        "original": null,
        "number": 2,
        "cdate": 1657556158072,
        "mdate": null,
        "ddate": null,
        "tcdate": 1657556158072,
        "tmdate": 1657556158072,
        "tddate": null,
        "forum": "_iXQPM6AsQD",
        "replyto": "_iXQPM6AsQD",
        "invitation": "NeurIPS.cc/2022/Conference/Paper4021/-/Official_Review",
        "content": {
          "rating": "4: Borderline reject: Technically solid paper where reasons to reject, e.g., limited evaluation, outweigh reasons to accept, e.g., good evaluation. Please use sparingly.",
          "confidence": "4: You are confident in your assessment, but not absolutely certain. It is unlikely, but not impossible, that you did not understand some parts of the submission or that you are unfamiliar with some pieces of related work.",
          "summary": "This paper studies way to use large, pretrained image models for many different tasks. The approach pre-trained a swin transformer model using either supervised learning, contrastive learning or masked image modeling. This model is then frozen, and new layers are added and trained for the specific task. This paper finds that supervised pretraining transfers best and adding more layers for the finetuning is generally beneficial.",
          "strengths_and_weaknesses": "The paper is well written, clear and easy to follow. The topic is quite relevant as training large models is becoming common, and finding the right ways to use the pretrained models is quite important.\n\nHowever, there are a few weaknesses that should be addressed:\n\n(1)  Table 1 results are only on small-ish pretraining datasets of ImageNet-1k and -21k. This could be limiting, as a main benefit of the contrastive training, e.g., CLIP and ALIGN has come from the massive dataset sizes (e.g., hundreds of millions to billions). It has also been shown that large image transformer models (e.g., ViT) benefit more from large supervised pretraining (e.g., billions of samples). These observations make it hard to know if the results in table 1, Fig 4, table 5 will generalize, or if they are specific to this setting. For example, adding experiments using the CLIP pretrained model, to see how that scale of pretraining data effects the results.\n\n(2) The paper doesn't really propose anything new. It is a useful study, however, it is limited by the few settings compared. E.g., adding more layers and BiFPN for object detection, adding more layers for segmentation/action classification. These aren't especially interesting insights. One of the questions this paper sets out to address is:\n\"What is the key to making the frozen setting work well when the downstream tasks are significantly different from the pretraining task?\" \nAnd I don't think the current experiments really answer that question. Unless the key is simply adding more tuneable layers. Related to that, it would be interesting to compare adding trainable layers vs. making parts of the pre-trained model trainable. E.g., instead of adding 10 new layers, only add 1, but make the last 9 of the pre-trained model trainable.\n\nThere are many other options not explored in this work, which limits the insight gained from this work.\n\nOverall, the paper has limited originality and significance due to those weaknesses.",
          "questions": "Please address the weaknesses above. Specifically,\n\n(1) Will these results change with different pretraining data scales?\n(2) Are these methods really the key to using frozen image models? Are there other methods that could be better?\n(3) If this paper is trying to find the key to using frozen models, why are the results lower than finetuned? Is this an inherent limitation of using frozen models? Or has the method to properly utilize pretrained models not been found?",
          "limitations": "There was no impact section and the only limitations mentioned were that the approach does not perform as well as full finetuning.",
          "ethics_flag": "No",
          "ethics_review_area": [],
          "soundness": "3 good",
          "presentation": "4 excellent",
          "contribution": "2 fair",
          "code_of_conduct": "Yes"
        },
        "signatures": [
          "NeurIPS.cc/2022/Conference/Paper4021/Reviewer_RULo"
        ],
        "readers": [
          "everyone"
        ],
        "nonreaders": [],
        "writers": [
          "NeurIPS.cc/2022/Conference",
          "NeurIPS.cc/2022/Conference/Paper4021/Reviewer_RULo"
        ]
      },
      {
        "id": "Zn5LitvYKpc",
        "original": null,
        "number": 3,
        "cdate": 1657660814039,
        "mdate": null,
        "ddate": null,
        "tcdate": 1657660814039,
        "tmdate": 1657660814039,
        "tddate": null,
        "forum": "_iXQPM6AsQD",
        "replyto": "_iXQPM6AsQD",
        "invitation": "NeurIPS.cc/2022/Conference/Paper4021/-/Official_Review",
        "content": {
          "rating": "6: Weak Accept: Technically solid, moderate-to-high impact paper, with no major concerns with respect to evaluation, resources, reproducibility, ethical considerations.",
          "confidence": "4: You are confident in your assessment, but not absolutely certain. It is unlikely, but not impossible, that you did not understand some parts of the submission or that you are unfamiliar with some pieces of related work.",
          "summary": "The paper presents a comprehensive analysis of the use of pretrained image models for some major vision tasks. The paper shows the importance of well-placed tunable parameters to bridge the gap between frozen and finetuning settings, and presents an analysis of feature activation to further showcase this.",
          "strengths_and_weaknesses": "Strength\n* The paper presents an insightful analysis of the properties of frozen pretrained models for downstream tasks\n* On detection tasks, the gap between frozen model and finetuning is negligible, while the gap is still there for semantic segmentation and video action recognition.\n* The authors also analyze different sizes of base network and different pre-training strategy and report their properties on various downstream tasks. It’s interesting to larger models require less tunable parameter and achieve better performance without increasing trainable parameters.\n\nWeakness:\n* The results in Table 5 suggest that for some tasks frozen models are good enough (e.g. detection), but for others fine tuning still provides clear benefits (e.g. semantic segmentation, action recognition). It would be interesting to delve deeper into what causes the gap, e.g.  pretraining methods, model design, task itself, or specific dataset. For example, it’s interesting that the AP mask on COCO shows no gap between frozen vs full ft, but there’s a 2 point gap on ADE20K mIoU. I would expect the trend between AP mask and mIoU to be similar as both involve pixelwise localization. For video action recognition, I’m wondering if using a frozen model pretrained on videos (rather than images) would help bridge the gap with full ft.\n* It might be helpful to show the benefits of frozen models by comparing training time or resources used.\n* In Table 1, it may be interesting to add MAE (masked autoencoder) style self-supervised learning and see if that shows any difference between frozen and full ft.\n",
          "questions": "See weakness.\n",
          "limitations": "Not adequately. There's fairness risks around using frozen pretrained models depending on the datasets the frozen models are trained on.",
          "ethics_flag": "No",
          "ethics_review_area": [],
          "soundness": "3 good",
          "presentation": "3 good",
          "contribution": "3 good",
          "code_of_conduct": "Yes"
        },
        "signatures": [
          "NeurIPS.cc/2022/Conference/Paper4021/Reviewer_ynJ6"
        ],
        "readers": [
          "everyone"
        ],
        "nonreaders": [],
        "writers": [
          "NeurIPS.cc/2022/Conference",
          "NeurIPS.cc/2022/Conference/Paper4021/Reviewer_ynJ6"
        ]
      },
      {
        "id": "oA2ypPb1gg",
        "original": null,
        "number": 1,
        "cdate": 1659463421038,
        "mdate": null,
        "ddate": null,
        "tcdate": 1659463421038,
        "tmdate": 1659463421038,
        "tddate": null,
        "forum": "_iXQPM6AsQD",
        "replyto": "_iXQPM6AsQD",
        "invitation": "NeurIPS.cc/2022/Conference/Paper4021/-/Official_Comment",
        "content": {
          "title": "General Response to All Reviewers",
          "comment": "First, we sincerely thank the reviewers for their constructive feedback.\n\n**Q1 Analysis on ViTs**\n\nSince it is not very easy to apply ViT to various downstream tasks, such as object detection and semantic segmentation, we did not consider ViT for study at the beginning. But adding results of ViT is a good idea, so we conducted experiments with ViT-B on K400 video action recognition. Here, we test with five pretrained ViT-B models, including supervised pretraining on ImageNet-1K (SUP-1K), supervised pretraining on ImageNet-22K (SUP-22K), masked image modeling of MAE on ImageNet-1K (MAE-1K), masked video modeling of VideoMAE on Kinetics-400 (VideoMAE-K400) and vision-language pretraining of CLIP on 400M <image, text> pairs (CLIP-400M). \n\nFollowing the setting of Table 1 in the paper, we used a spatial-only transformer backbone and a linear head for K400 video action recognition. As shown in the following table, MAE and VideoMAE both perform poorly in the frozen setting, which is similar to SimMIM. This result could be foreseen as they share the masked image modeling paradigm. We can also observe that the CLIP model performs best and the SUP-22K model outperforms SUP-1K by a large margin, which indicates the substantial benefit that data scaling brings to the frozen setting.\n\n| Approach | Frozen (linear) | Full ft (linear) |\n|  --- | --- | --- |\nSUP-1K | 58.8 | 75.6|\nSUP-22K | 64.0 | 77.1 |\nMAE-1K | 28.3 | 73.9 |\nVideoMAE-K400 | 20.8 | 73.3 |\nCLIP-400M | 70.9 | 77.6 |\n\n**Q2 Speed/Memory analysis**\n\nWe carefully analyzed the training speed and memory usage of **the frozen backbone with additional tunable parameters** and **full finetuning** on COCO object detection, ADE20K semantic segmentation and K400 video action recognition using various sized models from SwinV2-T to SwinV2-G. As shown below, even with more trainable parameters in the head network, training with a frozen backbone can significantly improve speed and reduce memory cost, especially for large-scale models. Moreover, freezing the backbone reduces the memory consumption of a billion-level model to less than 32G, which makes it possible to run on regular GPUs, thus helping institutions with limited resources to take advantage of such large models. \n\n| Model | Batch Size | COCO Frozen (5x BiFPN) | COCO Full Ft. (FPN) |\n|  --- | --- | --- | --- |\nSwinV2-T | 16 | 0.44s / 9.74G | 0.46s / 9.78G |\nSwinV2-B | 16 | 0.50s / 10.38G | 0.65s / 17.29G |\nSwinV2-L | 16 | 0.57s / 10.56G | 0.84s / 25.81G |\nSwinV2-G | 8 | 1.2s / 31.05G | - / > 80G |\n\n\n| Model | Batch Size | ADE Frozen (6x Pixel Decoders) | ADE Full Ft. (1x Pixel Decoders) |\n|  --- | --- | --- | --- |\nSwinV2-T | 16 | 0.28s / 4.24G | 0.34s / 5.04G |\nSwinV2-B | 16 | 0.31s / 4.42G | 0.41s / 7.84G |\nSwinV2-L | 16 | 0.34s / 4.84G | 0.48s / 11.77G |\nSwinV2-G | 8 | 1.23s / 23.84G| 3.08s / 78.77G |\n\n\n| Model | Batch Size | K400 (4x Global Blocks) | K400 Full Ft. (Linear) |\n|  --- | --- | --- | --- |\nSwinV2-T | 64 | 0.31s / 10.43G | 0.51s / 15.87G |\nSwinV2-B | 64 | 0.52s / 13.46G | 0.96s / 31.47G |\nSwinV2-L | 32 | 0.45s / 12.80G | 0.78s / 27.05G |\nSwinV2-G | 16 |1.14s / 30.54G | - / > 80G |\n\n\n**Q3 Technical Novelty**\n\nThe main purpose of this paper is to design a feasible solution for frozen models on diverse computer vision tasks. For this less-studied problem, we conducted a careful empirical analysis on several key questions including what pretraining task fits best with this frozen setting, how to make the frozen setting more flexible to various downstream tasks, and the effect of larger model sizes. \n\nPlease note that adding more parameters when freezing the backbone is intuitive but not trivial. For example, for object detection, adding more parameters in FPN helps to bridge the gap, but adding in the head network does not. We provide further intuition that both the number of tunable and well-placed parameters is the key to making frozen settings work well.\n\nAlthough there may be other ways to handle this problem, our study provides a strong start with a simple, practical and feasible solution. With this work, we hope to bring greater attention to this promising direction of freezing pretrained image models."
        },
        "signatures": [
          "NeurIPS.cc/2022/Conference/Paper4021/Authors"
        ],
        "readers": [
          "everyone"
        ],
        "nonreaders": [],
        "writers": [
          "NeurIPS.cc/2022/Conference",
          "NeurIPS.cc/2022/Conference/Paper4021/Authors"
        ]
      },
      {
        "id": "rppWfLBpEQQ",
        "original": null,
        "number": 2,
        "cdate": 1659464052624,
        "mdate": null,
        "ddate": null,
        "tcdate": 1659464052624,
        "tmdate": 1659464052624,
        "tddate": null,
        "forum": "_iXQPM6AsQD",
        "replyto": "Zn5LitvYKpc",
        "invitation": "NeurIPS.cc/2022/Conference/Paper4021/-/Official_Comment",
        "content": {
          "title": "Response to Reviewer ynJ6",
          "comment": "Thanks for the valuable comments.\n\n**Q1 What causes the gap on ADE20K semantic segmentation and K400 video action recognition?**\n\nFor ADE20K semantic segmentation, we agree that it's somewhat strange that the trend of ADE20K is inconsistent with COCO. To verify whether this is related to the model architecture, we have also conducted a similar comparison using the UPerNet framework, as shown in Table 2 and Table 3 in the appendix. Surprisingly, the gap between the frozen setting and the full finetuning setting almost disappears. The reason behind this phenomenon may be that the pixel decoders and Transformer decoders used in Mask2Former are hard to optimize when they get deeper (models in both the frozen and the full finetuning setting will crash when the depth of pixel decoder is larger than 6), while the optimization issue doesn't exist in UPerNet.\n\nFor K400 video action recognition, the gap between the frozen and full finetuning settings is due to the pretraining task and dataset, and this can be significantly reduced by using a better pretrained model with a larger-scale dataset: -4.6 for Swin-B-1K vs. -2.1 for Swin-B-22K vs. 1.9 for ViT-B-CLIP-400M. Specifically, as shown below, when using the officially released *CLIP* pretrained ViT-B/16 model with a head network of 4x Global Blocks, the top-1 accuracy on K400 of the frozen setting is further improved over supervised pretraining with ImageNet-1K and 22K. Note that this frozen setting works even better than the full finetuning setting (79.9 vs. 78.0), which also demonstrates the benefit of freezing the backbone, that the model can better utilize the knowledge learned in pretraining while avoiding the forgetting and over-fitting issues.\n\n| Head Network   | Frozen acc@1 | Full Ft. acc@1 |\n|  --- | --- | --- |\nLinear | 70.9 | 77.6 |\n4x Global Blocks | 79.9 | 78.0 |\n\n**Q2 \"For video action recognition, I'm wondering if using a frozen model pretrained on videos (rather than images) would help bridge the gap with full ft.\"**\n\nWe adopted VideoMAE pretrained models to explore the effect of pretraining on videos. As VideoMAE used global attention in the backbone while the main results in our work used spatial attention, we report results with both types of attention. As shown in the following table, there is still a performance gap of -4.7 (73.7 vs. 78.4) between the frozen setting and the full finetuning. This may be caused by the pretraining task of masked video modeling, which has difficulty capturing high-level semantics.\nAlthough the VideoMAE pretraining does not bridge the gap, the results of CLIP models in **Q1** validate that the frozen setting with a strong pretrained model would even surpass the full finetuning. \n\n| Backbone Attention | Head Network   | Frozen acc@1 | Full Ft. acc@1 |\n|  --- | --- | --- | --- |\nSpatial | Linear |20.8 | 73.3 |\nSpatial | 4x Global Blocks | 69.7 | 76.8 |\nGlobal | Linear | 27.6 | 76.2 |\nGlobal | 4x Global Blocks | 73.7 | 78.4 |\n\n**Q3 It might be helpful to show the benefits of frozen models by comparing training time or resources used.**\n\nThanks for the great suggestion which helps us to improve this paper. We would like to refer the reviewer to the **Speed/Memory analysis** part of our general response. In the general response, we show that training with a frozen backbone can significantly improve speed and reduce memory cost and thus enabling more users with limited resources to take advantage of large models.\n\n**Q4 \"In Table 1, it may be interesting to add MAE (masked autoencoder) style self-supervised learning and see if that shows any difference between frozen and full ft.\"**\n\nAs MAE is originally developed with ViT, we compare it with other pretrained ViT models in the **Analysis on ViTs** of our general response. It is observed that MAE has low accuracy in the frozen setting, and this is very similar to SimMIM. This result may not be surprising, as MAE and SimMIM share the masked image modeling paradigm."
        },
        "signatures": [
          "NeurIPS.cc/2022/Conference/Paper4021/Authors"
        ],
        "readers": [
          "everyone"
        ],
        "nonreaders": [],
        "writers": [
          "NeurIPS.cc/2022/Conference",
          "NeurIPS.cc/2022/Conference/Paper4021/Authors"
        ]
      },
      {
        "id": "6xX6p-lHsyUP",
        "original": null,
        "number": 3,
        "cdate": 1659464514850,
        "mdate": null,
        "ddate": null,
        "tcdate": 1659464514850,
        "tmdate": 1659464514850,
        "tddate": null,
        "forum": "_iXQPM6AsQD",
        "replyto": "A1sBSDPtWVw",
        "invitation": "NeurIPS.cc/2022/Conference/Paper4021/-/Official_Comment",
        "content": {
          "title": "Response to Reviewer RULo",
          "comment": "Thanks for the valuable comments.\n\n**Q1 \"Will these results change with different pretraining data scales?\" \"For example, adding experiments using the CLIP pretrained model, to see how that scale of pretraining data effects the results.\"**\n\nCLIP is developed with ViT, and since careful modifications should be made for ViT to apply to various downstream tasks, such as object detection and semantic segmentation, we did not consider ViT for study at the beginning. As it is a great suggestion to use CLIP models, we have conducted an experiment on K400 video action recognition.\n\nAs shown below, when using the CLIP-400M pretrained ViT-B/16 model with a head network containing 4x Global Blocks, the top-1 accuracy on K400 of the frozen setting is even better than the full finetuning setting (79.9 vs. 78.0), which further demonstrates the benefit of freezing the backbone, that the model can better utilize the knowledge learned in pretraining while avoiding the forgetting problem.\n\n In addition, the performance gap between the frozen setting and full finetuning is significantly reduced by using a better pretrained model with a larger-scale dataset: -4.6 for Swin-B-1K vs. -2.1 for Swin-B-22K vs. 1.9 for ViT-B-CLIP-400M. This validates that our results in Table 1 and Table 5 could successfully generalize with larger data scales.\n\n|Head Network| Frozen acc@1 | Full Ft. acc@1 |\n|--- | --- | --- |\nLinear | 70.9 | 77.6 |\n4x Global Blocks | 79.9 | 78.0 |\n\n**Q2 \"Are these methods really the key to using frozen image models? Are there other methods that could be better?\" \"Related to that, it would be interesting to compare adding trainable layers vs. making parts of the pretrained model trainable. E.g., instead of adding 10 new layers, only add 1, but make the last 9 of the pretrained model trainable.\"**\n\nWe would like to first refer the reviewer to **Technical Novelty** of the general response. As discussed in the general response, this paper aims to provide a simple and feasible solution to the problem of using frozen pretrained models.  This problem is important but less-studied before. The simple solution of adding tunable and well-placed parameters is intuitive but not trivial. We hope it would be a good start for studies on frozen models.\n\nMoreover, we conduct experiments of partial finetuning with controlled trainable parameters, which has been mentioned by the reviewer.  Specifically, we experiment with three settings: finetuning the last block, finetuning the last layer, and finetuing the last layer and the last nine blocks of the penultimate layer, resulting in 33.3M / 45.9M / 76.5M tunable parameters.  As shown below, compared to partial finetuning, our solution is more efficient and effective, with fewer trainable parameters and better performance.\n\n| method | #param | Box mAP | Mask mAP |\n|  --- | --- | --- |--- |\n| Frozen backbone | 22.9M | 51.7 |45.5|\n| Finetune last block | 33.3M | 49.0 | 44.0 |\n| Finetune last layer | 45.9M | 49.3 | 44.2 |\n| Finetune last layer and last nine blocks of penultimate layer | 76.5M | 50.3 | 45.1 |\n| Full ft.| 109.2M | 51.9 |45.7|\n\n**Q3 \"If this paper is trying to find the key to using frozen models, why are the results lower than finetuned? Is this an inherent limitation of using frozen models? Or has the method to properly utilize pretrained models not been found?\"**\n\nPhilosophically speaking, the frozen model has unique advantages and disadvantages. \n\nFor the advantages:\n- It can avoid catastrophic forgetting, that is, completely retaining the information obtained from pretraining.\n- It can also alleviate over-fitting. As shown in Table 1 in the appendix, the frozen setting surpasses full finetuning on COCO when using 1\\% and 10\\% data.\n- It can also reduce the computation and memory overhead of full finetuning (as shown in the general response), making it affordable for low-resource institutions to use large models.\n- It can also reduce the overhead of serving models as we just need to serve a shared backbone to solve various vision problems.\n\nFor the disadvantages, the frozen setting is highly demanding on pretraining. If the pretraining procedure does not cover the main information of the downstream tasks, there may be a performance loss compared to finetuning, e.g., SUP-1K (-4.6) and SUP-22K (-2.1) on K400 video action recognition as shown in Table 5. But if the pretrained model is sufficient enough, then the performance gap of the frozen and full finetuning setting can be greatly reduced, e.g., CLIP-400M (+1.9) on K400, and SUP-22K (+0.2) on COCO object detection. \n"
        },
        "signatures": [
          "NeurIPS.cc/2022/Conference/Paper4021/Authors"
        ],
        "readers": [
          "everyone"
        ],
        "nonreaders": [],
        "writers": [
          "NeurIPS.cc/2022/Conference",
          "NeurIPS.cc/2022/Conference/Paper4021/Authors"
        ]
      },
      {
        "id": "3yWjJC6xgSw",
        "original": null,
        "number": 4,
        "cdate": 1659465002105,
        "mdate": null,
        "ddate": null,
        "tcdate": 1659465002105,
        "tmdate": 1659465002105,
        "tddate": null,
        "forum": "_iXQPM6AsQD",
        "replyto": "5pJM3jGEC_b",
        "invitation": "NeurIPS.cc/2022/Conference/Paper4021/-/Official_Comment",
        "content": {
          "title": "Response to Reviewer Fp53",
          "comment": "Thanks for the careful and valuable comments.\n\n**Q1 Novelty**\n\nWe would first refer the reviewer to the **Technical Novelty** in our general response. In the general response, we discuss that this paper aims to provide a simple and effective solution for the less-studied problem of the frozen models. The studies on different pretraining tasks, data scales, model sizes and adding tunable parameters are interesting to share with the community.\n\nPlease note that adding more tunable parameters is intuitive but not trivial. We provide further intuition that both the number of tunable and well-placed parameters is the key to making frozen settings work well. Moreover, we hope our work would serve as a strong start for studies on frozen models and would bring more attention to this promising topic. \n\n**Q2 Analysis of training speed/memory usage**\n\nWe have listed the detailed training speed and memory usage in the **Speed/Memory analysis** of the general response. Tables in the general response show that compared to full finetuning, adding tunable parameters to the frozen backbone would significantly improve speed and reduce memory cost. This would enable users with limited resources to leverage large SOTA models.\n\n**Q3 \"What is the precise design of the \"global\" and \"temporal\" blocks added in Table 4? Also, how is the aggregation over the full video done?\"**\n\n\"Global\" indicates we compute global attention with all tokens across different frames and 2D locations, e.g., TxHxW tokens for input with shape (T, H, W).\n\n\"Temporal\" indicates we only compute attention on the dimension \"T\", e.g., T tokens of different frames at the same 2D location (x, y) for input with shape (T, H, W).\n\nFor frozen models with linear heads, the aggregation is simply performed by an average pooling operation over all frames and spatial locations on top of the backbone. For frozen models with global blocks in the head network, aggregation can be achieved by global attention.\n\n**Q4 \"...similar analysis on ViTs would make the paper stronger.\"**\n\nThanks for this suggestion. We have added the ViT results on K400 video action recognition in the **Analysis on ViTs** of the general response. It is observed that results are similar to those using Swin. \n\n**Q5 \"Paper's impact can be increased by adding few more computer vision tasks, such as vision-language tasks (VQA, captioning, etc), 3D/RGBD recognition tasks, etc.\"**\n\nThanks for the suggestion. This is an interesting direction to explore, and we leave this as future work."
        },
        "signatures": [
          "NeurIPS.cc/2022/Conference/Paper4021/Authors"
        ],
        "readers": [
          "everyone"
        ],
        "nonreaders": [],
        "writers": [
          "NeurIPS.cc/2022/Conference",
          "NeurIPS.cc/2022/Conference/Paper4021/Authors"
        ]
      },
      {
        "id": "rlHsA_KHNza",
        "original": null,
        "number": 5,
        "cdate": 1659931496309,
        "mdate": null,
        "ddate": null,
        "tcdate": 1659931496309,
        "tmdate": 1659931496309,
        "tddate": null,
        "forum": "_iXQPM6AsQD",
        "replyto": "rppWfLBpEQQ",
        "invitation": "NeurIPS.cc/2022/Conference/Paper4021/-/Official_Comment",
        "content": {
          "title": "Response to author feedback",
          "comment": "The authors have addressed my questions well by showing the experiments on ADE20K, K400, MAE pretraining, and conducting studies on training time/resource. It's interesting to see in Q1 the gap between frozen and finetuned models can be bridged by pretraining on  a larger dataset. The studies in Table 2 and 3 of appendix also show that the decoder head matters to the gap between frozen/finetuned models. I'd recommend a score of 'accept' for this paper."
        },
        "signatures": [
          "NeurIPS.cc/2022/Conference/Paper4021/Reviewer_ynJ6"
        ],
        "readers": [
          "everyone"
        ],
        "nonreaders": [],
        "writers": [
          "NeurIPS.cc/2022/Conference",
          "NeurIPS.cc/2022/Conference/Paper4021/Reviewer_ynJ6"
        ]
      },
      {
        "id": "V5TtjoDMxex",
        "original": null,
        "number": 6,
        "cdate": 1660057416887,
        "mdate": null,
        "ddate": null,
        "tcdate": 1660057416887,
        "tmdate": 1660057416887,
        "tddate": null,
        "forum": "_iXQPM6AsQD",
        "replyto": "3yWjJC6xgSw",
        "invitation": "NeurIPS.cc/2022/Conference/Paper4021/-/Official_Comment",
        "content": {
          "title": "Rebuttal response",
          "comment": "I have looked through the authors' rebuttal. It's good to see that proposed approach leads to saving in train time/GPU memory, and also seems to generalize somewhat to ViTs. Authors should add the additional results into the final manuscript. I plan to keep my original rating."
        },
        "signatures": [
          "NeurIPS.cc/2022/Conference/Paper4021/Reviewer_Fp53"
        ],
        "readers": [
          "everyone"
        ],
        "nonreaders": [],
        "writers": [
          "NeurIPS.cc/2022/Conference",
          "NeurIPS.cc/2022/Conference/Paper4021/Reviewer_Fp53"
        ]
      },
      {
        "id": "u70Efa5UZS",
        "original": null,
        "number": 7,
        "cdate": 1660058457001,
        "mdate": null,
        "ddate": null,
        "tcdate": 1660058457001,
        "tmdate": 1660058457001,
        "tddate": null,
        "forum": "_iXQPM6AsQD",
        "replyto": "V5TtjoDMxex",
        "invitation": "NeurIPS.cc/2022/Conference/Paper4021/-/Official_Comment",
        "content": {
          "title": "Response to Reviewer Fp53",
          "comment": "Thanks a lot for helping us improve this paper. We would add the additional results and discussions accordingly in the revision."
        },
        "signatures": [
          "NeurIPS.cc/2022/Conference/Paper4021/Authors"
        ],
        "readers": [
          "everyone"
        ],
        "nonreaders": [],
        "writers": [
          "NeurIPS.cc/2022/Conference",
          "NeurIPS.cc/2022/Conference/Paper4021/Authors"
        ]
      },
      {
        "id": "fuola9hp4KV",
        "original": null,
        "number": 8,
        "cdate": 1660059083490,
        "mdate": null,
        "ddate": null,
        "tcdate": 1660059083490,
        "tmdate": 1660059083490,
        "tddate": null,
        "forum": "_iXQPM6AsQD",
        "replyto": "rlHsA_KHNza",
        "invitation": "NeurIPS.cc/2022/Conference/Paper4021/-/Official_Comment",
        "content": {
          "title": "Response to Reviewer ynJ6",
          "comment": "We sincerely thank the reviewer for the constructive comments, which help us improve the paper. We would add the results and discussions accordingly in our revision."
        },
        "signatures": [
          "NeurIPS.cc/2022/Conference/Paper4021/Authors"
        ],
        "readers": [
          "everyone"
        ],
        "nonreaders": [],
        "writers": [
          "NeurIPS.cc/2022/Conference",
          "NeurIPS.cc/2022/Conference/Paper4021/Authors"
        ]
      },
      {
        "id": "2_Ywy2vvMA",
        "original": null,
        "number": 9,
        "cdate": 1660135805475,
        "mdate": null,
        "ddate": null,
        "tcdate": 1660135805475,
        "tmdate": 1660135805475,
        "tddate": null,
        "forum": "_iXQPM6AsQD",
        "replyto": "6xX6p-lHsyUP",
        "invitation": "NeurIPS.cc/2022/Conference/Paper4021/-/Official_Comment",
        "content": {
          "title": "Response to Reviewer RULo",
          "comment": "Thank you again for your valuable and thoughtful comments. Do you have more comments or questions about this submission and our response? We can prepare answers or more results for them."
        },
        "signatures": [
          "NeurIPS.cc/2022/Conference/Paper4021/Authors"
        ],
        "readers": [
          "everyone"
        ],
        "nonreaders": [],
        "writers": [
          "NeurIPS.cc/2022/Conference",
          "NeurIPS.cc/2022/Conference/Paper4021/Authors"
        ]
      },
      {
        "id": "jJVtPFjrQJJ",
        "original": null,
        "number": 1,
        "cdate": 1660977324206,
        "mdate": null,
        "ddate": null,
        "tcdate": 1660977324206,
        "tmdate": 1660977324206,
        "tddate": null,
        "forum": "_iXQPM6AsQD",
        "replyto": "_iXQPM6AsQD",
        "invitation": "NeurIPS.cc/2022/Conference/Paper4021/-/Meta_Review",
        "content": {
          "metareview": "This paper presents a study of how well pre-trained and frozen large models work across several downstream computer vision tasks. The paper initially received mixed reviews with two of them being borderline accept and one borderline reject. The reviewers shared their concerns about the novelty of the investigation and its impact with some additional questions about the setup. The authors provided a rebuttal that addressed some of the reviewers' concerns. Two out of three reviewers updated their reviews in the post-rebuttal phase. Reviewers generally agree that the paper should be accepted but still have concerns regarding the novelty. Due to the comprehensive empirical analysis, AC recommends acceptance but suggests that the authors are urged to look at reviewers' feedback and incorporate their comments into the camera-ready.",
          "recommendation": "Accept",
          "confidence": "Less certain",
          "award": "No"
        },
        "signatures": [
          "NeurIPS.cc/2022/Conference/Paper4021/Area_Chair_YWAs"
        ],
        "readers": [
          "everyone"
        ],
        "nonreaders": [],
        "writers": [
          "NeurIPS.cc/2022/Conference/Program_Chairs",
          "NeurIPS.cc/2022/Conference/Paper4021/Area_Chairs"
        ],
        "pdate": null
      },
      {
        "id": "vgZIrx6sjWO",
        "original": null,
        "number": 1,
        "cdate": 1663188542369,
        "mdate": null,
        "ddate": null,
        "tcdate": 1663188542369,
        "tmdate": 1663188542369,
        "tddate": null,
        "forum": "_iXQPM6AsQD",
        "replyto": "_iXQPM6AsQD",
        "invitation": "NeurIPS.cc/2022/Conference/Paper4021/-/Decision",
        "content": {
          "title": "Paper Decision",
          "decision": "Accept",
          "comment": ""
        },
        "signatures": [
          "NeurIPS.cc/2022/Conference/Program_Chairs"
        ],
        "readers": [
          "everyone"
        ],
        "nonreaders": [],
        "writers": [
          "NeurIPS.cc/2022/Conference/Program_Chairs"
        ]
      }
    ],
    "directReplies": [
      {
        "id": "5pJM3jGEC_b",
        "original": null,
        "number": 1,
        "cdate": 1657168572792,
        "mdate": null,
        "ddate": null,
        "tcdate": 1657168572792,
        "tmdate": 1657168572792,
        "tddate": null,
        "forum": "_iXQPM6AsQD",
        "replyto": "_iXQPM6AsQD",
        "invitation": "NeurIPS.cc/2022/Conference/Paper4021/-/Official_Review",
        "content": {
          "rating": "5: Borderline accept: Technically solid paper where reasons to accept outweigh reasons to reject, e.g., limited evaluation. Please use sparingly.",
          "confidence": "5: You are absolutely certain about your assessment. You are very familiar with the related work and checked the math/other details carefully.",
          "summary": "Authors present a relatively comprehensive study of how far frozen pre-trained models can get us for multiple downstream computer vision tasks: object detection, semantic segmentation and action classification. They specifically explore 1) which pretraining task leads to most useful representations (out of supervised, self-supervised and masked image modeling, supervised on In22K is best); 2) How is the performance affected by adding more tunable parameters (it helps significantly, but less so for larger frozen models -- similar to trends observed for large language models) and 3) What is the best results one can achieve with a very large frozen model (Swin-V2-G, 3B parameters). They obtain some good results on all the 3 tasks considered.",
          "strengths_and_weaknesses": "## Strengths\n\n1. [Significance] Impressive results with a frozen backbone: The results reported without finetuning the backbone are quite impressive and to my knowledge not previously reported. For instance 79.6% on Kinetics-400 with a frame-level feature extractor + few temporal/global aggregation blocks is comparable to recent work like TimeSformer, which is finetuned end-to-end. However it is obtained by adding additional tunable parameters on top of the frozen model, so it's not clear how favorably it compares in training compute cost to full finetuning.\n\n2. [Clarity] The paper is well written and easy to follow. The sections are organized well and flow naturally, making the paper an easy and pleasant read.\n\n## Weaknesses\n\n1. [Novelty] The results aren't particularly novel: While they haven't been reported before to my knowledge and hence are interesting for the community to know, they aren't surprising or unexpected. ImageNet-22K models have been well known to generalize better to downstream task; and masked-image-modeling based models have not generalized well without full finetuning. Adding more tunable parameters is expected to improve performance. \n\n2. [Quality] Analysis of training speed/memory usage: What does training with frozen backbone enable? One important gain would be making state of the art models accessible to users with limited resources. However the paper doesn't show explicit comparison on this axis. How does the training time of frozen + tunable parameter models compare to finetuning the frozen model without tunable parameters? Does it lead to significant training time or GPU memory savings that enable SOTA models to be trained on very small GPUs? Or do the additional trainable parameters somewhat nullify the gains by freezing the backbone?\n\n3. [Clarity] Some parts of the model enhancements are not clear. What is the precise design of the \"global\" and \"temporal\" blocks added in Table 4? Also, how is the aggregation over the full video done?\n\n4. [Quality] Additional analysis: While the paper has decent amount of analysis, it is limited to Swin Transformer based architectures; similar analysis on ViTs would make the paper stronger. Also, the set of tasks is somewhat limited -- object detection and semantic segmentation are quite similar (and authors also observe similar trends for both). Paper's impact can be increased by adding few more computer vision tasks, such as vision-language tasks (VQA, captioning etc), 3D/RGBD recognition tasks etc.\n\n## Overall\nThe paper is generally well written and motivated. The results are interesting however not totally novel or surprising. More analysis of the computational savings would make future versions of the paper stronger. Hence, I am borderline, however leaning towards acceptance given the range of results shown across object detection, segmentation and video classification, with different sized Swin models etc.",
          "questions": "I would be interested in seeing more analysis on computational savings (i.e. training time and GPU memory) of adding additional tunable parameters on frozen backbone VS finetuning the frozen backbone. If that improves accessibility of SOTA models to users with limited resources, that would increase the significance of this work.",
          "limitations": "N/A",
          "ethics_flag": "No",
          "ethics_review_area": [],
          "soundness": "4 excellent",
          "presentation": "3 good",
          "contribution": "3 good",
          "code_of_conduct": "Yes"
        },
        "signatures": [
          "NeurIPS.cc/2022/Conference/Paper4021/Reviewer_Fp53"
        ],
        "readers": [
          "everyone"
        ],
        "nonreaders": [],
        "writers": [
          "NeurIPS.cc/2022/Conference",
          "NeurIPS.cc/2022/Conference/Paper4021/Reviewer_Fp53"
        ]
      },
      {
        "id": "A1sBSDPtWVw",
        "original": null,
        "number": 2,
        "cdate": 1657556158072,
        "mdate": null,
        "ddate": null,
        "tcdate": 1657556158072,
        "tmdate": 1657556158072,
        "tddate": null,
        "forum": "_iXQPM6AsQD",
        "replyto": "_iXQPM6AsQD",
        "invitation": "NeurIPS.cc/2022/Conference/Paper4021/-/Official_Review",
        "content": {
          "rating": "4: Borderline reject: Technically solid paper where reasons to reject, e.g., limited evaluation, outweigh reasons to accept, e.g., good evaluation. Please use sparingly.",
          "confidence": "4: You are confident in your assessment, but not absolutely certain. It is unlikely, but not impossible, that you did not understand some parts of the submission or that you are unfamiliar with some pieces of related work.",
          "summary": "This paper studies way to use large, pretrained image models for many different tasks. The approach pre-trained a swin transformer model using either supervised learning, contrastive learning or masked image modeling. This model is then frozen, and new layers are added and trained for the specific task. This paper finds that supervised pretraining transfers best and adding more layers for the finetuning is generally beneficial.",
          "strengths_and_weaknesses": "The paper is well written, clear and easy to follow. The topic is quite relevant as training large models is becoming common, and finding the right ways to use the pretrained models is quite important.\n\nHowever, there are a few weaknesses that should be addressed:\n\n(1)  Table 1 results are only on small-ish pretraining datasets of ImageNet-1k and -21k. This could be limiting, as a main benefit of the contrastive training, e.g., CLIP and ALIGN has come from the massive dataset sizes (e.g., hundreds of millions to billions). It has also been shown that large image transformer models (e.g., ViT) benefit more from large supervised pretraining (e.g., billions of samples). These observations make it hard to know if the results in table 1, Fig 4, table 5 will generalize, or if they are specific to this setting. For example, adding experiments using the CLIP pretrained model, to see how that scale of pretraining data effects the results.\n\n(2) The paper doesn't really propose anything new. It is a useful study, however, it is limited by the few settings compared. E.g., adding more layers and BiFPN for object detection, adding more layers for segmentation/action classification. These aren't especially interesting insights. One of the questions this paper sets out to address is:\n\"What is the key to making the frozen setting work well when the downstream tasks are significantly different from the pretraining task?\" \nAnd I don't think the current experiments really answer that question. Unless the key is simply adding more tuneable layers. Related to that, it would be interesting to compare adding trainable layers vs. making parts of the pre-trained model trainable. E.g., instead of adding 10 new layers, only add 1, but make the last 9 of the pre-trained model trainable.\n\nThere are many other options not explored in this work, which limits the insight gained from this work.\n\nOverall, the paper has limited originality and significance due to those weaknesses.",
          "questions": "Please address the weaknesses above. Specifically,\n\n(1) Will these results change with different pretraining data scales?\n(2) Are these methods really the key to using frozen image models? Are there other methods that could be better?\n(3) If this paper is trying to find the key to using frozen models, why are the results lower than finetuned? Is this an inherent limitation of using frozen models? Or has the method to properly utilize pretrained models not been found?",
          "limitations": "There was no impact section and the only limitations mentioned were that the approach does not perform as well as full finetuning.",
          "ethics_flag": "No",
          "ethics_review_area": [],
          "soundness": "3 good",
          "presentation": "4 excellent",
          "contribution": "2 fair",
          "code_of_conduct": "Yes"
        },
        "signatures": [
          "NeurIPS.cc/2022/Conference/Paper4021/Reviewer_RULo"
        ],
        "readers": [
          "everyone"
        ],
        "nonreaders": [],
        "writers": [
          "NeurIPS.cc/2022/Conference",
          "NeurIPS.cc/2022/Conference/Paper4021/Reviewer_RULo"
        ]
      },
      {
        "id": "Zn5LitvYKpc",
        "original": null,
        "number": 3,
        "cdate": 1657660814039,
        "mdate": null,
        "ddate": null,
        "tcdate": 1657660814039,
        "tmdate": 1657660814039,
        "tddate": null,
        "forum": "_iXQPM6AsQD",
        "replyto": "_iXQPM6AsQD",
        "invitation": "NeurIPS.cc/2022/Conference/Paper4021/-/Official_Review",
        "content": {
          "rating": "6: Weak Accept: Technically solid, moderate-to-high impact paper, with no major concerns with respect to evaluation, resources, reproducibility, ethical considerations.",
          "confidence": "4: You are confident in your assessment, but not absolutely certain. It is unlikely, but not impossible, that you did not understand some parts of the submission or that you are unfamiliar with some pieces of related work.",
          "summary": "The paper presents a comprehensive analysis of the use of pretrained image models for some major vision tasks. The paper shows the importance of well-placed tunable parameters to bridge the gap between frozen and finetuning settings, and presents an analysis of feature activation to further showcase this.",
          "strengths_and_weaknesses": "Strength\n* The paper presents an insightful analysis of the properties of frozen pretrained models for downstream tasks\n* On detection tasks, the gap between frozen model and finetuning is negligible, while the gap is still there for semantic segmentation and video action recognition.\n* The authors also analyze different sizes of base network and different pre-training strategy and report their properties on various downstream tasks. It’s interesting to larger models require less tunable parameter and achieve better performance without increasing trainable parameters.\n\nWeakness:\n* The results in Table 5 suggest that for some tasks frozen models are good enough (e.g. detection), but for others fine tuning still provides clear benefits (e.g. semantic segmentation, action recognition). It would be interesting to delve deeper into what causes the gap, e.g.  pretraining methods, model design, task itself, or specific dataset. For example, it’s interesting that the AP mask on COCO shows no gap between frozen vs full ft, but there’s a 2 point gap on ADE20K mIoU. I would expect the trend between AP mask and mIoU to be similar as both involve pixelwise localization. For video action recognition, I’m wondering if using a frozen model pretrained on videos (rather than images) would help bridge the gap with full ft.\n* It might be helpful to show the benefits of frozen models by comparing training time or resources used.\n* In Table 1, it may be interesting to add MAE (masked autoencoder) style self-supervised learning and see if that shows any difference between frozen and full ft.\n",
          "questions": "See weakness.\n",
          "limitations": "Not adequately. There's fairness risks around using frozen pretrained models depending on the datasets the frozen models are trained on.",
          "ethics_flag": "No",
          "ethics_review_area": [],
          "soundness": "3 good",
          "presentation": "3 good",
          "contribution": "3 good",
          "code_of_conduct": "Yes"
        },
        "signatures": [
          "NeurIPS.cc/2022/Conference/Paper4021/Reviewer_ynJ6"
        ],
        "readers": [
          "everyone"
        ],
        "nonreaders": [],
        "writers": [
          "NeurIPS.cc/2022/Conference",
          "NeurIPS.cc/2022/Conference/Paper4021/Reviewer_ynJ6"
        ]
      },
      {
        "id": "oA2ypPb1gg",
        "original": null,
        "number": 1,
        "cdate": 1659463421038,
        "mdate": null,
        "ddate": null,
        "tcdate": 1659463421038,
        "tmdate": 1659463421038,
        "tddate": null,
        "forum": "_iXQPM6AsQD",
        "replyto": "_iXQPM6AsQD",
        "invitation": "NeurIPS.cc/2022/Conference/Paper4021/-/Official_Comment",
        "content": {
          "title": "General Response to All Reviewers",
          "comment": "First, we sincerely thank the reviewers for their constructive feedback.\n\n**Q1 Analysis on ViTs**\n\nSince it is not very easy to apply ViT to various downstream tasks, such as object detection and semantic segmentation, we did not consider ViT for study at the beginning. But adding results of ViT is a good idea, so we conducted experiments with ViT-B on K400 video action recognition. Here, we test with five pretrained ViT-B models, including supervised pretraining on ImageNet-1K (SUP-1K), supervised pretraining on ImageNet-22K (SUP-22K), masked image modeling of MAE on ImageNet-1K (MAE-1K), masked video modeling of VideoMAE on Kinetics-400 (VideoMAE-K400) and vision-language pretraining of CLIP on 400M <image, text> pairs (CLIP-400M). \n\nFollowing the setting of Table 1 in the paper, we used a spatial-only transformer backbone and a linear head for K400 video action recognition. As shown in the following table, MAE and VideoMAE both perform poorly in the frozen setting, which is similar to SimMIM. This result could be foreseen as they share the masked image modeling paradigm. We can also observe that the CLIP model performs best and the SUP-22K model outperforms SUP-1K by a large margin, which indicates the substantial benefit that data scaling brings to the frozen setting.\n\n| Approach | Frozen (linear) | Full ft (linear) |\n|  --- | --- | --- |\nSUP-1K | 58.8 | 75.6|\nSUP-22K | 64.0 | 77.1 |\nMAE-1K | 28.3 | 73.9 |\nVideoMAE-K400 | 20.8 | 73.3 |\nCLIP-400M | 70.9 | 77.6 |\n\n**Q2 Speed/Memory analysis**\n\nWe carefully analyzed the training speed and memory usage of **the frozen backbone with additional tunable parameters** and **full finetuning** on COCO object detection, ADE20K semantic segmentation and K400 video action recognition using various sized models from SwinV2-T to SwinV2-G. As shown below, even with more trainable parameters in the head network, training with a frozen backbone can significantly improve speed and reduce memory cost, especially for large-scale models. Moreover, freezing the backbone reduces the memory consumption of a billion-level model to less than 32G, which makes it possible to run on regular GPUs, thus helping institutions with limited resources to take advantage of such large models. \n\n| Model | Batch Size | COCO Frozen (5x BiFPN) | COCO Full Ft. (FPN) |\n|  --- | --- | --- | --- |\nSwinV2-T | 16 | 0.44s / 9.74G | 0.46s / 9.78G |\nSwinV2-B | 16 | 0.50s / 10.38G | 0.65s / 17.29G |\nSwinV2-L | 16 | 0.57s / 10.56G | 0.84s / 25.81G |\nSwinV2-G | 8 | 1.2s / 31.05G | - / > 80G |\n\n\n| Model | Batch Size | ADE Frozen (6x Pixel Decoders) | ADE Full Ft. (1x Pixel Decoders) |\n|  --- | --- | --- | --- |\nSwinV2-T | 16 | 0.28s / 4.24G | 0.34s / 5.04G |\nSwinV2-B | 16 | 0.31s / 4.42G | 0.41s / 7.84G |\nSwinV2-L | 16 | 0.34s / 4.84G | 0.48s / 11.77G |\nSwinV2-G | 8 | 1.23s / 23.84G| 3.08s / 78.77G |\n\n\n| Model | Batch Size | K400 (4x Global Blocks) | K400 Full Ft. (Linear) |\n|  --- | --- | --- | --- |\nSwinV2-T | 64 | 0.31s / 10.43G | 0.51s / 15.87G |\nSwinV2-B | 64 | 0.52s / 13.46G | 0.96s / 31.47G |\nSwinV2-L | 32 | 0.45s / 12.80G | 0.78s / 27.05G |\nSwinV2-G | 16 |1.14s / 30.54G | - / > 80G |\n\n\n**Q3 Technical Novelty**\n\nThe main purpose of this paper is to design a feasible solution for frozen models on diverse computer vision tasks. For this less-studied problem, we conducted a careful empirical analysis on several key questions including what pretraining task fits best with this frozen setting, how to make the frozen setting more flexible to various downstream tasks, and the effect of larger model sizes. \n\nPlease note that adding more parameters when freezing the backbone is intuitive but not trivial. For example, for object detection, adding more parameters in FPN helps to bridge the gap, but adding in the head network does not. We provide further intuition that both the number of tunable and well-placed parameters is the key to making frozen settings work well.\n\nAlthough there may be other ways to handle this problem, our study provides a strong start with a simple, practical and feasible solution. With this work, we hope to bring greater attention to this promising direction of freezing pretrained image models."
        },
        "signatures": [
          "NeurIPS.cc/2022/Conference/Paper4021/Authors"
        ],
        "readers": [
          "everyone"
        ],
        "nonreaders": [],
        "writers": [
          "NeurIPS.cc/2022/Conference",
          "NeurIPS.cc/2022/Conference/Paper4021/Authors"
        ]
      },
      {
        "id": "jJVtPFjrQJJ",
        "original": null,
        "number": 1,
        "cdate": 1660977324206,
        "mdate": null,
        "ddate": null,
        "tcdate": 1660977324206,
        "tmdate": 1660977324206,
        "tddate": null,
        "forum": "_iXQPM6AsQD",
        "replyto": "_iXQPM6AsQD",
        "invitation": "NeurIPS.cc/2022/Conference/Paper4021/-/Meta_Review",
        "content": {
          "metareview": "This paper presents a study of how well pre-trained and frozen large models work across several downstream computer vision tasks. The paper initially received mixed reviews with two of them being borderline accept and one borderline reject. The reviewers shared their concerns about the novelty of the investigation and its impact with some additional questions about the setup. The authors provided a rebuttal that addressed some of the reviewers' concerns. Two out of three reviewers updated their reviews in the post-rebuttal phase. Reviewers generally agree that the paper should be accepted but still have concerns regarding the novelty. Due to the comprehensive empirical analysis, AC recommends acceptance but suggests that the authors are urged to look at reviewers' feedback and incorporate their comments into the camera-ready.",
          "recommendation": "Accept",
          "confidence": "Less certain",
          "award": "No"
        },
        "signatures": [
          "NeurIPS.cc/2022/Conference/Paper4021/Area_Chair_YWAs"
        ],
        "readers": [
          "everyone"
        ],
        "nonreaders": [],
        "writers": [
          "NeurIPS.cc/2022/Conference/Program_Chairs",
          "NeurIPS.cc/2022/Conference/Paper4021/Area_Chairs"
        ],
        "pdate": null
      },
      {
        "id": "vgZIrx6sjWO",
        "original": null,
        "number": 1,
        "cdate": 1663188542369,
        "mdate": null,
        "ddate": null,
        "tcdate": 1663188542369,
        "tmdate": 1663188542369,
        "tddate": null,
        "forum": "_iXQPM6AsQD",
        "replyto": "_iXQPM6AsQD",
        "invitation": "NeurIPS.cc/2022/Conference/Paper4021/-/Decision",
        "content": {
          "title": "Paper Decision",
          "decision": "Accept",
          "comment": ""
        },
        "signatures": [
          "NeurIPS.cc/2022/Conference/Program_Chairs"
        ],
        "readers": [
          "everyone"
        ],
        "nonreaders": [],
        "writers": [
          "NeurIPS.cc/2022/Conference/Program_Chairs"
        ]
      }
    ]
  }
}