{
  "id": "_keb_XuP5oI",
  "original": "c_6t3A7k_q3",
  "number": 2472,
  "cdate": 1652737371243,
  "mdate": null,
  "ddate": null,
  "tcdate": 1652737371243,
  "tmdate": 1710206713710,
  "tddate": null,
  "forum": "_keb_XuP5oI",
  "replyto": null,
  "invitation": "NeurIPS.cc/2022/Conference/-/Blind_Submission",
  "content": {
    "title": "Generative Neural Articulated Radiance Fields",
    "authorids": [
      "~Alexander_William_Bergman1",
      "~Petr_Kellnhofer1",
      "~Wang_Yifan1",
      "~Eric_Ryan_Chan1",
      "~David_B._Lindell1",
      "~Gordon_Wetzstein3"
    ],
    "authors": [
      "Alexander William Bergman",
      "Petr Kellnhofer",
      "Wang Yifan",
      "Eric Ryan Chan",
      "David B. Lindell",
      "Gordon Wetzstein"
    ],
    "keywords": [
      "unsupervised learning",
      "GAN",
      "neural rendering",
      "neural scene representation"
    ],
    "TL;DR": "3D GAN for photorealistic, multiview consistent, and shape-aware image synthesis of editable human bodies.",
    "abstract": "Unsupervised learning of 3D-aware generative adversarial networks (GANs) using only collections of single-view 2D photographs has very recently made much progress. These 3D GANs, however, have not been demonstrated for human bodies and the generated radiance fields of existing frameworks are not directly editable, limiting their applicability in downstream tasks. We propose a solution to these challenges by developing a 3D GAN framework that learns to generate radiance fields of human bodies or faces in a canonical pose and warp them using an explicit deformation field into a desired body pose or facial expression. Using our framework, we demonstrate the first high-quality radiance field generation results for human bodies. Moreover, we show that our deformation-aware training procedure significantly improves the quality of generated bodies or faces when editing their poses or facial expressions compared to a 3D GAN that is not trained with explicit deformations.",
    "paperhash": "bergman|generative_neural_articulated_radiance_fields",
    "pdf": "/pdf/050aef5cd524126997309b361e270741206291c8.pdf",
    "supplementary_material": "/attachment/d523d99828fe016aa1b7a8ae93cd4af77f16f010.pdf",
    "venue": "NeurIPS 2022 Accept",
    "venueid": "NeurIPS.cc/2022/Conference",
    "_bibtex": "@inproceedings{\nbergman2022generative,\ntitle={Generative Neural Articulated Radiance Fields},\nauthor={Alexander William Bergman and Petr Kellnhofer and Wang Yifan and Eric Ryan Chan and David B. Lindell and Gordon Wetzstein},\nbooktitle={Advances in Neural Information Processing Systems},\neditor={Alice H. Oh and Alekh Agarwal and Danielle Belgrave and Kyunghyun Cho},\nyear={2022},\nurl={https://openreview.net/forum?id=_keb_XuP5oI}\n}",
    "community_implementations": "[![CatalyzeX](/images/catalyzex_icon.svg) 1 code implementation](https://www.catalyzex.com/paper/arxiv:2206.14314/code)"
  },
  "signatures": [
    "NeurIPS.cc/2022/Conference"
  ],
  "readers": [
    "everyone"
  ],
  "nonreaders": [],
  "writers": [
    "NeurIPS.cc/2022/Conference"
  ],
  "tauthor": "OpenReview.net",
  "pdate": 1667239200000,
  "details": {
    "overwriting": [],
    "tags": [],
    "writable": false,
    "replyCount": 8,
    "directReplyCount": 5,
    "revisions": true,
    "replies": [
      {
        "id": "-e5OmiEMLHf",
        "original": null,
        "number": 1,
        "cdate": 1657294968282,
        "mdate": null,
        "ddate": null,
        "tcdate": 1657294968282,
        "tmdate": 1657294968282,
        "tddate": null,
        "forum": "_keb_XuP5oI",
        "replyto": "_keb_XuP5oI",
        "invitation": "NeurIPS.cc/2022/Conference/Paper2472/-/Official_Review",
        "content": {
          "rating": "7: Accept: Technically solid paper, with high impact on at least one sub-area, or moderate-to-high impact on more than one areas, with good-to-excellent evaluation, resources, reproducibility, and no unaddressed ethical considerations.",
          "confidence": "4: You are confident in your assessment, but not absolutely certain. It is unlikely, but not impossible, that you did not understand some parts of the submission or that you are unfamiliar with some pieces of related work.",
          "summary": "This paper proposes a method for generative neural articulated radiance fields. The main strategy is to generate radiance fields in a canonical pose and warp them using an explicit deformation field into a desired body pose or facial expression. The main technical contribution of this work is to combine the recently proposed tri-plane feature volume representation with an explicit feature volume deformation which is guided by a template shape. High-quality results on human body and faces are demonstrated in the paper.",
          "strengths_and_weaknesses": "This paper proposes a practical 3D-aware GAN framework for the generation of editable radiance fields of human bodies. The main strength of this paper is to combine several existing strategies like tri-plane feature volume representation, StyleGAN2 generator, feature volume deformation, neural volume rendering, image super-resolution, etc. Although each component has been proposed before, integration them together to generate satisfying results is not easy and could be used for related applications.\n\nOn the other side, the weakness is the lack of technical contribution as each component is borrowed from other papers. Meanwhile, some component can be replaced with more suitable strategy. For example, based on our implementation and the experimental results reported in the paper, tri-plane representation still has limited representation ability, which can be replaced by other representations to achieve better performance.",
          "questions": "I don't have questions.",
          "limitations": "As mentioned in the related work, HeadNeRF is related to this work, and the authors point out that HeadNeRF needs to acquire training images of the same person performing various expressions in different lighting conditions. However, HeadNeRF can explicitly control properties like identity and expressions. To my knowledge, the proposed method can not achieve disentangled representation.",
          "ethics_flag": "No",
          "ethics_review_area": [],
          "soundness": "3 good",
          "presentation": "3 good",
          "contribution": "3 good",
          "code_of_conduct": "Yes"
        },
        "signatures": [
          "NeurIPS.cc/2022/Conference/Paper2472/Reviewer_UgRe"
        ],
        "readers": [
          "everyone"
        ],
        "nonreaders": [],
        "writers": [
          "NeurIPS.cc/2022/Conference",
          "NeurIPS.cc/2022/Conference/Paper2472/Reviewer_UgRe"
        ]
      },
      {
        "id": "2H-r48VbKV_",
        "original": null,
        "number": 2,
        "cdate": 1657566606872,
        "mdate": null,
        "ddate": null,
        "tcdate": 1657566606872,
        "tmdate": 1657713031233,
        "tddate": null,
        "forum": "_keb_XuP5oI",
        "replyto": "_keb_XuP5oI",
        "invitation": "NeurIPS.cc/2022/Conference/Paper2472/-/Official_Review",
        "content": {
          "rating": "7: Accept: Technically solid paper, with high impact on at least one sub-area, or moderate-to-high impact on more than one areas, with good-to-excellent evaluation, resources, reproducibility, and no unaddressed ethical considerations.",
          "confidence": "5: You are absolutely certain about your assessment. You are very familiar with the related work and checked the math/other details carefully.",
          "summary": "This paper proposes a technique called GNARF for controllable 3D aware generation of human bodies and faces with different articulations and expressions. The authors build on the prior EG3D generative model and extend it along two dimensions -- to entire 3D bodies and for more explicit control and disentangling of base identity faces and their expressions. The authors' main idea is to introduce an explicit surface deformation module into the generative model, which deforms a canonical triplane representation. The authors parametrize this surface deformation via parametric mesh SMPL or FLAME models. They compare their surface deformation approach against MVC and blend-skinning and also their generative models for body and face against SOTA existing generative models and show improvements in quality.",
          "strengths_and_weaknesses": "- Originality: The work is original along many dimensions. It extends 3D-aware generative models to body poses, which has not been considered in prior work (other than in [115], which is concurrent work). It is also novel in introducing the explicit surface deformation model  into the EG3D framework, making it more controllable. However, it builds heavily on EG3D. Nevertheless, in my opinion this work introduces sufficient novelty over the existing works to warrant publication.\n\n- Quality: The work is technically sound; the method appropriate and its steps logical; and most claims (a few exceptions noted below) are well supported via experiments. To the authors' credit they have also gone above and beyond the submission requirements and compared against several unpublished concurrent works [115, 127] and shown the superior performance of their approach. The authors have discussed the limitations of their method honestly and in much detail.\n\n- Clarity: The material is clearly presented and easily understandable. Many implementation details are included in the supplementary material and the authors have promised to release their code upon acceptance.\n\n- Significance: \n- The dominant approach for modeling humans (bodies and faces) and animals has been via parametric mesh models for several decades now. The advent of 3D aware GANS is heralding in a new era of GAN-based generative models, which have the promise to provide much higher images quality and photo-realism, while not being limited only to the surfaces (face and body) modeled by the mesh models. 3D aware-GAN models can also model hair, eyeglasses and clothing details beyond meshes. However, the question of how best to model body articulation/surface deformation caused by expressions/body articulation into the context of 3D-aware GANS is an important open one. This work provides an important step towards addressing this latter problem. That said the proposed solution's falling back on parametric mesh models to model the surface deformation is perhaps not the most elegant solution, as the authors acknowledge themselves as well.\n- The authors' comparisons of the different types of 3D mesh-based deformations (MVC, blend-skinning and surface-based) is also quite interesting and insightful.",
          "questions": "From Table 2, it is evident that the baseline EG3D (no warping) approach has FID scores nearly as good as or better than GNARF, meaning that it is able to generate highly realistic posed images. However in line 244 the authors claim that for EG3D (no warping) poor results for reposed images are produced \"since it is difficult to accurately estimate the SMPL mesh from the generated images\". If the image quality of the posed images is good as per the FID scores, what limits good SMPL mesh fitting, and reposing of the EG3D generated images?\n\nHow do the authors propose to handle cases such as subject wearing long skirts or dresses, which are likely to not fit well to the two-legged tight-fit model of SMPL?",
          "limitations": "The authors have adequately and honestly discussed the limitations of their proposed method.",
          "ethics_flag": "No",
          "ethics_review_area": [],
          "soundness": "3 good",
          "presentation": "3 good",
          "contribution": "3 good",
          "code_of_conduct": "Yes"
        },
        "signatures": [
          "NeurIPS.cc/2022/Conference/Paper2472/Reviewer_H6JG"
        ],
        "readers": [
          "everyone"
        ],
        "nonreaders": [],
        "writers": [
          "NeurIPS.cc/2022/Conference",
          "NeurIPS.cc/2022/Conference/Paper2472/Reviewer_H6JG"
        ]
      },
      {
        "id": "COSGoRk_ohr",
        "original": null,
        "number": 3,
        "cdate": 1657577951448,
        "mdate": null,
        "ddate": null,
        "tcdate": 1657577951448,
        "tmdate": 1657577951448,
        "tddate": null,
        "forum": "_keb_XuP5oI",
        "replyto": "_keb_XuP5oI",
        "invitation": "NeurIPS.cc/2022/Conference/Paper2472/-/Official_Review",
        "content": {
          "rating": "6: Weak Accept: Technically solid, moderate-to-high impact paper, with no major concerns with respect to evaluation, resources, reproducibility, ethical considerations.",
          "confidence": "5: You are absolutely certain about your assessment. You are very familiar with the related work and checked the math/other details carefully.",
          "summary": "This paper proposes Generative Neural Articulated Radiance Fields, named GNARF, serving as the 3D representation of 3D-aware generator to handle the datasets with more deformation, such as human-body datasets. The non-rigid motion is represented by the surface deformation derived from the source and target meshes, which helps the tri-plane focus on learning the canonical feature volume. The experiments give a comprehensive study of GNARF on several human datasets, including ATISS++, SURREAL, as well as FFHQ. The experimental results demonstrate the GNARF can achieve better image quality and editability compared with several baselines.",
          "strengths_and_weaknesses": "This paper aims to generate 3D humans from a posed 2D image collection, which is rarely explored in the literature. Compared to prior arts of 3D-GANs, the paper pays more attention to the non-rigid human bodies instead of the rigid objects like faces and cars. It is valuable to solve this challenging problem. Although this task is very difficult, the synthesized results are not very good. The details of the human body, such as face and clothing,  are of a low quality. Besides, I also have some confusion about the proposed techniques, which will be presented in the following section. ",
          "questions": "1. As shown in this paper, SF is derived from the target and canonical template meshes. Does it mean that each batch also needs to sample the target SMPL models besides the latent code? If I am right, it is not fair to compare with the EG-3D baseline w.o. any 3D mesh information. \n2. It is not convincing that the authors remove the background to stabilize the training process. Why not use a separate background model? StyleNeRF has demonstrated that it can work even on the CompCars dataset with large background variations.\n3. Since the tri-plane is required to learn the canonical feature volume, why is the latent code still injected into the tri-plane generator network? Why not only add the stochastics to the shallow MLP because the canonical pose across different instances is similar. ",
          "limitations": "My concerns about this paper is the synthesis quality. Although it has improved on the baseline, it still has a large gap to real-world applications like avatar animation. \nBesides, the mouth of the synthesized faces in Fig.6  and the demo video are not realistic. I guess that the Flame model does not model the teeth. Does it mean that the GNARF is very dependent on the template meshes? When transferred to a new dataset like LSUN cats which does not have any ground truth template meshes, how does GNARF perform? \nI think this paper is interesting, and I tend to accept this paper (raise the scores) if the authors can address my concerns.",
          "ethics_flag": "No",
          "ethics_review_area": [
            "I don’t know"
          ],
          "soundness": "3 good",
          "presentation": "3 good",
          "contribution": "3 good",
          "code_of_conduct": "Yes"
        },
        "signatures": [
          "NeurIPS.cc/2022/Conference/Paper2472/Reviewer_qMy8"
        ],
        "readers": [
          "everyone"
        ],
        "nonreaders": [],
        "writers": [
          "NeurIPS.cc/2022/Conference",
          "NeurIPS.cc/2022/Conference/Paper2472/Reviewer_qMy8"
        ]
      },
      {
        "id": "lQQqgVkbJx6",
        "original": null,
        "number": 2,
        "cdate": 1659216263634,
        "mdate": null,
        "ddate": null,
        "tcdate": 1659216263634,
        "tmdate": 1659216263634,
        "tddate": null,
        "forum": "_keb_XuP5oI",
        "replyto": "COSGoRk_ohr",
        "invitation": "NeurIPS.cc/2022/Conference/Paper2472/-/Official_Comment",
        "content": {
          "title": "Reviewer qMy8 response",
          "comment": "We thank reviewer qMy8 for spending time on reviewing and providing insightful comments regarding our paper. We appreciate the acknowledgment of the novelty and significance of the method in approaching a problem which is rarely explored in literature but challenging and impactful. \n\n**Quality of the Results**\n\nWe acknowledge in the limitations section that there is room for improvement on the fine details of the body and believe this to be an important direction for future work. We emphasize that this is the first work which leverages neural radiance fields as a 3D representation in a generative framework for bodies, and that our work outperforms logical extensions of prior work and concurrent baselines in both generation quality and control. Additionally, existing datasets which provide a distribution of SMPL pose parameters associated with images are limited in diversity (AIST++ only has 16 subjects) and fine detail quality (SURREAL is synthetically generated at low resolution). With improved datasets, we expect that our method can generate higher quality and more diverse human body results.\n\n**Comparison of EG3D and GNARF (Q1)**\n\nIt is correct that each batch samples the target SMPL model along with the latent code. Both our method and the baseline (EG3D + re-warping) sample the latent code and target SMPL pose, and perform a generation followed by warping operation in order to generate a 3D model in the target pose. These two methods receive the same input information, and are compared via the same metrics: FID, which evaluates the diversity and realism of the distribution of generated images, and PCKh@0.5, which evaluates the accuracy of the generated image to the target pose. This comparison fairly analyzes the quality of generated images and accuracy to the target pose.\n\nThe base EG3D only takes in a latent code without target pose parameters. As such, we do not compare EG3D to our method in terms of PCKh@0.5, as we don’t expect the generated EG3D bodies to match the target pose and this would not be a fair comparison. We only compare GNARF to EG3D in FID. \n\nGNARF explicitly factorizes the conditioning into a latent code controlling identity and SMPL parameters controlling pose, while EG3D combines both identity and pose into the learned latent space. However, both attempt to model the same distribution - the identities and poses of humans in the dataset. FID compares how GNARF and EG3D model this distribution, thus ensuring that this is a fair comparison, since it assesses the generated diversity and quality of rendered images of the 3D models rather than the ability to match a specific target pose given as input.\n\n**Background modeling (Q2)**\n\nStyleNeRF, EG3D, and other GAN works are able to model backgrounds, but these methods do not attempt to generate a radiance field which can be animated. The addition of animation makes the problem more challenging because the deformation method must apply logically to both the object and the background independently. In the single scene overfitting experiments (supplementary sect. 2.1), we introduce a separate tri-plane representation to model the background to ensure consistency across the animated frames. However, our main contribution for the generative model is to generate realistic animatable 3D representations of bodies and faces. We will note this in the limitations and future directions section of our manuscript.\n\n**Latent code and generator architecture (Q3)**\n\nThe latent code is injected into the tri-plane feature generator, as the latent code controls the identity of the generated object but not the pose. The pose animation is controlled by the SMPL parameters, which are not input in any way to the generator, since the generator is only tasked with generating the canonical pose. \n\nChoosing where to input the latent code (StyleGAN2 generator or the shallow decoding MLP) is an architectural change to the generator which does not change the overall input or interpretation. While all identities are generated in the same (canonical) pose, the appearance variation due to identity is enough that only adding the conditioning into the shallow MLP may not provide enough capacity to model the dataset diversity. We will edit the paper to be more clear about this design decision, and in general about the various parameters and their interpretation.\n\n**Dependence on template meshes (Limitation)**\n\nGNARF is not highly dependent on the accuracy of the template mesh, as our template meshes have been reduced from the full FLAME and SMPL model significantly without a decrease in quality. However, using a template mesh to drive pose animation provides an interpretable articulation method, and thus we apply our method to classes where this template exists. When extending this method to classes which do not have a template mesh, such as the LSUN cats, the interpretability of the pose control is not clear as it’s not known which joints cats move their faces around.\n"
        },
        "signatures": [
          "NeurIPS.cc/2022/Conference/Paper2472/Authors"
        ],
        "readers": [
          "everyone"
        ],
        "nonreaders": [],
        "writers": [
          "NeurIPS.cc/2022/Conference",
          "NeurIPS.cc/2022/Conference/Paper2472/Authors"
        ]
      },
      {
        "id": "Jbrbh3nbrXH",
        "original": null,
        "number": 3,
        "cdate": 1659216603149,
        "mdate": null,
        "ddate": null,
        "tcdate": 1659216603149,
        "tmdate": 1659216603149,
        "tddate": null,
        "forum": "_keb_XuP5oI",
        "replyto": "2H-r48VbKV_",
        "invitation": "NeurIPS.cc/2022/Conference/Paper2472/-/Official_Comment",
        "content": {
          "title": "Reviewer H6JG response",
          "comment": "We thank Reviewer H6JG for reviewing and providing a thoughtful and extensive analysis of our work. We appreciate the positive comments recognizing the originality of extending 3D-aware generative models to controllable bodies and clarity of presentation. We also appreciate that the work is viewed as an important step forward in addressing the significant problem of integrating articulation into 3D-aware generative models.\n\n**Using a parametric mesh to drive surface deformations**\n\nWe acknowledge that the use of the parametric mesh surface to control a generated radiance volume may not be optimal in every context. We also mention in the future work that further improvements in deformation could be leveraged in this same overall pipeline, such as learning the deformation method. We will make this more clear in the manuscript. However, we believe that the mesh-based modeling and deformation is intuitive and enables interpretable control, and naturally maps to traditional computer graphics and mesh manipulation.\n\n**Limitations of the two-legged SMPL model**\n\nAlthough the deformation method is guided by the two-legged SMPL model, the surface-field deformation is still defined over the entire volume, by warping 3D points with their closest surface point. This allows the deformation method to have robustness to cases where the object modeled by the radiance field does not exactly fit the template, for example the hat on the person in the second row of figure 1. Explicitly modeling the deformation of more complex clothes or accessories which may not move intuitively with the surface of the SMPL mesh could be similarly addressed in the future with more complex deformation functions integrating clothes simulation models from computer graphics.\n\n**Limitation for re-posing EG3D models**\n\nAs mentioned the EG3D generated images are of a similar quality as those generated by GNARF. However, estimating the SMPL mesh from any image is not a solved problem. We use the state of the art method, SPIN [31], for estimating SMPL parameters from images rendered from the generated EG3D models. However, this method still has bias based on the data that it was trained on: less diverse pose distribution than the synthetic or AIST++ dataset since in-the-wild poses are often biased towards a neutral position, and more complex backgrounds in in-the-wild images. We view these limitations of the estimation of these parameters as a drawback of using the EG3D baseline, as an additional step must be injected into the system, possibly resulting in more error, while the GNARF generator automatically generates objects in a canonical pose. Additionally, incorrect geometry that sometimes exists in standard EG3D (floating but indiscernible content in the background) could turn into foreground occluders as a result of a naive post-process deformation. Generating these geometric artifacts is not penalized in the EG3D training pipeline, but is penalized in our end-to-end training procedure.\n"
        },
        "signatures": [
          "NeurIPS.cc/2022/Conference/Paper2472/Authors"
        ],
        "readers": [
          "everyone"
        ],
        "nonreaders": [],
        "writers": [
          "NeurIPS.cc/2022/Conference",
          "NeurIPS.cc/2022/Conference/Paper2472/Authors"
        ]
      },
      {
        "id": "bsC3t18VNcF",
        "original": null,
        "number": 4,
        "cdate": 1659216857220,
        "mdate": null,
        "ddate": null,
        "tcdate": 1659216857220,
        "tmdate": 1659216857220,
        "tddate": null,
        "forum": "_keb_XuP5oI",
        "replyto": "-e5OmiEMLHf",
        "invitation": "NeurIPS.cc/2022/Conference/Paper2472/-/Official_Comment",
        "content": {
          "title": "Reviewer UgRe response",
          "comment": "We thank Reviewer UgRe for their time spent reviewing and commenting on our work. We appreciate the note that integrating advanced radiance field implementation architectures, generative models, and articulation is not trivial and is an important contribution for future applications.\n\n**Lack of technical contributions**\n\nWhile it is true that 3D-aware generative models and articulated radiance fields, and their implementation details such as the tri-plane architecture, have been explored in the past, no other work attempts to combine them and enable our application: generative, controllable 3D models of objects. We demonstrate that this applies to not only human faces, but also bodies, which have not been previously explored in the context of 3D-aware generative models with radiance fields. Moreover, we show that the trivial combination of these components, the EG3D + re-warping baseline, does not perform nearly as well as the proposed GNARF architecture, demonstrating that the combined architecture is an important contribution in of itself.\n\nWhile it is possible that individual components of this combination can be improved, such architectural improvements would be complementary to our work. These improvements are also orthogonal to our core technical contribution: enabling articulated generative modeling by factoring the generator into canonical pose generation and deformation applied to neural radiance fields.\n\n**HeadNeRF comparison**\n\nWe note that HeadNeRF is similar in input and application in that it generates 3D representations of heads conditioned on both identity and expressions (along with other attributes, such as albedo and illumination, which GNARF does not factorize), and is able to generate very high-quality results. Since GNARF does not factorize lighting and albedo, it cannot render the same identity under varying lighting conditions, which we will note as a limitation in our paper.\n\nHowever, for training data, HeadNeRF requires training images which hold identity constant while varying expression and other parameters, which is not required by GNARF. This allows GNARF to be trained on single-view datasets.\n\nBoth GNARF and HeadNeRF are in fact able to control identity and expression independently (disentangled). In GNARF, the identity variation is modeled by the latent code, which generates the body or face in a canonical pose. The target SMPL mesh and deformation method model the expression (or, in the case of bodies, pose) variation. This explicit separation during training encourages the model to disentangle these two parameters. This is supported in our experiments, where walking through the latent space does not affect the body pose, and similarly, editing the body pose does not affect the body identity (see supplemental video). HeadNeRF is able to do the same, along with other important conditioning information, but is limited by the requirement on input data. We will be sure to edit the paper to make this comparison more clear, highlighting the differences and similarities between the methods, and the difference in requirements and what applications they enable. \n"
        },
        "signatures": [
          "NeurIPS.cc/2022/Conference/Paper2472/Authors"
        ],
        "readers": [
          "everyone"
        ],
        "nonreaders": [],
        "writers": [
          "NeurIPS.cc/2022/Conference",
          "NeurIPS.cc/2022/Conference/Paper2472/Authors"
        ]
      },
      {
        "id": "KXH5x5BPJVw",
        "original": null,
        "number": 1,
        "cdate": 1661578956279,
        "mdate": null,
        "ddate": null,
        "tcdate": 1661578956279,
        "tmdate": 1661578956279,
        "tddate": null,
        "forum": "_keb_XuP5oI",
        "replyto": "_keb_XuP5oI",
        "invitation": "NeurIPS.cc/2022/Conference/Paper2472/-/Meta_Review",
        "content": {
          "metareview": "The reviewers all recognize the quality of the work, particularly technical soundness and quality of the experimental setting and there is a clear consensus for acceptance. I ask the authors to address the reviewers concerns, particularly clear up any confusion in the manuscript and better analysis of the synthesis results.  \n",
          "recommendation": "Accept",
          "confidence": "Certain",
          "award": "No"
        },
        "signatures": [
          "NeurIPS.cc/2022/Conference/Paper2472/Area_Chair_H8Bv"
        ],
        "readers": [
          "everyone"
        ],
        "nonreaders": [],
        "writers": [
          "NeurIPS.cc/2022/Conference/Program_Chairs",
          "NeurIPS.cc/2022/Conference/Paper2472/Area_Chairs"
        ],
        "pdate": null
      },
      {
        "id": "sbCR2-6mGyY",
        "original": null,
        "number": 1,
        "cdate": 1663188486783,
        "mdate": null,
        "ddate": null,
        "tcdate": 1663188486783,
        "tmdate": 1663188486783,
        "tddate": null,
        "forum": "_keb_XuP5oI",
        "replyto": "_keb_XuP5oI",
        "invitation": "NeurIPS.cc/2022/Conference/Paper2472/-/Decision",
        "content": {
          "title": "Paper Decision",
          "decision": "Accept",
          "comment": ""
        },
        "signatures": [
          "NeurIPS.cc/2022/Conference/Program_Chairs"
        ],
        "readers": [
          "everyone"
        ],
        "nonreaders": [],
        "writers": [
          "NeurIPS.cc/2022/Conference/Program_Chairs"
        ]
      }
    ],
    "directReplies": [
      {
        "id": "-e5OmiEMLHf",
        "original": null,
        "number": 1,
        "cdate": 1657294968282,
        "mdate": null,
        "ddate": null,
        "tcdate": 1657294968282,
        "tmdate": 1657294968282,
        "tddate": null,
        "forum": "_keb_XuP5oI",
        "replyto": "_keb_XuP5oI",
        "invitation": "NeurIPS.cc/2022/Conference/Paper2472/-/Official_Review",
        "content": {
          "rating": "7: Accept: Technically solid paper, with high impact on at least one sub-area, or moderate-to-high impact on more than one areas, with good-to-excellent evaluation, resources, reproducibility, and no unaddressed ethical considerations.",
          "confidence": "4: You are confident in your assessment, but not absolutely certain. It is unlikely, but not impossible, that you did not understand some parts of the submission or that you are unfamiliar with some pieces of related work.",
          "summary": "This paper proposes a method for generative neural articulated radiance fields. The main strategy is to generate radiance fields in a canonical pose and warp them using an explicit deformation field into a desired body pose or facial expression. The main technical contribution of this work is to combine the recently proposed tri-plane feature volume representation with an explicit feature volume deformation which is guided by a template shape. High-quality results on human body and faces are demonstrated in the paper.",
          "strengths_and_weaknesses": "This paper proposes a practical 3D-aware GAN framework for the generation of editable radiance fields of human bodies. The main strength of this paper is to combine several existing strategies like tri-plane feature volume representation, StyleGAN2 generator, feature volume deformation, neural volume rendering, image super-resolution, etc. Although each component has been proposed before, integration them together to generate satisfying results is not easy and could be used for related applications.\n\nOn the other side, the weakness is the lack of technical contribution as each component is borrowed from other papers. Meanwhile, some component can be replaced with more suitable strategy. For example, based on our implementation and the experimental results reported in the paper, tri-plane representation still has limited representation ability, which can be replaced by other representations to achieve better performance.",
          "questions": "I don't have questions.",
          "limitations": "As mentioned in the related work, HeadNeRF is related to this work, and the authors point out that HeadNeRF needs to acquire training images of the same person performing various expressions in different lighting conditions. However, HeadNeRF can explicitly control properties like identity and expressions. To my knowledge, the proposed method can not achieve disentangled representation.",
          "ethics_flag": "No",
          "ethics_review_area": [],
          "soundness": "3 good",
          "presentation": "3 good",
          "contribution": "3 good",
          "code_of_conduct": "Yes"
        },
        "signatures": [
          "NeurIPS.cc/2022/Conference/Paper2472/Reviewer_UgRe"
        ],
        "readers": [
          "everyone"
        ],
        "nonreaders": [],
        "writers": [
          "NeurIPS.cc/2022/Conference",
          "NeurIPS.cc/2022/Conference/Paper2472/Reviewer_UgRe"
        ]
      },
      {
        "id": "2H-r48VbKV_",
        "original": null,
        "number": 2,
        "cdate": 1657566606872,
        "mdate": null,
        "ddate": null,
        "tcdate": 1657566606872,
        "tmdate": 1657713031233,
        "tddate": null,
        "forum": "_keb_XuP5oI",
        "replyto": "_keb_XuP5oI",
        "invitation": "NeurIPS.cc/2022/Conference/Paper2472/-/Official_Review",
        "content": {
          "rating": "7: Accept: Technically solid paper, with high impact on at least one sub-area, or moderate-to-high impact on more than one areas, with good-to-excellent evaluation, resources, reproducibility, and no unaddressed ethical considerations.",
          "confidence": "5: You are absolutely certain about your assessment. You are very familiar with the related work and checked the math/other details carefully.",
          "summary": "This paper proposes a technique called GNARF for controllable 3D aware generation of human bodies and faces with different articulations and expressions. The authors build on the prior EG3D generative model and extend it along two dimensions -- to entire 3D bodies and for more explicit control and disentangling of base identity faces and their expressions. The authors' main idea is to introduce an explicit surface deformation module into the generative model, which deforms a canonical triplane representation. The authors parametrize this surface deformation via parametric mesh SMPL or FLAME models. They compare their surface deformation approach against MVC and blend-skinning and also their generative models for body and face against SOTA existing generative models and show improvements in quality.",
          "strengths_and_weaknesses": "- Originality: The work is original along many dimensions. It extends 3D-aware generative models to body poses, which has not been considered in prior work (other than in [115], which is concurrent work). It is also novel in introducing the explicit surface deformation model  into the EG3D framework, making it more controllable. However, it builds heavily on EG3D. Nevertheless, in my opinion this work introduces sufficient novelty over the existing works to warrant publication.\n\n- Quality: The work is technically sound; the method appropriate and its steps logical; and most claims (a few exceptions noted below) are well supported via experiments. To the authors' credit they have also gone above and beyond the submission requirements and compared against several unpublished concurrent works [115, 127] and shown the superior performance of their approach. The authors have discussed the limitations of their method honestly and in much detail.\n\n- Clarity: The material is clearly presented and easily understandable. Many implementation details are included in the supplementary material and the authors have promised to release their code upon acceptance.\n\n- Significance: \n- The dominant approach for modeling humans (bodies and faces) and animals has been via parametric mesh models for several decades now. The advent of 3D aware GANS is heralding in a new era of GAN-based generative models, which have the promise to provide much higher images quality and photo-realism, while not being limited only to the surfaces (face and body) modeled by the mesh models. 3D aware-GAN models can also model hair, eyeglasses and clothing details beyond meshes. However, the question of how best to model body articulation/surface deformation caused by expressions/body articulation into the context of 3D-aware GANS is an important open one. This work provides an important step towards addressing this latter problem. That said the proposed solution's falling back on parametric mesh models to model the surface deformation is perhaps not the most elegant solution, as the authors acknowledge themselves as well.\n- The authors' comparisons of the different types of 3D mesh-based deformations (MVC, blend-skinning and surface-based) is also quite interesting and insightful.",
          "questions": "From Table 2, it is evident that the baseline EG3D (no warping) approach has FID scores nearly as good as or better than GNARF, meaning that it is able to generate highly realistic posed images. However in line 244 the authors claim that for EG3D (no warping) poor results for reposed images are produced \"since it is difficult to accurately estimate the SMPL mesh from the generated images\". If the image quality of the posed images is good as per the FID scores, what limits good SMPL mesh fitting, and reposing of the EG3D generated images?\n\nHow do the authors propose to handle cases such as subject wearing long skirts or dresses, which are likely to not fit well to the two-legged tight-fit model of SMPL?",
          "limitations": "The authors have adequately and honestly discussed the limitations of their proposed method.",
          "ethics_flag": "No",
          "ethics_review_area": [],
          "soundness": "3 good",
          "presentation": "3 good",
          "contribution": "3 good",
          "code_of_conduct": "Yes"
        },
        "signatures": [
          "NeurIPS.cc/2022/Conference/Paper2472/Reviewer_H6JG"
        ],
        "readers": [
          "everyone"
        ],
        "nonreaders": [],
        "writers": [
          "NeurIPS.cc/2022/Conference",
          "NeurIPS.cc/2022/Conference/Paper2472/Reviewer_H6JG"
        ]
      },
      {
        "id": "COSGoRk_ohr",
        "original": null,
        "number": 3,
        "cdate": 1657577951448,
        "mdate": null,
        "ddate": null,
        "tcdate": 1657577951448,
        "tmdate": 1657577951448,
        "tddate": null,
        "forum": "_keb_XuP5oI",
        "replyto": "_keb_XuP5oI",
        "invitation": "NeurIPS.cc/2022/Conference/Paper2472/-/Official_Review",
        "content": {
          "rating": "6: Weak Accept: Technically solid, moderate-to-high impact paper, with no major concerns with respect to evaluation, resources, reproducibility, ethical considerations.",
          "confidence": "5: You are absolutely certain about your assessment. You are very familiar with the related work and checked the math/other details carefully.",
          "summary": "This paper proposes Generative Neural Articulated Radiance Fields, named GNARF, serving as the 3D representation of 3D-aware generator to handle the datasets with more deformation, such as human-body datasets. The non-rigid motion is represented by the surface deformation derived from the source and target meshes, which helps the tri-plane focus on learning the canonical feature volume. The experiments give a comprehensive study of GNARF on several human datasets, including ATISS++, SURREAL, as well as FFHQ. The experimental results demonstrate the GNARF can achieve better image quality and editability compared with several baselines.",
          "strengths_and_weaknesses": "This paper aims to generate 3D humans from a posed 2D image collection, which is rarely explored in the literature. Compared to prior arts of 3D-GANs, the paper pays more attention to the non-rigid human bodies instead of the rigid objects like faces and cars. It is valuable to solve this challenging problem. Although this task is very difficult, the synthesized results are not very good. The details of the human body, such as face and clothing,  are of a low quality. Besides, I also have some confusion about the proposed techniques, which will be presented in the following section. ",
          "questions": "1. As shown in this paper, SF is derived from the target and canonical template meshes. Does it mean that each batch also needs to sample the target SMPL models besides the latent code? If I am right, it is not fair to compare with the EG-3D baseline w.o. any 3D mesh information. \n2. It is not convincing that the authors remove the background to stabilize the training process. Why not use a separate background model? StyleNeRF has demonstrated that it can work even on the CompCars dataset with large background variations.\n3. Since the tri-plane is required to learn the canonical feature volume, why is the latent code still injected into the tri-plane generator network? Why not only add the stochastics to the shallow MLP because the canonical pose across different instances is similar. ",
          "limitations": "My concerns about this paper is the synthesis quality. Although it has improved on the baseline, it still has a large gap to real-world applications like avatar animation. \nBesides, the mouth of the synthesized faces in Fig.6  and the demo video are not realistic. I guess that the Flame model does not model the teeth. Does it mean that the GNARF is very dependent on the template meshes? When transferred to a new dataset like LSUN cats which does not have any ground truth template meshes, how does GNARF perform? \nI think this paper is interesting, and I tend to accept this paper (raise the scores) if the authors can address my concerns.",
          "ethics_flag": "No",
          "ethics_review_area": [
            "I don’t know"
          ],
          "soundness": "3 good",
          "presentation": "3 good",
          "contribution": "3 good",
          "code_of_conduct": "Yes"
        },
        "signatures": [
          "NeurIPS.cc/2022/Conference/Paper2472/Reviewer_qMy8"
        ],
        "readers": [
          "everyone"
        ],
        "nonreaders": [],
        "writers": [
          "NeurIPS.cc/2022/Conference",
          "NeurIPS.cc/2022/Conference/Paper2472/Reviewer_qMy8"
        ]
      },
      {
        "id": "KXH5x5BPJVw",
        "original": null,
        "number": 1,
        "cdate": 1661578956279,
        "mdate": null,
        "ddate": null,
        "tcdate": 1661578956279,
        "tmdate": 1661578956279,
        "tddate": null,
        "forum": "_keb_XuP5oI",
        "replyto": "_keb_XuP5oI",
        "invitation": "NeurIPS.cc/2022/Conference/Paper2472/-/Meta_Review",
        "content": {
          "metareview": "The reviewers all recognize the quality of the work, particularly technical soundness and quality of the experimental setting and there is a clear consensus for acceptance. I ask the authors to address the reviewers concerns, particularly clear up any confusion in the manuscript and better analysis of the synthesis results.  \n",
          "recommendation": "Accept",
          "confidence": "Certain",
          "award": "No"
        },
        "signatures": [
          "NeurIPS.cc/2022/Conference/Paper2472/Area_Chair_H8Bv"
        ],
        "readers": [
          "everyone"
        ],
        "nonreaders": [],
        "writers": [
          "NeurIPS.cc/2022/Conference/Program_Chairs",
          "NeurIPS.cc/2022/Conference/Paper2472/Area_Chairs"
        ],
        "pdate": null
      },
      {
        "id": "sbCR2-6mGyY",
        "original": null,
        "number": 1,
        "cdate": 1663188486783,
        "mdate": null,
        "ddate": null,
        "tcdate": 1663188486783,
        "tmdate": 1663188486783,
        "tddate": null,
        "forum": "_keb_XuP5oI",
        "replyto": "_keb_XuP5oI",
        "invitation": "NeurIPS.cc/2022/Conference/Paper2472/-/Decision",
        "content": {
          "title": "Paper Decision",
          "decision": "Accept",
          "comment": ""
        },
        "signatures": [
          "NeurIPS.cc/2022/Conference/Program_Chairs"
        ],
        "readers": [
          "everyone"
        ],
        "nonreaders": [],
        "writers": [
          "NeurIPS.cc/2022/Conference/Program_Chairs"
        ]
      }
    ]
  }
}