{
  "id": "1NAzMofMnWl",
  "original": "WjG2nLOm37G",
  "number": 496,
  "cdate": 1663849856124,
  "mdate": null,
  "ddate": null,
  "tcdate": 1663849856124,
  "tmdate": 1710206589142,
  "tddate": null,
  "tauthor": "~Super_User1",
  "forum": "1NAzMofMnWl",
  "replyto": null,
  "invitation": "ICLR.cc/2023/Conference/-/Blind_Submission",
  "content": {
    "title": "DaxBench: Benchmarking Deformable Object Manipulation with Differentiable Physics",
    "authorids": [
      "~Siwei_Chen3",
      "~Yiqing_Xu1",
      "~Cunjun_Yu1",
      "~Linfeng_Li2",
      "~Xiao_Ma2",
      "~Zhongwen_Xu1",
      "~David_Hsu1"
    ],
    "authors": [
      "Siwei Chen",
      "Yiqing Xu",
      "Cunjun Yu",
      "Linfeng Li",
      "Xiao Ma",
      "Zhongwen Xu",
      "David Hsu"
    ],
    "keywords": [
      "deformable object manipulation",
      "differentiable physics",
      "benchmark"
    ],
    "abstract": "Deformable object manipulation (DOM) is a long-standing challenge in robotics and has attracted significant interest recently. This paper presents DaXBench, a differentiable simulation framework for DOM. While existing work often focuses on a specific type of deformable objects, DaXBench supports fluid, rope, cloth ...; it provides a general-purpose benchmark to evaluate widely different DOM methods, including planning, imitation learning, and reinforcement learning. DaXBench combines recent advances in deformable object simulation with JAX, a high-performance computational framework. All DOM tasks in DaXBench are wrapped with the OpenAI Gym API for easy integration with DOM algorithms. We hope that DaXBench provides to the research community a comprehensive, standardized benchmark and a valuable tool to support the development and evaluation of new DOM methods. The code and video are available online.",
    "anonymous_url": "I certify that there is no URL (e.g., github page) that could be used to find authors’ identity.",
    "no_acknowledgement_section": "I certify that there is no acknowledgement section in this submission for double blind review.",
    "code_of_ethics": "I acknowledge that I and all co-authors of this work have read and commit to adhering to the ICLR Code of Ethics",
    "submission_guidelines": "Yes",
    "resubmission": "",
    "student_author": "",
    "Please_choose_the_closest_area_that_your_submission_falls_into": "Infrastructure (eg, datasets, competitions, implementations, libraries)",
    "paperhash": "chen|daxbench_benchmarking_deformable_object_manipulation_with_differentiable_physics",
    "pdf": "/pdf/3c5184bef72b67b8b06885038e921049f56dc94e.pdf",
    "supplementary_material": "/attachment/b0144952beb552a91c4702cb44ce0530e1818bc1.zip",
    "_bibtex": "@inproceedings{\nchen2023daxbench,\ntitle={DaxBench: Benchmarking Deformable Object Manipulation with Differentiable Physics},\nauthor={Siwei Chen and Yiqing Xu and Cunjun Yu and Linfeng Li and Xiao Ma and Zhongwen Xu and David Hsu},\nbooktitle={The Eleventh International Conference on Learning Representations },\nyear={2023},\nurl={https://openreview.net/forum?id=1NAzMofMnWl}\n}",
    "venue": "ICLR 2023 notable top 5%",
    "venueid": "ICLR.cc/2023/Conference",
    "community_implementations": "[![CatalyzeX](/images/catalyzex_icon.svg) 1 code implementation](https://www.catalyzex.com/paper/arxiv:2210.13066/code)"
  },
  "signatures": [
    "ICLR.cc/2023/Conference"
  ],
  "readers": [
    "everyone"
  ],
  "nonreaders": [],
  "writers": [
    "ICLR.cc/2023/Conference"
  ],
  "pdate": 1675279107248,
  "odate": 1664468100000,
  "details": {
    "overwriting": [],
    "tags": [],
    "writable": false,
    "replyCount": 9,
    "directReplyCount": 4,
    "revisions": true,
    "replies": [
      {
        "id": "n3ZwUiaujOP",
        "original": null,
        "number": 1,
        "cdate": 1666462218242,
        "mdate": null,
        "ddate": null,
        "tcdate": 1666462218242,
        "tmdate": 1666463693442,
        "tddate": null,
        "forum": "1NAzMofMnWl",
        "replyto": "1NAzMofMnWl",
        "invitation": "ICLR.cc/2023/Conference/Paper496/-/Official_Review",
        "content": {
          "confidence": "4: You are confident in your assessment, but not absolutely certain. It is unlikely, but not impossible, that you did not understand some parts of the submission or that you are unfamiliar with some pieces of related work.",
          "summary_of_the_paper": "The paper introduce DaXBench, which is a very strong differentiable simulator for various DOM tasks. The authors examined various algorithms for the given tasks.",
          "strength_and_weaknesses": "Strength:\n- A very respectable implementation efforts was put into this work. I think this simulator will be of interest to many in the community.\n- A large range of learning algorithms are studied. Offering some interesting insights.\n\n\nWeakness:\n- Some of the more recent DOM works are not referenced to, all of these works offer insights / simulator for DOM:\n* ThreeDWorld: A Platform for Interactive Multi-Modal Physical Simulation, Gan et al, Neurips 2021\n* ACID: Action-Conditional Implicit Visual Dynamics for Deformable Object Manipulation Bokui Shen, Zhenyu Jiang, Christopher Choy, Leonidas J. Guibas, Silvio Savarese, Anima Anandkumar, Yuke Zhu, RSS, 2022\n* VIRDO: Visio-tactile Implicit Representations of Deformable Objects., Youngsun Wi, Pete Florence, Andy Zeng, Nima Fazeli. ICRA 2022.\n- I'm not confident about the sim2real part. Saying the simulator has sim2real ability is a pretty big claim. However, only a demo video is provided without any systematic evaluation.",
          "clarity,_quality,_novelty_and_reproducibility": "Great on all fronts.",
          "summary_of_the_review": "Very nice paper. I think it's a strong paper and definitely worth acceptance. I wish the authors can address the weakness i mentioned above.",
          "correctness": "3: Some of the paper’s claims have minor issues. A few statements are not well-supported, or require small changes to be made correct.",
          "technical_novelty_and_significance": "3: The contributions are significant and somewhat new. Aspects of the contributions exist in prior work.",
          "empirical_novelty_and_significance": "3: The contributions are significant and somewhat new. Aspects of the contributions exist in prior work.",
          "flag_for_ethics_review": [
            "NO."
          ],
          "recommendation": "8: accept, good paper"
        },
        "signatures": [
          "ICLR.cc/2023/Conference/Paper496/Reviewer_5D3R"
        ],
        "readers": [
          "everyone"
        ],
        "nonreaders": [],
        "writers": [
          "ICLR.cc/2023/Conference",
          "ICLR.cc/2023/Conference/Paper496/Reviewer_5D3R"
        ]
      },
      {
        "id": "UtI1xPIqaFA",
        "original": null,
        "number": 2,
        "cdate": 1666559321697,
        "mdate": null,
        "ddate": null,
        "tcdate": 1666559321697,
        "tmdate": 1666662472603,
        "tddate": null,
        "forum": "1NAzMofMnWl",
        "replyto": "1NAzMofMnWl",
        "invitation": "ICLR.cc/2023/Conference/Paper496/-/Official_Review",
        "content": {
          "confidence": "3: You are fairly confident in your assessment. It is possible that you did not understand some parts of the submission or that you are unfamiliar with some pieces of related work. Math/other details were not carefully checked.",
          "summary_of_the_paper": "This paper presents a benchmark that can simulate and evaluate a variety of manipulation tasks on deformable objects, including fluid, cloth, rope, and elastoplastic objects. The simulator is implemented using Jax, therefore it can also provide analytic gradients, making it compatible with recent popular control algorithms designed for differentiable simulation. \n\nA series of comparisons between differentiable-simulation-physics methods and gradient-free ones are further conducted. The experiments cover a wide range of categories of algorithms, e.g. reinforcement learning, imitation learning, and planning. Based on these comprehensive evaluations, the authors conclude the limitation and advantages of the differentiable-physics-based methods.\n\nIn the end, the authors successfully conduct a real-world Push-Rope task using the control policy from the simulation, which can validate the fidelity of the simulator.\n",
          "strength_and_weaknesses": "Strength\n\nIn my view, the experiments are the highlights of this paper. The authors implement the recently proposed differentiable simulation papers in their benchmark DaX, and compare them with gradient-free methods. The experiments include various robotic learning algorithms. This systematic evaluation indicates that the differentiable-physics-based method can indeed have better performance in some cases, but they also suffer from limitations as many gradient-based methods do, i.e. sensitive to the optimization landscape and initialization. And it also reiterates the importance of exploration in those differentiable-physics-based methods. Moreover, the authors perform real-world experiments, making the benchmark more convincing.\n\nWeaknesses\n\nSince the research of differentiable physics is progressing fast, the authors might better illustrate and clarify its difference from related literature. For example, PlasticineLab is another platform for differentiable soft body manipulation. Since both DaX (fluid, elastoplastic, and mixture) and PlasticineLab are using MPM as the governing dynamics, it is not apparent to me why PlasticineLab cannot support liquid and mixture (in Table 1) while DaX can. Moreover, it is unclear to me how the solid ingredients are represented in Pour-Soup. Are they elastoplastic objects or purely rigid bodies? Is there a coupling issue between the fluid particles and the ingredients?\nFurthermore, the Saving Memory strategy in Section 3.1 is the same as the checkpoint scheme in [1] (Section 4.2), where the back-propagation trades time for memory usage by recomputing the intermediate variables in each step.\n\n[1] Qiao, Yi-Ling, Junbang Liang, Vladlen Koltun, and Ming C. Lin. \"Efficient differentiable simulation of articulated bodies.\" In International Conference on Machine Learning, pp. 8661-8671. PMLR, 2021.\n",
          "clarity,_quality,_novelty_and_reproducibility": "The Quality of this paper is quite good to me as it covers different algorithms, tasks, and physics systems. The analysis after the experiments is insightful and valuable for future research.\n\nThe novelty of this paper is okay as it designs an efficient differentiable framework to simulate soft bodies. It could be better if it can provide more quantitative evaluations of the performance (e.g. comparison with PlasticineLab)\n\nThe experiments and methods look reasonable. And the authors promise to release the entire benchmark and the code, I think this paper should be reproducible.\n\nThe clarity is fine. Here are some sentences that I might need more clarification on,\n\n‘The policy complexity grows exponentially with the planning horizon, known as “curse of dimensionality”;’ - This is not how I usually understand the “curse of dimensionality”. Are there more concrete citations or examples of the exponential complexity w.r.t. the horizon?\n\n‘Macro-actions reduce the dimension of the action space and the effective horizon, and hence increase the scalability requirement on the DOM methods’ - Why does it increase the requirements instead of making the scaling easier?\n",
          "summary_of_the_review": "In my view, this paper provides a unified platform to evaluate the soft-body manipulation tasks and differentiable physics algorithms. It conducts comprehensive experiments and provides useful insights for future work. The sim-to-real experiment makes it more convincing. One thing it can improve is its differentiation from previous methods. In total, I think it is a good paper.",
          "correctness": "3: Some of the paper’s claims have minor issues. A few statements are not well-supported, or require small changes to be made correct.",
          "technical_novelty_and_significance": "3: The contributions are significant and somewhat new. Aspects of the contributions exist in prior work.",
          "empirical_novelty_and_significance": "3: The contributions are significant and somewhat new. Aspects of the contributions exist in prior work.",
          "flag_for_ethics_review": [
            "NO."
          ],
          "recommendation": "8: accept, good paper"
        },
        "signatures": [
          "ICLR.cc/2023/Conference/Paper496/Reviewer_4Kpq"
        ],
        "readers": [
          "everyone"
        ],
        "nonreaders": [],
        "writers": [
          "ICLR.cc/2023/Conference",
          "ICLR.cc/2023/Conference/Paper496/Reviewer_4Kpq"
        ]
      },
      {
        "id": "ShXlfcoRA7",
        "original": null,
        "number": 3,
        "cdate": 1666662427982,
        "mdate": null,
        "ddate": null,
        "tcdate": 1666662427982,
        "tmdate": 1666662427982,
        "tddate": null,
        "forum": "1NAzMofMnWl",
        "replyto": "1NAzMofMnWl",
        "invitation": "ICLR.cc/2023/Conference/Paper496/-/Official_Review",
        "content": {
          "confidence": "3: You are fairly confident in your assessment. It is possible that you did not understand some parts of the submission or that you are unfamiliar with some pieces of related work. Math/other details were not carefully checked.",
          "summary_of_the_paper": "The manuscript proposed a benchmark platform for deformable object manipulation tasks: DaXBench. DaxBench contains several environments with a mixture of fluid, fabric, and elastoplastic materials. Due to the support of JAX, DaXBench seems to support multi-GPU simulation and training easily. Also, it promotes differentiable simulation. The authors compared a set of controller optimization methods on the proposed benchmark platform and shared their insights.",
          "strength_and_weaknesses": "Strength:\n- As far as I know, DaXBench is the first deformable object manipulation benchmark platform based on JAX.\n- This manuscript compared a large set of methods on their proposed method, which provides the readers with a good sense of the performance of their simulator and the compared methods.\n- The provided code represents the visible reproducibility of the work.\n\nWeaknesses:\n- I wonder how the *mixture* is handled in these demos: are they two-way coupled, one-way coupled, or any other coupling was used?\n- I personally did not follow the *Lazy Dynamic Update* part: MPM will require a grid for simulation. Does it mean the overall grid is 32*6*32, or is the grid actually 128*128*128, but only a small region of it is activated? My personal feeling is this setting only applies to a small fraction of the proposed environments, is it?\n- My main reservation is the comparison at the framework level. JAX has a very similar position to taichi and Nvidia warp, which are more famous for physical simulation. And I would expect they have similar performance to JAX-implemented environments, is it? Is DaXBench distinguishable from them because of user-friendliness? Or better interface to deep learning modules? Or speed?",
          "clarity,_quality,_novelty_and_reproducibility": "The manuscript is nicely written. I did not follow the *Lazy Dynamic Update* part and hope for more explanation of it.",
          "summary_of_the_review": "This manuscript proposed DaxBench, the first deformable object manipulation benchmark platform based on JAX. I appreciate the work from the authors to build the simulation framework and share it with the community, but I expect some explanations and comparisons to taichi/warp.",
          "correctness": "3: Some of the paper’s claims have minor issues. A few statements are not well-supported, or require small changes to be made correct.",
          "technical_novelty_and_significance": "3: The contributions are significant and somewhat new. Aspects of the contributions exist in prior work.",
          "empirical_novelty_and_significance": "3: The contributions are significant and somewhat new. Aspects of the contributions exist in prior work.",
          "flag_for_ethics_review": [
            "NO."
          ],
          "recommendation": "8: accept, good paper"
        },
        "signatures": [
          "ICLR.cc/2023/Conference/Paper496/Reviewer_yxby"
        ],
        "readers": [
          "everyone"
        ],
        "nonreaders": [],
        "writers": [
          "ICLR.cc/2023/Conference",
          "ICLR.cc/2023/Conference/Paper496/Reviewer_yxby"
        ]
      },
      {
        "id": "vJmt7dRQ76K",
        "original": null,
        "number": 1,
        "cdate": 1668391892619,
        "mdate": null,
        "ddate": null,
        "tcdate": 1668391892619,
        "tmdate": 1669258254226,
        "tddate": null,
        "forum": "1NAzMofMnWl",
        "replyto": "ShXlfcoRA7",
        "invitation": "ICLR.cc/2023/Conference/Paper496/-/Official_Comment",
        "content": {
          "title": "Authors Response",
          "comment": "> **Q3**: Is DaXBench distinguishable from Tachi, and Nvidia warp, because of user-friendliness? Or better interface to deep learning modules? Or speed?\n\nA3: We expect JAX, NVIDIA Warp, and Taichi to have similar computational speeds. \n\nWe distinguish DaxBench from other simulators based on Taichi or NVIDIA Warp regarding user-friendliness and integration to deep learning frameworks for robot learning. \nJAX is user-friendly, e.g., it has the same interface as NumPy and offers a full tensor-based programming model.\nJAX is well integrated with deep learning frameworks, e.g., Flax [1] is a neural network framework implemented in JAX, and RLax [2] is a library that exposes valuable building blocks for implementing reinforcement learning agents. Both libraries are well supported by large research organizations like Google Brain and DeepMind. \n\nTaking differentiable RL, for example, both the simulator and the RL algorithm can be written in JAX. Hence, the gradient can directly propagate from the simulated physical quantities to the parameters of policy and value functions of the RL algorithm. In contrast, other simulators written in Taichi and Warp has to implement their RL methods in other software libraries, such as PlasticineLab [3] with PyTorch; as a result, during learning, the gradients need to be converted from the simulation framework to the learning framework, which typically causes computational overhead.\n\n\n\n[1] Jonathan Heek, Anselm Levskaya, Avital Oliver, Marvin Ritter, Bertrand Rondepierre, Andreas Steiner, Marc van Zee, Flax: A neural network library and ecosystem for JAX, http://github.com/google/flax.\n\n[2] Babuschkin, Igor and Baumli, Kate and Bell, Alison and Bhupatiraju, Surya and Bruce, Jake and Buchlovsky, Peter and Budden, David and Cai, Trevor and Clark, Aidan and Danihelka, Ivo and Fantacci, Claudio and Godwin, Jonathan and Jones, Chris and Hemsley, Ross and Hennigan, Tom and Hessel, Matteo and Hou, Shaobo and Kapturowski, Steven and Keck, Thomas and Kemaev, Iurii and King, Michael and Kunesch, Markus and Martens, Lena and Merzic, Hamza and Mikulik, Vladimir and Norman, Tamara and Quan, John and Papamakarios, George and Ring, Roman and Ruiz, Francisco and Sanchez, Alvaro and Schneider, Rosalia and Sezener, Eren and Spencer, Stephen and Srinivasan, Srivatsan and Wang, Luyu and Stokowiec, Wojciech and Viola, Fabio, The Deep Mind JAX Ecosystem, http://github.com/deepmind. \n\n[3] Zhiao Huang, Yuanming Hu, Tao Du, Siyuan Zhou, Hao Su, Joshua B. Tenenbaum, Chuang Gan, PlasticineLab: A Soft-Body Manipulation Benchmark with Differentiable Physics, International Conference on Learning Representations, 2021.\n"
        },
        "signatures": [
          "ICLR.cc/2023/Conference/Paper496/Authors"
        ],
        "readers": [
          "everyone"
        ],
        "nonreaders": [],
        "writers": [
          "ICLR.cc/2023/Conference",
          "ICLR.cc/2023/Conference/Paper496/Authors"
        ]
      },
      {
        "id": "PpPR9QR5MM",
        "original": null,
        "number": 2,
        "cdate": 1668391980026,
        "mdate": 1668391980026,
        "ddate": null,
        "tcdate": 1668391980026,
        "tmdate": 1668391980026,
        "tddate": null,
        "forum": "1NAzMofMnWl",
        "replyto": "ShXlfcoRA7",
        "invitation": "ICLR.cc/2023/Conference/Paper496/-/Official_Comment",
        "content": {
          "title": "Authors Response",
          "comment": "Thank you for recognizing the contribution of our work! You’ve raised a few great points and helped us to  further polish our manuscript. We would like to address your questions/concerns in the following order. \n\n&nbsp;\n\n> **Q1**: I wonder how the mixture is handled in these demos: are they two-way coupled, one-way coupled, or any other coupling was used?\n\nA1: The mixture handled in the demonstration is two-way coupled. It is implemented based on the MLS-MPM method [1], a two-way coupling method. In the soup simulation, all gradients, including tofu, broccoli, and soup, are simulated with particles. MLS-MPM naturally handles the collisions of mixtures through particle-to-grid (P2G), grid operation (GO), and then grid-to-particle (G2P) processes.\n\n\n[1] Hu, Y., Fang, Y., Ge, Z., Qu, Z., Zhu, Y., Pradhana, A., & Jiang, C. (2018). A moving least squares material point method with displacement discontinuity and two-way rigid body coupling. ACM Transactions on Graphics (TOG), 37(4), 1-14. [SIGGRAPH 18]\n\n&nbsp;\n\n> **Q2**: I personally did not follow the Lazy Dynamic Update part, clarification is needed. \n\nA2: This is an excellent point for us to elaborate more on! The overall grid size is generally large and fixed for each task, while the size of the active region, for which region we update the dynamic, is much smaller and adjustable. Taking the Rope-Push task, for example, the size of the overall grid is 128 $\\times$ 128 $\\times$ 128, it only a small region of size 32 $\\times$  6 $\\times$ 32 is activated for the dynamic update. \n\nIntuitively, this trick is derived from the empirical observation that for many tasks, only a small region needs to update its dynamics for each time step. In addition, for those tasks in which the objects can potentially occupy the entire space, we observe that only a small region’s dynamic is required to solve the tasks. Taking the PourWater task for example, though the water can be spilled to cover the entire space, to pour the water successfully, our simulator only needs to accurately model the water when it is still in the bowl. The Lazy Dynamic Update trick can be applied to both of these scenarios.\n\nThe effectiveness of this trick is indeed task-dependent. Admittedly, this trick only partially resolves the memory issue since we can easily construct a task for which the deformable object occupies the entire grid, which necessitates the active region to cover the entire grid. However, this trick does help all the current task environments in DaxBench to various extents. We provide a table below to summarize and contrast the sizes of the original grid and its corresponding active region for each task environment. The last column shows that the Lazy Dynamic Update has reduced the state size by more than 75% for all environments.\n\n&nbsp;\n\n|Task|Activation size|Full-size|Volume Reduction|\n| - | - | - | - |\n|Fabric Manipulation Tasks|N.A.|N.A.|N.A.|\n|Rope|Shape rope: 32 $\\times$  6 $\\times$  32|128 $\\times$  128 $\\times$  128|99.7%|\n||Wipe rope: 32 $\\times$  32 $\\times$  32|64 $\\times$  64 $\\times$  64|87.5%|\n|Water|40 $\\times$  40 $\\times$  40|80 $\\times$  80 $\\times$  80|87.5%|\n|Mixture|40 $\\times$ 40 $\\times$ 40|80 $\\times$ 80 $\\times$ 80|87.5%|"
        },
        "signatures": [
          "ICLR.cc/2023/Conference/Paper496/Authors"
        ],
        "readers": [
          "everyone"
        ],
        "nonreaders": [],
        "writers": [
          "ICLR.cc/2023/Conference",
          "ICLR.cc/2023/Conference/Paper496/Authors"
        ]
      },
      {
        "id": "FhvYeUVO4u",
        "original": null,
        "number": 3,
        "cdate": 1668393530266,
        "mdate": null,
        "ddate": null,
        "tcdate": 1668393530266,
        "tmdate": 1668396030946,
        "tddate": null,
        "forum": "1NAzMofMnWl",
        "replyto": "UtI1xPIqaFA",
        "invitation": "ICLR.cc/2023/Conference/Paper496/-/Official_Comment",
        "content": {
          "title": "Authors Response",
          "comment": "\n> **Q3**:  Furthermore, the Saving Memory strategy in Section 3.1 is the same as the checkpoint scheme in [1].\n\nA3: Thank you for bringing this paper to our attention! We have checked the “checkpointing method” in section 4.2 and verified both methods use the same idea. We have added the references to the prior works on the “checkpointing method” and adjusted our manuscript as follows:\n\n&nbsp;\n\nThe main text, Section 3.1, Saving memory:\n\n> *Saving Memory Dax uses two tricks to optimize the efficiency and memory consumption of the end-to-end gradient computation, namely lazy dynamic update and ***''checkpointing method'' [1, 2, 3]***. To optimize MPM's time and memory consumption for a single timestep, Dax lazily updates the dynamic of a small region affected by the manipulation at that step. In addition, Dax only stores the values of a few states **(i.e. checkpoints)** at the forward pass; during the backward propagation, Dax re-computes segments of the forward values starting from every stored state in the reverse order sequentially for the overall gradient. We refer the reader to the appendix for details.*\n\n&nbsp;\n\nAppendix A.4, Checkpointing method:\n\n\n> ***Checkpointing method  Dax only stores the values of a few states (i.e. checkpoints)***  *and re-evaluates the sub-step gradients online during the back-propagation to reduce the memory consumption for long horizon problems. ***The checkpointing method has been proven useful in saving memory consumption for differentiable simulations in many prior works [1, 2, 3].*** … To overcome the large memory consumption issue, Dax trade-offs the computation complexity slightly for large memory consumption improvement: Dax only stores the values of a few states ***(i.e. checkpoints)*** at the forward pass; during the backward propagation, Dax re-computes segments of the forward values starting from every stored state in the reverse order sequentially for the overall gradient.*\n\n&nbsp;\n\nReferences\n\n[1] Yi-Ling Qiao, Junbang Liang, Vladlen Koltun, and Ming C. Lin. Efficient differentiable simulation of articulated bodies. In ICML, 2021.\n\n[2] Andreas Griewank and Andrea Walther. Algorithm 799: Revolve: An implementation of checkpointing for the reverse or adjoint mode of computational differentiation. ACM Trans. Math. Softw., 26(1):19–45, Mar 2000. ISSN 0098-3500.\n\n[3]  Tianqi Chen, Bing Xu, Chiyuan Zhang, and Carlos Guestrin. Training deep nets with sublinear memory cost, 2016. URL https://arxiv.org/abs/1604.06174.\n\n&nbsp;\n\n> **Q4**:  ‘The policy complexity grows exponentially with the planning horizon, known as “curse of dimensionality”;’ - This is not how I usually understand the “curse of dimensionality”. Are there more concrete citations or examples of the exponential complexity w.r.t. the horizon?\n\nA4: This is an excellent point for us to clarify! We meant that the planning methods' time complexity grows exponentially with the planning horizon [1, 2]. The dependency between the policy complexity and the planning horizon has been studied in [3], proving that the policy complexity grows non-trivially with the planning horizon. More specifically, it shows that the planning horizon monotonically adjusts the size of the policy class from 1 to at least $|A|^{|S|−2}$, which is \"almost all\" of the $|A|^{|S|}$ possible policies. Nevertheless, such growth may not be exponential with the planning horizon. We apologize for the inaccurate description in the script, and we have revised the manuscript as follows:\n\n&nbsp;\n\n> *The ***time complexity for the search-based planning method grows exponentially with the planning horizon, known as the ''curse of dimensionality''***; this is exacerbated by the large state space of deformable objects.*\n\n&nbsp;\n\n[1] Russell, Stuart and Norvig, Peter (2010). \"Artificial Intelligence: A Modern Approach\". Prentice Hall.\n\n[2] Silver, David, and Joel Veness. \"Monte-Carlo planning in large POMDPs.\" Advances in neural information processing systems 23 (2010).\n\n[3] Nan Jiang, Alex Kulesza, Satinder P. Singh, Richard L. Lewis, The Dependence of Effective Planning Horizon on Model Accuracy, AAMAS, 2015.\n\n&nbsp;\n\n> **Q5**:  Why do macro actions increase the requirements instead of making the scaling easier?\n\nA5: Thank you for pointing out the misused “requirements.” Indeed, macro-actions make scaling easier. We have fixed and refined the description in the updated manuscript:\n\n*Macro-actions reduce the dimension of the action space and the effective horizon, and hence make ***scaling easier*** for the DOM methods.*"
        },
        "signatures": [
          "ICLR.cc/2023/Conference/Paper496/Authors"
        ],
        "readers": [
          "everyone"
        ],
        "nonreaders": [],
        "writers": [
          "ICLR.cc/2023/Conference",
          "ICLR.cc/2023/Conference/Paper496/Authors"
        ]
      },
      {
        "id": "yLJPwJtLfO",
        "original": null,
        "number": 4,
        "cdate": 1668393809886,
        "mdate": 1668393809886,
        "ddate": null,
        "tcdate": 1668393809886,
        "tmdate": 1668393809886,
        "tddate": null,
        "forum": "1NAzMofMnWl",
        "replyto": "UtI1xPIqaFA",
        "invitation": "ICLR.cc/2023/Conference/Paper496/-/Official_Comment",
        "content": {
          "title": "Authors Response",
          "comment": "Thank you for acknowledging our effort and the contribution of DaxBench! We would like to first compare the difference between DaxBench and the existing related literature, then clarify some other issues on the paper’s presentation. We’ve updated the manuscript in response to some of your suggestions. Thank you for helping us in making this work better!\n\n&nbsp;\n\n> **Q1**: The authors might better illustrate and clarify its difference from related literature. For example, PlasticineLab is another platform for differentiable soft body manipulation. It is not apparent to me why PlasticineLab cannot support liquid and mixture (in Table 1) while DaX can.\n\nA1: PlasticineLab uses the MLS-MPM method that can support both liquids and mixtures. However, the simulator PlasticineLab focuses only on elastic-plastic tasks and does not implement liquids and mixtures. Therefore, it is non-trivial to extend PlasticineLab to support mixtures of different materials. DaXBench implements these tasks to facilitate researchers working with deformable objects using JAX. \n\n\n&nbsp;\n\n> **Q2**. Moreover, it is unclear to me how the solid ingredients are represented in Pour-Soup. Are they elastoplastic objects or purely rigid bodies? Is there a coupling issue between the fluid particles and the ingredients?\n\nA2: The ingredients, including tofu and broccoli, in the Pour-Soup task, are modeled as elastic objects using particles. The mixture is modeled using the MLS-MPM method [1], a two-way coupling method. The MLS-MPM method naturally handles the collisions of mixtures through particle-to-grid (P2G), grid operation (GO), and then grid-to-particle (G2P) processes.\n\n&nbsp;\n\n[1] Hu, Y., Fang, Y., Ge, Z., Qu, Z., Zhu, Y., Pradhana, A., & Jiang, C. (2018). A moving least squares material point method with displacement discontinuity and two-way rigid body coupling. ACM Transactions on Graphics (TOG), 37(4), 1-14. [SIGGRAPH18]\n\n"
        },
        "signatures": [
          "ICLR.cc/2023/Conference/Paper496/Authors"
        ],
        "readers": [
          "everyone"
        ],
        "nonreaders": [],
        "writers": [
          "ICLR.cc/2023/Conference",
          "ICLR.cc/2023/Conference/Paper496/Authors"
        ]
      },
      {
        "id": "UXPIV6Kkk_M",
        "original": null,
        "number": 5,
        "cdate": 1668394397752,
        "mdate": null,
        "ddate": null,
        "tcdate": 1668394397752,
        "tmdate": 1668396149230,
        "tddate": null,
        "forum": "1NAzMofMnWl",
        "replyto": "n3ZwUiaujOP",
        "invitation": "ICLR.cc/2023/Conference/Paper496/-/Official_Comment",
        "content": {
          "title": "Authors Response",
          "comment": "Thank you for recognizing the contribution of DaxBench! We would like to first respond to the missing related works and then explain our Sim2Real experiments. We’ve edited the manuscript to add the missing literature on DOM. Thank you for pointing this out and helping us in making our work better!\n\n&nbsp;\n\n> **Q1**:Some of the more recent DOM works are not referenced to, all of these works offer insights / simulator for DOM:\n\n- ThreeDWorld: A Platform for Interactive Multi-Modal Physical Simulation, Gan et al, Neurips 2021\n- ACID: Action-Conditional Implicit Visual Dynamics for Deformable Object Manipulation Bokui Shen, Zhenyu Jiang, Christopher Choy Leonidas J. Guibas, Silvio Savarese, Anima Anandkumar, Yuke Zhu, RSS, 2022\n- VIRDO: Visio-tactile Implicit Representations of Deformable Objects., Youngsun Wi, Pete Florence, Andy Zeng, Nima Fazeli. ICRA 2022.\n\nA1: We thank the reviewer for bringing these recent works to our attention! We have added references to the mentioned works in the related works section:\n\n&nbsp;\n\n\nThe main text, section 2.1:\n\n> *The progress in Deformable Object Manipulation (DOM) partially stems from the recent emergence of DOM simulators in the past years. These benchmarks and simulators have significantly advanced the state-of-the-art in modeling the complex dynamics of DOM and provide the firmament of the algorithmic innovations for the DOM methods. SoftGym \\citep{softgym} is the first DOM benchmark that models all liquid, fabric, and elastoplastic objects and introduces a wide range of standardized DOM tasks.* ***ThreeDWorld \\citep{TDW} allows agents to physically interact with various objects in rich 3D environments. However, they are non-differentiable and thus do not support methods based on differentiable physics.***\n\n&nbsp;\n\nThe main text, section 2.2, Motion Planning:\n\n> ***\\textbf{Motion planning} for DOM has been explored in \\citep{ACID, VIRDO, VFMPlanning, HF_planning, CE_planning}.*** *These methods overcome the enormous DoFs of the original state space by learning a low-dimensional latent state representation and a corresponding dynamic model for planning. The success of these planning methods critically depends on the dimensionality and quality of the learned latent space and the dynamic model, which in itself is challenging.* \n\n&nbsp;\n\n> **Q2**: Saying the simulator has sim2real ability is a pretty big claim. However, only a demo video is provided without any systematic evaluation.\n\nA2: Thank you for raising this concern. We concur with the reviewer that our hardware experiments only support reasonable fidelity.\n\nHaving said that, prior works show that if the simulator is differentiable, the sim-to-real gap can be minimized by system identification [1, 2]. We envision that the sim-to-real issues can be mitigated by taking advantage of DaX’s differentiability. Due to the limited scope of the paper, providing interfaces for users to do so in DaXBench and DaX can be our future work. Therefore, we have modified the descriptions and removed the overly strong claims in the updated manuscript:\n\n&nbsp;\n\n> ***Granted that the physical engine of DaX is built upon state-of-the-art simulation methods, the fidelity and correctness still need to be tested. To testify to the correctness of our simulated dynamics to real-world physics, we carry out a real robot experiment on a Kinova Gen 3 robot.*** *We deploy CEM-MPC with DaX as the predictor model to a Push-Rope task, as shown in Figure 5. Our study finds that the resultant state trajectories are similar in simulation and in reality.* ***This validates the fidelity of the tasks implemented based on our engine, and the performance of the DOM methods in our simulator provides hints about their performance on the real robot. We refer the reader to the appendix for details. In addition, the differentiability of DaX enables system identification that can reduce the sim-2-real gap (Le Lidec et al., 2021; Murthy et al., 2021). We can get an error term by comparing the observations in simulation and in reality; by differentiating this error with respect to the simulator parameters, we get gradients for parameter tuning.***\n\n&nbsp;\n\n[1] Murthy, J. Krishna, et al. \"gradSim: Differentiable simulation for system identification and visuomotor control.\" International Conference on Learning Representations. 2020.\n\n[2] Le Lidec, Quentin, et al. \"Differentiable simulation for physical system identification.\" IEEE Robotics and Automation Letters 6.2 (2021): 3413-3420.\n"
        },
        "signatures": [
          "ICLR.cc/2023/Conference/Paper496/Authors"
        ],
        "readers": [
          "everyone"
        ],
        "nonreaders": [],
        "writers": [
          "ICLR.cc/2023/Conference",
          "ICLR.cc/2023/Conference/Paper496/Authors"
        ]
      },
      {
        "id": "q3y7GPAFnzb",
        "original": null,
        "number": 1,
        "cdate": 1674241825894,
        "pdate": null,
        "mdate": null,
        "ddate": null,
        "tcdate": 1674241825894,
        "tmdate": 1674241825894,
        "tddate": null,
        "forum": "1NAzMofMnWl",
        "replyto": "1NAzMofMnWl",
        "invitation": "ICLR.cc/2023/Conference/Paper496/-/Decision",
        "content": {
          "title": "Paper Decision",
          "decision": "Accept: notable-top-5%",
          "metareview:_summary,_strengths_and_weaknesses": "This paper proposes a benchmark for deformable object manipulation, which is based on differentiable physics and uses the latest JAX framework. The support by JAX and differentiable property will benefit many algorithms in this direction. All reviewers are positive about the contribution. Some issues regarding the details are raised by the reviewers and then addressed by the authors. It is a clear case of an accepted research work at ICLR. ",
          "justification_for_why_not_higher_score": "Already highest level of score. ",
          "justification_for_why_not_lower_score": "The meta-reviewer shares the same excitement as all other reviewers that this work is an important contribution to the community. ",
          "summary_of_AC-reviewer_meeting": "Not a borderline paper.",
          "note_from_PC": "if the above contains the word \"oral\" or \"spotlight\" please see: \"oral\" presentation means -> notable-top-5% and \"spotlight\" means -> notable-top-25%. As stated in our emails, we are disassociating presentation type from AC recommendations"
        },
        "signatures": [
          "ICLR.cc/2023/Conference/Program_Chairs"
        ],
        "readers": [
          "everyone"
        ],
        "nonreaders": [],
        "writers": [
          "ICLR.cc/2023/Conference/Program_Chairs"
        ]
      }
    ],
    "directReplies": [
      {
        "id": "n3ZwUiaujOP",
        "original": null,
        "number": 1,
        "cdate": 1666462218242,
        "mdate": null,
        "ddate": null,
        "tcdate": 1666462218242,
        "tmdate": 1666463693442,
        "tddate": null,
        "forum": "1NAzMofMnWl",
        "replyto": "1NAzMofMnWl",
        "invitation": "ICLR.cc/2023/Conference/Paper496/-/Official_Review",
        "content": {
          "confidence": "4: You are confident in your assessment, but not absolutely certain. It is unlikely, but not impossible, that you did not understand some parts of the submission or that you are unfamiliar with some pieces of related work.",
          "summary_of_the_paper": "The paper introduce DaXBench, which is a very strong differentiable simulator for various DOM tasks. The authors examined various algorithms for the given tasks.",
          "strength_and_weaknesses": "Strength:\n- A very respectable implementation efforts was put into this work. I think this simulator will be of interest to many in the community.\n- A large range of learning algorithms are studied. Offering some interesting insights.\n\n\nWeakness:\n- Some of the more recent DOM works are not referenced to, all of these works offer insights / simulator for DOM:\n* ThreeDWorld: A Platform for Interactive Multi-Modal Physical Simulation, Gan et al, Neurips 2021\n* ACID: Action-Conditional Implicit Visual Dynamics for Deformable Object Manipulation Bokui Shen, Zhenyu Jiang, Christopher Choy, Leonidas J. Guibas, Silvio Savarese, Anima Anandkumar, Yuke Zhu, RSS, 2022\n* VIRDO: Visio-tactile Implicit Representations of Deformable Objects., Youngsun Wi, Pete Florence, Andy Zeng, Nima Fazeli. ICRA 2022.\n- I'm not confident about the sim2real part. Saying the simulator has sim2real ability is a pretty big claim. However, only a demo video is provided without any systematic evaluation.",
          "clarity,_quality,_novelty_and_reproducibility": "Great on all fronts.",
          "summary_of_the_review": "Very nice paper. I think it's a strong paper and definitely worth acceptance. I wish the authors can address the weakness i mentioned above.",
          "correctness": "3: Some of the paper’s claims have minor issues. A few statements are not well-supported, or require small changes to be made correct.",
          "technical_novelty_and_significance": "3: The contributions are significant and somewhat new. Aspects of the contributions exist in prior work.",
          "empirical_novelty_and_significance": "3: The contributions are significant and somewhat new. Aspects of the contributions exist in prior work.",
          "flag_for_ethics_review": [
            "NO."
          ],
          "recommendation": "8: accept, good paper"
        },
        "signatures": [
          "ICLR.cc/2023/Conference/Paper496/Reviewer_5D3R"
        ],
        "readers": [
          "everyone"
        ],
        "nonreaders": [],
        "writers": [
          "ICLR.cc/2023/Conference",
          "ICLR.cc/2023/Conference/Paper496/Reviewer_5D3R"
        ]
      },
      {
        "id": "UtI1xPIqaFA",
        "original": null,
        "number": 2,
        "cdate": 1666559321697,
        "mdate": null,
        "ddate": null,
        "tcdate": 1666559321697,
        "tmdate": 1666662472603,
        "tddate": null,
        "forum": "1NAzMofMnWl",
        "replyto": "1NAzMofMnWl",
        "invitation": "ICLR.cc/2023/Conference/Paper496/-/Official_Review",
        "content": {
          "confidence": "3: You are fairly confident in your assessment. It is possible that you did not understand some parts of the submission or that you are unfamiliar with some pieces of related work. Math/other details were not carefully checked.",
          "summary_of_the_paper": "This paper presents a benchmark that can simulate and evaluate a variety of manipulation tasks on deformable objects, including fluid, cloth, rope, and elastoplastic objects. The simulator is implemented using Jax, therefore it can also provide analytic gradients, making it compatible with recent popular control algorithms designed for differentiable simulation. \n\nA series of comparisons between differentiable-simulation-physics methods and gradient-free ones are further conducted. The experiments cover a wide range of categories of algorithms, e.g. reinforcement learning, imitation learning, and planning. Based on these comprehensive evaluations, the authors conclude the limitation and advantages of the differentiable-physics-based methods.\n\nIn the end, the authors successfully conduct a real-world Push-Rope task using the control policy from the simulation, which can validate the fidelity of the simulator.\n",
          "strength_and_weaknesses": "Strength\n\nIn my view, the experiments are the highlights of this paper. The authors implement the recently proposed differentiable simulation papers in their benchmark DaX, and compare them with gradient-free methods. The experiments include various robotic learning algorithms. This systematic evaluation indicates that the differentiable-physics-based method can indeed have better performance in some cases, but they also suffer from limitations as many gradient-based methods do, i.e. sensitive to the optimization landscape and initialization. And it also reiterates the importance of exploration in those differentiable-physics-based methods. Moreover, the authors perform real-world experiments, making the benchmark more convincing.\n\nWeaknesses\n\nSince the research of differentiable physics is progressing fast, the authors might better illustrate and clarify its difference from related literature. For example, PlasticineLab is another platform for differentiable soft body manipulation. Since both DaX (fluid, elastoplastic, and mixture) and PlasticineLab are using MPM as the governing dynamics, it is not apparent to me why PlasticineLab cannot support liquid and mixture (in Table 1) while DaX can. Moreover, it is unclear to me how the solid ingredients are represented in Pour-Soup. Are they elastoplastic objects or purely rigid bodies? Is there a coupling issue between the fluid particles and the ingredients?\nFurthermore, the Saving Memory strategy in Section 3.1 is the same as the checkpoint scheme in [1] (Section 4.2), where the back-propagation trades time for memory usage by recomputing the intermediate variables in each step.\n\n[1] Qiao, Yi-Ling, Junbang Liang, Vladlen Koltun, and Ming C. Lin. \"Efficient differentiable simulation of articulated bodies.\" In International Conference on Machine Learning, pp. 8661-8671. PMLR, 2021.\n",
          "clarity,_quality,_novelty_and_reproducibility": "The Quality of this paper is quite good to me as it covers different algorithms, tasks, and physics systems. The analysis after the experiments is insightful and valuable for future research.\n\nThe novelty of this paper is okay as it designs an efficient differentiable framework to simulate soft bodies. It could be better if it can provide more quantitative evaluations of the performance (e.g. comparison with PlasticineLab)\n\nThe experiments and methods look reasonable. And the authors promise to release the entire benchmark and the code, I think this paper should be reproducible.\n\nThe clarity is fine. Here are some sentences that I might need more clarification on,\n\n‘The policy complexity grows exponentially with the planning horizon, known as “curse of dimensionality”;’ - This is not how I usually understand the “curse of dimensionality”. Are there more concrete citations or examples of the exponential complexity w.r.t. the horizon?\n\n‘Macro-actions reduce the dimension of the action space and the effective horizon, and hence increase the scalability requirement on the DOM methods’ - Why does it increase the requirements instead of making the scaling easier?\n",
          "summary_of_the_review": "In my view, this paper provides a unified platform to evaluate the soft-body manipulation tasks and differentiable physics algorithms. It conducts comprehensive experiments and provides useful insights for future work. The sim-to-real experiment makes it more convincing. One thing it can improve is its differentiation from previous methods. In total, I think it is a good paper.",
          "correctness": "3: Some of the paper’s claims have minor issues. A few statements are not well-supported, or require small changes to be made correct.",
          "technical_novelty_and_significance": "3: The contributions are significant and somewhat new. Aspects of the contributions exist in prior work.",
          "empirical_novelty_and_significance": "3: The contributions are significant and somewhat new. Aspects of the contributions exist in prior work.",
          "flag_for_ethics_review": [
            "NO."
          ],
          "recommendation": "8: accept, good paper"
        },
        "signatures": [
          "ICLR.cc/2023/Conference/Paper496/Reviewer_4Kpq"
        ],
        "readers": [
          "everyone"
        ],
        "nonreaders": [],
        "writers": [
          "ICLR.cc/2023/Conference",
          "ICLR.cc/2023/Conference/Paper496/Reviewer_4Kpq"
        ]
      },
      {
        "id": "ShXlfcoRA7",
        "original": null,
        "number": 3,
        "cdate": 1666662427982,
        "mdate": null,
        "ddate": null,
        "tcdate": 1666662427982,
        "tmdate": 1666662427982,
        "tddate": null,
        "forum": "1NAzMofMnWl",
        "replyto": "1NAzMofMnWl",
        "invitation": "ICLR.cc/2023/Conference/Paper496/-/Official_Review",
        "content": {
          "confidence": "3: You are fairly confident in your assessment. It is possible that you did not understand some parts of the submission or that you are unfamiliar with some pieces of related work. Math/other details were not carefully checked.",
          "summary_of_the_paper": "The manuscript proposed a benchmark platform for deformable object manipulation tasks: DaXBench. DaxBench contains several environments with a mixture of fluid, fabric, and elastoplastic materials. Due to the support of JAX, DaXBench seems to support multi-GPU simulation and training easily. Also, it promotes differentiable simulation. The authors compared a set of controller optimization methods on the proposed benchmark platform and shared their insights.",
          "strength_and_weaknesses": "Strength:\n- As far as I know, DaXBench is the first deformable object manipulation benchmark platform based on JAX.\n- This manuscript compared a large set of methods on their proposed method, which provides the readers with a good sense of the performance of their simulator and the compared methods.\n- The provided code represents the visible reproducibility of the work.\n\nWeaknesses:\n- I wonder how the *mixture* is handled in these demos: are they two-way coupled, one-way coupled, or any other coupling was used?\n- I personally did not follow the *Lazy Dynamic Update* part: MPM will require a grid for simulation. Does it mean the overall grid is 32*6*32, or is the grid actually 128*128*128, but only a small region of it is activated? My personal feeling is this setting only applies to a small fraction of the proposed environments, is it?\n- My main reservation is the comparison at the framework level. JAX has a very similar position to taichi and Nvidia warp, which are more famous for physical simulation. And I would expect they have similar performance to JAX-implemented environments, is it? Is DaXBench distinguishable from them because of user-friendliness? Or better interface to deep learning modules? Or speed?",
          "clarity,_quality,_novelty_and_reproducibility": "The manuscript is nicely written. I did not follow the *Lazy Dynamic Update* part and hope for more explanation of it.",
          "summary_of_the_review": "This manuscript proposed DaxBench, the first deformable object manipulation benchmark platform based on JAX. I appreciate the work from the authors to build the simulation framework and share it with the community, but I expect some explanations and comparisons to taichi/warp.",
          "correctness": "3: Some of the paper’s claims have minor issues. A few statements are not well-supported, or require small changes to be made correct.",
          "technical_novelty_and_significance": "3: The contributions are significant and somewhat new. Aspects of the contributions exist in prior work.",
          "empirical_novelty_and_significance": "3: The contributions are significant and somewhat new. Aspects of the contributions exist in prior work.",
          "flag_for_ethics_review": [
            "NO."
          ],
          "recommendation": "8: accept, good paper"
        },
        "signatures": [
          "ICLR.cc/2023/Conference/Paper496/Reviewer_yxby"
        ],
        "readers": [
          "everyone"
        ],
        "nonreaders": [],
        "writers": [
          "ICLR.cc/2023/Conference",
          "ICLR.cc/2023/Conference/Paper496/Reviewer_yxby"
        ]
      },
      {
        "id": "q3y7GPAFnzb",
        "original": null,
        "number": 1,
        "cdate": 1674241825894,
        "pdate": null,
        "mdate": null,
        "ddate": null,
        "tcdate": 1674241825894,
        "tmdate": 1674241825894,
        "tddate": null,
        "forum": "1NAzMofMnWl",
        "replyto": "1NAzMofMnWl",
        "invitation": "ICLR.cc/2023/Conference/Paper496/-/Decision",
        "content": {
          "title": "Paper Decision",
          "decision": "Accept: notable-top-5%",
          "metareview:_summary,_strengths_and_weaknesses": "This paper proposes a benchmark for deformable object manipulation, which is based on differentiable physics and uses the latest JAX framework. The support by JAX and differentiable property will benefit many algorithms in this direction. All reviewers are positive about the contribution. Some issues regarding the details are raised by the reviewers and then addressed by the authors. It is a clear case of an accepted research work at ICLR. ",
          "justification_for_why_not_higher_score": "Already highest level of score. ",
          "justification_for_why_not_lower_score": "The meta-reviewer shares the same excitement as all other reviewers that this work is an important contribution to the community. ",
          "summary_of_AC-reviewer_meeting": "Not a borderline paper.",
          "note_from_PC": "if the above contains the word \"oral\" or \"spotlight\" please see: \"oral\" presentation means -> notable-top-5% and \"spotlight\" means -> notable-top-25%. As stated in our emails, we are disassociating presentation type from AC recommendations"
        },
        "signatures": [
          "ICLR.cc/2023/Conference/Program_Chairs"
        ],
        "readers": [
          "everyone"
        ],
        "nonreaders": [],
        "writers": [
          "ICLR.cc/2023/Conference/Program_Chairs"
        ]
      }
    ]
  }
}