{
  "id": "2QGJXyMNoPz",
  "original": "sm5dUvZQhqX",
  "number": 537,
  "cdate": 1663849860323,
  "mdate": null,
  "ddate": null,
  "tcdate": 1663849860323,
  "tmdate": 1677783040434,
  "tddate": null,
  "tauthor": "~Super_User1",
  "forum": "2QGJXyMNoPz",
  "replyto": null,
  "invitation": "ICLR.cc/2023/Conference/-/Blind_Submission",
  "content": {
    "title": "MocoSFL: enabling cross-client collaborative self-supervised learning",
    "authorids": [
      "~Jingtao_Li1",
      "~Lingjuan_Lyu1",
      "daisuke.iso@sony.com",
      "~Chaitali_Chakrabarti1",
      "~Michael_Spranger2"
    ],
    "authors": [
      "Jingtao Li",
      "Lingjuan Lyu",
      "Daisuke Iso",
      "Chaitali Chakrabarti",
      "Michael Spranger"
    ],
    "keywords": [
      "Self-supervised Learning",
      "Collaborative Learning",
      "Split Federated Learning",
      "Momentum Contrast"
    ],
    "TL;DR": "Existing collaborative SSL schemes are not suitable for cross-client applications because of their expensive computation and local data requirements. To address these issues, we propose MocoSFL based on Split Federated Learning and MoCo.",
    "abstract": "Existing collaborative self-supervised learning (SSL) schemes are not suitable for cross-client applications because of their expensive computation and large local data requirements. To address these issues, we propose MocoSFL, a collaborative SSL framework based on Split Federated Learning (SFL) and Momentum Contrast (MoCo). In MocoSFL, the large backbone model is split into a small client-side model and a large server-side model, and only the small client-side model is processed locally on the client's local devices. MocoSFL has three key components: (i) vector concatenation which enables the use of small batch size and reduces computation and memory requirements by orders of magnitude; (ii) feature sharing that helps achieve high accuracy regardless of the quality and volume of local data; (iii) frequent synchronization that helps achieve better non-IID performance because of smaller local model divergence. For a 1,000-client case with non-IID data (each client only has data from 2 random classes of CIFAR-10), MocoSFL can achieve over 84% accuracy with ResNet-18 model. Next we present TAResSFL module that significantly improves the resistance to privacy threats and communication overhead with small sacrifice in accuracy for a MocoSFL system. On a Raspberry Pi 4B device, the MocoSFL-based scheme requires less than 1MB of memory and less than 40MB of communication, and consumes less than 5W power. The code is available at https://github.com/SonyAI/MocoSFL.",
    "pdf": "/pdf/e7d98a4942f9fa3e0236bec53218b97e0792f3ee.pdf",
    "anonymous_url": "I certify that there is no URL (e.g., github page) that could be used to find authors’ identity.",
    "no_acknowledgement_section": "I certify that there is no acknowledgement section in this submission for double blind review.",
    "code_of_ethics": "I acknowledge that I and all co-authors of this work have read and commit to adhering to the ICLR Code of Ethics",
    "submission_guidelines": "Yes",
    "resubmission": "",
    "student_author": "",
    "Please_choose_the_closest_area_that_your_submission_falls_into": "Unsupervised and Self-supervised learning",
    "paperhash": "li|mocosfl_enabling_crossclient_collaborative_selfsupervised_learning",
    "_bibtex": "@inproceedings{\nli2023mocosfl,\ntitle={Moco{SFL}: enabling cross-client collaborative self-supervised learning},\nauthor={Jingtao Li and Lingjuan Lyu and Daisuke Iso and Chaitali Chakrabarti and Michael Spranger},\nbooktitle={The Eleventh International Conference on Learning Representations },\nyear={2023},\nurl={https://openreview.net/forum?id=2QGJXyMNoPz}\n}",
    "venue": "ICLR 2023 notable top 5%",
    "venueid": "ICLR.cc/2023/Conference",
    "supplementary_material": "/attachment/ebcf468f684d290bcc742c1331dad3c7f5b890e2.zip"
  },
  "signatures": [
    "ICLR.cc/2023/Conference"
  ],
  "readers": [
    "everyone"
  ],
  "nonreaders": [],
  "writers": [
    "ICLR.cc/2023/Conference"
  ],
  "pdate": 1675279109373,
  "odate": 1664468100000,
  "details": {
    "overwriting": [],
    "tags": [],
    "writable": false,
    "replyCount": 14,
    "directReplyCount": 6,
    "revisions": true,
    "replies": [
      {
        "id": "m5e81Gu2KE",
        "original": null,
        "number": 1,
        "cdate": 1666409622238,
        "mdate": null,
        "ddate": null,
        "tcdate": 1666409622238,
        "tmdate": 1666409622238,
        "tddate": null,
        "forum": "2QGJXyMNoPz",
        "replyto": "2QGJXyMNoPz",
        "invitation": "ICLR.cc/2023/Conference/Paper537/-/Official_Review",
        "content": {
          "confidence": "4: You are confident in your assessment, but not absolutely certain. It is unlikely, but not impossible, that you did not understand some parts of the submission or that you are unfamiliar with some pieces of related work.",
          "summary_of_the_paper": "This paper proposes MocoSFL, a collaborative SSL framework based on SFL. The proposed framework addresses hardware resource requirement at client-side by enabling small batch size training and computation offloading. It also relieves the large data requirement of local contrastive learning by enabling effective feature sharing. To address the privacy issue and communication overhead of MocoSFL, this paper further introduces the TAResSFL module. Combined with TAResSFL, MocoSFL can support 1,000 clients for the first time, achieve better non-IID performance, and largely reducte memory usage, computation and communication cost. ",
          "strength_and_weaknesses": "Strengths\n\n1. The whole paper is very well structured and well written.\n2. The proposed MocoSFL can be scaled to a large number of clients (1,000 clients for the first time).\n3. MocoSFL seems to be a very practical framework, which requires less memory, less communication, and consumes less power.\n4. Authors also test the effectivenes of MocoSFL on a real Raspberry Pi 4B device, which validates its potential to land in industry.\n5. The experimental design is solid and the results are convincing. All the key factors in a system are well considered and addressed, including model performance, memory usage, computation cost, communication cost, and privacy. \n\nWeaknesses\n\n1. All the chosen datasets are CV centered, I want to know whether MocoSFL can be extended to the other types of data. More discussion is expected.\n2. Seems FL-BYOL is the only baseline. Are there any potential baseline? Could you elaborate more on this?\n3. Figure 5 can be better illustrated with x-axis and y-axis lines with arrows.\n",
          "clarity,_quality,_novelty_and_reproducibility": "Clarity: The limitations of current FL-SSL methods are clearly identified. The proposed MocoSFL is clearly explained.\n\nQuality: The whole paper is well structured and well written. The experimental results are extensive and convincing.\n\nNovelty: To my knowledge, the proposed MocoSFL and the combination with TAResSFL is novel. Also, seems MocoSFL is the first work that can deal with as large as 1,000 clients in federated self-supervised learning. Hence, I think this paper could be a milestone work in advancing the area of federated self-supervised learning.\n\nReproducibility: Detailed experiment settings in the paper are sufficient to reproduce the results. Authors also plan to release code upon acceptance in their REPRODUCIBILITY STATEMENT. \n",
          "summary_of_the_review": "FL under self-supervised learning setting is still a very new but very practical problem. This paper clearly identifies the major challenges in deriving high accuracy in FL-SSL schemes for cross-client applications, and proposes a novel collaborative SSL framework called MocoSFL based on Split Federated Learning (SFL) and Momentum Contrast (MoCo). MocoSFL is the first work that can deal with as large as 1,000 clients in federated self-supervised learning, and tests its effectivenes on a real Raspberry Pi 4B device. Overall, this paper is very interesting and to my knowledge novel. This paper could be a milestone work in advancing federated self-supervised learning. Hence, I would like to vote for acceptance.",
          "correctness": "4: All of the claims and statements are well-supported and correct.",
          "technical_novelty_and_significance": "4: The contributions are significant, and do not exist in prior works.",
          "empirical_novelty_and_significance": "4: The contributions are significant, and do not exist in prior works.",
          "flag_for_ethics_review": [
            "NO."
          ],
          "details_of_ethics_concerns": "N/A",
          "recommendation": "8: accept, good paper"
        },
        "signatures": [
          "ICLR.cc/2023/Conference/Paper537/Reviewer_zHbH"
        ],
        "readers": [
          "everyone"
        ],
        "nonreaders": [],
        "writers": [
          "ICLR.cc/2023/Conference",
          "ICLR.cc/2023/Conference/Paper537/Reviewer_zHbH"
        ]
      },
      {
        "id": "OyYlUWCtB4",
        "original": null,
        "number": 2,
        "cdate": 1666494490791,
        "mdate": null,
        "ddate": null,
        "tcdate": 1666494490791,
        "tmdate": 1666494490791,
        "tddate": null,
        "forum": "2QGJXyMNoPz",
        "replyto": "2QGJXyMNoPz",
        "invitation": "ICLR.cc/2023/Conference/Paper537/-/Official_Review",
        "content": {
          "confidence": "5: You are absolutely certain about your assessment. You are very familiar with the related work and checked the math/other details carefully.",
          "summary_of_the_paper": "This paper introduces a federated self-supervised learning method named MocoSFL. based on Split Federated Learning (SFL) and MoCo. \n\nBy leveraging a small client-side model, vector concatenation, and effective feature sharing, MocoSFL solves two challenges: high computing resources and large data requirements. Thus, MocoSFL makes it practical for a cross-client application which typically has a very large number (>100x) of clients, and each client holds a small amount of data and has limited computing capability. \n\nIn addition, this paper introduces the TAResSFL module to effectively address the privacy threat and communication overhead of MocoSFL. MocoSFL with TAResSFL module can support 1,000 clients for the first time, and achieve over 1000x reduction in memory usage, 10000x reduction in computation, and 200x reduction in communication overhead. Moreover, compared to state-of-the-art methods, MocoSFL achieves better non-IID accuracy because of its small local model divergence.\n",
          "strength_and_weaknesses": "Strengths\n(1)\tThis paper firstly identifies two practical limitations of FL-SSL methods that make them unable to support cross-client applications.\n\n(2)\tThe roots of these two challenges are discussed well in Section 2.\n\n(3)\tThis paper proposes a novel combination of SFL and MoCo and utilizes three components to get the best of the two. The resulting MocoSFL enables a small client-side model, a large equivalent batch size, and effective feature sharing hence mitigates two challenges.\n\n(4)\tThe paper presents good reasoning on why the proposed MocoSFL is successful in mitigating large data requirements and improving non-IID performance.\n\n(5)\tExtensive experimental results demonstrate the advantages of the proposed method compared to state-of-the-art methods.\n\n(6)\tThe paper honestly points out the remaining privacy and communication issues of MocoSFL, and correspondingly presents TAResSFL module to mitigate these issues.\n\n(7)\tAt the end, the paper presents a hardware demo to showcase the practicality of the proposed method, showing that clients with a cheap device can participate in federated self-supervised learning without any problem.\n\nWeaknesses\n\n(1)\tExperiment shows up to 1,000 clients. It would be interesting to see the accuracy performance when the number of clients is greater than 1,000.\n\n(2)\tMocoSFL results are limited - only for ResNet architectures. How it performs on other models?\n\n(3)\tIn TAResSFL, the availability of a close-related source domain dataset and a small portion of target domain data is questionable and should be better justified.\n\n(4)\tHyper-parameter choices of TAResSFL seems not so easy. Could you give more hints on how to wisely or automaticly choose hyper-parameters?\n\n(5)\t(minor) The privacy evaluation only uses mean square error (MSE) as measurement, did you ever consider other metrics such as structural similarity index measure (SSIM), Peak signal-to-noise ratio (PSNR)? \n",
          "clarity,_quality,_novelty_and_reproducibility": "The paper clearly explains the problems and presents a novel combination of SFL and MoCo as solutions. The paper is well-written and organized. Moreover, the authors provide detailed experiment settings in appendices and promise the future release of code repository.",
          "summary_of_the_review": "This seems like a particularly interesting paper. This paper identifies practical problems in federated self-supervised learning and provides a novel MocoSFL framework to effectively solve them. The paper presents an in-depth discussion of both the problems and the solutions and shows extensive experimental results to support the arguments.  Finally, with the remaining issues addressed, the hardware demo leverages the importance and practicality of this work.",
          "correctness": "4: All of the claims and statements are well-supported and correct.",
          "technical_novelty_and_significance": "3: The contributions are significant and somewhat new. Aspects of the contributions exist in prior work.",
          "empirical_novelty_and_significance": "4: The contributions are significant, and do not exist in prior works.",
          "flag_for_ethics_review": [
            "NO."
          ],
          "details_of_ethics_concerns": "No",
          "recommendation": "8: accept, good paper"
        },
        "signatures": [
          "ICLR.cc/2023/Conference/Paper537/Reviewer_Ddhx"
        ],
        "readers": [
          "everyone"
        ],
        "nonreaders": [],
        "writers": [
          "ICLR.cc/2023/Conference",
          "ICLR.cc/2023/Conference/Paper537/Reviewer_Ddhx"
        ]
      },
      {
        "id": "jfCmrE5yiT",
        "original": null,
        "number": 3,
        "cdate": 1666665649321,
        "mdate": null,
        "ddate": null,
        "tcdate": 1666665649321,
        "tmdate": 1666666416300,
        "tddate": null,
        "forum": "2QGJXyMNoPz",
        "replyto": "2QGJXyMNoPz",
        "invitation": "ICLR.cc/2023/Conference/Paper537/-/Official_Review",
        "content": {
          "confidence": "4: You are confident in your assessment, but not absolutely certain. It is unlikely, but not impossible, that you did not understand some parts of the submission or that you are unfamiliar with some pieces of related work.",
          "summary_of_the_paper": "This paper aims to address the issues existing in current collaborative self-supervised learning (SSL) schemes and proposes MocoSFL, a collaborative SSL framework based on Split Federated Learning (SFL) and Momentum Contrast (MoCo). In MocoSFL, the large backbone model is split into a small client-side model and a large server-side model, and only the small client-side model is processed locally on the client’s local devices. \nSpecifically, there are three key components in MocoSFL: (i) vector concatenation which enables the use of small batch size and reduces computation and memory requirements by orders of magnitude; (ii) feature sharing that helps achieve high accuracy regardless of the quality and volume of local data; (iii) frequent synchronization that helps achieve better non-IID performance because of smaller local model divergence. Numerous evaluations are conducted to evaluate the effectiveness of the proposed MocoSFL.\n",
          "strength_and_weaknesses": "Strength: \n\n1) The practical value offered by MocoSFL is interesting: I think MocoSFL is a very practical solution that can support a large number of clients (1,000 clients) to conduct collaborative self-supervised learning (SSL).\n2) The proposed MocoSFL has experienced enormous evaluations: The proposed MocoSFL takes into account both IID and non-IID settings, as well as the cross-client and cross-silo cases; experiments are carried out in both simulated and real hardware devices.\n3) The proposed scheme takes into account not only model performance, hardware requirements, and communication overhead, but also privacy concerns.\n4) Because most IoT devices have limited memory and most data is unlabeled in reality, the investigated problem is both timely and important to the community.\n5) The paper's writing is good, and the overall structure is clear.\n\n\nWeaknesses:\n\n1)  In addition to model inversion attacks, I am wondering whether MocoSFL with the TAResSFL module has the potential to defend against other privacy attacks, such as the Membership Inference Attack. \n2)  Although 1,000 clients are already a SOTA achievement, it would be great to also analyze how many clients can be supported by MocoSFL at most. Is there any turning point here? \n3) I am very interested in the possibility of landing MocoSFL in ubiquitous IoT devices, so I want to know what is the min hardware requirement to implement MocoSFL, It is better to provide more discussions on this part?\n",
          "clarity,_quality,_novelty_and_reproducibility": "1) The overall structure of this paper and writing is simple and straightforward. The FL-SSL challenges are well-explained, and the proposed MocoSFL is well-motivated. The evaluation settings as well as the Hyper-parameters are clearly listed.\n\n2) The paper is of high quality and free of technical errors. The proposed MocoSFL is a solid solution that is by far the most practical for assisting a large number of clients in conducting collaborative self-supervised learning (SSL). There are adequate evaluations: The proposed MocoSFL takes into account both IID and non-IID settings; the proposed MocoSFL takes into account not only the cross-client case but also the cross-silo case, and experiments are carried out in both simulated and real hardware devices.\n\n3)  Although very few papers touched on the problem of FL-SSL, the identified two major challenges in deriving high accuracy in FL-SSL schemes for cross-client applications are novel. The proposed MocoSFL framework and the key components are also novel.\n\n4) Appendix A.1 of this paper contains a detailed explanation of the MocoSFL training and evaluation hyperparameters, collaborative learning system hyperparameters, and TAResSFL module hyperparameters. These should be sufficient for reproducibility.\n",
          "summary_of_the_review": "The proposed MocoSFL takes into consideration not only model performance, hardware requirements, and communication overhead, but also privacy concerns. As a result, it would garner interest from a diverse community, including but not limited to FL, SSL, communication, privacy, and so on. MocoSFL also provides the industry with practical benefits by supporting a large number of clients and testing on real devices. This paper's overall structure is very clear, and the writing is also excellent. The paper as a whole is of high quality and of sufficient interest to the community.",
          "correctness": "4: All of the claims and statements are well-supported and correct.",
          "technical_novelty_and_significance": "3: The contributions are significant and somewhat new. Aspects of the contributions exist in prior work.",
          "empirical_novelty_and_significance": "3: The contributions are significant and somewhat new. Aspects of the contributions exist in prior work.",
          "flag_for_ethics_review": [
            "NO."
          ],
          "recommendation": "8: accept, good paper"
        },
        "signatures": [
          "ICLR.cc/2023/Conference/Paper537/Reviewer_Sd6w"
        ],
        "readers": [
          "everyone"
        ],
        "nonreaders": [],
        "writers": [
          "ICLR.cc/2023/Conference",
          "ICLR.cc/2023/Conference/Paper537/Reviewer_Sd6w"
        ]
      },
      {
        "id": "aSuBSSIWDlt",
        "original": null,
        "number": 4,
        "cdate": 1666670174720,
        "mdate": null,
        "ddate": null,
        "tcdate": 1666670174720,
        "tmdate": 1670556299105,
        "tddate": null,
        "forum": "2QGJXyMNoPz",
        "replyto": "2QGJXyMNoPz",
        "invitation": "ICLR.cc/2023/Conference/Paper537/-/Official_Review",
        "content": {
          "confidence": "4: You are confident in your assessment, but not absolutely certain. It is unlikely, but not impossible, that you did not understand some parts of the submission or that you are unfamiliar with some pieces of related work.",
          "summary_of_the_paper": "Collaborative self-supervised learning is considered based on a combination of known split federated learning and self-supervised contrastive leaning strategies. The former bases on model splitting between server and local clients while the latter depends on momentum-based key generation. The proposed combination, called MocoSFL, has some complexity/performance advantages over exiting FL-based solutions. A variation of this idea, based on pretraining (and later freezing) of feature extractors utilizing a small amount of clients' training data, is also proposed to improve communication overhead as well as resistance to MIA attacks.",
          "strength_and_weaknesses": "Strengths: The chosen topic of collaborative SSL is an important and timely topic. The paper is clearly written. Performance is shown to be better than SOTA in some cases.\n\nWeaknesses: \n\nThe novelty is limited as the work represents a combination of known methods. The design choices made during this combination all seem right but are also either already known or easily anticipated (like latent vector concatenation to create a large\nbatch size for the server-side model, sharing of features and more frequent synchronization). As for the target-aware variation, it is not clear whether the availability of local clients' training data (however small) is justified. Sure, as the authors mention, Bhagoji et al., 2019 considers the possibility of server being able to validate local models, but note that Bhagoji et al. mean to raise the bar for attackers (in an effort to prove that attacks are possible). In contrast, the present authors actually consider the possibility of using the local client data to guard against MIA attacks (and to reduce communication overhead following the feature extractor freezing). My impression is that this is a highly non-standard FL setting, and I would want to see more convincing references. \n\nSpecific questions/issues include:\n\nThe obvious baselines FedEMA and FedU are missing from Table 2 and Table 3.\nFrom Table 5, the results for Non-IID cases with Nc=5 or Nc =100 are better than IID cases which is counter-intuitive. Could the authors provide justification for this performance gain?\nCan the authors explain why the latent vector size in Table 1 changed from 5000 to 39.1 MB? Is it just because the backward gradients are not included?\nIn Figure 7, how the GFLOPs for computation are measured? Specifically, does it include the FLOPs needed for backpropagation?\nThe authors claim this technique to be competitive in cross-silo setting. However, the paper requires having batch size in range of 100-200 at the server-end which seems impractical considering there exists millions of samples/clients. Could the authors comment on this?\nEq (2) finds that having a large batch-size can maintain hardness of negative samples, which seems to contradicts the empirical results in Table 6 where increasing the batch size further to 400 degrades the performance. Reasons?\nDid the authors implemented/reproduced the main results of baselines works e.g. FedEMA? It seems like the results are exactly as in the original paper. \nHow does this method compared against a FedMoco (Nanqing Dong, Irina Voiculescu: “Federated Contrastive Learning for Decentralized Unlabeled Medical Images”, 2021; arXiv:2109.07504) which also utilized MoCo in federated learning setup? \nFig 3 and Fig 7 contains computation results per clients only. How much computation burden is added to the server side?\n",
          "clarity,_quality,_novelty_and_reproducibility": "The proposed algorithm is clear and the paper is well-written, but the novelty is questionable.",
          "summary_of_the_review": "The addressed topic - collaborative SSL - is important and timely. But the novelty here is limited as the work represents a combination of known methods. The design choices made during this combination all seem right but are also either already known or easily anticipated. As for the target-aware variation, the availability of local clients' training data at the server needs a stronger justification (is this a realistic/fair assumption? is it actually done in practice somewhere?). There are a number of questions/issues raised in the Weaknesses section above.",
          "correctness": "3: Some of the paper’s claims have minor issues. A few statements are not well-supported, or require small changes to be made correct.",
          "technical_novelty_and_significance": "2: The contributions are only marginally significant or novel.",
          "empirical_novelty_and_significance": "2: The contributions are only marginally significant or novel.",
          "flag_for_ethics_review": [
            "NO."
          ],
          "recommendation": "6: marginally above the acceptance threshold"
        },
        "signatures": [
          "ICLR.cc/2023/Conference/Paper537/Reviewer_bsEM"
        ],
        "readers": [
          "everyone"
        ],
        "nonreaders": [],
        "writers": [
          "ICLR.cc/2023/Conference",
          "ICLR.cc/2023/Conference/Paper537/Reviewer_bsEM"
        ]
      },
      {
        "id": "X1FjxCRs1fx",
        "original": null,
        "number": 1,
        "cdate": 1668156382197,
        "mdate": null,
        "ddate": null,
        "tcdate": 1668156382197,
        "tmdate": 1668720383667,
        "tddate": null,
        "forum": "2QGJXyMNoPz",
        "replyto": "aSuBSSIWDlt",
        "invitation": "ICLR.cc/2023/Conference/Paper537/-/Official_Comment",
        "content": {
          "title": "Response to Reviewer bsEM: (2/2) ",
          "comment": "Please first see \"Response to Reviewer bsEM: (1/2)\"\n\n\n\\\n**II: Question on Hardware-related Results:**\n\nSorry for missing details of the hardware evaluation. We have now included the details in Appendix A.5 section. \n**Q-II1:** Can the authors explain why the latent vector size in Table 1 changed from 5000 to 39.1 MB? Is it just because the backward gradients are not included? \n\n**Answer:** Thanks for the good question. Please refer to the newly added Appendix A.5 for the communication calculation detail. The latent vector has been reduced from 5000 to 39.1 MB because (1) the bottleneck layer (Conv layer with a channel size of 4 and stride of 2)  that we append to client-side model in TAResSFL compress the data, and (2) there are no backward gradients. **For example**, if the original feature size is 128x16x16, then after bottleneck layer, the feature size becomes 4x8x8, which is about a 64x reduction in communication. And because no backward gradients are needed, so we get a 128x reduction.\n\n\n\\\n**Q-II2:** In Figure 7, how the GFLOPs for computation are measured? Specifically, does it include the FLOPs needed for backpropagation? \n\n**Answer:** Sorry for missing the detail. Please refer to the newly added Appendix A.5 for the computation calculation detail. And yes, backpropagation is included in the FLOPS count. \n\n\n\\\n**Q-II3:**  Fig 3 and Fig 7 contains computation results per clients only. How much computation burden is added to the server side?\n\n**Answer:** The computation burden on the server side is similar to that of a centralized learning scheme. It is actually a little less because client-side model is computed at the client-end and not in the server. Simply put, the server processes a total of #Number of selected clients * # Number of data per client in each epoch for 200 epochs. We use a single 3090 GPU to handle the server-side computation. \n\n**III: Question on Practicality and Further Comparison:**\n\n\\\n**Q-III1:** The authors claim this technique to be competitive in cross-silo setting. However, the paper requires having batch size in range of 100-200 at the server-end which seems impractical considering there exists millions of samples/clients. Could the authors comment on this? \n\n**Answer:** The key point in showing results for 100-1000 clients is to demonstrate that the proposed learning scheme can succeed even under small data. For example, having 1000 clients to process CIFAR-10 data, which consists of 50K data in total, means that each client only has 50 data. This is sufficient as a demonstration for “small data”. \nThe only concern is the increasing batch size when more clients simultaneously participate. The server does not have infinite resources and so the batch size cannot be infinitely large. To mitigate this problem, we use client sampling (by setting a ratio < 1) to only allow a subset of clients to participate in each round to limit the batch size to a constant. Client sampling [1] is a standard approach used in FL schemes.\n\n**References:**\n\n[1] Charles et al. - On large-cohort training for federated learning.\n\n\\\n**Q-III2:** How does this method compared against a FedMoco (Nanqing Dong, Irina Voiculescu: “Federated Contrastive Learning for Decentralized Unlabeled Medical Images”, 2021; arXiv:2109.07504) which also utilized MoCo in federated learning setup? \n\n**Answer:** Thanks for pointing out this important work. FedMoco is a good piece of work that demonstrates the success of FL + MoCo for medical application in a #client = 3, 6 setting. However, we did not consider FedMoco as an appropriate comparison candidate for the following reasons: (1) In cross-silo case, FedMoco only shows results for medical datasets and its code does not seem to be available. Also, the combination of FL and Moco has also been done in FedEMA paper, whose results are better than FedMoco. (2) In cross-client case, FedMoco may not work as it does not present any techniques to address small data and limited hardware resource problem.\n"
        },
        "signatures": [
          "ICLR.cc/2023/Conference/Paper537/Authors"
        ],
        "readers": [
          "ICLR.cc/2023/Conference/Program_Chairs",
          "everyone",
          "ICLR.cc/2023/Conference/Paper537/Senior_Area_Chairs",
          "ICLR.cc/2023/Conference/Paper537/Area_Chairs",
          "ICLR.cc/2023/Conference/Paper537/Reviewers",
          "ICLR.cc/2023/Conference/Paper537/Reviewers/Submitted",
          "ICLR.cc/2023/Conference/Paper537/Authors"
        ],
        "nonreaders": [],
        "writers": [
          "ICLR.cc/2023/Conference",
          "ICLR.cc/2023/Conference/Paper537/Authors"
        ]
      },
      {
        "id": "HhjSqNAB4C",
        "original": null,
        "number": 2,
        "cdate": 1668156936585,
        "mdate": null,
        "ddate": null,
        "tcdate": 1668156936585,
        "tmdate": 1668720245715,
        "tddate": null,
        "forum": "2QGJXyMNoPz",
        "replyto": "aSuBSSIWDlt",
        "invitation": "ICLR.cc/2023/Conference/Paper537/-/Official_Comment",
        "content": {
          "title": "Response to Reviewer bsEM: (1/2)",
          "comment": "**Q1:** Lack of Novelty: The novelty is limited as the work represents a combination of known methods.\n\n**Answer:** Thanks for the valuable comments. We address two important problems in SOTA FL-SSL schemes that make it impractical for cross-client applications. These are availability of large amount of data that is required for contrastive learning and the ability to process them in resource-constrained clients. The proposed MoCoSFL scheme addresses these problems by utilizing the key-storing mechanism in MoCo and Split Federated Learning (SFL) to support a smaller client-side model that reduces the client-side computations, latent vector concatenation that makes micro-batch training possible for clients and feature sharing that removes the requirement of a large amount of local data. Furthermore, we propose TAResSFL to address the communication overhead and privacy issues of MoCoSFL.\n  \n  \\\n**Q2:** Evidence to support the server can have a subset of validation data.\n\n**Answer:** Thank you for the suggestion. We provide additional evidence to support our assumption that the server can have a subset of validation data. For instance, in Lin et al. [1], the early stopping strategy in ensemble distillation requires the server to have some validation data, in Nagalapatti et al. [2], the irrelevant client mitigation method  heavily relies on the server to have validation data, in Wang et al. [3] FL’s non-IID performance is improved using available validation data and in Zhang et al. [4] the block-chain-based FL system relies on validation data for quality evaluation.\nHowever, we admit the assumption is not always practical and many existing works [5, 6] are opposed to such an assumption.We show that even if 0% validation data is available, our TAResSFL algorithm still achieves > 80% accuracy. \n\n**References:**\n\n[1] Lin et al. Ensemble Distillation for Robust Model Fusion in Federated Learning\n\n[2] Nagalapatti et al. Game of gradients: Mitigating irrelevant clients in federated learning\n\n[3] Wang et al. Optimizing Federated Learning on Non-IID Data with Reinforcement Learning\n\n[4] Zhang et al. Refiner: A reliable incentive-driven federated learning system powered by blockchain\n\n[5] Wu et al. Mitigating Backdoor Attacks in Federated Learning\n\n[6] Fung et al. Mitigating Sybils in Federated Learning Poisoning\n\n  \n  \\\n**Thank you again for your insightful questions. We reorganize other questions according to their category - I: Empirical Results, II - Hardware Related, III - Practicality**\n\n**I: Question on Empirical Results:**\n\n**Q-I1**: The obvious baselines FedEMA and FedU are missing from Table 2 and Table 3. \n\n**Answer:** In Table 2, FL-BYOL is a subset of FedEMA and it is the best among all techniques presented in FedEMA. FedU is inferior to FL-BYOL so we put that result in Appendix B.7 instead of in the main paper. We do not include them in Table 3 since their model achieves very low accuracy for more than  20 clients. Instead, we present FL-SSL cross-client accuracy results in Figure 1(b) as a motivation for the large data requirement. We show that they achieve very low KNN accuracy of just above 30% when the number of clients is 100.\n\n  \n  \\\n**Q-I2**: From Table 5, the results for Non-IID cases with Nc=5 or Nc =100 are better than IID cases which is counter-intuitive. Could the authors provide justification for this performance gain? \n\n**Answer:** We are also surprised to see that sometimes Non-IID cases have a little better performance than IID cases. We suspect there is a weak regularization effect when the data is non-IID. However, we do not have a clear way of proving it.\n  \n  \\\n**Q-I3**: Eq (2) finds that having a large batch-size can maintain hardness of negative samples, which seems to contradict the empirical results in Table 6 where increasing the batch size further to 400 degrades the performance. Reasons?\n\n**Answer:** The hardness is not the only reason affecting the accuracy - training dynamics can also be a factor. We found that using batch size 100, 200 can already fulfill the hardness requirement as indicated in Eq (2). When batch size is greater than 200, the total number of updates is less though the gradient is more “accurate”. Since we set the learning rate for all batch sizes to be the same - it justifies the small accuracy degradation.\n\n  \n  \\\n**Q-I4**: Did the authors implemented/reproduced the main results of baselines works e.g. FedEMA? It seems like the results are exactly as in the original paper. \n\n**Answer:** Yes, we generated results of FedEMA based on their open-sourced code for Figure 1. For Table 2, we took the original number from FedEMA paper after verifying its correctness (by inspecting and rerunning the provided code).\n\n  \n  \n\n  \n  \\\n(Continue in \"Response to Reviewer bsEM: (2/2)\")\n"
        },
        "signatures": [
          "ICLR.cc/2023/Conference/Paper537/Authors"
        ],
        "readers": [
          "ICLR.cc/2023/Conference/Program_Chairs",
          "everyone",
          "ICLR.cc/2023/Conference/Paper537/Senior_Area_Chairs",
          "ICLR.cc/2023/Conference/Paper537/Area_Chairs",
          "ICLR.cc/2023/Conference/Paper537/Reviewers",
          "ICLR.cc/2023/Conference/Paper537/Reviewers/Submitted",
          "ICLR.cc/2023/Conference/Paper537/Authors"
        ],
        "nonreaders": [],
        "writers": [
          "ICLR.cc/2023/Conference",
          "ICLR.cc/2023/Conference/Paper537/Authors"
        ]
      },
      {
        "id": "R0eCCdGaJrA",
        "original": null,
        "number": 3,
        "cdate": 1668159065079,
        "mdate": null,
        "ddate": null,
        "tcdate": 1668159065079,
        "tmdate": 1668720401875,
        "tddate": null,
        "forum": "2QGJXyMNoPz",
        "replyto": "aSuBSSIWDlt",
        "invitation": "ICLR.cc/2023/Conference/Paper537/-/Official_Comment",
        "content": {
          "title": "Thanks to Reviewer bsEM",
          "comment": "Thank you very much for the positive feedback and valuable comments. We hope the following clarifications can address your concerns. Please see \"Response to Reviewer bsEM: (1/2)\" and \"Response to Reviewer bsEM: (2/2)\" and kindly let us know whether we have adequately addressed your comments. We are looking forward to your feedback!"
        },
        "signatures": [
          "ICLR.cc/2023/Conference/Paper537/Authors"
        ],
        "readers": [
          "ICLR.cc/2023/Conference/Program_Chairs",
          "everyone",
          "ICLR.cc/2023/Conference/Paper537/Senior_Area_Chairs",
          "ICLR.cc/2023/Conference/Paper537/Area_Chairs",
          "ICLR.cc/2023/Conference/Paper537/Reviewers",
          "ICLR.cc/2023/Conference/Paper537/Reviewers/Submitted",
          "ICLR.cc/2023/Conference/Paper537/Authors"
        ],
        "nonreaders": [],
        "writers": [
          "ICLR.cc/2023/Conference",
          "ICLR.cc/2023/Conference/Paper537/Authors"
        ]
      },
      {
        "id": "i7aIivGLfg6",
        "original": null,
        "number": 4,
        "cdate": 1668719918737,
        "mdate": 1668719918737,
        "ddate": null,
        "tcdate": 1668719918737,
        "tmdate": 1668719918737,
        "tddate": null,
        "forum": "2QGJXyMNoPz",
        "replyto": "jfCmrE5yiT",
        "invitation": "ICLR.cc/2023/Conference/Paper537/-/Official_Comment",
        "content": {
          "title": "Response to Reviewer Sd6w",
          "comment": "Thank you very much for the positive feedback and valuable comments. We hope the following new results and clarifications can address your concerns.\n\n**Q1:** In addition to model inversion attacks, I am wondering whether MocoSFL with the TAResSFL module has the potential to defend against other privacy attacks, such as the Membership Inference Attack.\n\n**Answer:** Thanks for the valuable comments. The TAResSFL module is designed for addressing model inversion attacks, which reveal the raw images themselves and thus are stronger than membership inference attacks that only reveal whether a given sample is in the training set. However, this does not mean that TAResSFL can mitigate any weaker attack. Actually, membership inference attacks in a Federated setting have not been investigated thoroughly and we would like to investigate them in the future. Thank you for bringing this to our attention.\n\n**Q2:** Although 1,000 clients are already a SOTA achievement, it would be great to also analyze how many clients can be supported by MocoSFL at most. Is there any turning point here?\n\n**Answer:** Thanks for this insightful question. Our experiments show at most 1,000 clients because CIFAR-10 dataset has only 50K data which translates to only 50 images for each client, which is already a ‘small data’ case. For MocoSFL, we swept the number of clients from 100 to 1000, and found only a very small accuracy degradation (less than 1%), which suggests further scaling should not be a problem. For MocoSFL with TAResSFL, the performance will not be affected by the number of clients since the client-side model is frozen, and having more clients is equivalent to having more “latent vectors” concatenated at the server-side model.\n\n**Q3:** I am very interested in the possibility of landing MocoSFL in ubiquitous IoT devices, so I want to know what is the min hardware requirement to implement MocoSFL, It is better to provide more discussions on this part?\n\n**Answer:** Thanks for the suggestion. We listed the hardware resource consumption in Figure. 7 in the ideal case, for which we added a section in Appendix A. 5 to describe the calculation detail. However, in practice, memory consumption should also include the OS kernel and python library. In the Raspberry Pi 4B demonstration, MocoSFL consumes ~800MB of memory. But we project that with a specially crafted OS kernel and library support, the requirement in hardware can be further reduced. \n"
        },
        "signatures": [
          "ICLR.cc/2023/Conference/Paper537/Authors"
        ],
        "readers": [
          "ICLR.cc/2023/Conference/Program_Chairs",
          "ICLR.cc/2023/Conference/Paper537/Senior_Area_Chairs",
          "everyone",
          "ICLR.cc/2023/Conference/Paper537/Area_Chairs",
          "ICLR.cc/2023/Conference/Paper537/Reviewers",
          "ICLR.cc/2023/Conference/Paper537/Reviewers/Submitted",
          "ICLR.cc/2023/Conference/Paper537/Authors"
        ],
        "nonreaders": [],
        "writers": [
          "ICLR.cc/2023/Conference",
          "ICLR.cc/2023/Conference/Paper537/Authors"
        ]
      },
      {
        "id": "GlFxVXf3KZ",
        "original": null,
        "number": 5,
        "cdate": 1668720526439,
        "mdate": 1668720526439,
        "ddate": null,
        "tcdate": 1668720526439,
        "tmdate": 1668720526439,
        "tddate": null,
        "forum": "2QGJXyMNoPz",
        "replyto": "m5e81Gu2KE",
        "invitation": "ICLR.cc/2023/Conference/Paper537/-/Official_Comment",
        "content": {
          "title": "Response to Reviewer zHbH",
          "comment": "Thanks for your valuable comments. We hope our response below can adequately address your concerns.\n\n**Q1:** All the chosen datasets are CV centered, I want to know whether MocoSFL can be extended to the other types of data. More discussion is expected.\n\n**Answer:** Our paper focuses on CV classification tasks to demonstrate the potential of the proposed method. We will consider generalization to other application domains such as Text and Voice in our future work. \n\n**Q2:** Seems FL-BYOL is the only baseline. Are there any potential baseline? Could you elaborate more on this?\n\n**Answer:** We only list FL-BYOL in the main paper because it is the best among all techniques presented in FedEMA. We provide results for other schemes such as FedU, FedCA in Appendix B.7. \n\n**Q3:** Figure 5 can be better illustrated with x-axis and y-axis lines with arrows.\n\n**Answer:** Thanks for the suggestion. We remade the figure with the suggested changes in the revised version.\n"
        },
        "signatures": [
          "ICLR.cc/2023/Conference/Paper537/Authors"
        ],
        "readers": [
          "ICLR.cc/2023/Conference/Program_Chairs",
          "everyone",
          "ICLR.cc/2023/Conference/Paper537/Senior_Area_Chairs",
          "ICLR.cc/2023/Conference/Paper537/Area_Chairs",
          "ICLR.cc/2023/Conference/Paper537/Reviewers",
          "ICLR.cc/2023/Conference/Paper537/Reviewers/Submitted",
          "ICLR.cc/2023/Conference/Paper537/Authors"
        ],
        "nonreaders": [],
        "writers": [
          "ICLR.cc/2023/Conference",
          "ICLR.cc/2023/Conference/Paper537/Authors"
        ]
      },
      {
        "id": "Aq6GuzHuPef",
        "original": null,
        "number": 6,
        "cdate": 1668721226127,
        "mdate": 1668721226127,
        "ddate": null,
        "tcdate": 1668721226127,
        "tmdate": 1668721226127,
        "tddate": null,
        "forum": "2QGJXyMNoPz",
        "replyto": "2QGJXyMNoPz",
        "invitation": "ICLR.cc/2023/Conference/Paper537/-/Official_Comment",
        "content": {
          "title": "Rebuttal Summary",
          "comment": "We sincerely thank all reviewers for their valuable comments and suggestions. We have made the following updates:\n\n1. We remade Figure 5 by using arrows on x-axis and y-axis.\n2. We have included details of overhead calculation in Table1 and Fig. 7 in Appendix A.5 section.\n3. We included extensive results of MocoSFL on MobileNet and VGG architectures in Appendix B. 2.\n4. We added extensive metrics (SSIM and PSNR) for Table 4 in Appendix B. 5.\n\nWe have revised our paper according to all the valuable comments and marked them in orange. Please kindly let us know if there is anything still not clear.\n"
        },
        "signatures": [
          "ICLR.cc/2023/Conference/Paper537/Authors"
        ],
        "readers": [
          "ICLR.cc/2023/Conference/Program_Chairs",
          "everyone",
          "ICLR.cc/2023/Conference/Paper537/Senior_Area_Chairs",
          "ICLR.cc/2023/Conference/Paper537/Area_Chairs",
          "ICLR.cc/2023/Conference/Paper537/Reviewers",
          "ICLR.cc/2023/Conference/Paper537/Reviewers/Submitted",
          "ICLR.cc/2023/Conference/Paper537/Authors"
        ],
        "nonreaders": [],
        "writers": [
          "ICLR.cc/2023/Conference",
          "ICLR.cc/2023/Conference/Paper537/Authors"
        ]
      },
      {
        "id": "uBQTGnGXM1",
        "original": null,
        "number": 7,
        "cdate": 1668721452704,
        "mdate": 1668721452704,
        "ddate": null,
        "tcdate": 1668721452704,
        "tmdate": 1668721452704,
        "tddate": null,
        "forum": "2QGJXyMNoPz",
        "replyto": "OyYlUWCtB4",
        "invitation": "ICLR.cc/2023/Conference/Paper537/-/Official_Comment",
        "content": {
          "title": "Response to Reviewer Ddhx",
          "comment": "Thanks for your time reviewing our paper and the thoughtful comments. Following your suggestions, we have run additional experiments and added the new results to the revised paper. We hope the new version can adequately address your concerns.\n\n\\\n**Q1:** Experiment shows up to 1,000 clients. It would be interesting to see the accuracy performance when the number of clients is greater than 1,000.\n\n**Answer:** Thanks for this insightful comment. Our experiments show at most 1,000 clients because CIFAR-10 dataset has only 50K data which translates to only 50 images for each client, which is already a ‘small data’ case. For MocoSFL, we swept the number of clients from 100 to 1000, and found only a very small accuracy degradation (less than 1%), which suggests further scaling should not be a problem. For MocoSFL with TAResSFL, the performance will not be affected by the number of clients since the client-side model is frozen, and having more clients is equivalent to having more “latent vectors” concatenated at the server-side model.\n\n\\\n**Q2:** MocoSFL results are limited - only for ResNet architectures. How it performs on other models?\n\n**Answer:** Thank you for your valuable suggestion. In Appendix B. 2, We have included results for MocoSFL on MobilnetV2 and VGG-13 under IID and Non-IID settings under the 100-client setting. Compared with ResNet-18 and ResNet-50, their accuracy performance is not as good. For example, on Mobilenet-V2, its IID accuracy is 81.4% and Non-IID accuracy drops to 76.0%. As we expected, the poor performance is because of Mobilenet-V2's smaller model size compared to ResNet-18/50.\n\n\\\n**Q3:** In TAResSFL, the availability of a close-related source domain dataset and a small portion of target domain data is questionable and should be better justified.\n\n**Answer:** The existence of target domain data can be justified by using a subset of validation data. We provide additional evidence to support our assumption that the server can have a subset of validation data. For instance, in Lin et al. [1], the early stopping strategy in ensemble distillation requires the server to have some validation data, in Nagalapatti et al. [2], the irrelevant client mitigation method  heavily relies on the server to have validation data, in Wang et al. [3] FL’s non-IID performance is improved using available validation data and in Zhang et al. [4] the block-chain-based FL system relies on validation data for for quality evaluation.\nHowever, we admit the assumption is not always practical and many existing works [5, 6] are opposed to such an assumption. According to our experiment results, even if 0% validation data is available, our TAResSFL algorithm still achieves > 80% accuracy. \n\nReference\n\n[1] Lin et al. Ensemble Distillation for Robust Model Fusion in Federated Learning\n\n[2] Nagalapatti et al. Game of gradients: Mitigating irrelevant clients in federated learning\n\n[3] Wang et al. Optimizing Federated Learning on Non-IID Data with Reinforcement Learning\n\n[4] Zhang et al. Refiner: A reliable incentive-driven federated learning system powered by blockchain\n\n[5] Wu et al. Mitigating Backdoor Attacks in Federated Learning\n\n[6] Fung et al. Mitigating Sybils in Federated Learning Poisoning\n\n\\\n**Q4:** Hyper-parameter choices of TAResSFL seems not so easy. Could you give more hints on how to wisely or automaticly choose hyper-parameters?\n\n**Answer:** Thanks for the insightful question. We do not have an easy way to choose the hyper-parameters – sorry! Our choice was based on intuition and trial-and-error. Please use the recommended hyper-parameter settings which we tested for multiple cases. All cases achieve comparatively good accuracy and resistance.\n\n\\\n**Q5:** (minor) The privacy evaluation only uses mean square error (MSE) as measurement, did you ever consider other metrics such as structural similarity index measure (SSIM), Peak signal-to-noise ratio (PSNR)?\n\n**Answer:** Thanks for your suggestion. We provide SSIM and PSNR results for Table 4 in Appendix B. 5.\n"
        },
        "signatures": [
          "ICLR.cc/2023/Conference/Paper537/Authors"
        ],
        "readers": [
          "everyone",
          "ICLR.cc/2023/Conference/Program_Chairs",
          "ICLR.cc/2023/Conference/Paper537/Senior_Area_Chairs",
          "ICLR.cc/2023/Conference/Paper537/Area_Chairs",
          "ICLR.cc/2023/Conference/Paper537/Reviewers",
          "ICLR.cc/2023/Conference/Paper537/Reviewers/Submitted",
          "ICLR.cc/2023/Conference/Paper537/Authors"
        ],
        "nonreaders": [],
        "writers": [
          "ICLR.cc/2023/Conference",
          "ICLR.cc/2023/Conference/Paper537/Authors"
        ]
      },
      {
        "id": "GSDISzoBcJ",
        "original": null,
        "number": 8,
        "cdate": 1669536479374,
        "mdate": 1669536479374,
        "ddate": null,
        "tcdate": 1669536479374,
        "tmdate": 1669536479374,
        "tddate": null,
        "forum": "2QGJXyMNoPz",
        "replyto": "X1FjxCRs1fx",
        "invitation": "ICLR.cc/2023/Conference/Paper537/-/Official_Comment",
        "content": {
          "title": "thanks for the response",
          "comment": "I thank the authors for their substantial efforts in answering the questions I raised. I feel my concerns are suuficiently addressed in most points. I particularly liked the comments made for Q-III1 and Q-III2. For Q-II1 and Q-II2, the details of hardware evaluation added in the appendix seem to check out. For Q-II3: In these figures, I hoped to figure out the computation burden added to the server as compared to FL-SSL schemes where the server is mainly aggregating the client models only. In MocoSFL since the server is first processing the latent features from the clients and then aggregating the models, the computation required for processing, backpropagation and aggregation could be substantial. I was hoping the authors would provide some numbers for the amount of processing happening on the server side as compared to FL-SSL. Overall, I raise my score to 6. Again, thanks for the hard work during rebuttal.\n"
        },
        "signatures": [
          "ICLR.cc/2023/Conference/Paper537/Reviewer_bsEM"
        ],
        "readers": [
          "everyone"
        ],
        "nonreaders": [],
        "writers": [
          "ICLR.cc/2023/Conference",
          "ICLR.cc/2023/Conference/Paper537/Reviewer_bsEM"
        ]
      },
      {
        "id": "zxlDzxJjiW",
        "original": null,
        "number": 9,
        "cdate": 1669614781805,
        "mdate": 1669614781805,
        "ddate": null,
        "tcdate": 1669614781805,
        "tmdate": 1669614781805,
        "tddate": null,
        "forum": "2QGJXyMNoPz",
        "replyto": "GSDISzoBcJ",
        "invitation": "ICLR.cc/2023/Conference/Paper537/-/Official_Comment",
        "content": {
          "title": "Sincere thanks for your review efforts and valuable feedback",
          "comment": "Dear Reviewer bsEM,\n\nWe want to express our appreciation for your comments and insights again. **Just a friendly reminder**: could you double-check whether the score of your review has been raised in the system? Because we still see \"Score 5\" in the current page.\n\nFor your last question: following the same setting in Fig. 7, we quickly ran calculations on the server-side computation overhead for three schemes, which are listed in the table below. In MocoSFL schemes, the server needs to perform forward/backward computation and hence the computation is much higher than performing weight aggregation in FL. This is not a surprise and we think such a cost is practical given a powerful server. We will add a refined table to the final version of the paper.\n\n| **FLOPs comparison** | **Server**   | **Client**   |\n|----------------------|--------------|--------------|\n| **FL-SSL**           | **2.02e3 G** | **7.95e6 G** |\n| **MocoSFL**          | **1.35e7 G** | **2.19e3 G** |\n| **MocoSFL-TAResSFL** | **1.35e7 G** | **7.34e2 G** |\n\n\nPlease kindly let us know if you have any concerns you find not fully addressed. We would be more than happy to include your suggestions in the final paper.\n\nBest,\n\nAuthors\n\n\n"
        },
        "signatures": [
          "ICLR.cc/2023/Conference/Paper537/Authors"
        ],
        "readers": [
          "everyone"
        ],
        "nonreaders": [],
        "writers": [
          "ICLR.cc/2023/Conference",
          "ICLR.cc/2023/Conference/Paper537/Authors"
        ]
      },
      {
        "id": "jklOWNKdWA",
        "original": null,
        "number": 1,
        "cdate": 1674241825340,
        "pdate": null,
        "mdate": null,
        "ddate": null,
        "tcdate": 1674241825340,
        "tmdate": 1674241825340,
        "tddate": null,
        "forum": "2QGJXyMNoPz",
        "replyto": "2QGJXyMNoPz",
        "invitation": "ICLR.cc/2023/Conference/Paper537/-/Decision",
        "content": {
          "title": "Paper Decision",
          "decision": "Accept: notable-top-5%",
          "metareview:_summary,_strengths_and_weaknesses": "The paper introduces a federated self-supervised learning method, combining federated Split Federated Learning (SFL) and MoCo.\nReviewers were consistently positive about the paper, and liked several of the contributions made. This includes the ability to deal with large number of clients, each potentially having only a small amount of data (while heterogeneous), and limited compute capacity. The novel methodology is thoroughly evaluates, so could have practical impact.\n\nOverall, reviewers all agreed that the paper is bringing novelty, is well-written and deserves acceptance.\n\nWe hope the authors will incorporate the several minor points mentioned by the reviewers during the discussions. \n",
          "justification_for_why_not_higher_score": "N/A",
          "justification_for_why_not_lower_score": "We have consensus this work is very solid and is the first to overcome several big limitations in previous systems",
          "note_from_PC": "if the above contains the word \"oral\" or \"spotlight\" please see: \"oral\" presentation means -> notable-top-5% and \"spotlight\" means -> notable-top-25%. As stated in our emails, we are disassociating presentation type from AC recommendations"
        },
        "signatures": [
          "ICLR.cc/2023/Conference/Program_Chairs"
        ],
        "readers": [
          "everyone"
        ],
        "nonreaders": [],
        "writers": [
          "ICLR.cc/2023/Conference/Program_Chairs"
        ]
      }
    ],
    "directReplies": [
      {
        "id": "m5e81Gu2KE",
        "original": null,
        "number": 1,
        "cdate": 1666409622238,
        "mdate": null,
        "ddate": null,
        "tcdate": 1666409622238,
        "tmdate": 1666409622238,
        "tddate": null,
        "forum": "2QGJXyMNoPz",
        "replyto": "2QGJXyMNoPz",
        "invitation": "ICLR.cc/2023/Conference/Paper537/-/Official_Review",
        "content": {
          "confidence": "4: You are confident in your assessment, but not absolutely certain. It is unlikely, but not impossible, that you did not understand some parts of the submission or that you are unfamiliar with some pieces of related work.",
          "summary_of_the_paper": "This paper proposes MocoSFL, a collaborative SSL framework based on SFL. The proposed framework addresses hardware resource requirement at client-side by enabling small batch size training and computation offloading. It also relieves the large data requirement of local contrastive learning by enabling effective feature sharing. To address the privacy issue and communication overhead of MocoSFL, this paper further introduces the TAResSFL module. Combined with TAResSFL, MocoSFL can support 1,000 clients for the first time, achieve better non-IID performance, and largely reducte memory usage, computation and communication cost. ",
          "strength_and_weaknesses": "Strengths\n\n1. The whole paper is very well structured and well written.\n2. The proposed MocoSFL can be scaled to a large number of clients (1,000 clients for the first time).\n3. MocoSFL seems to be a very practical framework, which requires less memory, less communication, and consumes less power.\n4. Authors also test the effectivenes of MocoSFL on a real Raspberry Pi 4B device, which validates its potential to land in industry.\n5. The experimental design is solid and the results are convincing. All the key factors in a system are well considered and addressed, including model performance, memory usage, computation cost, communication cost, and privacy. \n\nWeaknesses\n\n1. All the chosen datasets are CV centered, I want to know whether MocoSFL can be extended to the other types of data. More discussion is expected.\n2. Seems FL-BYOL is the only baseline. Are there any potential baseline? Could you elaborate more on this?\n3. Figure 5 can be better illustrated with x-axis and y-axis lines with arrows.\n",
          "clarity,_quality,_novelty_and_reproducibility": "Clarity: The limitations of current FL-SSL methods are clearly identified. The proposed MocoSFL is clearly explained.\n\nQuality: The whole paper is well structured and well written. The experimental results are extensive and convincing.\n\nNovelty: To my knowledge, the proposed MocoSFL and the combination with TAResSFL is novel. Also, seems MocoSFL is the first work that can deal with as large as 1,000 clients in federated self-supervised learning. Hence, I think this paper could be a milestone work in advancing the area of federated self-supervised learning.\n\nReproducibility: Detailed experiment settings in the paper are sufficient to reproduce the results. Authors also plan to release code upon acceptance in their REPRODUCIBILITY STATEMENT. \n",
          "summary_of_the_review": "FL under self-supervised learning setting is still a very new but very practical problem. This paper clearly identifies the major challenges in deriving high accuracy in FL-SSL schemes for cross-client applications, and proposes a novel collaborative SSL framework called MocoSFL based on Split Federated Learning (SFL) and Momentum Contrast (MoCo). MocoSFL is the first work that can deal with as large as 1,000 clients in federated self-supervised learning, and tests its effectivenes on a real Raspberry Pi 4B device. Overall, this paper is very interesting and to my knowledge novel. This paper could be a milestone work in advancing federated self-supervised learning. Hence, I would like to vote for acceptance.",
          "correctness": "4: All of the claims and statements are well-supported and correct.",
          "technical_novelty_and_significance": "4: The contributions are significant, and do not exist in prior works.",
          "empirical_novelty_and_significance": "4: The contributions are significant, and do not exist in prior works.",
          "flag_for_ethics_review": [
            "NO."
          ],
          "details_of_ethics_concerns": "N/A",
          "recommendation": "8: accept, good paper"
        },
        "signatures": [
          "ICLR.cc/2023/Conference/Paper537/Reviewer_zHbH"
        ],
        "readers": [
          "everyone"
        ],
        "nonreaders": [],
        "writers": [
          "ICLR.cc/2023/Conference",
          "ICLR.cc/2023/Conference/Paper537/Reviewer_zHbH"
        ]
      },
      {
        "id": "OyYlUWCtB4",
        "original": null,
        "number": 2,
        "cdate": 1666494490791,
        "mdate": null,
        "ddate": null,
        "tcdate": 1666494490791,
        "tmdate": 1666494490791,
        "tddate": null,
        "forum": "2QGJXyMNoPz",
        "replyto": "2QGJXyMNoPz",
        "invitation": "ICLR.cc/2023/Conference/Paper537/-/Official_Review",
        "content": {
          "confidence": "5: You are absolutely certain about your assessment. You are very familiar with the related work and checked the math/other details carefully.",
          "summary_of_the_paper": "This paper introduces a federated self-supervised learning method named MocoSFL. based on Split Federated Learning (SFL) and MoCo. \n\nBy leveraging a small client-side model, vector concatenation, and effective feature sharing, MocoSFL solves two challenges: high computing resources and large data requirements. Thus, MocoSFL makes it practical for a cross-client application which typically has a very large number (>100x) of clients, and each client holds a small amount of data and has limited computing capability. \n\nIn addition, this paper introduces the TAResSFL module to effectively address the privacy threat and communication overhead of MocoSFL. MocoSFL with TAResSFL module can support 1,000 clients for the first time, and achieve over 1000x reduction in memory usage, 10000x reduction in computation, and 200x reduction in communication overhead. Moreover, compared to state-of-the-art methods, MocoSFL achieves better non-IID accuracy because of its small local model divergence.\n",
          "strength_and_weaknesses": "Strengths\n(1)\tThis paper firstly identifies two practical limitations of FL-SSL methods that make them unable to support cross-client applications.\n\n(2)\tThe roots of these two challenges are discussed well in Section 2.\n\n(3)\tThis paper proposes a novel combination of SFL and MoCo and utilizes three components to get the best of the two. The resulting MocoSFL enables a small client-side model, a large equivalent batch size, and effective feature sharing hence mitigates two challenges.\n\n(4)\tThe paper presents good reasoning on why the proposed MocoSFL is successful in mitigating large data requirements and improving non-IID performance.\n\n(5)\tExtensive experimental results demonstrate the advantages of the proposed method compared to state-of-the-art methods.\n\n(6)\tThe paper honestly points out the remaining privacy and communication issues of MocoSFL, and correspondingly presents TAResSFL module to mitigate these issues.\n\n(7)\tAt the end, the paper presents a hardware demo to showcase the practicality of the proposed method, showing that clients with a cheap device can participate in federated self-supervised learning without any problem.\n\nWeaknesses\n\n(1)\tExperiment shows up to 1,000 clients. It would be interesting to see the accuracy performance when the number of clients is greater than 1,000.\n\n(2)\tMocoSFL results are limited - only for ResNet architectures. How it performs on other models?\n\n(3)\tIn TAResSFL, the availability of a close-related source domain dataset and a small portion of target domain data is questionable and should be better justified.\n\n(4)\tHyper-parameter choices of TAResSFL seems not so easy. Could you give more hints on how to wisely or automaticly choose hyper-parameters?\n\n(5)\t(minor) The privacy evaluation only uses mean square error (MSE) as measurement, did you ever consider other metrics such as structural similarity index measure (SSIM), Peak signal-to-noise ratio (PSNR)? \n",
          "clarity,_quality,_novelty_and_reproducibility": "The paper clearly explains the problems and presents a novel combination of SFL and MoCo as solutions. The paper is well-written and organized. Moreover, the authors provide detailed experiment settings in appendices and promise the future release of code repository.",
          "summary_of_the_review": "This seems like a particularly interesting paper. This paper identifies practical problems in federated self-supervised learning and provides a novel MocoSFL framework to effectively solve them. The paper presents an in-depth discussion of both the problems and the solutions and shows extensive experimental results to support the arguments.  Finally, with the remaining issues addressed, the hardware demo leverages the importance and practicality of this work.",
          "correctness": "4: All of the claims and statements are well-supported and correct.",
          "technical_novelty_and_significance": "3: The contributions are significant and somewhat new. Aspects of the contributions exist in prior work.",
          "empirical_novelty_and_significance": "4: The contributions are significant, and do not exist in prior works.",
          "flag_for_ethics_review": [
            "NO."
          ],
          "details_of_ethics_concerns": "No",
          "recommendation": "8: accept, good paper"
        },
        "signatures": [
          "ICLR.cc/2023/Conference/Paper537/Reviewer_Ddhx"
        ],
        "readers": [
          "everyone"
        ],
        "nonreaders": [],
        "writers": [
          "ICLR.cc/2023/Conference",
          "ICLR.cc/2023/Conference/Paper537/Reviewer_Ddhx"
        ]
      },
      {
        "id": "jfCmrE5yiT",
        "original": null,
        "number": 3,
        "cdate": 1666665649321,
        "mdate": null,
        "ddate": null,
        "tcdate": 1666665649321,
        "tmdate": 1666666416300,
        "tddate": null,
        "forum": "2QGJXyMNoPz",
        "replyto": "2QGJXyMNoPz",
        "invitation": "ICLR.cc/2023/Conference/Paper537/-/Official_Review",
        "content": {
          "confidence": "4: You are confident in your assessment, but not absolutely certain. It is unlikely, but not impossible, that you did not understand some parts of the submission or that you are unfamiliar with some pieces of related work.",
          "summary_of_the_paper": "This paper aims to address the issues existing in current collaborative self-supervised learning (SSL) schemes and proposes MocoSFL, a collaborative SSL framework based on Split Federated Learning (SFL) and Momentum Contrast (MoCo). In MocoSFL, the large backbone model is split into a small client-side model and a large server-side model, and only the small client-side model is processed locally on the client’s local devices. \nSpecifically, there are three key components in MocoSFL: (i) vector concatenation which enables the use of small batch size and reduces computation and memory requirements by orders of magnitude; (ii) feature sharing that helps achieve high accuracy regardless of the quality and volume of local data; (iii) frequent synchronization that helps achieve better non-IID performance because of smaller local model divergence. Numerous evaluations are conducted to evaluate the effectiveness of the proposed MocoSFL.\n",
          "strength_and_weaknesses": "Strength: \n\n1) The practical value offered by MocoSFL is interesting: I think MocoSFL is a very practical solution that can support a large number of clients (1,000 clients) to conduct collaborative self-supervised learning (SSL).\n2) The proposed MocoSFL has experienced enormous evaluations: The proposed MocoSFL takes into account both IID and non-IID settings, as well as the cross-client and cross-silo cases; experiments are carried out in both simulated and real hardware devices.\n3) The proposed scheme takes into account not only model performance, hardware requirements, and communication overhead, but also privacy concerns.\n4) Because most IoT devices have limited memory and most data is unlabeled in reality, the investigated problem is both timely and important to the community.\n5) The paper's writing is good, and the overall structure is clear.\n\n\nWeaknesses:\n\n1)  In addition to model inversion attacks, I am wondering whether MocoSFL with the TAResSFL module has the potential to defend against other privacy attacks, such as the Membership Inference Attack. \n2)  Although 1,000 clients are already a SOTA achievement, it would be great to also analyze how many clients can be supported by MocoSFL at most. Is there any turning point here? \n3) I am very interested in the possibility of landing MocoSFL in ubiquitous IoT devices, so I want to know what is the min hardware requirement to implement MocoSFL, It is better to provide more discussions on this part?\n",
          "clarity,_quality,_novelty_and_reproducibility": "1) The overall structure of this paper and writing is simple and straightforward. The FL-SSL challenges are well-explained, and the proposed MocoSFL is well-motivated. The evaluation settings as well as the Hyper-parameters are clearly listed.\n\n2) The paper is of high quality and free of technical errors. The proposed MocoSFL is a solid solution that is by far the most practical for assisting a large number of clients in conducting collaborative self-supervised learning (SSL). There are adequate evaluations: The proposed MocoSFL takes into account both IID and non-IID settings; the proposed MocoSFL takes into account not only the cross-client case but also the cross-silo case, and experiments are carried out in both simulated and real hardware devices.\n\n3)  Although very few papers touched on the problem of FL-SSL, the identified two major challenges in deriving high accuracy in FL-SSL schemes for cross-client applications are novel. The proposed MocoSFL framework and the key components are also novel.\n\n4) Appendix A.1 of this paper contains a detailed explanation of the MocoSFL training and evaluation hyperparameters, collaborative learning system hyperparameters, and TAResSFL module hyperparameters. These should be sufficient for reproducibility.\n",
          "summary_of_the_review": "The proposed MocoSFL takes into consideration not only model performance, hardware requirements, and communication overhead, but also privacy concerns. As a result, it would garner interest from a diverse community, including but not limited to FL, SSL, communication, privacy, and so on. MocoSFL also provides the industry with practical benefits by supporting a large number of clients and testing on real devices. This paper's overall structure is very clear, and the writing is also excellent. The paper as a whole is of high quality and of sufficient interest to the community.",
          "correctness": "4: All of the claims and statements are well-supported and correct.",
          "technical_novelty_and_significance": "3: The contributions are significant and somewhat new. Aspects of the contributions exist in prior work.",
          "empirical_novelty_and_significance": "3: The contributions are significant and somewhat new. Aspects of the contributions exist in prior work.",
          "flag_for_ethics_review": [
            "NO."
          ],
          "recommendation": "8: accept, good paper"
        },
        "signatures": [
          "ICLR.cc/2023/Conference/Paper537/Reviewer_Sd6w"
        ],
        "readers": [
          "everyone"
        ],
        "nonreaders": [],
        "writers": [
          "ICLR.cc/2023/Conference",
          "ICLR.cc/2023/Conference/Paper537/Reviewer_Sd6w"
        ]
      },
      {
        "id": "aSuBSSIWDlt",
        "original": null,
        "number": 4,
        "cdate": 1666670174720,
        "mdate": null,
        "ddate": null,
        "tcdate": 1666670174720,
        "tmdate": 1670556299105,
        "tddate": null,
        "forum": "2QGJXyMNoPz",
        "replyto": "2QGJXyMNoPz",
        "invitation": "ICLR.cc/2023/Conference/Paper537/-/Official_Review",
        "content": {
          "confidence": "4: You are confident in your assessment, but not absolutely certain. It is unlikely, but not impossible, that you did not understand some parts of the submission or that you are unfamiliar with some pieces of related work.",
          "summary_of_the_paper": "Collaborative self-supervised learning is considered based on a combination of known split federated learning and self-supervised contrastive leaning strategies. The former bases on model splitting between server and local clients while the latter depends on momentum-based key generation. The proposed combination, called MocoSFL, has some complexity/performance advantages over exiting FL-based solutions. A variation of this idea, based on pretraining (and later freezing) of feature extractors utilizing a small amount of clients' training data, is also proposed to improve communication overhead as well as resistance to MIA attacks.",
          "strength_and_weaknesses": "Strengths: The chosen topic of collaborative SSL is an important and timely topic. The paper is clearly written. Performance is shown to be better than SOTA in some cases.\n\nWeaknesses: \n\nThe novelty is limited as the work represents a combination of known methods. The design choices made during this combination all seem right but are also either already known or easily anticipated (like latent vector concatenation to create a large\nbatch size for the server-side model, sharing of features and more frequent synchronization). As for the target-aware variation, it is not clear whether the availability of local clients' training data (however small) is justified. Sure, as the authors mention, Bhagoji et al., 2019 considers the possibility of server being able to validate local models, but note that Bhagoji et al. mean to raise the bar for attackers (in an effort to prove that attacks are possible). In contrast, the present authors actually consider the possibility of using the local client data to guard against MIA attacks (and to reduce communication overhead following the feature extractor freezing). My impression is that this is a highly non-standard FL setting, and I would want to see more convincing references. \n\nSpecific questions/issues include:\n\nThe obvious baselines FedEMA and FedU are missing from Table 2 and Table 3.\nFrom Table 5, the results for Non-IID cases with Nc=5 or Nc =100 are better than IID cases which is counter-intuitive. Could the authors provide justification for this performance gain?\nCan the authors explain why the latent vector size in Table 1 changed from 5000 to 39.1 MB? Is it just because the backward gradients are not included?\nIn Figure 7, how the GFLOPs for computation are measured? Specifically, does it include the FLOPs needed for backpropagation?\nThe authors claim this technique to be competitive in cross-silo setting. However, the paper requires having batch size in range of 100-200 at the server-end which seems impractical considering there exists millions of samples/clients. Could the authors comment on this?\nEq (2) finds that having a large batch-size can maintain hardness of negative samples, which seems to contradicts the empirical results in Table 6 where increasing the batch size further to 400 degrades the performance. Reasons?\nDid the authors implemented/reproduced the main results of baselines works e.g. FedEMA? It seems like the results are exactly as in the original paper. \nHow does this method compared against a FedMoco (Nanqing Dong, Irina Voiculescu: “Federated Contrastive Learning for Decentralized Unlabeled Medical Images”, 2021; arXiv:2109.07504) which also utilized MoCo in federated learning setup? \nFig 3 and Fig 7 contains computation results per clients only. How much computation burden is added to the server side?\n",
          "clarity,_quality,_novelty_and_reproducibility": "The proposed algorithm is clear and the paper is well-written, but the novelty is questionable.",
          "summary_of_the_review": "The addressed topic - collaborative SSL - is important and timely. But the novelty here is limited as the work represents a combination of known methods. The design choices made during this combination all seem right but are also either already known or easily anticipated. As for the target-aware variation, the availability of local clients' training data at the server needs a stronger justification (is this a realistic/fair assumption? is it actually done in practice somewhere?). There are a number of questions/issues raised in the Weaknesses section above.",
          "correctness": "3: Some of the paper’s claims have minor issues. A few statements are not well-supported, or require small changes to be made correct.",
          "technical_novelty_and_significance": "2: The contributions are only marginally significant or novel.",
          "empirical_novelty_and_significance": "2: The contributions are only marginally significant or novel.",
          "flag_for_ethics_review": [
            "NO."
          ],
          "recommendation": "6: marginally above the acceptance threshold"
        },
        "signatures": [
          "ICLR.cc/2023/Conference/Paper537/Reviewer_bsEM"
        ],
        "readers": [
          "everyone"
        ],
        "nonreaders": [],
        "writers": [
          "ICLR.cc/2023/Conference",
          "ICLR.cc/2023/Conference/Paper537/Reviewer_bsEM"
        ]
      },
      {
        "id": "Aq6GuzHuPef",
        "original": null,
        "number": 6,
        "cdate": 1668721226127,
        "mdate": 1668721226127,
        "ddate": null,
        "tcdate": 1668721226127,
        "tmdate": 1668721226127,
        "tddate": null,
        "forum": "2QGJXyMNoPz",
        "replyto": "2QGJXyMNoPz",
        "invitation": "ICLR.cc/2023/Conference/Paper537/-/Official_Comment",
        "content": {
          "title": "Rebuttal Summary",
          "comment": "We sincerely thank all reviewers for their valuable comments and suggestions. We have made the following updates:\n\n1. We remade Figure 5 by using arrows on x-axis and y-axis.\n2. We have included details of overhead calculation in Table1 and Fig. 7 in Appendix A.5 section.\n3. We included extensive results of MocoSFL on MobileNet and VGG architectures in Appendix B. 2.\n4. We added extensive metrics (SSIM and PSNR) for Table 4 in Appendix B. 5.\n\nWe have revised our paper according to all the valuable comments and marked them in orange. Please kindly let us know if there is anything still not clear.\n"
        },
        "signatures": [
          "ICLR.cc/2023/Conference/Paper537/Authors"
        ],
        "readers": [
          "ICLR.cc/2023/Conference/Program_Chairs",
          "everyone",
          "ICLR.cc/2023/Conference/Paper537/Senior_Area_Chairs",
          "ICLR.cc/2023/Conference/Paper537/Area_Chairs",
          "ICLR.cc/2023/Conference/Paper537/Reviewers",
          "ICLR.cc/2023/Conference/Paper537/Reviewers/Submitted",
          "ICLR.cc/2023/Conference/Paper537/Authors"
        ],
        "nonreaders": [],
        "writers": [
          "ICLR.cc/2023/Conference",
          "ICLR.cc/2023/Conference/Paper537/Authors"
        ]
      },
      {
        "id": "jklOWNKdWA",
        "original": null,
        "number": 1,
        "cdate": 1674241825340,
        "pdate": null,
        "mdate": null,
        "ddate": null,
        "tcdate": 1674241825340,
        "tmdate": 1674241825340,
        "tddate": null,
        "forum": "2QGJXyMNoPz",
        "replyto": "2QGJXyMNoPz",
        "invitation": "ICLR.cc/2023/Conference/Paper537/-/Decision",
        "content": {
          "title": "Paper Decision",
          "decision": "Accept: notable-top-5%",
          "metareview:_summary,_strengths_and_weaknesses": "The paper introduces a federated self-supervised learning method, combining federated Split Federated Learning (SFL) and MoCo.\nReviewers were consistently positive about the paper, and liked several of the contributions made. This includes the ability to deal with large number of clients, each potentially having only a small amount of data (while heterogeneous), and limited compute capacity. The novel methodology is thoroughly evaluates, so could have practical impact.\n\nOverall, reviewers all agreed that the paper is bringing novelty, is well-written and deserves acceptance.\n\nWe hope the authors will incorporate the several minor points mentioned by the reviewers during the discussions. \n",
          "justification_for_why_not_higher_score": "N/A",
          "justification_for_why_not_lower_score": "We have consensus this work is very solid and is the first to overcome several big limitations in previous systems",
          "note_from_PC": "if the above contains the word \"oral\" or \"spotlight\" please see: \"oral\" presentation means -> notable-top-5% and \"spotlight\" means -> notable-top-25%. As stated in our emails, we are disassociating presentation type from AC recommendations"
        },
        "signatures": [
          "ICLR.cc/2023/Conference/Program_Chairs"
        ],
        "readers": [
          "everyone"
        ],
        "nonreaders": [],
        "writers": [
          "ICLR.cc/2023/Conference/Program_Chairs"
        ]
      }
    ]
  }
}