{
  "id": "3Pf3Wg6o-A4",
  "original": "a--f-a6joId",
  "number": 4350,
  "cdate": 1663850310732,
  "mdate": null,
  "ddate": null,
  "tcdate": 1663850310732,
  "tmdate": 1677692393129,
  "tddate": null,
  "tauthor": "~Super_User1",
  "forum": "3Pf3Wg6o-A4",
  "replyto": null,
  "invitation": "ICLR.cc/2023/Conference/-/Blind_Submission",
  "content": {
    "title": "Selection-Inference: Exploiting Large Language Models for Interpretable Logical Reasoning",
    "authorids": [
      "~Antonia_Creswell2",
      "~Murray_Shanahan1",
      "~Irina_Higgins1"
    ],
    "authors": [
      "Antonia Creswell",
      "Murray Shanahan",
      "Irina Higgins"
    ],
    "keywords": [
      "System 2",
      "Logical reasoning",
      "Language Models",
      "Large Language Models",
      "Reasoning",
      "Neuro-symbolic",
      "Neural Symbolic",
      "Interpretability"
    ],
    "TL;DR": "Using language models to produce a human interpretable chain of logical reasoning to answer questions.",
    "abstract": "Large language models (LLMs) have been shown to be capable of impressive few-shot generalisation to new tasks. However, they still tend to perform poorly on multi-step logical reasoning problems. Here we carry out a comprehensive evaluation of LLMs on 46 tasks that probe different aspects of logical reasoning. We show that language models tend to perform fairly well at single step inference or entailment tasks, but struggle to chain together multiple reasoning steps to solve more complex problems. In light of this, we propose a Selection-Inference (SI) framework that exploits pre-trained LLMs as general processing modules, and alternates between selection and inference to generate a series of interpretable, casual reasoning steps leading to the final answer. We show that a 7B parameter LLM used within the SI framework in a 5-shot generalisation setting, with no fine-tuning, yields a performance improvement of over 100% compared to an equivalent vanilla baseline on a suite of 10 logical reasoning tasks. The same model in the same setting even outperforms a significantly larger 280B parameter baseline on the same suite of tasks. Moreover, answers produced by the SI framework are accompanied by a causal natural-language-based reasoning trace, which has important implications for the safety and trustworthiness of the system.",
    "anonymous_url": "I certify that there is no URL (e.g., github page) that could be used to find authors’ identity.",
    "no_acknowledgement_section": "I certify that there is no acknowledgement section in this submission for double blind review.",
    "code_of_ethics": "I acknowledge that I and all co-authors of this work have read and commit to adhering to the ICLR Code of Ethics",
    "submission_guidelines": "Yes",
    "resubmission": "",
    "student_author": "",
    "Please_choose_the_closest_area_that_your_submission_falls_into": "Social Aspects of Machine Learning (eg, AI safety, fairness, privacy, interpretability, human-AI interaction, ethics)",
    "paperhash": "creswell|selectioninference_exploiting_large_language_models_for_interpretable_logical_reasoning",
    "pdf": "/pdf/4c8f591f9bb58ccd07ed826e0e57885bc4227b12.pdf",
    "supplementary_material": "/attachment/cb841040a356427e79fb1947b003ee8a3d412822.zip",
    "_bibtex": "@inproceedings{\ncreswell2023selectioninference,\ntitle={Selection-Inference: Exploiting Large Language Models for Interpretable Logical Reasoning},\nauthor={Antonia Creswell and Murray Shanahan and Irina Higgins},\nbooktitle={The Eleventh International Conference on Learning Representations },\nyear={2023},\nurl={https://openreview.net/forum?id=3Pf3Wg6o-A4}\n}",
    "venue": "ICLR 2023 notable top 5%",
    "venueid": "ICLR.cc/2023/Conference"
  },
  "signatures": [
    "ICLR.cc/2023/Conference"
  ],
  "readers": [
    "everyone"
  ],
  "nonreaders": [],
  "writers": [
    "ICLR.cc/2023/Conference"
  ],
  "pdate": 1675279333063,
  "odate": 1664468100000,
  "details": {
    "overwriting": [],
    "tags": [],
    "writable": false,
    "replyCount": 16,
    "directReplyCount": 6,
    "revisions": true,
    "replies": [
      {
        "id": "fh2Qm9pfrw_",
        "original": null,
        "number": 1,
        "cdate": 1666043840936,
        "mdate": null,
        "ddate": null,
        "tcdate": 1666043840936,
        "tmdate": 1666709902567,
        "tddate": null,
        "forum": "3Pf3Wg6o-A4",
        "replyto": "3Pf3Wg6o-A4",
        "invitation": "ICLR.cc/2023/Conference/Paper4350/-/Official_Review",
        "content": {
          "confidence": "4: You are confident in your assessment, but not absolutely certain. It is unlikely, but not impossible, that you did not understand some parts of the submission or that you are unfamiliar with some pieces of related work.",
          "summary_of_the_paper": "This work presents a new way to perform multi-step logical reasoning tasks with frozen pre-trained large language models. In particular they first select a few (most often two?) pieces of information (Selection) by scoring each fact in the context with the model’s log-likelihood. Then the retrieved facts are combined and the model generates a conclusion based only on those facts (Inference).\n\nResults on ProofWriter and Baby tasks show that the Selection-Inference process is better than other traditional prompting methods (CoT). The work also shows improvement over models with more parameters.\n",
          "strength_and_weaknesses": "**Strengths** : This is a good paper with good motivation. The work can have a positive impact on the field of multi-step reasoning. However some aspects are not entirely clear (more details in the next section). Some improvement suggestions are listed below:\n\n**Weakness** : The Selection algorithm relies on the manual selection of K: number of facts to include in the prompt. This makes the framework hard to use in practice as manually selecting the number of required facts for each Selection step can be very tedious. Did the authors explore setting this parameter to something large (say 4 for all steps, for all tasks)? \n\nSimilarly and most importantly for the entire process of Selection & Inference the steps are repeated until a predefined number of steps. Hence the model is not responsible for identifying when it has answered the question and when it needs to stop this process.\nDo the authors have some thoughts about how to resolve this issue in future work? It would be nice to discuss this in the final section of the paper.\n\n**Question** : Do the authors have some intuition why in Figure 6b the baseline model performs better as the depth increases? The opposite would be a more natural behavior (like in the case of the SI model).\n\n**Recommendation** : Although to a smaller scale, and with models trained from scratch, the idea of using language models to generate step by step reasoning chains was first explored in “Measuring systematic generalization in neural proof generation with transformers” (Gontier et. al, 2020). The paper should compare their approach to this one in the Related Work section.\nSimilarly, the authors could consider testing their Selection & Inference framework on the CLUTRR benchmark (Sinha et. al, 2019) in addition to Baby & ProofWriter.\n",
          "clarity,_quality,_novelty_and_reproducibility": "The paper somewhat novel, well written and easy to read, however some things could be more clear, see below for clarification suggestions:\n\n**Clarity (c1)** : The paper never mentions what type of model is used. The authors claim it is to preserve anonymity, but once a model is public, anyone can use it given the available compute resources. Saying that a 280B model was used is also having an impact on the anonymity of the work but it is still valuable information, just like the model type. At minimum the authors should discuss if the model is an encoder-decoder or decoder-only architecture.\n\n**Clarity (c2)** The abstract of the paper initially claims to evaluate models on a suite of 46 tasks, however the SI framework in the main result sections is evaluated on Baby (Sec.5) and ProofWriter (Sec.5 & Sec.6) only. This makes the paper misleading. It may be better to announce ProofWriter and Baby in the abstract as this seems to be the main focus.\nIf that is not the main focus, then why are the 46 tasks in the Appendix (Figure A5)? It is not clear if the SI framework was used in these appendix tasks or some other type of prompting? More details on the division of tasks and what prompting mechanism has been used would be beneficial.\n\n**Clarity (c3)** : The paper would be even more clear if it explicitly explained what is meant by “testing in 5-shot setting”. For instance does it ever happen that the 5 examples in the prompt, when tokenized, are longer than the input size supported by the model? What happens in this case?\n\nSimilarly, the paper should explain how the prompt examples were picked?\n\nIn the case of ProofWriter D0-D5, were the 5 examples in the model’s prompt from the same depth as the one being tested? In the ProofWriter paper, the authors had experiments where they trained on D3 and tested on D5 for instance, does this work explore compositional generalization like this as well with the prompts? If not, I think it would be an interesting result to test: prompting with D3 examples and testing on D5 examples.\n",
          "summary_of_the_review": "Overall, this is a good paper with impactful research, however it would benefit some clarifications and a discussion on how to resolve the weakness mentioned above.",
          "correctness": "3: Some of the paper’s claims have minor issues. A few statements are not well-supported, or require small changes to be made correct.",
          "technical_novelty_and_significance": "3: The contributions are significant and somewhat new. Aspects of the contributions exist in prior work.",
          "empirical_novelty_and_significance": "4: The contributions are significant, and do not exist in prior works.",
          "flag_for_ethics_review": [
            "NO."
          ],
          "recommendation": "8: accept, good paper"
        },
        "signatures": [
          "ICLR.cc/2023/Conference/Paper4350/Reviewer_BSuH"
        ],
        "readers": [
          "everyone"
        ],
        "nonreaders": [],
        "writers": [
          "ICLR.cc/2023/Conference",
          "ICLR.cc/2023/Conference/Paper4350/Reviewer_BSuH"
        ]
      },
      {
        "id": "dxI8dbF4jn",
        "original": null,
        "number": 2,
        "cdate": 1666315639837,
        "mdate": null,
        "ddate": null,
        "tcdate": 1666315639837,
        "tmdate": 1666315639837,
        "tddate": null,
        "forum": "3Pf3Wg6o-A4",
        "replyto": "3Pf3Wg6o-A4",
        "invitation": "ICLR.cc/2023/Conference/Paper4350/-/Official_Review",
        "content": {
          "confidence": "5: You are absolutely certain about your assessment. You are very familiar with the related work and checked the math/other details carefully.",
          "summary_of_the_paper": "The paper explores the reasoning capabilities of large language models (LLMs). They carry out a comprehensive evaluation of 46 reasoning tasks to show that language models perform fairly well on single step reasoning problems, but suffer at multi-step reasoning problems. To that end, the paper proposes a new algorithm called selection-inference where LLMs solve multi-step reasoning problems by iterating over selection and inference modules to generate a series of interpretable causal reasoning steps. Through this method, they show that a smaller (in terms of parameters) LLM can outperform a baseline larger LLM. The paper also presents several interesting ablations with scale, fine-tuning, and performance on various levels of multi-step reasoning problems.  ",
          "strength_and_weaknesses": "\nStrengths: \n1.  The paper presents a comprehensive study of 46 reasoning tasks and gives an understanding of how good are the current LLMs in single step and multi-step reasoning problems. \n2. The proposed selection-inference algorithm is a very interesting and novel idea. It makes the reasoning trace more interpretable.\n3. The paper demonstrates that this approach will enable small language models to outperform baseline large language models that doesn’t use SI algorithm\n\nWeaknesses: \n1. It would have been a more interesting comparison to see how this method performs in comparison to other recent works such as self-consistency, verifiers, etc. The proposed method has its own merits, but comparing with more methods would have been more interesting.\n",
          "clarity,_quality,_novelty_and_reproducibility": "1. It seems like the proposed method is computationally more heavy than CoT. Please have a discussion on that in the paper. \n2. Does the paper see the chain-of-thought approach as not interpretable? \n3. Can you clarify on whether selection and inference use fixed prompts? If they are fixed, do you see any benefit in making them dynamic based on which iteration step of the reasoning the model is at? \n",
          "summary_of_the_review": "The paper provides some very interesting understanding of large language model capabilities for single vs. multi-step reasoning. The proposed SI algorithm is novel and very useful. All the ablations are very useful. Overall, I recommend this paper. ",
          "correctness": "4: All of the claims and statements are well-supported and correct.",
          "technical_novelty_and_significance": "4: The contributions are significant, and do not exist in prior works.",
          "empirical_novelty_and_significance": "3: The contributions are significant and somewhat new. Aspects of the contributions exist in prior work.",
          "flag_for_ethics_review": [
            "NO."
          ],
          "recommendation": "8: accept, good paper"
        },
        "signatures": [
          "ICLR.cc/2023/Conference/Paper4350/Reviewer_g5nq"
        ],
        "readers": [
          "everyone"
        ],
        "nonreaders": [],
        "writers": [
          "ICLR.cc/2023/Conference",
          "ICLR.cc/2023/Conference/Paper4350/Reviewer_g5nq"
        ]
      },
      {
        "id": "9_vPxDL4W5",
        "original": null,
        "number": 3,
        "cdate": 1666402654092,
        "mdate": null,
        "ddate": null,
        "tcdate": 1666402654092,
        "tmdate": 1666402654092,
        "tddate": null,
        "forum": "3Pf3Wg6o-A4",
        "replyto": "3Pf3Wg6o-A4",
        "invitation": "ICLR.cc/2023/Conference/Paper4350/-/Official_Review",
        "content": {
          "confidence": "4: You are confident in your assessment, but not absolutely certain. It is unlikely, but not impossible, that you did not understand some parts of the submission or that you are unfamiliar with some pieces of related work.",
          "summary_of_the_paper": "In this work, the authors focus on leveraging pre-trained LLMs to solve language-based reasoning tasks, via in-context learning. \n\nFirst, on a wide range of tasks, the authors investigate how well existing LLMs at various model sizes tackle logical reasoning tasks in a standard 5-shot prompting setting. Results suggest that they perform better on simple single step logical inference, but suffer from more complex tasks such as multi-step reasoning. \n\nMotivated by the above observation, the authors propose a novel Selection-Inference (SI) framework, which is an iterative prompting method designed for solving logical reasoning tasks. At every iteration step, SI first ask the LLM to select a subset of most relevant supporting evidence from a larger set of input facts, conditioned on the question; then in an inference step, LLM is asked to infer a new fact from the selected evidence. The inferred new fact is either as the final answer, or added into the input fact set to the next iteration. \n\nThe authors show that equipped with this SI method, a LLM with 7B parameters can outperform a set of baselines, including a much larger 280B LLM, equipped with Chain of Thought (COT), the current state-of-the-art prompting method. \n\nThe authors also show that with some minor fine-tuning, a 7B LLM with SI can further a significant improvement. \n\nThe author also discuss and demonstrate how the SI framework can facilitate model interpretability, transparency, and humans-in-the-loop study. ",
          "strength_and_weaknesses": "### Strength\n\n* **Neat idea**: The idea of the two step selection-inference framework can be seen as a way to leveraging human prior knowledge in prompt engineering. As the authors discussed in the motivation section, this to some extent bridges neurosymbolic AI with recent large-scale deep learning approaches. There are a few neat ideas I like in this paper:\n\n  1. Ranking negative log-likelihood for selection instead of directly prompting LLM for a list of outputs. This could effectively avoid the potential trouble of LLM generating something uncontrollable or hard to parse. Although I have to say this requires the LLM output probabilities to be available, which is not always the case (for practitioners who has less ML knowledge, or using online LLM APIs).\n  2. \"Occlude\" question from the inference module. This is in some sense adding an information bottleneck. \n\n* **Empirical value**: I'd love to see research along this line, which can potentially have great empirical value. Better prompting strategies can be useful in general and this is not limited to the ML community. \n* **Significance test**: I appreciate the authors include significance test in their experiment and result section. \n* **Interpretability, transparency, and humans-in-the-loop**: Compared to vanilla in-context learning and prior methods such as COT, the proposed framework can have a better interpretability and help researchers to better understand how an LLM makes certain decision. I also like the opportunity of humans-in-the-loop that the SI framework brings (e.g., users help to verify/filter selected evidence).\n* **Explicit knowledge representation / memory**: In some sense, the iteratively growing set of evidence can be seen as a working memory, or a representation of past experience that one can easily retrieve from. Thinking broadly, from a sequential decision making or robotics perspective, instead of multi-step reasoning, I can imagine something like the SI framework being used to facilitate multi-step planning. \n\n\n### Weaknesses\n\n1. Please see my question 3 below regarding the $H$ and $K$ values.\n2. The paper suffers from a few accessibility issues. Please see the minor issue and typos section below. ",
          "clarity,_quality,_novelty_and_reproducibility": "### Questions and concerns:\n1. The authors mention several times that the SI framework `is unlikely to make up information to answer the question`, I fail to understand why is that. It would be helpful to show some examples where COT or other systems make up information but SI does not, and discuss the reason. \n2. It's not fully clear to me why in the selection step you have `Therefore, ` in your prompt. It seems to be the trigger of inference?\n3. The authors very briefly mention in the conclusion section about `the halting issue`. I agree that this is one of the major limitations of this work. As the authors mention, this is the case for both 1) the fixed $H$ in Algorithm 1 and 2) the fixed $K$ in Algorithm 2. I wonder in the current version, are there any heuristics to prevent the LLM from receiving distracting information? This would happen when either $H$ or $K$ is greater than sufficient amount of evidence. Please elaborate a bit more on this, including how $H$ and $K$ are determined in the current version, and how the authors plan to make these numbers adaptable. \n4. In Figure 4 (b), is there any specific reason that the 280B vanilla generative model performs so poorly on Babi tasks?\n\n\n### Minor issues and typos:\n\n1. Appendix A appears to be empty. I know it includes a bunch of figures, but it's a bit weird to be named `APPENDIX` and without any text content there. \n2. I appreciate the authors include many examples and detailed prompt design in the appendix, however, the current version is not easy to read. A table of content would greatly increase the accessibility. \n3. There are a few `see Appendix for ...` in the main body without specific appendix label, please add pointers. \n4. Also accessibility issue, please increase font size for all text in Figure 3 and Figure 4. They are almost unreadable in a printed version.\n5. Figure 1 caption: `Chain-of-Though` --> `Chain-of-Thought`.\n6. The paragraph above Section 7: `... our approach is able to generalised beyond ...` --> `... our approach is able to generalise beyond ...`.\n",
          "summary_of_the_review": "Overall, I like this paper, it's clearly written, the proposed method makes sense to me and results suggest that the SI framework indeed improves the LLM's performance on a range of reasoning tasks. Unless I had some major misunderstandings, I recommend to accept this paper. ",
          "correctness": "4: All of the claims and statements are well-supported and correct.",
          "technical_novelty_and_significance": "3: The contributions are significant and somewhat new. Aspects of the contributions exist in prior work.",
          "empirical_novelty_and_significance": "3: The contributions are significant and somewhat new. Aspects of the contributions exist in prior work.",
          "flag_for_ethics_review": [
            "NO."
          ],
          "recommendation": "8: accept, good paper"
        },
        "signatures": [
          "ICLR.cc/2023/Conference/Paper4350/Reviewer_wTCG"
        ],
        "readers": [
          "everyone"
        ],
        "nonreaders": [],
        "writers": [
          "ICLR.cc/2023/Conference",
          "ICLR.cc/2023/Conference/Paper4350/Reviewer_wTCG"
        ]
      },
      {
        "id": "fW5Iots2udF",
        "original": null,
        "number": 4,
        "cdate": 1667195660655,
        "mdate": null,
        "ddate": null,
        "tcdate": 1667195660655,
        "tmdate": 1667196050861,
        "tddate": null,
        "forum": "3Pf3Wg6o-A4",
        "replyto": "3Pf3Wg6o-A4",
        "invitation": "ICLR.cc/2023/Conference/Paper4350/-/Official_Review",
        "content": {
          "confidence": "3: You are fairly confident in your assessment. It is possible that you did not understand some parts of the submission or that you are unfamiliar with some pieces of related work. Math/other details were not carefully checked.",
          "summary_of_the_paper": "The paper proposes a novel framework called Selection-Inference(SI), which exploits pre-trained large language models as general processing modules to solve logical reasoning problems. Using this framework, LLMs will continuously alternates between selection step and inference step to generate a sequence of casual reasoning steps. So not only the answers can be concluded from these reasoning steps, but also these causal natural-language-based reasoning trace helps us to learn how the model reached the answer and opens the system’s decisions to human critique. The results are very impressive. The paper shows that a 7B SI model outperforms the 280B model. ",
          "strength_and_weaknesses": "trengths\n\n- This framework of SI is different from all previous frameworks, as illustrated in Figure 1. SI use LLMs to produce each reasoning step one at a time, which is similar with ProofWriter. While ProofWriter can only answer “Prove this statement to be True/False” style question, SI is able to solve reasoning problems.\n\n- The designs of splitting of each step of reasoning into selection and interference makes the model more unlikely to make up information to answer and it cannot ignore previous reasoning when getting the answer.\n\n- The authors conduct extensive experiment and provide a comprehensive evaluation of LLMs on a set of 46 tasks. They show that LLMs are good at simpler single step logical inference in 5-shot generalisation settings, but struggle with harder problems.\n\n- Using SI framework, the 7B model shows impressive results and even outperform 280B LLM baseline using COT framework. Also, the SI framework has ability to produce a causal reasoning trace and is able to recover from errors.\n\nWeaknesses\n\n- Some important details are not presented. The algorithm now just simply halts after some times of steps. So will the result differs from different numbers of steps, and how. \n\n- The results are not convincing enough. In the paper, the authors just show the results of 7B SI. I wonder know that if the 280B version using SI will outperform all previous models.\n\n- There are many case studies, more quantitative metrics to evaluate the effect is better.\n\n- There are some typos in this paper, which causes additional burden for understanding. For example:\n\n1) typo in page 2, “Figure 1” paragraph, “indicate” -> “indicates”\n\n2) typo in page 5, “We use prompt...” paragraph, “the the following form” -> “the following form”\n\n3) typo in page 26, “We have seen...” paragraph, “which we we now” -> “which we now”\n\n4) typo in page 26, “When observing...” paragraph, “we us” -> “we use”",
          "clarity,_quality,_novelty_and_reproducibility": "The clarity is good, but novelty is somewhat limited.",
          "summary_of_the_review": "This paper proposes SI framework, which improves the ability of LLMs to solve reasoning problems and outperforms other framework including COT. Even though this framework still has many limitations, it does develop a new approach and achieves state-of-the-art results. And this work can be extended to many further works, which are inspirational for other works in the field.",
          "correctness": "3: Some of the paper’s claims have minor issues. A few statements are not well-supported, or require small changes to be made correct.",
          "technical_novelty_and_significance": "3: The contributions are significant and somewhat new. Aspects of the contributions exist in prior work.",
          "empirical_novelty_and_significance": "3: The contributions are significant and somewhat new. Aspects of the contributions exist in prior work.",
          "flag_for_ethics_review": [
            "NO."
          ],
          "recommendation": "6: marginally above the acceptance threshold"
        },
        "signatures": [
          "ICLR.cc/2023/Conference/Paper4350/Reviewer_TQ9M"
        ],
        "readers": [
          "everyone"
        ],
        "nonreaders": [],
        "writers": [
          "ICLR.cc/2023/Conference",
          "ICLR.cc/2023/Conference/Paper4350/Reviewer_TQ9M"
        ]
      },
      {
        "id": "UDH0sOEL9Y",
        "original": null,
        "number": 5,
        "cdate": 1667197319314,
        "mdate": null,
        "ddate": null,
        "tcdate": 1667197319314,
        "tmdate": 1667197319314,
        "tddate": null,
        "forum": "3Pf3Wg6o-A4",
        "replyto": "3Pf3Wg6o-A4",
        "invitation": "ICLR.cc/2023/Conference/Paper4350/-/Official_Review",
        "content": {
          "confidence": "4: You are confident in your assessment, but not absolutely certain. It is unlikely, but not impossible, that you did not understand some parts of the submission or that you are unfamiliar with some pieces of related work.",
          "summary_of_the_paper": "The paper introduces a new framework for multi-step reasoning by splitting reasoning into two main stages: selection and inference. Selection involves choosing relevant information from the question to the inference module. The inference module uses the information from the selection module to reason and produce an answer. The authors test the framework on 10 logical reasoning tasks and show that they can get a 7B parameter lm to outperform 280B parameter lm.",
          "strength_and_weaknesses": "## Strengths\n- ****************Clarity:**************** The paper is well-written and easy to follow. The problem, and motivation are clear and the method directly follows from them.\n- **************Novelty:************** Splitting reasoning into modules has been explored but to my knowledge, using something like the proposed SI method has not been seen.\n- The SI framework significantly improves performance on the reasoning tasks over vanilla CoT/ scratchpad approaches.\n- Selecting a subset of information ensures that the language model is restricted by the information it uses for reasoning.\n## Weaknesses\n- One missing baseline for the framework is where the CoT prompts are framed as SI prompts without splitting SI into two separate modules.\n- SI using larger language models: I expected to see how models a magnitude larger than 7B would perform with the SI framework. This would help us understand how important the specific components of the framework are.\n- For example, a larger model might not make facts up in the selection step when using greedy decoding (with temperature = 0).\n- Or, one might not need two separate calls to the LM for S and I, simply using a CoT script with steps for selection and inference is all that one might need.\n\n### Other\n\n- **********************************Reproducibility:********************************** The method is straightforward to implement and test. The authors provide the prompts but access to the larger 280B language model is restricted and the baseline results would be impossible to replicate.",
          "clarity,_quality,_novelty_and_reproducibility": "Detailed in the main review.",
          "summary_of_the_review": "The approach is empirically quite strong! The paper would be better with some additional baselines and justifications for design choices.",
          "correctness": "3: Some of the paper’s claims have minor issues. A few statements are not well-supported, or require small changes to be made correct.",
          "technical_novelty_and_significance": "2: The contributions are only marginally significant or novel.",
          "empirical_novelty_and_significance": "3: The contributions are significant and somewhat new. Aspects of the contributions exist in prior work.",
          "flag_for_ethics_review": [
            "NO."
          ],
          "recommendation": "8: accept, good paper"
        },
        "signatures": [
          "ICLR.cc/2023/Conference/Paper4350/Reviewer_QvM7"
        ],
        "readers": [
          "everyone"
        ],
        "nonreaders": [],
        "writers": [
          "ICLR.cc/2023/Conference",
          "ICLR.cc/2023/Conference/Paper4350/Reviewer_QvM7"
        ]
      },
      {
        "id": "JCetZJtSkH-",
        "original": null,
        "number": 1,
        "cdate": 1668765655628,
        "mdate": 1668765655628,
        "ddate": null,
        "tcdate": 1668765655628,
        "tmdate": 1668765655628,
        "tddate": null,
        "forum": "3Pf3Wg6o-A4",
        "replyto": "UDH0sOEL9Y",
        "invitation": "ICLR.cc/2023/Conference/Paper4350/-/Official_Comment",
        "content": {
          "title": "Thank you for providing a positive review for our paper. ",
          "comment": "Thank you for providing a positive review for our paper. \n\n> One missing baseline for the framework is where the CoT prompts are framed as SI prompts without splitting SI into two separate modules.\n\nThe CoT prompts are already framed as SI prompts but without splitting into two modules. Examples of this are shown in Appendix C. To make this clear, we have included the following in the revised paper:\n\n“We also consider a chain-of-thought (COT) (Wei et al. 2022) inspired baseline, where the k-shot prompts to the 7B and 280B models include reasoning traces for the same examples that we use to prompt the SI framework (although with selection and inference combined, see Appendix C for example prompts).”\n"
        },
        "signatures": [
          "ICLR.cc/2023/Conference/Paper4350/Authors"
        ],
        "readers": [
          "everyone"
        ],
        "nonreaders": [],
        "writers": [
          "ICLR.cc/2023/Conference",
          "ICLR.cc/2023/Conference/Paper4350/Authors"
        ]
      },
      {
        "id": "d5n6c4gyzjh",
        "original": null,
        "number": 2,
        "cdate": 1668765977749,
        "mdate": 1668765977749,
        "ddate": null,
        "tcdate": 1668765977749,
        "tmdate": 1668765977749,
        "tddate": null,
        "forum": "3Pf3Wg6o-A4",
        "replyto": "fW5Iots2udF",
        "invitation": "ICLR.cc/2023/Conference/Paper4350/-/Official_Comment",
        "content": {
          "title": "Thank you for reviewing our paper. We have addressed your concerns below:",
          "comment": "Thank you for reviewing our paper. We have addressed your concerns below:\n\n> Some important details are not presented. The algorithm now just simply halts after some times of steps. So will the result differs from different numbers of steps, and how.\n\nIn Section D.4, Figure A1, in the appendix, we show an example of how the number of reasoning steps affects the final answer accuracy. \n\nWe have updated Section D.4 to include the following observation:\n“If the model is run for additional steps, once the answer has been reached, then the model often repeats its final reasoning step for the remainder of the iterations.”\n\n> There are many case studies, more quantitative metrics to evaluate the effect is better.\n\nOur main quantitative results are in Figures 3, 4 and 6. Additional quantitative results can be found in Figures A5, A6, and Table A1.\n* In Figure 3 we evaluate three language models of different sizes on 56 tasks. \n* A per-task breakdown is shown in Figure A5.\n* In Figure 4 we compare final answer accuracy of Selection inference both with prompt engineering and fine-tuning to 6 baseline models over 7 tasks.\n* In Figure 6 we evaluate the quality of the reasoning trace on ProofWriter. This was only possible for ProofWriter because the other datasets do not provide ground truth reasoning traces.\n* Figure A6 compares the proportion of problems on which SI and COT make up facts.\n* Table A1 shows a human evaluation comparing SI to COT.\n\n> Typos\n\nThanks for pointing these out, we have fixed these in the revised paper.\n"
        },
        "signatures": [
          "ICLR.cc/2023/Conference/Paper4350/Authors"
        ],
        "readers": [
          "everyone"
        ],
        "nonreaders": [],
        "writers": [
          "ICLR.cc/2023/Conference",
          "ICLR.cc/2023/Conference/Paper4350/Authors"
        ]
      },
      {
        "id": "f9S92PyaDzx",
        "original": null,
        "number": 3,
        "cdate": 1668766442146,
        "mdate": 1668766442146,
        "ddate": null,
        "tcdate": 1668766442146,
        "tmdate": 1668766442146,
        "tddate": null,
        "forum": "3Pf3Wg6o-A4",
        "replyto": "9_vPxDL4W5",
        "invitation": "ICLR.cc/2023/Conference/Paper4350/-/Official_Comment",
        "content": {
          "title": "Thank you for your positive and detailed review (continued).",
          "comment": "\n> 2. It's not fully clear to me why in the selection step you have Therefore, in your prompt. It seems to be the trigger of inference?\n\nThe “Therefore” is only included in the ProofWriter prompts because this can help the model to learn how many statements should be selected. The reasons for this are discussed in Appendix D4 (see excerpt below):\n\n“Another challenge with the ProofWriter dataset is deciding how many arguments should be selected for each rule. In the ProofWriter dataset, some rules take one argument, others take two. We experimented with various different ways to encourage the model to stop selecting arguments. For example, we append \". Therefore, \" as a choice to the context that the model can select. If the language model selects \". Therefore, \" then the selection step ends. We allowed a maximum of two facts to be selected.”\n\nNote that when we use fine-tuned models and do selection by label, we no longer have this problem, but the “Therefore” is still a helpful indicator for when the selection step is complete.\n\n> 3. The authors very briefly mention in the conclusion section about the halting issue. I agree that this is one of the major limitations of this work. As the authors mention, this is the case for both 1) the fixed H in Algorithm 1 and 2) the fixed K in Algorithm 2. I wonder in the current version, are there any heuristics to prevent the LLM from receiving distracting information? This would happen when either H or K is greater than sufficient amount of evidence. Please elaborate a bit more on this, including how H and K are determined in the current version, and how the authors plan to make these numbers adaptable.\n\nWhat if K was bigger? We explored heuristics for when to stop selecting statements in Section D.4 (see the excerpt above).\n\nWhat if H was bigger? Figure A1 in Appendix D4 suggests that “too many” steps of reasoning do not lead to any degradation in performance. We have added the following discussion to D.4:\n\n\"If the model is run for additional steps, once the answer has been reached, then the model often repeats its final reasoning step for the remainder of the iterations.\"\n\nIn most cases, H and K are determined by the prompt. If we show examples of how to decompose the problem into H’ steps then we will use H=H’. Similarly, if the prompt includes K’ statements being selected on each iteration, we use K’=K. For most datasets the values of H and K do not vary within the dataset. ProofWriter if the exception and this is discussed in detail in Section D.4.\n\nAlso note that in the fine-tuning setting, there is no K. We have updated Appendix D.4 in the revised paper with the following:\n\n“Note that when using fine-tuned models, estimating the number of statements via heuristics is no longer necessary since the model learns to generate a string with the required number of sentences referenced by sentence label. For example, `sent 1. We know that sent 7 and sent 5.`”\n\n> 4. In Figure 4 (b), is there any specific reason that the 280B vanilla generative model performs so poorly on Babi tasks?\n\nThe reason for this apparent anomaly is that the 280B model tends to offer longer responses than the 7B model, with spurious extra text. This means that even when it outputs the correct answer, it is penalized for this additional text. In the light of your question, we re-ran the 280B model with some additional post-processing to remove the extra text. This does improve its average performance by 2.65%, and we have updated Figs.4a and 4b to show these more charitable numbers. The 280B model still performs very poorly compared to our approach, so none of our claims are significantly affected.\n\n> Minor issues and typos:\n\nThank you for pointing these out. We have made the following changes and corrections in the revised paper.\nWe have added text to Appendix A.\nThanks for the great suggestion, we have included a contents page.\nWe have provided specific references to the Appendix.\nWe have fixed the typo in Section 7.\nWe have increased the size of the figures. If the paper is accepted, we can further increase the figures for the camera ready version since we will have an additional page available.\nWe have fixed the caption on Figure 1.\n"
        },
        "signatures": [
          "ICLR.cc/2023/Conference/Paper4350/Authors"
        ],
        "readers": [
          "everyone"
        ],
        "nonreaders": [],
        "writers": [
          "ICLR.cc/2023/Conference",
          "ICLR.cc/2023/Conference/Paper4350/Authors"
        ]
      },
      {
        "id": "CdXYUK3HXm",
        "original": null,
        "number": 4,
        "cdate": 1668766456242,
        "mdate": 1668766456242,
        "ddate": null,
        "tcdate": 1668766456242,
        "tmdate": 1668766456242,
        "tddate": null,
        "forum": "3Pf3Wg6o-A4",
        "replyto": "9_vPxDL4W5",
        "invitation": "ICLR.cc/2023/Conference/Paper4350/-/Official_Comment",
        "content": {
          "title": "Thank you for your positive and detailed review.",
          "comment": "Thank you for your positive and detailed review. Please see our response below.\n\n> 1. The authors mention several times that the SI framework is unlikely to make up information to answer the question, I fail to understand why is that. It would be helpful to show some examples where COT or other systems make up information but SI does not, and discuss the reason.\n\nConsider this CoT example from Appendix J:\\\nINPUT:\\\ngreg is a frog\\\ngreg is white\\\nbernhard is a swan\\\nlily is a lion\\\nbrian is a rhino\\\nbernhard is yellow\\\nbrian is green\\\nlily is yellow\\\njulius is a frog\\\nQuestion: what color is julius?\\\nOUTPUT:  julius is a frog. We know that brian is a frog and that brian is green. Therefore, julius is green\n\nWe have updated Appendix J in the revised paper to include following discussion:\n\n“The above example shows CoT making up a fact to answer the question. The question above asks “what color is julius?”. The CoT method correctly identifies that Julius is a frog. Then, rather than correctly saying “We know that greg is a frog” the model makes up a fact “brian is a frog” and combines this with the (existing) fact that “brian is green” to incorrectly conclude that “julius is green”. Our model, Selection-Inference, could not make this mistake, since the selection step is restricted to only selecting statements from the context (see Section 4.1).”"
        },
        "signatures": [
          "ICLR.cc/2023/Conference/Paper4350/Authors"
        ],
        "readers": [
          "everyone"
        ],
        "nonreaders": [],
        "writers": [
          "ICLR.cc/2023/Conference",
          "ICLR.cc/2023/Conference/Paper4350/Authors"
        ]
      },
      {
        "id": "EkKOCTB-Ob6",
        "original": null,
        "number": 5,
        "cdate": 1668766853643,
        "mdate": 1668766853643,
        "ddate": null,
        "tcdate": 1668766853643,
        "tmdate": 1668766853643,
        "tddate": null,
        "forum": "3Pf3Wg6o-A4",
        "replyto": "dxI8dbF4jn",
        "invitation": "ICLR.cc/2023/Conference/Paper4350/-/Official_Comment",
        "content": {
          "title": "Thank you for reviewing our paper.",
          "comment": "Thank you for reviewing our paper. We have addressed your questions below.\n\n> 1. It seems like the proposed method is computationally more heavy than CoT. Please have a discussion on that in the paper.\n\nWe have added the following to Appendix K in the revised paper:\n\n\"CoT involves a single forwards pass sampling `max_cot_tokens`. For a problem with H reasoning steps this would equate to roughly `cot_tokens_per_step = max_cot_tokens / H`.\n\nSelection-Inference on the other hand does not involve a single forward pass, but rather (scores and) samples sequentially. For simplicity, let us initially assume that in the selection step we sample tokens rather than score them. This means that we sample `H * (max_selection_tokens + max_inference_tokens)`. So in the case where  `cot_tokens_per_step = max_selection_tokens + max_inference_tokens` the number of computations is similar. This is a reasonable assumption since models were prompted to solve these problems in a similar way and we do not expect one model to solve problems with significantly more or less tokens than another model.\n\nNow consider that in the selection step, we do not sample tokens auto-regressively (as in CoT) but rather we score tokens. Tokens can be scored in parallel and therefore can be computed more efficiently than they can be sampled.\nTherefore, if implemented correctly, Selection-Inference can be at least as computationally efficient as CoT, if not more efficient.\"\n\n> 2. Does the paper see the chain-of-thought approach as not interpretable?\n\nThe primary motivation for CoT is to improve final answer accuracy, rather than provide good reasoning traces. The authors of CoT show that their model is able to obtain the correct answer, via incorrect reasoning, suggesting that the reasoning trace does not always support the model’s final answer. So, although CoT traces may be interpretable, they are not as trustworthy as those of SI.\n\n> 3. Can you clarify on whether selection and inference use fixed prompts? If they are fixed, do you see any benefit in making them dynamic based on which iteration step of the reasoning the model is at?\n\nThanks for this question. For selection, the prompt includes the latest context (with all previous inferences) and the question. This is sufficient information for the selection model. Providing more information, for example, the previous steps, would make the selection model “step” dependent which may affect generalisation to greater reasoning depths. By not appending the previous steps, the selection is independent of the reasoning step it is on, which is intended to help with generalisation."
        },
        "signatures": [
          "ICLR.cc/2023/Conference/Paper4350/Authors"
        ],
        "readers": [
          "everyone"
        ],
        "nonreaders": [],
        "writers": [
          "ICLR.cc/2023/Conference",
          "ICLR.cc/2023/Conference/Paper4350/Authors"
        ]
      },
      {
        "id": "pj8p4l6Kd0",
        "original": null,
        "number": 6,
        "cdate": 1668767188832,
        "mdate": 1668767188832,
        "ddate": null,
        "tcdate": 1668767188832,
        "tmdate": 1668767188832,
        "tddate": null,
        "forum": "3Pf3Wg6o-A4",
        "replyto": "fh2Qm9pfrw_",
        "invitation": "ICLR.cc/2023/Conference/Paper4350/-/Official_Comment",
        "content": {
          "title": "Thank you for reviewing our paper.",
          "comment": "Thank you for reviewing our paper. Please see our response below.\n\n> Clarity (c1) :  At minimum the authors should discuss if the model is an encoder-decoder or decoder-only architecture.\n\nThanks for this suggestion. The model is a decoder-only architecture, we have updated the paper in several places, including the abstract, to reflect this.\n\n> Clarity (c2) The abstract of the paper initially claims to evaluate models on a suite of 46 tasks, however the SI framework in the main result sections is evaluated on Baby (Sec.5) and ProofWriter (Sec.5 & Sec.6) only. This makes the paper misleading. It may be better to announce ProofWriter and Baby in the abstract as this seems to be the main focus.\n\nThank you for pointing this out, we have updated the abstract in the revised paper as follow to reflect this:\n\nRevised Abstract: \"​​Focusing on a sub-set of 10 reasoning tasks from ProofWriter and bAbI, we show that a 7B parameter, decoder-only LLM used within the SI framework in a 5-shot generalisation setting, with no fine-tuning, yields a performance improvement of over 100% compared to an equivalent vanilla baseline.\"\n\n> If that is not the main focus, then why are the 46 tasks in the Appendix (Figure A5)? It is not clear if the SI framework was used in these appendix tasks or some other type of prompting? More details on the division of tasks and what prompting mechanism has been used would be beneficial.\n\nThe results in Figure A5 are a fine-grain breakdown of the results summarized in Figure 3 (Section 3, “How Well Do Large Language Models Reason?”, of the main text), showing Vanilla 5-shot language model performance. In the revised paper, we have added the following clarification to the Figure 3 caption:\n\n“A detailed per-task breakdown is shown in Figure A5.”\n\nWe have also updated the caption in Figure 5A as follows:\n\n“Average accuracy of 1B, 7B and 280B parameter Vanilla LLMs evaluated on logical reasoning tasks in a 5-shot generalization setting.”\n\n> Clarity (c3) : The paper would be even more clear if it explicitly explained what is meant by “testing in 5-shot setting”. \n\nWe follow the same protocol as that used for the BigBench evaluation in Rae et al. (2020). For each sample, this involves drawing random (question, answer) pairs from the rest of a well shuffled batch and showing these as examples in the prompt. Examples of prompts used for the Vanilla LLM evaluation are shown in Appendix A. \n\nWe have updated Appendix A in the revised paper to include the following:\n\n“For each sample, a 5-shot prompt is composed by sampling five (question, answers) pairs from the batch and composing them according to a simple template. See examples below.”\n\nWe have updated the text in Section 3 as follows:\n\n“To this end, we evaluated decoder-only LLMs of various sizes in a 5-shot setting, following the same protocol used for the BigBench evaluation in Rae et al (2020), on a larger set of 46 tasks.”\n\n> In the case of ProofWriter D0-D5, were the 5 examples in the model’s prompt from the same depth as the one being tested? In the ProofWriter paper, the authors had experiments where they trained on D3 and tested on D5 for instance, does this work explore compositional generalization like this as well with the prompts? If not, I think it would be an interesting result to test: prompting with D3 examples and testing on D5 examples.\n\nIn Section 3, where we evaluate Vanilla LLM reasoning performance no reasoning traces are shown in the prompt.\n\nFor our Chain-of-Thought baselines, the prompt includes examples with the same number of reasoning steps as those needed by the model.\n\nIn our own model, Selection-Inference, the model only ever sees a single reasoning step at a time (but these can come from D0-D5 problems). An example prompt for depth-2 reasoning is shown in Section C.2. This works because (a) the inference step should be step-independent and (b) the Selection model is able to learn a heuristic about what rules and facts to choose based on the question and the statements available.\n\nThe following is from Section C.2:\n\n“Below is an example selection prompt. Note that this is for a depth-2 problem and so we show examples of the first reasoning step where the conclusion would not directly prove or disprove the statement and the last reasoning step, where the conclusion would directly prove or disprove the statement.”\n"
        },
        "signatures": [
          "ICLR.cc/2023/Conference/Paper4350/Authors"
        ],
        "readers": [
          "everyone"
        ],
        "nonreaders": [],
        "writers": [
          "ICLR.cc/2023/Conference",
          "ICLR.cc/2023/Conference/Paper4350/Authors"
        ]
      },
      {
        "id": "UgDrllzZwad",
        "original": null,
        "number": 7,
        "cdate": 1668794016067,
        "mdate": 1668794016067,
        "ddate": null,
        "tcdate": 1668794016067,
        "tmdate": 1668794016067,
        "tddate": null,
        "forum": "3Pf3Wg6o-A4",
        "replyto": "f9S92PyaDzx",
        "invitation": "ICLR.cc/2023/Conference/Paper4350/-/Official_Comment",
        "content": {
          "title": "Thank you",
          "comment": "I have read other reviewers' comments as well as the authors' response. They helped me to gain a better understanding of this work. I keep my score and I recommend to accept this paper. "
        },
        "signatures": [
          "ICLR.cc/2023/Conference/Paper4350/Reviewer_wTCG"
        ],
        "readers": [
          "everyone"
        ],
        "nonreaders": [],
        "writers": [
          "ICLR.cc/2023/Conference",
          "ICLR.cc/2023/Conference/Paper4350/Reviewer_wTCG"
        ]
      },
      {
        "id": "OqSu0oGbcJ",
        "original": null,
        "number": 8,
        "cdate": 1669050222022,
        "mdate": 1669050222022,
        "ddate": null,
        "tcdate": 1669050222022,
        "tmdate": 1669050222022,
        "tddate": null,
        "forum": "3Pf3Wg6o-A4",
        "replyto": "pj8p4l6Kd0",
        "invitation": "ICLR.cc/2023/Conference/Paper4350/-/Official_Comment",
        "content": {
          "title": "response to authors",
          "comment": "Thank you for all the additional information you provided. This makes the paper complete and is an accept for me."
        },
        "signatures": [
          "ICLR.cc/2023/Conference/Paper4350/Reviewer_BSuH"
        ],
        "readers": [
          "everyone"
        ],
        "nonreaders": [],
        "writers": [
          "ICLR.cc/2023/Conference",
          "ICLR.cc/2023/Conference/Paper4350/Reviewer_BSuH"
        ]
      },
      {
        "id": "Ar7UBLTnfv",
        "original": null,
        "number": 9,
        "cdate": 1669064678833,
        "mdate": 1669064678833,
        "ddate": null,
        "tcdate": 1669064678833,
        "tmdate": 1669064678833,
        "tddate": null,
        "forum": "3Pf3Wg6o-A4",
        "replyto": "EkKOCTB-Ob6",
        "invitation": "ICLR.cc/2023/Conference/Paper4350/-/Official_Comment",
        "content": {
          "title": "Thanks for the response",
          "comment": "I have read  author's response and also other reviewers' comments. I will keep my score same and recommend to accept this paper."
        },
        "signatures": [
          "ICLR.cc/2023/Conference/Paper4350/Reviewer_g5nq"
        ],
        "readers": [
          "everyone"
        ],
        "nonreaders": [],
        "writers": [
          "ICLR.cc/2023/Conference",
          "ICLR.cc/2023/Conference/Paper4350/Reviewer_g5nq"
        ]
      },
      {
        "id": "zaYTY5hOHv",
        "original": null,
        "number": 1,
        "cdate": 1674241768970,
        "pdate": null,
        "mdate": null,
        "ddate": null,
        "tcdate": 1674241768970,
        "tmdate": 1674241768970,
        "tddate": null,
        "forum": "3Pf3Wg6o-A4",
        "replyto": "3Pf3Wg6o-A4",
        "invitation": "ICLR.cc/2023/Conference/Paper4350/-/Decision",
        "content": {
          "title": "Paper Decision",
          "decision": "Accept: notable-top-5%",
          "metareview:_summary,_strengths_and_weaknesses": "The paper proposes a new framework for multi-step logical reasoning. It includes two stages: selection and inference. In particular they first select a few pieces of information by scoring each fact in the context with the model’s log-likelihood. Then the retrieved facts are combined and the model generates a conclusion based only on those facts. The authors test the framework on 10 logical reasoning tasks and show that their 7B parameter LM outperforms 280B parameter LM.\n\nStrength of the paper: \n1. Novel framework of Selection/Inference for multi-step reasoning. \n2. Extensive experiments and strong results. \n3. The 7B model outperforms 280B baseline.\n\nWeakness of the paper: \n1. some technical details  are unclear\n2. more explanation of prompts are needed. \n3. Selection of H and K \n\nOverall, this paper has adequate novel technical contribution and strong results on a variety of reasoning tasks. ",
          "justification_for_why_not_higher_score": "N/A",
          "justification_for_why_not_lower_score": "All reviewers agree with the novelty, clarity, and solid experimental results of this paper. ",
          "note_from_PC": "if the above contains the word \"oral\" or \"spotlight\" please see: \"oral\" presentation means -> notable-top-5% and \"spotlight\" means -> notable-top-25%. As stated in our emails, we are disassociating presentation type from AC recommendations"
        },
        "signatures": [
          "ICLR.cc/2023/Conference/Program_Chairs"
        ],
        "readers": [
          "everyone"
        ],
        "nonreaders": [],
        "writers": [
          "ICLR.cc/2023/Conference/Program_Chairs"
        ]
      },
      {
        "id": "KipldnwmJS7",
        "original": null,
        "number": 10,
        "cdate": 1677693124908,
        "mdate": 1677693124908,
        "ddate": null,
        "tcdate": 1677693124908,
        "tmdate": 1677693124908,
        "tddate": null,
        "forum": "3Pf3Wg6o-A4",
        "replyto": "zaYTY5hOHv",
        "invitation": "ICLR.cc/2023/Conference/Paper4350/-/Official_Comment",
        "content": {
          "title": "Camera ready version of the paper addresses the weaknesses above.",
          "comment": "To address the weaknesses noted above, we have included our prompts in the supplementary material and have included Figure A1 which shows the effects of additional reasoning steps, H. Additional discussion of H and K has been added to Section D.4."
        },
        "signatures": [
          "ICLR.cc/2023/Conference/Paper4350/Authors"
        ],
        "readers": [
          "everyone"
        ],
        "nonreaders": [],
        "writers": [
          "ICLR.cc/2023/Conference",
          "ICLR.cc/2023/Conference/Paper4350/Authors"
        ]
      }
    ],
    "directReplies": [
      {
        "id": "fh2Qm9pfrw_",
        "original": null,
        "number": 1,
        "cdate": 1666043840936,
        "mdate": null,
        "ddate": null,
        "tcdate": 1666043840936,
        "tmdate": 1666709902567,
        "tddate": null,
        "forum": "3Pf3Wg6o-A4",
        "replyto": "3Pf3Wg6o-A4",
        "invitation": "ICLR.cc/2023/Conference/Paper4350/-/Official_Review",
        "content": {
          "confidence": "4: You are confident in your assessment, but not absolutely certain. It is unlikely, but not impossible, that you did not understand some parts of the submission or that you are unfamiliar with some pieces of related work.",
          "summary_of_the_paper": "This work presents a new way to perform multi-step logical reasoning tasks with frozen pre-trained large language models. In particular they first select a few (most often two?) pieces of information (Selection) by scoring each fact in the context with the model’s log-likelihood. Then the retrieved facts are combined and the model generates a conclusion based only on those facts (Inference).\n\nResults on ProofWriter and Baby tasks show that the Selection-Inference process is better than other traditional prompting methods (CoT). The work also shows improvement over models with more parameters.\n",
          "strength_and_weaknesses": "**Strengths** : This is a good paper with good motivation. The work can have a positive impact on the field of multi-step reasoning. However some aspects are not entirely clear (more details in the next section). Some improvement suggestions are listed below:\n\n**Weakness** : The Selection algorithm relies on the manual selection of K: number of facts to include in the prompt. This makes the framework hard to use in practice as manually selecting the number of required facts for each Selection step can be very tedious. Did the authors explore setting this parameter to something large (say 4 for all steps, for all tasks)? \n\nSimilarly and most importantly for the entire process of Selection & Inference the steps are repeated until a predefined number of steps. Hence the model is not responsible for identifying when it has answered the question and when it needs to stop this process.\nDo the authors have some thoughts about how to resolve this issue in future work? It would be nice to discuss this in the final section of the paper.\n\n**Question** : Do the authors have some intuition why in Figure 6b the baseline model performs better as the depth increases? The opposite would be a more natural behavior (like in the case of the SI model).\n\n**Recommendation** : Although to a smaller scale, and with models trained from scratch, the idea of using language models to generate step by step reasoning chains was first explored in “Measuring systematic generalization in neural proof generation with transformers” (Gontier et. al, 2020). The paper should compare their approach to this one in the Related Work section.\nSimilarly, the authors could consider testing their Selection & Inference framework on the CLUTRR benchmark (Sinha et. al, 2019) in addition to Baby & ProofWriter.\n",
          "clarity,_quality,_novelty_and_reproducibility": "The paper somewhat novel, well written and easy to read, however some things could be more clear, see below for clarification suggestions:\n\n**Clarity (c1)** : The paper never mentions what type of model is used. The authors claim it is to preserve anonymity, but once a model is public, anyone can use it given the available compute resources. Saying that a 280B model was used is also having an impact on the anonymity of the work but it is still valuable information, just like the model type. At minimum the authors should discuss if the model is an encoder-decoder or decoder-only architecture.\n\n**Clarity (c2)** The abstract of the paper initially claims to evaluate models on a suite of 46 tasks, however the SI framework in the main result sections is evaluated on Baby (Sec.5) and ProofWriter (Sec.5 & Sec.6) only. This makes the paper misleading. It may be better to announce ProofWriter and Baby in the abstract as this seems to be the main focus.\nIf that is not the main focus, then why are the 46 tasks in the Appendix (Figure A5)? It is not clear if the SI framework was used in these appendix tasks or some other type of prompting? More details on the division of tasks and what prompting mechanism has been used would be beneficial.\n\n**Clarity (c3)** : The paper would be even more clear if it explicitly explained what is meant by “testing in 5-shot setting”. For instance does it ever happen that the 5 examples in the prompt, when tokenized, are longer than the input size supported by the model? What happens in this case?\n\nSimilarly, the paper should explain how the prompt examples were picked?\n\nIn the case of ProofWriter D0-D5, were the 5 examples in the model’s prompt from the same depth as the one being tested? In the ProofWriter paper, the authors had experiments where they trained on D3 and tested on D5 for instance, does this work explore compositional generalization like this as well with the prompts? If not, I think it would be an interesting result to test: prompting with D3 examples and testing on D5 examples.\n",
          "summary_of_the_review": "Overall, this is a good paper with impactful research, however it would benefit some clarifications and a discussion on how to resolve the weakness mentioned above.",
          "correctness": "3: Some of the paper’s claims have minor issues. A few statements are not well-supported, or require small changes to be made correct.",
          "technical_novelty_and_significance": "3: The contributions are significant and somewhat new. Aspects of the contributions exist in prior work.",
          "empirical_novelty_and_significance": "4: The contributions are significant, and do not exist in prior works.",
          "flag_for_ethics_review": [
            "NO."
          ],
          "recommendation": "8: accept, good paper"
        },
        "signatures": [
          "ICLR.cc/2023/Conference/Paper4350/Reviewer_BSuH"
        ],
        "readers": [
          "everyone"
        ],
        "nonreaders": [],
        "writers": [
          "ICLR.cc/2023/Conference",
          "ICLR.cc/2023/Conference/Paper4350/Reviewer_BSuH"
        ]
      },
      {
        "id": "dxI8dbF4jn",
        "original": null,
        "number": 2,
        "cdate": 1666315639837,
        "mdate": null,
        "ddate": null,
        "tcdate": 1666315639837,
        "tmdate": 1666315639837,
        "tddate": null,
        "forum": "3Pf3Wg6o-A4",
        "replyto": "3Pf3Wg6o-A4",
        "invitation": "ICLR.cc/2023/Conference/Paper4350/-/Official_Review",
        "content": {
          "confidence": "5: You are absolutely certain about your assessment. You are very familiar with the related work and checked the math/other details carefully.",
          "summary_of_the_paper": "The paper explores the reasoning capabilities of large language models (LLMs). They carry out a comprehensive evaluation of 46 reasoning tasks to show that language models perform fairly well on single step reasoning problems, but suffer at multi-step reasoning problems. To that end, the paper proposes a new algorithm called selection-inference where LLMs solve multi-step reasoning problems by iterating over selection and inference modules to generate a series of interpretable causal reasoning steps. Through this method, they show that a smaller (in terms of parameters) LLM can outperform a baseline larger LLM. The paper also presents several interesting ablations with scale, fine-tuning, and performance on various levels of multi-step reasoning problems.  ",
          "strength_and_weaknesses": "\nStrengths: \n1.  The paper presents a comprehensive study of 46 reasoning tasks and gives an understanding of how good are the current LLMs in single step and multi-step reasoning problems. \n2. The proposed selection-inference algorithm is a very interesting and novel idea. It makes the reasoning trace more interpretable.\n3. The paper demonstrates that this approach will enable small language models to outperform baseline large language models that doesn’t use SI algorithm\n\nWeaknesses: \n1. It would have been a more interesting comparison to see how this method performs in comparison to other recent works such as self-consistency, verifiers, etc. The proposed method has its own merits, but comparing with more methods would have been more interesting.\n",
          "clarity,_quality,_novelty_and_reproducibility": "1. It seems like the proposed method is computationally more heavy than CoT. Please have a discussion on that in the paper. \n2. Does the paper see the chain-of-thought approach as not interpretable? \n3. Can you clarify on whether selection and inference use fixed prompts? If they are fixed, do you see any benefit in making them dynamic based on which iteration step of the reasoning the model is at? \n",
          "summary_of_the_review": "The paper provides some very interesting understanding of large language model capabilities for single vs. multi-step reasoning. The proposed SI algorithm is novel and very useful. All the ablations are very useful. Overall, I recommend this paper. ",
          "correctness": "4: All of the claims and statements are well-supported and correct.",
          "technical_novelty_and_significance": "4: The contributions are significant, and do not exist in prior works.",
          "empirical_novelty_and_significance": "3: The contributions are significant and somewhat new. Aspects of the contributions exist in prior work.",
          "flag_for_ethics_review": [
            "NO."
          ],
          "recommendation": "8: accept, good paper"
        },
        "signatures": [
          "ICLR.cc/2023/Conference/Paper4350/Reviewer_g5nq"
        ],
        "readers": [
          "everyone"
        ],
        "nonreaders": [],
        "writers": [
          "ICLR.cc/2023/Conference",
          "ICLR.cc/2023/Conference/Paper4350/Reviewer_g5nq"
        ]
      },
      {
        "id": "9_vPxDL4W5",
        "original": null,
        "number": 3,
        "cdate": 1666402654092,
        "mdate": null,
        "ddate": null,
        "tcdate": 1666402654092,
        "tmdate": 1666402654092,
        "tddate": null,
        "forum": "3Pf3Wg6o-A4",
        "replyto": "3Pf3Wg6o-A4",
        "invitation": "ICLR.cc/2023/Conference/Paper4350/-/Official_Review",
        "content": {
          "confidence": "4: You are confident in your assessment, but not absolutely certain. It is unlikely, but not impossible, that you did not understand some parts of the submission or that you are unfamiliar with some pieces of related work.",
          "summary_of_the_paper": "In this work, the authors focus on leveraging pre-trained LLMs to solve language-based reasoning tasks, via in-context learning. \n\nFirst, on a wide range of tasks, the authors investigate how well existing LLMs at various model sizes tackle logical reasoning tasks in a standard 5-shot prompting setting. Results suggest that they perform better on simple single step logical inference, but suffer from more complex tasks such as multi-step reasoning. \n\nMotivated by the above observation, the authors propose a novel Selection-Inference (SI) framework, which is an iterative prompting method designed for solving logical reasoning tasks. At every iteration step, SI first ask the LLM to select a subset of most relevant supporting evidence from a larger set of input facts, conditioned on the question; then in an inference step, LLM is asked to infer a new fact from the selected evidence. The inferred new fact is either as the final answer, or added into the input fact set to the next iteration. \n\nThe authors show that equipped with this SI method, a LLM with 7B parameters can outperform a set of baselines, including a much larger 280B LLM, equipped with Chain of Thought (COT), the current state-of-the-art prompting method. \n\nThe authors also show that with some minor fine-tuning, a 7B LLM with SI can further a significant improvement. \n\nThe author also discuss and demonstrate how the SI framework can facilitate model interpretability, transparency, and humans-in-the-loop study. ",
          "strength_and_weaknesses": "### Strength\n\n* **Neat idea**: The idea of the two step selection-inference framework can be seen as a way to leveraging human prior knowledge in prompt engineering. As the authors discussed in the motivation section, this to some extent bridges neurosymbolic AI with recent large-scale deep learning approaches. There are a few neat ideas I like in this paper:\n\n  1. Ranking negative log-likelihood for selection instead of directly prompting LLM for a list of outputs. This could effectively avoid the potential trouble of LLM generating something uncontrollable or hard to parse. Although I have to say this requires the LLM output probabilities to be available, which is not always the case (for practitioners who has less ML knowledge, or using online LLM APIs).\n  2. \"Occlude\" question from the inference module. This is in some sense adding an information bottleneck. \n\n* **Empirical value**: I'd love to see research along this line, which can potentially have great empirical value. Better prompting strategies can be useful in general and this is not limited to the ML community. \n* **Significance test**: I appreciate the authors include significance test in their experiment and result section. \n* **Interpretability, transparency, and humans-in-the-loop**: Compared to vanilla in-context learning and prior methods such as COT, the proposed framework can have a better interpretability and help researchers to better understand how an LLM makes certain decision. I also like the opportunity of humans-in-the-loop that the SI framework brings (e.g., users help to verify/filter selected evidence).\n* **Explicit knowledge representation / memory**: In some sense, the iteratively growing set of evidence can be seen as a working memory, or a representation of past experience that one can easily retrieve from. Thinking broadly, from a sequential decision making or robotics perspective, instead of multi-step reasoning, I can imagine something like the SI framework being used to facilitate multi-step planning. \n\n\n### Weaknesses\n\n1. Please see my question 3 below regarding the $H$ and $K$ values.\n2. The paper suffers from a few accessibility issues. Please see the minor issue and typos section below. ",
          "clarity,_quality,_novelty_and_reproducibility": "### Questions and concerns:\n1. The authors mention several times that the SI framework `is unlikely to make up information to answer the question`, I fail to understand why is that. It would be helpful to show some examples where COT or other systems make up information but SI does not, and discuss the reason. \n2. It's not fully clear to me why in the selection step you have `Therefore, ` in your prompt. It seems to be the trigger of inference?\n3. The authors very briefly mention in the conclusion section about `the halting issue`. I agree that this is one of the major limitations of this work. As the authors mention, this is the case for both 1) the fixed $H$ in Algorithm 1 and 2) the fixed $K$ in Algorithm 2. I wonder in the current version, are there any heuristics to prevent the LLM from receiving distracting information? This would happen when either $H$ or $K$ is greater than sufficient amount of evidence. Please elaborate a bit more on this, including how $H$ and $K$ are determined in the current version, and how the authors plan to make these numbers adaptable. \n4. In Figure 4 (b), is there any specific reason that the 280B vanilla generative model performs so poorly on Babi tasks?\n\n\n### Minor issues and typos:\n\n1. Appendix A appears to be empty. I know it includes a bunch of figures, but it's a bit weird to be named `APPENDIX` and without any text content there. \n2. I appreciate the authors include many examples and detailed prompt design in the appendix, however, the current version is not easy to read. A table of content would greatly increase the accessibility. \n3. There are a few `see Appendix for ...` in the main body without specific appendix label, please add pointers. \n4. Also accessibility issue, please increase font size for all text in Figure 3 and Figure 4. They are almost unreadable in a printed version.\n5. Figure 1 caption: `Chain-of-Though` --> `Chain-of-Thought`.\n6. The paragraph above Section 7: `... our approach is able to generalised beyond ...` --> `... our approach is able to generalise beyond ...`.\n",
          "summary_of_the_review": "Overall, I like this paper, it's clearly written, the proposed method makes sense to me and results suggest that the SI framework indeed improves the LLM's performance on a range of reasoning tasks. Unless I had some major misunderstandings, I recommend to accept this paper. ",
          "correctness": "4: All of the claims and statements are well-supported and correct.",
          "technical_novelty_and_significance": "3: The contributions are significant and somewhat new. Aspects of the contributions exist in prior work.",
          "empirical_novelty_and_significance": "3: The contributions are significant and somewhat new. Aspects of the contributions exist in prior work.",
          "flag_for_ethics_review": [
            "NO."
          ],
          "recommendation": "8: accept, good paper"
        },
        "signatures": [
          "ICLR.cc/2023/Conference/Paper4350/Reviewer_wTCG"
        ],
        "readers": [
          "everyone"
        ],
        "nonreaders": [],
        "writers": [
          "ICLR.cc/2023/Conference",
          "ICLR.cc/2023/Conference/Paper4350/Reviewer_wTCG"
        ]
      },
      {
        "id": "fW5Iots2udF",
        "original": null,
        "number": 4,
        "cdate": 1667195660655,
        "mdate": null,
        "ddate": null,
        "tcdate": 1667195660655,
        "tmdate": 1667196050861,
        "tddate": null,
        "forum": "3Pf3Wg6o-A4",
        "replyto": "3Pf3Wg6o-A4",
        "invitation": "ICLR.cc/2023/Conference/Paper4350/-/Official_Review",
        "content": {
          "confidence": "3: You are fairly confident in your assessment. It is possible that you did not understand some parts of the submission or that you are unfamiliar with some pieces of related work. Math/other details were not carefully checked.",
          "summary_of_the_paper": "The paper proposes a novel framework called Selection-Inference(SI), which exploits pre-trained large language models as general processing modules to solve logical reasoning problems. Using this framework, LLMs will continuously alternates between selection step and inference step to generate a sequence of casual reasoning steps. So not only the answers can be concluded from these reasoning steps, but also these causal natural-language-based reasoning trace helps us to learn how the model reached the answer and opens the system’s decisions to human critique. The results are very impressive. The paper shows that a 7B SI model outperforms the 280B model. ",
          "strength_and_weaknesses": "trengths\n\n- This framework of SI is different from all previous frameworks, as illustrated in Figure 1. SI use LLMs to produce each reasoning step one at a time, which is similar with ProofWriter. While ProofWriter can only answer “Prove this statement to be True/False” style question, SI is able to solve reasoning problems.\n\n- The designs of splitting of each step of reasoning into selection and interference makes the model more unlikely to make up information to answer and it cannot ignore previous reasoning when getting the answer.\n\n- The authors conduct extensive experiment and provide a comprehensive evaluation of LLMs on a set of 46 tasks. They show that LLMs are good at simpler single step logical inference in 5-shot generalisation settings, but struggle with harder problems.\n\n- Using SI framework, the 7B model shows impressive results and even outperform 280B LLM baseline using COT framework. Also, the SI framework has ability to produce a causal reasoning trace and is able to recover from errors.\n\nWeaknesses\n\n- Some important details are not presented. The algorithm now just simply halts after some times of steps. So will the result differs from different numbers of steps, and how. \n\n- The results are not convincing enough. In the paper, the authors just show the results of 7B SI. I wonder know that if the 280B version using SI will outperform all previous models.\n\n- There are many case studies, more quantitative metrics to evaluate the effect is better.\n\n- There are some typos in this paper, which causes additional burden for understanding. For example:\n\n1) typo in page 2, “Figure 1” paragraph, “indicate” -> “indicates”\n\n2) typo in page 5, “We use prompt...” paragraph, “the the following form” -> “the following form”\n\n3) typo in page 26, “We have seen...” paragraph, “which we we now” -> “which we now”\n\n4) typo in page 26, “When observing...” paragraph, “we us” -> “we use”",
          "clarity,_quality,_novelty_and_reproducibility": "The clarity is good, but novelty is somewhat limited.",
          "summary_of_the_review": "This paper proposes SI framework, which improves the ability of LLMs to solve reasoning problems and outperforms other framework including COT. Even though this framework still has many limitations, it does develop a new approach and achieves state-of-the-art results. And this work can be extended to many further works, which are inspirational for other works in the field.",
          "correctness": "3: Some of the paper’s claims have minor issues. A few statements are not well-supported, or require small changes to be made correct.",
          "technical_novelty_and_significance": "3: The contributions are significant and somewhat new. Aspects of the contributions exist in prior work.",
          "empirical_novelty_and_significance": "3: The contributions are significant and somewhat new. Aspects of the contributions exist in prior work.",
          "flag_for_ethics_review": [
            "NO."
          ],
          "recommendation": "6: marginally above the acceptance threshold"
        },
        "signatures": [
          "ICLR.cc/2023/Conference/Paper4350/Reviewer_TQ9M"
        ],
        "readers": [
          "everyone"
        ],
        "nonreaders": [],
        "writers": [
          "ICLR.cc/2023/Conference",
          "ICLR.cc/2023/Conference/Paper4350/Reviewer_TQ9M"
        ]
      },
      {
        "id": "UDH0sOEL9Y",
        "original": null,
        "number": 5,
        "cdate": 1667197319314,
        "mdate": null,
        "ddate": null,
        "tcdate": 1667197319314,
        "tmdate": 1667197319314,
        "tddate": null,
        "forum": "3Pf3Wg6o-A4",
        "replyto": "3Pf3Wg6o-A4",
        "invitation": "ICLR.cc/2023/Conference/Paper4350/-/Official_Review",
        "content": {
          "confidence": "4: You are confident in your assessment, but not absolutely certain. It is unlikely, but not impossible, that you did not understand some parts of the submission or that you are unfamiliar with some pieces of related work.",
          "summary_of_the_paper": "The paper introduces a new framework for multi-step reasoning by splitting reasoning into two main stages: selection and inference. Selection involves choosing relevant information from the question to the inference module. The inference module uses the information from the selection module to reason and produce an answer. The authors test the framework on 10 logical reasoning tasks and show that they can get a 7B parameter lm to outperform 280B parameter lm.",
          "strength_and_weaknesses": "## Strengths\n- ****************Clarity:**************** The paper is well-written and easy to follow. The problem, and motivation are clear and the method directly follows from them.\n- **************Novelty:************** Splitting reasoning into modules has been explored but to my knowledge, using something like the proposed SI method has not been seen.\n- The SI framework significantly improves performance on the reasoning tasks over vanilla CoT/ scratchpad approaches.\n- Selecting a subset of information ensures that the language model is restricted by the information it uses for reasoning.\n## Weaknesses\n- One missing baseline for the framework is where the CoT prompts are framed as SI prompts without splitting SI into two separate modules.\n- SI using larger language models: I expected to see how models a magnitude larger than 7B would perform with the SI framework. This would help us understand how important the specific components of the framework are.\n- For example, a larger model might not make facts up in the selection step when using greedy decoding (with temperature = 0).\n- Or, one might not need two separate calls to the LM for S and I, simply using a CoT script with steps for selection and inference is all that one might need.\n\n### Other\n\n- **********************************Reproducibility:********************************** The method is straightforward to implement and test. The authors provide the prompts but access to the larger 280B language model is restricted and the baseline results would be impossible to replicate.",
          "clarity,_quality,_novelty_and_reproducibility": "Detailed in the main review.",
          "summary_of_the_review": "The approach is empirically quite strong! The paper would be better with some additional baselines and justifications for design choices.",
          "correctness": "3: Some of the paper’s claims have minor issues. A few statements are not well-supported, or require small changes to be made correct.",
          "technical_novelty_and_significance": "2: The contributions are only marginally significant or novel.",
          "empirical_novelty_and_significance": "3: The contributions are significant and somewhat new. Aspects of the contributions exist in prior work.",
          "flag_for_ethics_review": [
            "NO."
          ],
          "recommendation": "8: accept, good paper"
        },
        "signatures": [
          "ICLR.cc/2023/Conference/Paper4350/Reviewer_QvM7"
        ],
        "readers": [
          "everyone"
        ],
        "nonreaders": [],
        "writers": [
          "ICLR.cc/2023/Conference",
          "ICLR.cc/2023/Conference/Paper4350/Reviewer_QvM7"
        ]
      },
      {
        "id": "zaYTY5hOHv",
        "original": null,
        "number": 1,
        "cdate": 1674241768970,
        "pdate": null,
        "mdate": null,
        "ddate": null,
        "tcdate": 1674241768970,
        "tmdate": 1674241768970,
        "tddate": null,
        "forum": "3Pf3Wg6o-A4",
        "replyto": "3Pf3Wg6o-A4",
        "invitation": "ICLR.cc/2023/Conference/Paper4350/-/Decision",
        "content": {
          "title": "Paper Decision",
          "decision": "Accept: notable-top-5%",
          "metareview:_summary,_strengths_and_weaknesses": "The paper proposes a new framework for multi-step logical reasoning. It includes two stages: selection and inference. In particular they first select a few pieces of information by scoring each fact in the context with the model’s log-likelihood. Then the retrieved facts are combined and the model generates a conclusion based only on those facts. The authors test the framework on 10 logical reasoning tasks and show that their 7B parameter LM outperforms 280B parameter LM.\n\nStrength of the paper: \n1. Novel framework of Selection/Inference for multi-step reasoning. \n2. Extensive experiments and strong results. \n3. The 7B model outperforms 280B baseline.\n\nWeakness of the paper: \n1. some technical details  are unclear\n2. more explanation of prompts are needed. \n3. Selection of H and K \n\nOverall, this paper has adequate novel technical contribution and strong results on a variety of reasoning tasks. ",
          "justification_for_why_not_higher_score": "N/A",
          "justification_for_why_not_lower_score": "All reviewers agree with the novelty, clarity, and solid experimental results of this paper. ",
          "note_from_PC": "if the above contains the word \"oral\" or \"spotlight\" please see: \"oral\" presentation means -> notable-top-5% and \"spotlight\" means -> notable-top-25%. As stated in our emails, we are disassociating presentation type from AC recommendations"
        },
        "signatures": [
          "ICLR.cc/2023/Conference/Program_Chairs"
        ],
        "readers": [
          "everyone"
        ],
        "nonreaders": [],
        "writers": [
          "ICLR.cc/2023/Conference/Program_Chairs"
        ]
      }
    ]
  }
}