{
  "id": "Ai8Hw3AXqks",
  "original": "NvTHkFjJkI",
  "number": 3320,
  "cdate": 1663850188621,
  "mdate": null,
  "ddate": null,
  "tcdate": 1663850188621,
  "tmdate": 1710206538971,
  "tddate": null,
  "tauthor": "~Super_User1",
  "forum": "Ai8Hw3AXqks",
  "replyto": null,
  "invitation": "ICLR.cc/2023/Conference/-/Blind_Submission",
  "content": {
    "title": "Simplified State Space Layers for Sequence Modeling",
    "authorids": [
      "~Jimmy_T.H._Smith1",
      "~Andrew_Warrington2",
      "~Scott_Linderman1"
    ],
    "authors": [
      "Jimmy T.H. Smith",
      "Andrew Warrington",
      "Scott Linderman"
    ],
    "keywords": [
      "sequence models",
      "state space",
      "S4",
      "RNN",
      "transformers",
      "long range arena"
    ],
    "TL;DR": "We introduce a new state space sequence modeling layer, building on the recent S4 layer, that increases the state of the art on many long-range benchmark tasks.",
    "abstract": "Models using structured state space sequence (S4) layers have achieved state-of-the-art performance on long-range sequence modeling tasks. An S4 layer combines linear state space models (SSMs), the HiPPO framework, and deep learning to achieve high performance. We build on the design of the S4 layer and introduce a new state space layer, the S5 layer.  Whereas an S4 layer uses many independent single-input, single-output SSMs, the S5 layer uses one multi-input, multi-output SSM.  We establish a connection between S5 and S4, and use this to develop the initialization and parameterization used by the S5 model.  The result is a state space layer that can leverage efficient and widely implemented parallel scans, allowing S5 to match the computational efficiency of S4, while also achieving state-of-the-art performance on several long-range sequence modeling tasks.  S5 averages $87.4\\%$ on the long range arena benchmark, and $98.5\\%$ on the most difficult Path-X task.",
    "anonymous_url": "I certify that there is no URL (e.g., github page) that could be used to find authors’ identity.",
    "no_acknowledgement_section": "I certify that there is no acknowledgement section in this submission for double blind review.",
    "code_of_ethics": "I acknowledge that I and all co-authors of this work have read and commit to adhering to the ICLR Code of Ethics",
    "submission_guidelines": "Yes",
    "resubmission": "",
    "student_author": "",
    "Please_choose_the_closest_area_that_your_submission_falls_into": "Deep Learning and representational learning",
    "paperhash": "smith|simplified_state_space_layers_for_sequence_modeling",
    "pdf": "/pdf/57b1a9f476230b4a6e75b745f2c8fe47c5fa8c5a.pdf",
    "_bibtex": "@inproceedings{\nsmith2023simplified,\ntitle={Simplified State Space Layers for Sequence Modeling},\nauthor={Jimmy T.H. Smith and Andrew Warrington and Scott Linderman},\nbooktitle={The Eleventh International Conference on Learning Representations },\nyear={2023},\nurl={https://openreview.net/forum?id=Ai8Hw3AXqks}\n}",
    "supplementary_material": "",
    "venue": "ICLR 2023 notable top 5%",
    "venueid": "ICLR.cc/2023/Conference",
    "community_implementations": "[![CatalyzeX](/images/catalyzex_icon.svg) 1 code implementation](https://www.catalyzex.com/paper/arxiv:2208.04933/code)"
  },
  "signatures": [
    "ICLR.cc/2023/Conference"
  ],
  "readers": [
    "everyone"
  ],
  "nonreaders": [],
  "writers": [
    "ICLR.cc/2023/Conference"
  ],
  "pdate": 1675279274408,
  "odate": 1664468100000,
  "details": {
    "overwriting": [],
    "tags": [],
    "writable": false,
    "replyCount": 12,
    "directReplyCount": 5,
    "revisions": true,
    "replies": [
      {
        "id": "aVD0STwgAK6",
        "original": null,
        "number": 1,
        "cdate": 1666557415023,
        "mdate": null,
        "ddate": null,
        "tcdate": 1666557415023,
        "tmdate": 1666557415023,
        "tddate": null,
        "forum": "Ai8Hw3AXqks",
        "replyto": "Ai8Hw3AXqks",
        "invitation": "ICLR.cc/2023/Conference/Paper3320/-/Official_Review",
        "content": {
          "confidence": "3: You are fairly confident in your assessment. It is possible that you did not understand some parts of the submission or that you are unfamiliar with some pieces of related work. Math/other details were not carefully checked.",
          "summary_of_the_paper": "This paper presents an extension of structured state space sequence (S4) layers [Gu et al. 2021], which the authors refer to as S5 layers.\nWhile S4 layers use a bank of (deterministic) linear continuous state-space models with subsequent mixing layers, S5 uses a single multi-input multi-output SSM that does not require mixing layers. Furthermore, S4 parallelises the (offline) computation for the sequence of linear operations using a 1D convolution identity and an implementation in frequency domain (FFT). This has been done for computational reasons (parallelisation). However, this paper shows that S5 layers can match the computational and memory complexity (also shown empirically), by using the scan operation. \nThe authors show connections between S4 and S5, which they use for building on the initialization of S4. The authors also show via extensive ablation studies (in the supplementary material), that the initialisation as well as the continuous-time formulation with learned discretisation timescale parameters are the main drivers for these models.\n",
          "strength_and_weaknesses": "This paper is very well written, precise, and easy to follow. I found the background on S4 layers incl. the diagram very useful and more accessible than the original paper, and I also think the authors made a good choice in explaining their extension S5 by contrasting them to S4. It is also great to see the easy-to-implement jax code in the appendix.\n\nThe experimental evaluation is extensive, with many and the most important baselines, evaluated on commonly used long-range-dependency benchmarks. It is especially nice to see ablation studies in Appendix E, evaluating different model sizes (making it more or less similar to S4) as well as initialisation and continuous-time (vs. direct discrete-time implementation), showing that these are the most important features. \n\nI did not find major problems or concerns. \nBut I would be interested if the relation between S4 and S5 (App. D) could be made with less restrictions. Especially assumption 2 seems a bit strict? \nI would also have liked to see how the model deals with uncertainty/unpredictability, which is often the case in forecasting (e.g. the stock market would be an extreme case). The sequential image classification tasks are a bit unrealistic/artificial. But I do realise this is not the goal of the paper, and previous work from this domain also does not evaluate in such settings. ",
          "clarity,_quality,_novelty_and_reproducibility": "The paper is very clear and high quality. It is easy to be reproduced with code given in the appendix, and linked (although I was not able to access it). One of the advantages of the approach is also that it is much easier to implement and use than the S4 layers as it does not require both the sequential and convolution & FFT mode implementation (only sequential).\nWhile the model itself \"just\" extends previous work, there are several technical contributions that are novel in this context.\n",
          "summary_of_the_review": "Overall I enjoyed reading the paper, it is high-quality work, in terms of method, experimentation, and the presentation.\nI did not find any major problems or concerns. \n",
          "correctness": "4: All of the claims and statements are well-supported and correct.",
          "technical_novelty_and_significance": "3: The contributions are significant and somewhat new. Aspects of the contributions exist in prior work.",
          "empirical_novelty_and_significance": "3: The contributions are significant and somewhat new. Aspects of the contributions exist in prior work.",
          "flag_for_ethics_review": [
            "NO."
          ],
          "recommendation": "8: accept, good paper"
        },
        "signatures": [
          "ICLR.cc/2023/Conference/Paper3320/Reviewer_Gzd2"
        ],
        "readers": [
          "everyone"
        ],
        "nonreaders": [],
        "writers": [
          "ICLR.cc/2023/Conference",
          "ICLR.cc/2023/Conference/Paper3320/Reviewer_Gzd2"
        ]
      },
      {
        "id": "SW08q9gywby",
        "original": null,
        "number": 2,
        "cdate": 1666627718567,
        "mdate": null,
        "ddate": null,
        "tcdate": 1666627718567,
        "tmdate": 1668789844757,
        "tddate": null,
        "forum": "Ai8Hw3AXqks",
        "replyto": "Ai8Hw3AXqks",
        "invitation": "ICLR.cc/2023/Conference/Paper3320/-/Official_Review",
        "content": {
          "confidence": "4: You are confident in your assessment, but not absolutely certain. It is unlikely, but not impossible, that you did not understand some parts of the submission or that you are unfamiliar with some pieces of related work.",
          "summary_of_the_paper": "The paper introduces the new state space layer S5 which combines multiple single-input single-output state space models to a single multiple-input multiple-output state space model. The proposed state space layer can be efficiently implemented by a parallel scan. S5 achieves state-of-the-art results on multiple benchmarks, including the difficult Path-X task.",
          "strength_and_weaknesses": " - [+] The paper is very well written with a concise and clearly structured background section.\n - [+] All experiments are repeated multiple times with different seeds, leading to more stable and thus scientifically valuable results.\n - [+] Detailed and comprehensive comparison with S4 and its components with helpful illustrations and descriptions.\n - [+] The reviewer highly acknowledges the inclusion of concurrent work in the comparison.\n - [-] Although all experiments are repeated multiple times, no error bars are reported. Especially in cases where multiple methods perform similarly, a corresponding deviation measure proves to be really \n       helpful for judging.\n - [-] It is not clear what the reported scores in Table 1 are. Assuming the scores to be accuracy scores, the average accuracy provides only limited insight under the assumption that the tasks are of\n       varying difficulty (i.e. different number of classes with different relative class sizes, etc.). The reviewer suggests reporting the average rank for each method instead.\n - [-] Regarding the results reported in Table 3: are the results marked with an asterisk (*) computed on 5 seeds, and all others (i.e. „CRU (our run)“ and „S5“) on 20 seeds? If yes, this might skew the\n       result. The reviewer suggests using the same test protocol for all methods in this case. If not, the reviewer suggests clarifying the use of different seeds.\n\n",
          "clarity,_quality,_novelty_and_reproducibility": "The paper is clearly written and the quality of the presented content meets the conference standards.\nThe suggested implementation is novel in a way that it improves the S4 layer by a more efficient computation method. It would have been nice, though, if the authors would have provided the corresponding implementations already via OpenReview.",
          "summary_of_the_review": "The paper is very well written and easy to follow. All necessary background information is concisely introduced. The authors provide extensive analyses w.r.t. ablations, runtime and memory footprints. Some ambiguities and questions still remain, whereas the reviewer hopes they will be clarified during the rebuttal period.\n*The reviewer will likely increase the score if the weaknesses and questions are clarified in sufficient detail.*\n\n### Questions\n\n - What might be the main reason or intuition why S5 has better results than S4 w.r.t. scores, besides computational efficiency/runtime?\n - Why wasn’t S4 used as a baseline in Table 3?\n - What is the hyperparameter search space of the baseline methods?\n\n---\n### Update\n\nThe response of the authors addressed our concerns. Therefore, the score has been raised (as promised).",
          "correctness": "4: All of the claims and statements are well-supported and correct.",
          "technical_novelty_and_significance": "3: The contributions are significant and somewhat new. Aspects of the contributions exist in prior work.",
          "empirical_novelty_and_significance": "Not applicable",
          "flag_for_ethics_review": [
            "NO."
          ],
          "recommendation": "8: accept, good paper"
        },
        "signatures": [
          "ICLR.cc/2023/Conference/Paper3320/Reviewer_w99z"
        ],
        "readers": [
          "everyone"
        ],
        "nonreaders": [],
        "writers": [
          "ICLR.cc/2023/Conference",
          "ICLR.cc/2023/Conference/Paper3320/Reviewer_w99z"
        ]
      },
      {
        "id": "TMKUIXNgy1s",
        "original": null,
        "number": 3,
        "cdate": 1666775814736,
        "mdate": null,
        "ddate": null,
        "tcdate": 1666775814736,
        "tmdate": 1666776012172,
        "tddate": null,
        "forum": "Ai8Hw3AXqks",
        "replyto": "Ai8Hw3AXqks",
        "invitation": "ICLR.cc/2023/Conference/Paper3320/-/Official_Review",
        "content": {
          "confidence": "3: You are fairly confident in your assessment. It is possible that you did not understand some parts of the submission or that you are unfamiliar with some pieces of related work. Math/other details were not carefully checked.",
          "summary_of_the_paper": "The paper addresses the problem of long-range sequence modeling. The authors propose the s5 layer, which is built atop and modified version of structured state-space-sequence, s4. Utilizing parallel scans, s5 improves over s4 in terms of performance and complexity. They show improved results on LRA benchmark without incurring additional complexity comparing with S4. \n\n",
          "strength_and_weaknesses": "The proposed layer, s5, replaces the frequency-domain approach used by S4 with a recurrent, time-domain approach bypassing non-trivial steps needed for S4. The method achieves high performance with comparable complexity of s4. \n\nThe source code link provided in the paper isn't working, The authors should publish anonymized code for the review purposes with the correct link. ",
          "clarity,_quality,_novelty_and_reproducibility": "the paper is well-motivated and well-written. ",
          "summary_of_the_review": "This is a well-written, well-motivated paper. ",
          "correctness": "3: Some of the paper’s claims have minor issues. A few statements are not well-supported, or require small changes to be made correct.",
          "technical_novelty_and_significance": "3: The contributions are significant and somewhat new. Aspects of the contributions exist in prior work.",
          "empirical_novelty_and_significance": "3: The contributions are significant and somewhat new. Aspects of the contributions exist in prior work.",
          "flag_for_ethics_review": [
            "NO."
          ],
          "recommendation": "8: accept, good paper"
        },
        "signatures": [
          "ICLR.cc/2023/Conference/Paper3320/Reviewer_2DkJ"
        ],
        "readers": [
          "everyone"
        ],
        "nonreaders": [],
        "writers": [
          "ICLR.cc/2023/Conference",
          "ICLR.cc/2023/Conference/Paper3320/Reviewer_2DkJ"
        ]
      },
      {
        "id": "LouCsdc-ka",
        "original": null,
        "number": 1,
        "cdate": 1668038728999,
        "mdate": 1668038728999,
        "ddate": null,
        "tcdate": 1668038728999,
        "tmdate": 1668038728999,
        "tddate": null,
        "forum": "Ai8Hw3AXqks",
        "replyto": "Ai8Hw3AXqks",
        "invitation": "ICLR.cc/2023/Conference/Paper3320/-/Official_Comment",
        "content": {
          "title": "General Response",
          "comment": "We thank the reviewers for taking the time to review our submission and for their positive feedback.  We presented the S5 layer, a sequence modeling layer building on the popular S4 layer.  We were especially happy that the reviewers valued the presentation of both existing and new material, and that they all saw the benefits of S5.  \n\nThe common critique from each of the reviewers was that we did not include our code in the initial submission.  We apologize for the confusion: the link to our Github repository was redacted to preserve anonymity.   We have updated the supplementary materials to include an anonymized version of the documented core code.\n\nWe appreciate that the reviewers truly engaged with our submission and critically assessed the work.  We will now respond to individual reviewers in more detail.\n\n– The S5 Authors."
        },
        "signatures": [
          "ICLR.cc/2023/Conference/Paper3320/Authors"
        ],
        "readers": [
          "everyone"
        ],
        "nonreaders": [],
        "writers": [
          "ICLR.cc/2023/Conference",
          "ICLR.cc/2023/Conference/Paper3320/Authors"
        ]
      },
      {
        "id": "FUQYWyURf1",
        "original": null,
        "number": 2,
        "cdate": 1668038823019,
        "mdate": 1668038823019,
        "ddate": null,
        "tcdate": 1668038823019,
        "tmdate": 1668038823019,
        "tddate": null,
        "forum": "Ai8Hw3AXqks",
        "replyto": "TMKUIXNgy1s",
        "invitation": "ICLR.cc/2023/Conference/Paper3320/-/Official_Comment",
        "content": {
          "title": "2DkJ Response",
          "comment": "Thank you again for your positive feedback.  We have added anonymized code in the supplement.  We look forward to answering any further questions you have!  \n\n– The S5 Authors."
        },
        "signatures": [
          "ICLR.cc/2023/Conference/Paper3320/Authors"
        ],
        "readers": [
          "everyone"
        ],
        "nonreaders": [],
        "writers": [
          "ICLR.cc/2023/Conference",
          "ICLR.cc/2023/Conference/Paper3320/Authors"
        ]
      },
      {
        "id": "a7GJJAfXqK1",
        "original": null,
        "number": 3,
        "cdate": 1668039865419,
        "mdate": 1668039865419,
        "ddate": null,
        "tcdate": 1668039865419,
        "tmdate": 1668039865419,
        "tddate": null,
        "forum": "Ai8Hw3AXqks",
        "replyto": "SW08q9gywby",
        "invitation": "ICLR.cc/2023/Conference/Paper3320/-/Official_Comment",
        "content": {
          "title": "w99z Response",
          "comment": "Thank you again for your positive feedback.  We have added anonymized code in the supplement. \n  \n*R.e. Deviation Measures*:  We omitted deviation measures from Table 1 in the main text for clarity of presentation (as there were no great “surprises” in the deviations of S5 compared to the S4 methods).  Deviation measures were however included in the expanded LRA table in Appendix F.1 / Table 7.  We will add a note that deviations are included in the supplement.  We will include a supplementary table with deviation measures for SC35 for a final version (the deviation measures were again similar for both S4 and S5).  Deviation measures were included in the pendulum results tables in the main text and appendix.   \n\n*R.e. Table 1 Scores*:  You are correct, Table 1 shows the accuracy of each method/task.  We have added clarification on this.  Showing the individual task and average scores for LRA, with bolding and underlining for first and second places methods has precedent:  see the original LRA  [paper](https://arxiv.org/abs/2011.04006), table on the LRA [GitHub](https://github.com/google-research/long-range-arena), the original S4 [paper](https://arxiv.org/pdf/2111.00396.pdf), as well as the concurrent work [MEGA](https://arxiv.org/abs/2209.10655). We followed this convention in our  submission. However, we like your suggestion and will also include an average rank column. \n\n*R.e. Pendulum reporting*:  You are correct, the results marked with an asterisk were run with five seeds, and are reported directly as in Schirmer et al. [2022].  We ran twenty seeds to provide as reliable a baseline as possible for the best-performing models.  If the reviewer would prefer, we can report in the main text the result based on five seeds for consistency.  The results are very similar, with S5 having an MSE of 3.45e-3 $\\pm$ 0.159e-3 and CRU having an MSE of 3.87e-3 $\\pm$ 0.170e-3 (across five seeds).\n\n*R.e. Questions*: \n\n(1)  A possible reason for the improved performance of S5 is that the MIMO SSM allows different dynamics and couplings of the layer input features, compared to the independent SISO SSMs that S4 uses to process each channel of the input features (that are then coupled by the mixing layer).  Rows 3 and 4 of Appendix E.1/Table 5 represent the performance of S5 in a setting where the dynamics of the S5 SSM have been constrained to be as similar as possible to the dynamics of the S4 models (per the discussion in Section 4.1). In this case, the _restricted_ S5 model performs comparably to S4.  Though we have performed a number of studies with ablations and constraints, the relationship and performance differences between S4 methods and S5 remains an interesting topic for further investigation.  \n\n(2)  On why S4 was not used as a baseline for the pendulum regression task: As mentioned in Section 3.3, the efficient convolution mode of S4 requires a time-invariant system which prevents its use to efficiently handle irregularly sampled data. This is because performing a different discretization at each timestep to account for the irregular spacings results in a time-varying system. Thus, S4 would have to be run in its fully sequential recurrent mode to naturally handle irregularly sampled data, defeating one of the main purposes of using state space layers (being able to parallelize across time in offline settings) rather than the RNN baselines. S5’s parallel scan on the other hand allows for naturally handling time-varying systems and irregularly sampled data efficiently. \n\n(3)  The baseline methods’ performance were taken from the original papers.  For our run of CRU, we used the optimal hyperparameters reported in the original paper.  We have included more explicit information on this.  \n\nThank you again for your feedback.  We look forward to answering any further questions you have!  \n\n– The S5 Authors.\n"
        },
        "signatures": [
          "ICLR.cc/2023/Conference/Paper3320/Authors"
        ],
        "readers": [
          "everyone"
        ],
        "nonreaders": [],
        "writers": [
          "ICLR.cc/2023/Conference",
          "ICLR.cc/2023/Conference/Paper3320/Authors"
        ]
      },
      {
        "id": "r13iyrmk_o",
        "original": null,
        "number": 4,
        "cdate": 1668040067945,
        "mdate": 1668040067945,
        "ddate": null,
        "tcdate": 1668040067945,
        "tmdate": 1668040067945,
        "tddate": null,
        "forum": "Ai8Hw3AXqks",
        "replyto": "aVD0STwgAK6",
        "invitation": "ICLR.cc/2023/Conference/Paper3320/-/Official_Comment",
        "content": {
          "title": "Gzd2 Response",
          "comment": "Thank you again for your positive feedback.  We have added anonymized code in the supplement.  \n\n*R.e. Assumptions in Section 4*: The derivation in Section 4 was used to establish _a_ connection between a restricted version of S4 and a restricted version of S5 to help explore certain architectural, initialization and parameterization choices.  We agree that in the most general case the tied state matrix assumption could be restrictive.  The original S4 paper and the more recent S4D paper did however report that strong performance can be achieved with tied state matrices (cf. Assumption 2). We verify in Rows 3 and 4 of Appendix E/Table 5 that the restricted version of S5 still performs comparably to the best (unrestricted) S4 models on most of the LRA tasks. We clarify however, _we do not enforce any restrictions when training S5 models in practice_.  Nonetheless, we agree that further exploring the theoretical relationship and differences between S4 and S5 are interesting questions.\n\n*R.e. Uncertainty/unpredictability*: This is a great point.  We agree forecasting in uncertain environments is an interesting application. While one could straightforwardly use S5 to parameterize a stochastic emission (while retaining deterministic internal dynamics), we are also interested in future directions of S5 that involve stochastic SSM dynamics. Part of our initial motivation for S5 was to remove some of S4’s machinery to allow for closer connections to probabilistic methods (e.g. parallel Kalman filtering/smoothing). We will include discussion of these points in any final version.\n\nThank you again for your feedback.  We look forward to answering any further questions you have!  \n\n– The S5 Authors."
        },
        "signatures": [
          "ICLR.cc/2023/Conference/Paper3320/Authors"
        ],
        "readers": [
          "everyone"
        ],
        "nonreaders": [],
        "writers": [
          "ICLR.cc/2023/Conference",
          "ICLR.cc/2023/Conference/Paper3320/Authors"
        ]
      },
      {
        "id": "RT6-2hhel_w",
        "original": null,
        "number": 5,
        "cdate": 1668735044941,
        "mdate": 1668735044941,
        "ddate": null,
        "tcdate": 1668735044941,
        "tmdate": 1668735044941,
        "tddate": null,
        "forum": "Ai8Hw3AXqks",
        "replyto": "a7GJJAfXqK1",
        "invitation": "ICLR.cc/2023/Conference/Paper3320/-/Official_Comment",
        "content": {
          "title": "Final Thoughts",
          "comment": "Hi Reviewer w99z, \n\nAs the rebuttal period is closing shortly, please let us know if you have any further questions or if we can provide further clarification!\n\n--The S5 Authors"
        },
        "signatures": [
          "ICLR.cc/2023/Conference/Paper3320/Authors"
        ],
        "readers": [
          "everyone"
        ],
        "nonreaders": [],
        "writers": [
          "ICLR.cc/2023/Conference",
          "ICLR.cc/2023/Conference/Paper3320/Authors"
        ]
      },
      {
        "id": "_te6d2mOwa-",
        "original": null,
        "number": 6,
        "cdate": 1668735099245,
        "mdate": 1668735099245,
        "ddate": null,
        "tcdate": 1668735099245,
        "tmdate": 1668735099245,
        "tddate": null,
        "forum": "Ai8Hw3AXqks",
        "replyto": "FUQYWyURf1",
        "invitation": "ICLR.cc/2023/Conference/Paper3320/-/Official_Comment",
        "content": {
          "title": "Final Thoughts",
          "comment": "Hi Reviewer 2Dkj, \n\nAs the rebuttal period is closing shortly, please let us know if you have any further questions or if we can provide further clarification!\n\n--The S5 Authors"
        },
        "signatures": [
          "ICLR.cc/2023/Conference/Paper3320/Authors"
        ],
        "readers": [
          "everyone"
        ],
        "nonreaders": [],
        "writers": [
          "ICLR.cc/2023/Conference",
          "ICLR.cc/2023/Conference/Paper3320/Authors"
        ]
      },
      {
        "id": "W3QwjN_n7xq",
        "original": null,
        "number": 7,
        "cdate": 1668735147297,
        "mdate": 1668735147297,
        "ddate": null,
        "tcdate": 1668735147297,
        "tmdate": 1668735147297,
        "tddate": null,
        "forum": "Ai8Hw3AXqks",
        "replyto": "r13iyrmk_o",
        "invitation": "ICLR.cc/2023/Conference/Paper3320/-/Official_Comment",
        "content": {
          "title": "Final Thoughts",
          "comment": "Hi Reviewer Gzd2, \n\nAs the rebuttal period is closing shortly, please let us know if you have any further questions or if we can provide further clarification!\n\n--The S5 Authors"
        },
        "signatures": [
          "ICLR.cc/2023/Conference/Paper3320/Authors"
        ],
        "readers": [
          "everyone"
        ],
        "nonreaders": [],
        "writers": [
          "ICLR.cc/2023/Conference",
          "ICLR.cc/2023/Conference/Paper3320/Authors"
        ]
      },
      {
        "id": "r25QhLRnah",
        "original": null,
        "number": 8,
        "cdate": 1668764194070,
        "mdate": 1668764194070,
        "ddate": null,
        "tcdate": 1668764194070,
        "tmdate": 1668764194070,
        "tddate": null,
        "forum": "Ai8Hw3AXqks",
        "replyto": "W3QwjN_n7xq",
        "invitation": "ICLR.cc/2023/Conference/Paper3320/-/Official_Comment",
        "content": {
          "title": "Response to Authors",
          "comment": "My questions have been addressed, thank you. \nI am also looking forward to read the discussion about connections to probabilistic SSMs with Kalmen filtering/smoothing for inference. "
        },
        "signatures": [
          "ICLR.cc/2023/Conference/Paper3320/Reviewer_Gzd2"
        ],
        "readers": [
          "everyone"
        ],
        "nonreaders": [],
        "writers": [
          "ICLR.cc/2023/Conference",
          "ICLR.cc/2023/Conference/Paper3320/Reviewer_Gzd2"
        ]
      },
      {
        "id": "XL-mjGNz5-",
        "original": null,
        "number": 1,
        "cdate": 1674241782939,
        "pdate": null,
        "mdate": null,
        "ddate": null,
        "tcdate": 1674241782939,
        "tmdate": 1674241782939,
        "tddate": null,
        "forum": "Ai8Hw3AXqks",
        "replyto": "Ai8Hw3AXqks",
        "invitation": "ICLR.cc/2023/Conference/Paper3320/-/Decision",
        "content": {
          "title": "Paper Decision",
          "decision": "Accept: notable-top-5%",
          "metareview:_summary,_strengths_and_weaknesses": "For handling long sequential inputs as required in many modern applications of neural nets, this paper proposes an \"S5\" layer, \"Simplified State Space Layers for Sequential Modeling\", which is more expressive than the previous \"S4\" layer from ICLR 2021, while retaining computational efficiency. The two key changes: (1) single-input single-output banks + mixing layers for dealing with multi-dimensional inputs are changed to multi-input multi-output processing. (2) time-domain processing rather than frequency domain. \n\nStrengths:\n- The technical improvements over S4 are important, lifting restrictions of the earlier, already quite successful model. \n- The results on various long-range sequence modeling tasks show comparable performance with the very best transformer attention based models, without incorporating any of that machinery.\n- Implementation appears straightforward, suggesting ease of use by others in the community.\n- Evaluated against the very latest work possible, including even work released during the week of the ICLR deadline.\n- Well-presented. \n\nWeaknesses:\n- Evaluations are on somewhat synthetic tasks, although this is in keeping with the current practice in long-range sequence modeling.\n- It would be good to demonstrate some qualitative examples, such as visualizing how information from various stages of historical input are used in producing current outputs.",
          "justification_for_why_not_higher_score": "N/A",
          "justification_for_why_not_lower_score": "A promising advance in long-range sequence modeling with deep neural nets coming from a very different perspective than self-attention and transformers, but which brings it on par with those much more widely researched methods. In my opinion, this would be of widespread interest at ICLR and would make a good choice for oral presentation.",
          "note_from_PC": "if the above contains the word \"oral\" or \"spotlight\" please see: \"oral\" presentation means -> notable-top-5% and \"spotlight\" means -> notable-top-25%. As stated in our emails, we are disassociating presentation type from AC recommendations"
        },
        "signatures": [
          "ICLR.cc/2023/Conference/Program_Chairs"
        ],
        "readers": [
          "everyone"
        ],
        "nonreaders": [],
        "writers": [
          "ICLR.cc/2023/Conference/Program_Chairs"
        ]
      }
    ],
    "directReplies": [
      {
        "id": "aVD0STwgAK6",
        "original": null,
        "number": 1,
        "cdate": 1666557415023,
        "mdate": null,
        "ddate": null,
        "tcdate": 1666557415023,
        "tmdate": 1666557415023,
        "tddate": null,
        "forum": "Ai8Hw3AXqks",
        "replyto": "Ai8Hw3AXqks",
        "invitation": "ICLR.cc/2023/Conference/Paper3320/-/Official_Review",
        "content": {
          "confidence": "3: You are fairly confident in your assessment. It is possible that you did not understand some parts of the submission or that you are unfamiliar with some pieces of related work. Math/other details were not carefully checked.",
          "summary_of_the_paper": "This paper presents an extension of structured state space sequence (S4) layers [Gu et al. 2021], which the authors refer to as S5 layers.\nWhile S4 layers use a bank of (deterministic) linear continuous state-space models with subsequent mixing layers, S5 uses a single multi-input multi-output SSM that does not require mixing layers. Furthermore, S4 parallelises the (offline) computation for the sequence of linear operations using a 1D convolution identity and an implementation in frequency domain (FFT). This has been done for computational reasons (parallelisation). However, this paper shows that S5 layers can match the computational and memory complexity (also shown empirically), by using the scan operation. \nThe authors show connections between S4 and S5, which they use for building on the initialization of S4. The authors also show via extensive ablation studies (in the supplementary material), that the initialisation as well as the continuous-time formulation with learned discretisation timescale parameters are the main drivers for these models.\n",
          "strength_and_weaknesses": "This paper is very well written, precise, and easy to follow. I found the background on S4 layers incl. the diagram very useful and more accessible than the original paper, and I also think the authors made a good choice in explaining their extension S5 by contrasting them to S4. It is also great to see the easy-to-implement jax code in the appendix.\n\nThe experimental evaluation is extensive, with many and the most important baselines, evaluated on commonly used long-range-dependency benchmarks. It is especially nice to see ablation studies in Appendix E, evaluating different model sizes (making it more or less similar to S4) as well as initialisation and continuous-time (vs. direct discrete-time implementation), showing that these are the most important features. \n\nI did not find major problems or concerns. \nBut I would be interested if the relation between S4 and S5 (App. D) could be made with less restrictions. Especially assumption 2 seems a bit strict? \nI would also have liked to see how the model deals with uncertainty/unpredictability, which is often the case in forecasting (e.g. the stock market would be an extreme case). The sequential image classification tasks are a bit unrealistic/artificial. But I do realise this is not the goal of the paper, and previous work from this domain also does not evaluate in such settings. ",
          "clarity,_quality,_novelty_and_reproducibility": "The paper is very clear and high quality. It is easy to be reproduced with code given in the appendix, and linked (although I was not able to access it). One of the advantages of the approach is also that it is much easier to implement and use than the S4 layers as it does not require both the sequential and convolution & FFT mode implementation (only sequential).\nWhile the model itself \"just\" extends previous work, there are several technical contributions that are novel in this context.\n",
          "summary_of_the_review": "Overall I enjoyed reading the paper, it is high-quality work, in terms of method, experimentation, and the presentation.\nI did not find any major problems or concerns. \n",
          "correctness": "4: All of the claims and statements are well-supported and correct.",
          "technical_novelty_and_significance": "3: The contributions are significant and somewhat new. Aspects of the contributions exist in prior work.",
          "empirical_novelty_and_significance": "3: The contributions are significant and somewhat new. Aspects of the contributions exist in prior work.",
          "flag_for_ethics_review": [
            "NO."
          ],
          "recommendation": "8: accept, good paper"
        },
        "signatures": [
          "ICLR.cc/2023/Conference/Paper3320/Reviewer_Gzd2"
        ],
        "readers": [
          "everyone"
        ],
        "nonreaders": [],
        "writers": [
          "ICLR.cc/2023/Conference",
          "ICLR.cc/2023/Conference/Paper3320/Reviewer_Gzd2"
        ]
      },
      {
        "id": "SW08q9gywby",
        "original": null,
        "number": 2,
        "cdate": 1666627718567,
        "mdate": null,
        "ddate": null,
        "tcdate": 1666627718567,
        "tmdate": 1668789844757,
        "tddate": null,
        "forum": "Ai8Hw3AXqks",
        "replyto": "Ai8Hw3AXqks",
        "invitation": "ICLR.cc/2023/Conference/Paper3320/-/Official_Review",
        "content": {
          "confidence": "4: You are confident in your assessment, but not absolutely certain. It is unlikely, but not impossible, that you did not understand some parts of the submission or that you are unfamiliar with some pieces of related work.",
          "summary_of_the_paper": "The paper introduces the new state space layer S5 which combines multiple single-input single-output state space models to a single multiple-input multiple-output state space model. The proposed state space layer can be efficiently implemented by a parallel scan. S5 achieves state-of-the-art results on multiple benchmarks, including the difficult Path-X task.",
          "strength_and_weaknesses": " - [+] The paper is very well written with a concise and clearly structured background section.\n - [+] All experiments are repeated multiple times with different seeds, leading to more stable and thus scientifically valuable results.\n - [+] Detailed and comprehensive comparison with S4 and its components with helpful illustrations and descriptions.\n - [+] The reviewer highly acknowledges the inclusion of concurrent work in the comparison.\n - [-] Although all experiments are repeated multiple times, no error bars are reported. Especially in cases where multiple methods perform similarly, a corresponding deviation measure proves to be really \n       helpful for judging.\n - [-] It is not clear what the reported scores in Table 1 are. Assuming the scores to be accuracy scores, the average accuracy provides only limited insight under the assumption that the tasks are of\n       varying difficulty (i.e. different number of classes with different relative class sizes, etc.). The reviewer suggests reporting the average rank for each method instead.\n - [-] Regarding the results reported in Table 3: are the results marked with an asterisk (*) computed on 5 seeds, and all others (i.e. „CRU (our run)“ and „S5“) on 20 seeds? If yes, this might skew the\n       result. The reviewer suggests using the same test protocol for all methods in this case. If not, the reviewer suggests clarifying the use of different seeds.\n\n",
          "clarity,_quality,_novelty_and_reproducibility": "The paper is clearly written and the quality of the presented content meets the conference standards.\nThe suggested implementation is novel in a way that it improves the S4 layer by a more efficient computation method. It would have been nice, though, if the authors would have provided the corresponding implementations already via OpenReview.",
          "summary_of_the_review": "The paper is very well written and easy to follow. All necessary background information is concisely introduced. The authors provide extensive analyses w.r.t. ablations, runtime and memory footprints. Some ambiguities and questions still remain, whereas the reviewer hopes they will be clarified during the rebuttal period.\n*The reviewer will likely increase the score if the weaknesses and questions are clarified in sufficient detail.*\n\n### Questions\n\n - What might be the main reason or intuition why S5 has better results than S4 w.r.t. scores, besides computational efficiency/runtime?\n - Why wasn’t S4 used as a baseline in Table 3?\n - What is the hyperparameter search space of the baseline methods?\n\n---\n### Update\n\nThe response of the authors addressed our concerns. Therefore, the score has been raised (as promised).",
          "correctness": "4: All of the claims and statements are well-supported and correct.",
          "technical_novelty_and_significance": "3: The contributions are significant and somewhat new. Aspects of the contributions exist in prior work.",
          "empirical_novelty_and_significance": "Not applicable",
          "flag_for_ethics_review": [
            "NO."
          ],
          "recommendation": "8: accept, good paper"
        },
        "signatures": [
          "ICLR.cc/2023/Conference/Paper3320/Reviewer_w99z"
        ],
        "readers": [
          "everyone"
        ],
        "nonreaders": [],
        "writers": [
          "ICLR.cc/2023/Conference",
          "ICLR.cc/2023/Conference/Paper3320/Reviewer_w99z"
        ]
      },
      {
        "id": "TMKUIXNgy1s",
        "original": null,
        "number": 3,
        "cdate": 1666775814736,
        "mdate": null,
        "ddate": null,
        "tcdate": 1666775814736,
        "tmdate": 1666776012172,
        "tddate": null,
        "forum": "Ai8Hw3AXqks",
        "replyto": "Ai8Hw3AXqks",
        "invitation": "ICLR.cc/2023/Conference/Paper3320/-/Official_Review",
        "content": {
          "confidence": "3: You are fairly confident in your assessment. It is possible that you did not understand some parts of the submission or that you are unfamiliar with some pieces of related work. Math/other details were not carefully checked.",
          "summary_of_the_paper": "The paper addresses the problem of long-range sequence modeling. The authors propose the s5 layer, which is built atop and modified version of structured state-space-sequence, s4. Utilizing parallel scans, s5 improves over s4 in terms of performance and complexity. They show improved results on LRA benchmark without incurring additional complexity comparing with S4. \n\n",
          "strength_and_weaknesses": "The proposed layer, s5, replaces the frequency-domain approach used by S4 with a recurrent, time-domain approach bypassing non-trivial steps needed for S4. The method achieves high performance with comparable complexity of s4. \n\nThe source code link provided in the paper isn't working, The authors should publish anonymized code for the review purposes with the correct link. ",
          "clarity,_quality,_novelty_and_reproducibility": "the paper is well-motivated and well-written. ",
          "summary_of_the_review": "This is a well-written, well-motivated paper. ",
          "correctness": "3: Some of the paper’s claims have minor issues. A few statements are not well-supported, or require small changes to be made correct.",
          "technical_novelty_and_significance": "3: The contributions are significant and somewhat new. Aspects of the contributions exist in prior work.",
          "empirical_novelty_and_significance": "3: The contributions are significant and somewhat new. Aspects of the contributions exist in prior work.",
          "flag_for_ethics_review": [
            "NO."
          ],
          "recommendation": "8: accept, good paper"
        },
        "signatures": [
          "ICLR.cc/2023/Conference/Paper3320/Reviewer_2DkJ"
        ],
        "readers": [
          "everyone"
        ],
        "nonreaders": [],
        "writers": [
          "ICLR.cc/2023/Conference",
          "ICLR.cc/2023/Conference/Paper3320/Reviewer_2DkJ"
        ]
      },
      {
        "id": "LouCsdc-ka",
        "original": null,
        "number": 1,
        "cdate": 1668038728999,
        "mdate": 1668038728999,
        "ddate": null,
        "tcdate": 1668038728999,
        "tmdate": 1668038728999,
        "tddate": null,
        "forum": "Ai8Hw3AXqks",
        "replyto": "Ai8Hw3AXqks",
        "invitation": "ICLR.cc/2023/Conference/Paper3320/-/Official_Comment",
        "content": {
          "title": "General Response",
          "comment": "We thank the reviewers for taking the time to review our submission and for their positive feedback.  We presented the S5 layer, a sequence modeling layer building on the popular S4 layer.  We were especially happy that the reviewers valued the presentation of both existing and new material, and that they all saw the benefits of S5.  \n\nThe common critique from each of the reviewers was that we did not include our code in the initial submission.  We apologize for the confusion: the link to our Github repository was redacted to preserve anonymity.   We have updated the supplementary materials to include an anonymized version of the documented core code.\n\nWe appreciate that the reviewers truly engaged with our submission and critically assessed the work.  We will now respond to individual reviewers in more detail.\n\n– The S5 Authors."
        },
        "signatures": [
          "ICLR.cc/2023/Conference/Paper3320/Authors"
        ],
        "readers": [
          "everyone"
        ],
        "nonreaders": [],
        "writers": [
          "ICLR.cc/2023/Conference",
          "ICLR.cc/2023/Conference/Paper3320/Authors"
        ]
      },
      {
        "id": "XL-mjGNz5-",
        "original": null,
        "number": 1,
        "cdate": 1674241782939,
        "pdate": null,
        "mdate": null,
        "ddate": null,
        "tcdate": 1674241782939,
        "tmdate": 1674241782939,
        "tddate": null,
        "forum": "Ai8Hw3AXqks",
        "replyto": "Ai8Hw3AXqks",
        "invitation": "ICLR.cc/2023/Conference/Paper3320/-/Decision",
        "content": {
          "title": "Paper Decision",
          "decision": "Accept: notable-top-5%",
          "metareview:_summary,_strengths_and_weaknesses": "For handling long sequential inputs as required in many modern applications of neural nets, this paper proposes an \"S5\" layer, \"Simplified State Space Layers for Sequential Modeling\", which is more expressive than the previous \"S4\" layer from ICLR 2021, while retaining computational efficiency. The two key changes: (1) single-input single-output banks + mixing layers for dealing with multi-dimensional inputs are changed to multi-input multi-output processing. (2) time-domain processing rather than frequency domain. \n\nStrengths:\n- The technical improvements over S4 are important, lifting restrictions of the earlier, already quite successful model. \n- The results on various long-range sequence modeling tasks show comparable performance with the very best transformer attention based models, without incorporating any of that machinery.\n- Implementation appears straightforward, suggesting ease of use by others in the community.\n- Evaluated against the very latest work possible, including even work released during the week of the ICLR deadline.\n- Well-presented. \n\nWeaknesses:\n- Evaluations are on somewhat synthetic tasks, although this is in keeping with the current practice in long-range sequence modeling.\n- It would be good to demonstrate some qualitative examples, such as visualizing how information from various stages of historical input are used in producing current outputs.",
          "justification_for_why_not_higher_score": "N/A",
          "justification_for_why_not_lower_score": "A promising advance in long-range sequence modeling with deep neural nets coming from a very different perspective than self-attention and transformers, but which brings it on par with those much more widely researched methods. In my opinion, this would be of widespread interest at ICLR and would make a good choice for oral presentation.",
          "note_from_PC": "if the above contains the word \"oral\" or \"spotlight\" please see: \"oral\" presentation means -> notable-top-5% and \"spotlight\" means -> notable-top-25%. As stated in our emails, we are disassociating presentation type from AC recommendations"
        },
        "signatures": [
          "ICLR.cc/2023/Conference/Program_Chairs"
        ],
        "readers": [
          "everyone"
        ],
        "nonreaders": [],
        "writers": [
          "ICLR.cc/2023/Conference/Program_Chairs"
        ]
      }
    ]
  }
}