{
  "id": "9DlCh34E1bN",
  "original": "GXv8lscogF3",
  "number": 1287,
  "cdate": 1621629736348,
  "ddate": null,
  "tcdate": 1621629736348,
  "tmdate": 1683307540351,
  "tddate": null,
  "forum": "9DlCh34E1bN",
  "replyto": null,
  "invitation": "NeurIPS.cc/2021/Conference/-/Blind_Submission",
  "content": {
    "title": "On the Expressivity of Markov Reward",
    "authorids": [
      "~David_Abel1",
      "~Will_Dabney1",
      "~Anna_Harutyunyan1",
      "~Mark_K_Ho1",
      "~Michael_Littman1",
      "~Doina_Precup1",
      "~Satinder_Singh2"
    ],
    "authors": [
      "David Abel",
      "Will Dabney",
      "Anna Harutyunyan",
      "Mark K Ho",
      "Michael Littman",
      "Doina Precup",
      "Satinder Singh"
    ],
    "keywords": [
      "Reinforcement Learning",
      "Reward Functions",
      "Reward",
      "Reward Hypothesis",
      "Markov Decision Process"
    ],
    "abstract": "Reward is the driving force for reinforcement-learning agents. This paper is dedicated to understanding the expressivity of reward as a way to capture tasks that we would want an agent to perform. We frame this study around three new abstract notions of “task” that might be desirable: (1) a set of acceptable behaviors, (2) a partial ordering over behaviors, or (3) a partial ordering over trajectories. Our main results prove that while reward can express many of these tasks, there exist instances of each task type that no Markov reward function can capture. We then provide a set of polynomial-time algorithms that construct a Markov reward function that allows an agent to optimize tasks of each of these three types, and correctly determine when no such reward function exists. We conclude with an empirical study that corroborates and illustrates our theoretical findings.",
    "submission_history": "",
    "code_of_conduct": "I certify that all co-authors of this work have read and commit to adhering to the NeurIPS Statement on Ethics, Fairness, Inclusivity, and Code of Conduct.",
    "paperhash": "abel|on_the_expressivity_of_markov_reward",
    "TL;DR": "We study the expressivity of Markov reward functions in finite environments by inspecting what kinds of tasks such functions can express.",
    "pdf": "/pdf/f38ec47becfb7e6c3c6be1f07458f010ab06c3da.pdf",
    "supplementary_material": "/attachment/29976e4305458447aba45e57d5f690441a2a047a.pdf",
    "checklist": "",
    "thumbnail": "",
    "submission_history_-_venue_and_year": "",
    "submission_history_-_improvements_made": "",
    "_bibtex": "@inproceedings{\nabel2021on,\ntitle={On the Expressivity of Markov Reward},\nauthor={David Abel and Will Dabney and Anna Harutyunyan and Mark K Ho and Michael Littman and Doina Precup and Satinder Singh},\nbooktitle={Advances in Neural Information Processing Systems},\neditor={A. Beygelzimer and Y. Dauphin and P. Liang and J. Wortman Vaughan},\nyear={2021},\nurl={https://openreview.net/forum?id=9DlCh34E1bN}\n}",
    "venue": "NeurIPS 2021 Oral",
    "venueid": "NeurIPS.cc/2021/Conference"
  },
  "signatures": [
    "NeurIPS.cc/2021/Conference"
  ],
  "readers": [
    "everyone"
  ],
  "nonreaders": [],
  "writers": [
    "NeurIPS.cc/2021/Conference"
  ],
  "mdate": null,
  "tauthor": "OpenReview.net",
  "pdate": 1636492684637,
  "odate": 1636492684637,
  "details": {
    "overwriting": [],
    "tags": [],
    "writable": false,
    "replyCount": 11,
    "directReplyCount": 5,
    "revisions": true,
    "replies": [
      {
        "id": "Yg_w7jIkg4b",
        "original": null,
        "number": 1,
        "cdate": 1624738847343,
        "mdate": null,
        "ddate": null,
        "tcdate": 1624738847343,
        "tmdate": 1629936239100,
        "tddate": null,
        "forum": "9DlCh34E1bN",
        "replyto": "9DlCh34E1bN",
        "invitation": "NeurIPS.cc/2021/Conference/Paper1287/-/Official_Review",
        "content": {
          "rating": "8: Top 50% of accepted NeurIPS papers, clear accept",
          "confidence": "4: You are confident in your assessment, but not absolutely certain. It is unlikely, but not impossible, that you did not understand some parts of the submission or that you are unfamiliar with some pieces of related work.",
          "summary": "The authors consider the problem of expressing a __task__ via a reward function and discount rate. They show that for various formalizations of what a 'task' is, there exist reward functions which cannot express that task. The authors present an efficient algorithm for deciding the expressibility of a task, and for designing such a reward function. They study certain properties of how many tasks are expressible in a given environment, and demonstrate how their approach can accelerate learning. ",
          "main_review": "This paper is well-written, addresses an important problem which has not been formally studied to-date, and presents strong technical results. I found it very clear and well-motivated, and expect it to inspire important future work. \n\nHere are some minor comments and questions:\n\n* 63: prefix 'behavioral policies' with 'deterministic'?\n* 70: 'import' -> 'important'\n* 144-147: I found the sentence structure ambiguous; it was unclear what ,\"no matter which...\" was modifying.\n* 177-178: identifying reward functions with shared optimal policy sets seems strong. Perhaps weaken the wording? Also, does reward shaping preserve the return-based ordering over policies - not just the optimal policy sets?\n* I found \"better\" SOAP confusing (195-196). Can you give a more concrete example in camera-ready?\n* What does it mean for a reward-function family to have infinitely many outputs? (I haven't checked appendix, but this should be clear in the main paper)\n\nPOST-REBUTTAL: I thank the authors for their clarifications. My score remains unchanged: clear accept.",
          "limitations_and_societal_impact": "No / N/A",
          "needs_ethics_review": "No",
          "ethics_review_area": [],
          "time_spent_reviewing": "2.5",
          "code_of_conduct": "While performing my duties as a reviewer (including writing reviews and participating in discussions), I have and will continue to abide by the NeurIPS code of conduct."
        },
        "signatures": [
          "NeurIPS.cc/2021/Conference/Paper1287/Reviewer_JLWp"
        ],
        "readers": [
          "everyone"
        ],
        "nonreaders": [],
        "writers": [
          "NeurIPS.cc/2021/Conference",
          "NeurIPS.cc/2021/Conference/Paper1287/Reviewer_JLWp"
        ]
      },
      {
        "id": "qzOhZTazjd",
        "original": null,
        "number": 2,
        "cdate": 1625734764329,
        "mdate": null,
        "ddate": null,
        "tcdate": 1625734764329,
        "tmdate": 1630055220211,
        "tddate": null,
        "forum": "9DlCh34E1bN",
        "replyto": "9DlCh34E1bN",
        "invitation": "NeurIPS.cc/2021/Conference/Paper1287/-/Official_Review",
        "content": {
          "rating": "8: Top 50% of accepted NeurIPS papers, clear accept",
          "confidence": "3: You are fairly confident in your assessment. It is possible that you did not understand some parts of the submission or that you are unfamiliar with some pieces of related work. Math/other details were not carefully checked.",
          "summary": "This paper studies the ability of Markovian reward functions to represent tasks defined as a set of acceptable policies, partial ordering over policies, partial ordering over trajectories. It first provides a negative result showing that some tasks cannot be specified through a Markovian reward in some environments. Then, it designs a set of linear programs to simultaneously check if a specific task can be encoded into a Markovian reward and to compute such reward. The paper includes an empirical evaluation in a simple domain.",
          "main_review": "Post-rebuttal\n\nHaving read the rebuttal and other reviews, I am updating my evaluation from 7 to 8.\n\n---\n\nThis work is very interesting, it tackles a relevant question on the expressive power of Markovian rewards with clarity and completeness. The main results on the limitation of Markovian rewards fit nicely with the findings of recent works (e.g., Silver et al., Reward is enough, 2021), which conjecture that non-Markovianity is crucial for the expressivity of rewards. The contributions on reward design, binary rewards, and multiple environments look solid and valuable as well, whereas the proofs are carried out with novel arguments.\nI do not have any major concern about this paper, and I suggest accepting it.\nI provide below some detailed comments.\n\nDETAILED COMMENTS\n\n- I think that the main limitation of this work lies in the answers of the task-definition question (TaskQ, or \"What is a task?\"), which are somewhat arbitrary. However, the selected task specifications are reasonable, and they are general enough to cover a large portion (if not all) of the objectives that are considered in the RL literature.\n\n- The reward design methods seek for the valid reward function that maximizes epsilon, which takes slightly different meaning in the three formulations, but always acts as a slack variable on the constraints satisfaction.\nCan the authors comment on why this specification-robust reward should be preferable? Would it be fundamentally easier to solve the problem for any reward that satisfies the constraints?\n\n- From the informal definition of task provided between lines 162-165 arises quite naturally the dueling cost-minimization and goal-reaching objectives of the stochastic shortest path (SSP) problem formulation (Bertsekas and Tsitsiklis, An analysis of stochastic shortest path problems, 1991).\nDo the authors think that the SSP-MDP model could increase the expressivity of Markov reward (cost) w.r.t. the standard MDP model?\n\n- Another interesting direction for future works may study the expressivity of the convex MDP model (see, Zhang et al., Variational policy gradient method for reinforcement learning with general utilities, 2020; Zahavy et al., Reward is enough for convex MDPs, 2021), which allows to specify the objective as any convex function of the expected state visitations rather than a linear combination.",
          "limitations_and_societal_impact": "The limitations and scope of the work are well-discussed in the text.",
          "needs_ethics_review": "No",
          "ethics_review_area": [],
          "time_spent_reviewing": "6",
          "code_of_conduct": "While performing my duties as a reviewer (including writing reviews and participating in discussions), I have and will continue to abide by the NeurIPS code of conduct."
        },
        "signatures": [
          "NeurIPS.cc/2021/Conference/Paper1287/Reviewer_Qqv1"
        ],
        "readers": [
          "everyone"
        ],
        "nonreaders": [],
        "writers": [
          "NeurIPS.cc/2021/Conference",
          "NeurIPS.cc/2021/Conference/Paper1287/Reviewer_Qqv1"
        ]
      },
      {
        "id": "Fm7h7sRnU_Y",
        "original": null,
        "number": 3,
        "cdate": 1626304115542,
        "mdate": null,
        "ddate": null,
        "tcdate": 1626304115542,
        "tmdate": 1626304115542,
        "tddate": null,
        "forum": "9DlCh34E1bN",
        "replyto": "9DlCh34E1bN",
        "invitation": "NeurIPS.cc/2021/Conference/Paper1287/-/Official_Review",
        "content": {
          "rating": "8: Top 50% of accepted NeurIPS papers, clear accept",
          "confidence": "3: You are fairly confident in your assessment. It is possible that you did not understand some parts of the submission or that you are unfamiliar with some pieces of related work. Math/other details were not carefully checked.",
          "summary": "- An exploration and a concrete answer to the question of what is a task, and a critical examination of the reward hypothesis. The approach that this paper proposes is to define a set of all possible tasks in a Controlled Markov Process (CMP), and then ask the question, does there exist a Markov reward that realizes the given task.\n\n- The paper provides answers the above question in the negative through a counter-example. In summary, the authors provide three modes of expressing the task intent: set of accetable policies (SOAP), partial ordering over policies (PO), partial ordering over trajectories (TO). The key result is that there are tasks defined as per all three methods that are not realizable as a Markov reward optimization problem\n\n- The authors finally propose a linear-programming based polynomial time reward design algorithm that generates a Markov reward for the SOAP task specification and returns Null if such a reward does not exist. ",
          "main_review": "**Overall:** This is an important submission and I strongly recommend acceptance. It tackles a fundamental question about RL, task expressivity and rewards, and proposes an important negative result, namely, even in Markov domains with task specifications defined by a set of acceptable Markov policies, there are certain tasks that cannot be represented through reward maximization paradigm.\n\n**Comments:**\n\n- Difference between 'better' and 'equal-or-better' SOAP definition: I found the definition a bit hard to follow. Specifically, a mathematical definition of  $\\epsilon$-optimal would go a long way in clearing this. I believe this distinction might be important for future analysis, considering the gap between the expressible tasks (Figure 3)\n\n- SOAP definition of tasks: A key drawback of this analysis seems to be the way of defining tasks. The SOAP framework necessitates explicit enumeration of all acceptable policies, and often this set is defined implicitly. Therefore the result that given as task and a CMP environment, reward design is a polynomial-time problem is weakened by the need to explicitly enumerate the acceptable policies. Thus the bottleneck very well might be the problem of enumerating acceptable policies and not that of designing a reward that realizes the task\n\n- Relationship between paradigms of task representation: The authors identify non-Markov tasks as out of the scope of this analysis. But I would be very curious to apply this paradigm to Manna and Pnueli's hierarchy of tasks [1], or even to the POMDP tasks. \n\n- Functional Task descriptions: SOAP, PO and TO are very general descriptions of task definitions, but task descriptions from a functional standpoint represent completion of goals or description of path constraints. While the definitions are general enough to capture all possible tasks, the set of 'practical' tasks might be a smaller subset of these, and Markov rewards might represent a larger fraction of these tasks. \n\nI believe this paper adds valuable insight to the discussion on the reward hypothesis, and warrants acceptance. My comments above are reflections on possible extensions of the work, and not a major criticism of the work as presented. I strongly believe that RL research has not concentrated enough on the source and scope of the reward functions in selecting benchmark domains with well known reward functions, and this represents an important initial step.\n\n\n\n ",
          "limitations_and_societal_impact": "NA",
          "ethical_concerns": "NA",
          "needs_ethics_review": "No",
          "ethics_review_area": [],
          "time_spent_reviewing": "8",
          "code_of_conduct": "While performing my duties as a reviewer (including writing reviews and participating in discussions), I have and will continue to abide by the NeurIPS code of conduct."
        },
        "signatures": [
          "NeurIPS.cc/2021/Conference/Paper1287/Reviewer_8XHY"
        ],
        "readers": [
          "everyone"
        ],
        "nonreaders": [],
        "writers": [
          "NeurIPS.cc/2021/Conference",
          "NeurIPS.cc/2021/Conference/Paper1287/Reviewer_8XHY"
        ]
      },
      {
        "id": "DofPZ5mkr9E",
        "original": null,
        "number": 4,
        "cdate": 1626437878071,
        "mdate": null,
        "ddate": null,
        "tcdate": 1626437878071,
        "tmdate": 1626437878071,
        "tddate": null,
        "forum": "9DlCh34E1bN",
        "replyto": "9DlCh34E1bN",
        "invitation": "NeurIPS.cc/2021/Conference/Paper1287/-/Official_Review",
        "content": {
          "rating": "7: Good paper, accept",
          "confidence": "4: You are confident in your assessment, but not absolutely certain. It is unlikely, but not impossible, that you did not understand some parts of the submission or that you are unfamiliar with some pieces of related work.",
          "summary": "In the reinforcement learning context, the paper proposes three possible definitions for the notion of task, as a set of acceptable policies (SOAP), a partial ordering over policies (PO), or a partial ordering over trajectories (TO). For each definition, the authors show that there exists a task and a controlled Markov process for which there is no reward function that can express that task. Furthermore, the authors notably provide a polynomial algorithm based on linear programming to find such reward function if it exists. Some experiments on random problem instances are also performed to validate the theory.",
          "main_review": "The paper is well-written and easy to understand. Although I find the theoretical results quite simple, I like very much the whole formalization that provides a clear framework for describing which situations Markov rewards could be sufficient or not to express some tasks. I think this provides a good initial formal answer to the vaguely formulated reward hypothesis. \n\nThe paper could have been strengthened by also considering conditions in SOAP, PO, or TO under which Markov rewards are sufficient. However, I believe this initial work could lead to further work, which could either refine the current results or consider more sophisticated definitions of tasks.\n\nMinor comments:\n- line 70: import\n- line 225: then\n- line 273: I think this sentence doesn't apply to PO.\n- line 274: polices\n- line 342: the there",
          "limitations_and_societal_impact": "No discussion is needed since this work is more fundamental.",
          "needs_ethics_review": "No",
          "ethics_review_area": [],
          "time_spent_reviewing": "4",
          "code_of_conduct": "While performing my duties as a reviewer (including writing reviews and participating in discussions), I have and will continue to abide by the NeurIPS code of conduct."
        },
        "signatures": [
          "NeurIPS.cc/2021/Conference/Paper1287/Reviewer_jEvD"
        ],
        "readers": [
          "everyone"
        ],
        "nonreaders": [],
        "writers": [
          "NeurIPS.cc/2021/Conference",
          "NeurIPS.cc/2021/Conference/Paper1287/Reviewer_jEvD"
        ]
      },
      {
        "id": "NXxaNNzo4M",
        "original": null,
        "number": 1,
        "cdate": 1628509653126,
        "mdate": null,
        "ddate": null,
        "tcdate": 1628509653126,
        "tmdate": 1628509653126,
        "tddate": null,
        "forum": "9DlCh34E1bN",
        "replyto": "DofPZ5mkr9E",
        "invitation": "NeurIPS.cc/2021/Conference/Paper1287/-/Official_Comment",
        "content": {
          "title": "Reply to Reviewer jEvD",
          "comment": "We thank the reviewer for their thoughtful comments! Your suggestions (labeled \"Minor comments:\") will be incorporated into the camera ready. Additionally, we agree with the suggestion to think carefully about identifying the conditions on SOAP/PO/TO that ensure Markov rewards are sufficient, and believe this is a great direction for further study."
        },
        "signatures": [
          "NeurIPS.cc/2021/Conference/Paper1287/Authors"
        ],
        "readers": [
          "everyone"
        ],
        "nonreaders": [],
        "writers": [
          "NeurIPS.cc/2021/Conference",
          "NeurIPS.cc/2021/Conference/Paper1287/Authors"
        ]
      },
      {
        "id": "3HpYF701qIG",
        "original": null,
        "number": 2,
        "cdate": 1628510273163,
        "mdate": null,
        "ddate": null,
        "tcdate": 1628510273163,
        "tmdate": 1628592371124,
        "tddate": null,
        "forum": "9DlCh34E1bN",
        "replyto": "Fm7h7sRnU_Y",
        "invitation": "NeurIPS.cc/2021/Conference/Paper1287/-/Official_Comment",
        "content": {
          "title": "Reply to Reviewer 8XHY",
          "comment": "We thank the reviewer for their time and thoughtful comments!\n\nTo respond to each point in turn:\n- We will add a cleaner introduction of the two SOAP types, and include a definition of epsilon-optimality to add further clarity (along with an example, as was also suggested by another reviewer).\n- We agree that SOAPs are a limited task type due to their extensional nature (that is, requiring enumeration of good policies). We are interested in performing a similar study on more general task types, and believe this is a great direction for future work. We thank the reviewer for their suggestion to connect to Manna and Pnueli's task hierarchy, and believe this further study on the formal semantics of tasks and their relationship to RL tasks could be a fruitful direction for study. \n- Regarding functional task descriptions; This point resonates with us as well; it is likely useful to carefully isolate the conditions on SOAP/PO/TO that ensure Markov rewards are sufficient (as suggested by another reviewer, too). These particular subsets of SOAPs/POs/TOs might be of interest on their own. We believe this is another useful direction for future work\n"
        },
        "signatures": [
          "NeurIPS.cc/2021/Conference/Paper1287/Authors"
        ],
        "readers": [
          "everyone"
        ],
        "nonreaders": [],
        "writers": [
          "NeurIPS.cc/2021/Conference",
          "NeurIPS.cc/2021/Conference/Paper1287/Authors"
        ]
      },
      {
        "id": "778cq7LZTi3",
        "original": null,
        "number": 3,
        "cdate": 1628511328230,
        "mdate": null,
        "ddate": null,
        "tcdate": 1628511328230,
        "tmdate": 1628511328230,
        "tddate": null,
        "forum": "9DlCh34E1bN",
        "replyto": "Yg_w7jIkg4b",
        "invitation": "NeurIPS.cc/2021/Conference/Paper1287/-/Official_Comment",
        "content": {
          "title": "Reply to Reviewer JLWp",
          "comment": "We would like to thank the reviewer for their time and thoughtful comments! \n\nWe will incorporate the suggestions provided. To respond to each question in turn:\n- Yes, we believe that potential-based shaping should preserve policy ordering, though the main result of Ng/Harada/Russell only shows that potential-based shaping preserves the optimal policy set.\n- Regarding “better” SOAP: We will plan to include a clear & concrete example in the camera ready.\n- On the question, “What does it mean for a reward-function family to have infinitely many outputs?”: This is a great point, and we should definitely include this information in the main text (and we will be sure to include it in the camera ready). We use this phrase to refer to any set of reward functions for which all reward functions in the set have a codomain with cardinality greater than or equal to the natural numbers. We will add text clarifying.\n"
        },
        "signatures": [
          "NeurIPS.cc/2021/Conference/Paper1287/Authors"
        ],
        "readers": [
          "everyone"
        ],
        "nonreaders": [],
        "writers": [
          "NeurIPS.cc/2021/Conference",
          "NeurIPS.cc/2021/Conference/Paper1287/Authors"
        ]
      },
      {
        "id": "Q9lsrGHwJFF",
        "original": null,
        "number": 4,
        "cdate": 1628511576893,
        "mdate": null,
        "ddate": null,
        "tcdate": 1628511576893,
        "tmdate": 1628511576893,
        "tddate": null,
        "forum": "9DlCh34E1bN",
        "replyto": "qzOhZTazjd",
        "invitation": "NeurIPS.cc/2021/Conference/Paper1287/-/Official_Comment",
        "content": {
          "title": "Reply to Reviewer Qqv1",
          "comment": "We would like to thank the reviewer for their time and thoughtful comments!\n\nWe respond to each point in turn:\n- We agree that an important direction for future work is to study more general notions of task.\n- On the note of $\\epsilon$ in the LP (“Can the authors comment on why this specification-robust reward should be preferable? Would it be fundamentally easier to solve the problem for any reward that satisfies the constraints?”): This is a really great question. If we do not explicitly maximize epsilon, then we cannot express strict inequalities in constraints of the LP. For instance, if we want to find a reward function that ensures $\\pi_1$ is strictly higher in start-state value than $\\pi_2$, as is the case for SOAPs, then we need to ensure that there is a non-zero gap between their start-state values. We know there is always a degenerate solution in which all policies have the same value ($R(s,a) = 0, \\forall_{s,a}$), and thus maximizing $\\epsilon$ ensures we avoid this degenerate case. The reviewer is correct, however, that there is not a strict reason to prefer a value gap of $0.5$ to $0.1$, but the LP does incentivize larger gaps in value. We might speculate that such a gap induces easier learning dynamics, as it is more immediately apparent as to which policy is better than the other. But, this is just speculation, and we believe this matter is a largely empirical fact that depends on the specifics of the environment and learning-algorithm.\n- On SSPs: this is a really interesting point, and one which we did explore for a time as part of this work. We believe that most SSPs can be translated into a PO, but naturally POs require a different kind of knowledge to construct. By this reasoning, however, we suspect that the SSP formulation cannot provide any additional expressivity to Markov rewards since we believe they will have at best the same expressivity as POs. We have not worked through the formal details, however, so it remains an open question (and one that could be of interest for future work).\n- The convex MDP model is quite interesting; thank you for the suggestion. This could also be a fruitful direction for future work.\n"
        },
        "signatures": [
          "NeurIPS.cc/2021/Conference/Paper1287/Authors"
        ],
        "readers": [
          "everyone"
        ],
        "nonreaders": [],
        "writers": [
          "NeurIPS.cc/2021/Conference",
          "NeurIPS.cc/2021/Conference/Paper1287/Authors"
        ]
      },
      {
        "id": "On20e7Kx5Up",
        "original": null,
        "number": 5,
        "cdate": 1630055133291,
        "mdate": null,
        "ddate": null,
        "tcdate": 1630055133291,
        "tmdate": 1630055133291,
        "tddate": null,
        "forum": "9DlCh34E1bN",
        "replyto": "Q9lsrGHwJFF",
        "invitation": "NeurIPS.cc/2021/Conference/Paper1287/-/Official_Comment",
        "content": {
          "title": "Post-rebuttal comment",
          "comment": "I would like to thank the authors for their detailed replies. They may consider to mention these other future directions in the conclusive section of the paper.\n\nHaving read other reviewers' comments and the replies by the authors, I am even more convinced on the value of this paper. Thus, I will update my score from 7 to 8, and I will stick with my acceptance recommendation."
        },
        "signatures": [
          "NeurIPS.cc/2021/Conference/Paper1287/Reviewer_Qqv1"
        ],
        "readers": [
          "everyone"
        ],
        "nonreaders": [],
        "writers": [
          "NeurIPS.cc/2021/Conference",
          "NeurIPS.cc/2021/Conference/Paper1287/Reviewer_Qqv1"
        ]
      },
      {
        "id": "DY045XT4edv",
        "original": null,
        "number": 7,
        "cdate": 1630434072522,
        "mdate": null,
        "ddate": null,
        "tcdate": 1630434072522,
        "tmdate": 1630434072522,
        "tddate": null,
        "forum": "9DlCh34E1bN",
        "replyto": "3HpYF701qIG",
        "invitation": "NeurIPS.cc/2021/Conference/Paper1287/-/Official_Comment",
        "content": {
          "title": "Post-Response",
          "comment": "Thank you to the authors for your response. As stated in the review, most of my comments were reflections and possible extensions. I am very happy with the draft, apart from minor changes for presentation and clarifications. "
        },
        "signatures": [
          "NeurIPS.cc/2021/Conference/Paper1287/Reviewer_8XHY"
        ],
        "readers": [
          "everyone"
        ],
        "nonreaders": [],
        "writers": [
          "NeurIPS.cc/2021/Conference",
          "NeurIPS.cc/2021/Conference/Paper1287/Reviewer_8XHY"
        ]
      },
      {
        "id": "3q1iwXxAa-",
        "original": null,
        "number": 1,
        "cdate": 1632777155776,
        "mdate": null,
        "ddate": null,
        "tcdate": 1632777155776,
        "tmdate": 1632856066786,
        "tddate": null,
        "forum": "9DlCh34E1bN",
        "replyto": "9DlCh34E1bN",
        "invitation": "NeurIPS.cc/2021/Conference/Paper1287/-/Decision",
        "content": {
          "title": "Paper Decision",
          "decision": "Accept (Oral)",
          "comment": "Reviewers agree that this paper is interesting, relevant, novel, clear, well-written, and technically sound.\nI congratulate the authors for their work and I invite them to modify their paper following the reviewers' suggestions."
        },
        "signatures": [
          "NeurIPS.cc/2021/Conference/Program_Chairs"
        ],
        "readers": [
          "everyone"
        ],
        "nonreaders": [],
        "writers": [
          "NeurIPS.cc/2021/Conference/Program_Chairs"
        ]
      }
    ],
    "directReplies": [
      {
        "id": "Yg_w7jIkg4b",
        "original": null,
        "number": 1,
        "cdate": 1624738847343,
        "mdate": null,
        "ddate": null,
        "tcdate": 1624738847343,
        "tmdate": 1629936239100,
        "tddate": null,
        "forum": "9DlCh34E1bN",
        "replyto": "9DlCh34E1bN",
        "invitation": "NeurIPS.cc/2021/Conference/Paper1287/-/Official_Review",
        "content": {
          "rating": "8: Top 50% of accepted NeurIPS papers, clear accept",
          "confidence": "4: You are confident in your assessment, but not absolutely certain. It is unlikely, but not impossible, that you did not understand some parts of the submission or that you are unfamiliar with some pieces of related work.",
          "summary": "The authors consider the problem of expressing a __task__ via a reward function and discount rate. They show that for various formalizations of what a 'task' is, there exist reward functions which cannot express that task. The authors present an efficient algorithm for deciding the expressibility of a task, and for designing such a reward function. They study certain properties of how many tasks are expressible in a given environment, and demonstrate how their approach can accelerate learning. ",
          "main_review": "This paper is well-written, addresses an important problem which has not been formally studied to-date, and presents strong technical results. I found it very clear and well-motivated, and expect it to inspire important future work. \n\nHere are some minor comments and questions:\n\n* 63: prefix 'behavioral policies' with 'deterministic'?\n* 70: 'import' -> 'important'\n* 144-147: I found the sentence structure ambiguous; it was unclear what ,\"no matter which...\" was modifying.\n* 177-178: identifying reward functions with shared optimal policy sets seems strong. Perhaps weaken the wording? Also, does reward shaping preserve the return-based ordering over policies - not just the optimal policy sets?\n* I found \"better\" SOAP confusing (195-196). Can you give a more concrete example in camera-ready?\n* What does it mean for a reward-function family to have infinitely many outputs? (I haven't checked appendix, but this should be clear in the main paper)\n\nPOST-REBUTTAL: I thank the authors for their clarifications. My score remains unchanged: clear accept.",
          "limitations_and_societal_impact": "No / N/A",
          "needs_ethics_review": "No",
          "ethics_review_area": [],
          "time_spent_reviewing": "2.5",
          "code_of_conduct": "While performing my duties as a reviewer (including writing reviews and participating in discussions), I have and will continue to abide by the NeurIPS code of conduct."
        },
        "signatures": [
          "NeurIPS.cc/2021/Conference/Paper1287/Reviewer_JLWp"
        ],
        "readers": [
          "everyone"
        ],
        "nonreaders": [],
        "writers": [
          "NeurIPS.cc/2021/Conference",
          "NeurIPS.cc/2021/Conference/Paper1287/Reviewer_JLWp"
        ]
      },
      {
        "id": "qzOhZTazjd",
        "original": null,
        "number": 2,
        "cdate": 1625734764329,
        "mdate": null,
        "ddate": null,
        "tcdate": 1625734764329,
        "tmdate": 1630055220211,
        "tddate": null,
        "forum": "9DlCh34E1bN",
        "replyto": "9DlCh34E1bN",
        "invitation": "NeurIPS.cc/2021/Conference/Paper1287/-/Official_Review",
        "content": {
          "rating": "8: Top 50% of accepted NeurIPS papers, clear accept",
          "confidence": "3: You are fairly confident in your assessment. It is possible that you did not understand some parts of the submission or that you are unfamiliar with some pieces of related work. Math/other details were not carefully checked.",
          "summary": "This paper studies the ability of Markovian reward functions to represent tasks defined as a set of acceptable policies, partial ordering over policies, partial ordering over trajectories. It first provides a negative result showing that some tasks cannot be specified through a Markovian reward in some environments. Then, it designs a set of linear programs to simultaneously check if a specific task can be encoded into a Markovian reward and to compute such reward. The paper includes an empirical evaluation in a simple domain.",
          "main_review": "Post-rebuttal\n\nHaving read the rebuttal and other reviews, I am updating my evaluation from 7 to 8.\n\n---\n\nThis work is very interesting, it tackles a relevant question on the expressive power of Markovian rewards with clarity and completeness. The main results on the limitation of Markovian rewards fit nicely with the findings of recent works (e.g., Silver et al., Reward is enough, 2021), which conjecture that non-Markovianity is crucial for the expressivity of rewards. The contributions on reward design, binary rewards, and multiple environments look solid and valuable as well, whereas the proofs are carried out with novel arguments.\nI do not have any major concern about this paper, and I suggest accepting it.\nI provide below some detailed comments.\n\nDETAILED COMMENTS\n\n- I think that the main limitation of this work lies in the answers of the task-definition question (TaskQ, or \"What is a task?\"), which are somewhat arbitrary. However, the selected task specifications are reasonable, and they are general enough to cover a large portion (if not all) of the objectives that are considered in the RL literature.\n\n- The reward design methods seek for the valid reward function that maximizes epsilon, which takes slightly different meaning in the three formulations, but always acts as a slack variable on the constraints satisfaction.\nCan the authors comment on why this specification-robust reward should be preferable? Would it be fundamentally easier to solve the problem for any reward that satisfies the constraints?\n\n- From the informal definition of task provided between lines 162-165 arises quite naturally the dueling cost-minimization and goal-reaching objectives of the stochastic shortest path (SSP) problem formulation (Bertsekas and Tsitsiklis, An analysis of stochastic shortest path problems, 1991).\nDo the authors think that the SSP-MDP model could increase the expressivity of Markov reward (cost) w.r.t. the standard MDP model?\n\n- Another interesting direction for future works may study the expressivity of the convex MDP model (see, Zhang et al., Variational policy gradient method for reinforcement learning with general utilities, 2020; Zahavy et al., Reward is enough for convex MDPs, 2021), which allows to specify the objective as any convex function of the expected state visitations rather than a linear combination.",
          "limitations_and_societal_impact": "The limitations and scope of the work are well-discussed in the text.",
          "needs_ethics_review": "No",
          "ethics_review_area": [],
          "time_spent_reviewing": "6",
          "code_of_conduct": "While performing my duties as a reviewer (including writing reviews and participating in discussions), I have and will continue to abide by the NeurIPS code of conduct."
        },
        "signatures": [
          "NeurIPS.cc/2021/Conference/Paper1287/Reviewer_Qqv1"
        ],
        "readers": [
          "everyone"
        ],
        "nonreaders": [],
        "writers": [
          "NeurIPS.cc/2021/Conference",
          "NeurIPS.cc/2021/Conference/Paper1287/Reviewer_Qqv1"
        ]
      },
      {
        "id": "Fm7h7sRnU_Y",
        "original": null,
        "number": 3,
        "cdate": 1626304115542,
        "mdate": null,
        "ddate": null,
        "tcdate": 1626304115542,
        "tmdate": 1626304115542,
        "tddate": null,
        "forum": "9DlCh34E1bN",
        "replyto": "9DlCh34E1bN",
        "invitation": "NeurIPS.cc/2021/Conference/Paper1287/-/Official_Review",
        "content": {
          "rating": "8: Top 50% of accepted NeurIPS papers, clear accept",
          "confidence": "3: You are fairly confident in your assessment. It is possible that you did not understand some parts of the submission or that you are unfamiliar with some pieces of related work. Math/other details were not carefully checked.",
          "summary": "- An exploration and a concrete answer to the question of what is a task, and a critical examination of the reward hypothesis. The approach that this paper proposes is to define a set of all possible tasks in a Controlled Markov Process (CMP), and then ask the question, does there exist a Markov reward that realizes the given task.\n\n- The paper provides answers the above question in the negative through a counter-example. In summary, the authors provide three modes of expressing the task intent: set of accetable policies (SOAP), partial ordering over policies (PO), partial ordering over trajectories (TO). The key result is that there are tasks defined as per all three methods that are not realizable as a Markov reward optimization problem\n\n- The authors finally propose a linear-programming based polynomial time reward design algorithm that generates a Markov reward for the SOAP task specification and returns Null if such a reward does not exist. ",
          "main_review": "**Overall:** This is an important submission and I strongly recommend acceptance. It tackles a fundamental question about RL, task expressivity and rewards, and proposes an important negative result, namely, even in Markov domains with task specifications defined by a set of acceptable Markov policies, there are certain tasks that cannot be represented through reward maximization paradigm.\n\n**Comments:**\n\n- Difference between 'better' and 'equal-or-better' SOAP definition: I found the definition a bit hard to follow. Specifically, a mathematical definition of  $\\epsilon$-optimal would go a long way in clearing this. I believe this distinction might be important for future analysis, considering the gap between the expressible tasks (Figure 3)\n\n- SOAP definition of tasks: A key drawback of this analysis seems to be the way of defining tasks. The SOAP framework necessitates explicit enumeration of all acceptable policies, and often this set is defined implicitly. Therefore the result that given as task and a CMP environment, reward design is a polynomial-time problem is weakened by the need to explicitly enumerate the acceptable policies. Thus the bottleneck very well might be the problem of enumerating acceptable policies and not that of designing a reward that realizes the task\n\n- Relationship between paradigms of task representation: The authors identify non-Markov tasks as out of the scope of this analysis. But I would be very curious to apply this paradigm to Manna and Pnueli's hierarchy of tasks [1], or even to the POMDP tasks. \n\n- Functional Task descriptions: SOAP, PO and TO are very general descriptions of task definitions, but task descriptions from a functional standpoint represent completion of goals or description of path constraints. While the definitions are general enough to capture all possible tasks, the set of 'practical' tasks might be a smaller subset of these, and Markov rewards might represent a larger fraction of these tasks. \n\nI believe this paper adds valuable insight to the discussion on the reward hypothesis, and warrants acceptance. My comments above are reflections on possible extensions of the work, and not a major criticism of the work as presented. I strongly believe that RL research has not concentrated enough on the source and scope of the reward functions in selecting benchmark domains with well known reward functions, and this represents an important initial step.\n\n\n\n ",
          "limitations_and_societal_impact": "NA",
          "ethical_concerns": "NA",
          "needs_ethics_review": "No",
          "ethics_review_area": [],
          "time_spent_reviewing": "8",
          "code_of_conduct": "While performing my duties as a reviewer (including writing reviews and participating in discussions), I have and will continue to abide by the NeurIPS code of conduct."
        },
        "signatures": [
          "NeurIPS.cc/2021/Conference/Paper1287/Reviewer_8XHY"
        ],
        "readers": [
          "everyone"
        ],
        "nonreaders": [],
        "writers": [
          "NeurIPS.cc/2021/Conference",
          "NeurIPS.cc/2021/Conference/Paper1287/Reviewer_8XHY"
        ]
      },
      {
        "id": "DofPZ5mkr9E",
        "original": null,
        "number": 4,
        "cdate": 1626437878071,
        "mdate": null,
        "ddate": null,
        "tcdate": 1626437878071,
        "tmdate": 1626437878071,
        "tddate": null,
        "forum": "9DlCh34E1bN",
        "replyto": "9DlCh34E1bN",
        "invitation": "NeurIPS.cc/2021/Conference/Paper1287/-/Official_Review",
        "content": {
          "rating": "7: Good paper, accept",
          "confidence": "4: You are confident in your assessment, but not absolutely certain. It is unlikely, but not impossible, that you did not understand some parts of the submission or that you are unfamiliar with some pieces of related work.",
          "summary": "In the reinforcement learning context, the paper proposes three possible definitions for the notion of task, as a set of acceptable policies (SOAP), a partial ordering over policies (PO), or a partial ordering over trajectories (TO). For each definition, the authors show that there exists a task and a controlled Markov process for which there is no reward function that can express that task. Furthermore, the authors notably provide a polynomial algorithm based on linear programming to find such reward function if it exists. Some experiments on random problem instances are also performed to validate the theory.",
          "main_review": "The paper is well-written and easy to understand. Although I find the theoretical results quite simple, I like very much the whole formalization that provides a clear framework for describing which situations Markov rewards could be sufficient or not to express some tasks. I think this provides a good initial formal answer to the vaguely formulated reward hypothesis. \n\nThe paper could have been strengthened by also considering conditions in SOAP, PO, or TO under which Markov rewards are sufficient. However, I believe this initial work could lead to further work, which could either refine the current results or consider more sophisticated definitions of tasks.\n\nMinor comments:\n- line 70: import\n- line 225: then\n- line 273: I think this sentence doesn't apply to PO.\n- line 274: polices\n- line 342: the there",
          "limitations_and_societal_impact": "No discussion is needed since this work is more fundamental.",
          "needs_ethics_review": "No",
          "ethics_review_area": [],
          "time_spent_reviewing": "4",
          "code_of_conduct": "While performing my duties as a reviewer (including writing reviews and participating in discussions), I have and will continue to abide by the NeurIPS code of conduct."
        },
        "signatures": [
          "NeurIPS.cc/2021/Conference/Paper1287/Reviewer_jEvD"
        ],
        "readers": [
          "everyone"
        ],
        "nonreaders": [],
        "writers": [
          "NeurIPS.cc/2021/Conference",
          "NeurIPS.cc/2021/Conference/Paper1287/Reviewer_jEvD"
        ]
      },
      {
        "id": "3q1iwXxAa-",
        "original": null,
        "number": 1,
        "cdate": 1632777155776,
        "mdate": null,
        "ddate": null,
        "tcdate": 1632777155776,
        "tmdate": 1632856066786,
        "tddate": null,
        "forum": "9DlCh34E1bN",
        "replyto": "9DlCh34E1bN",
        "invitation": "NeurIPS.cc/2021/Conference/Paper1287/-/Decision",
        "content": {
          "title": "Paper Decision",
          "decision": "Accept (Oral)",
          "comment": "Reviewers agree that this paper is interesting, relevant, novel, clear, well-written, and technically sound.\nI congratulate the authors for their work and I invite them to modify their paper following the reviewers' suggestions."
        },
        "signatures": [
          "NeurIPS.cc/2021/Conference/Program_Chairs"
        ],
        "readers": [
          "everyone"
        ],
        "nonreaders": [],
        "writers": [
          "NeurIPS.cc/2021/Conference/Program_Chairs"
        ]
      }
    ]
  }
}