{
  "id": "kwN2xvZ2XZ9",
  "original": "kMmS01qdtz",
  "number": 40,
  "cdate": 1621629676567,
  "mdate": null,
  "ddate": null,
  "tcdate": 1623677877009,
  "tmdate": 1683307516987,
  "tddate": null,
  "forum": "kwN2xvZ2XZ9",
  "replyto": null,
  "invitation": "NeurIPS.cc/2021/Conference/-/Blind_Submission",
  "content": {
    "title": "Learning Frequency Domain Approximation for Binary Neural Networks",
    "authorids": [
      "~Yixing_Xu2",
      "~Kai_Han2",
      "~Chang_Xu4",
      "~Yehui_Tang1",
      "~Chunjing_Xu1",
      "~Yunhe_Wang1"
    ],
    "authors": [
      "Yixing Xu",
      "Kai Han",
      "Chang Xu",
      "Yehui Tang",
      "Chunjing Xu",
      "Yunhe Wang"
    ],
    "keywords": [
      "binary neural network",
      "frequency domain approximation",
      "fourier series",
      "noise"
    ],
    "TL;DR": "Using sine module and noise adaptation module to approximate sign function in BNN.",
    "abstract": "Binary neural networks (BNNs) represent original full-precision weights and activations into 1-bit with sign function. Since the gradient of the conventional sign function is almost zero everywhere which cannot be used for back-propagation, several attempts have been proposed to alleviate the optimization difficulty by using approximate gradient. However, those approximations corrupt the main direction of factual gradient. To this end, we propose to estimate the gradient of sign function in the Fourier frequency domain using the combination of sine functions for training BNNs, namely frequency domain approximation (FDA). The proposed approach does not affect the low-frequency information of the original sign function which occupies most of the overall energy, and high-frequency coefficients will be ignored to avoid the huge computational overhead. In addition, we embed a noise adaptation module into the training phase to compensate the approximation error. The experiments on several benchmark datasets and neural architectures illustrate that the binary network learned using our method achieves the state-of-the-art accuracy. Code will be available at https://gitee.com/mindspore/models/tree/master/research/cv/FDA-BNN.",
    "pdf": "/pdf/f5135d3e420519d972d3b45e686042b4e02d82f9.pdf",
    "submission_history": "",
    "checklist": "",
    "code_of_conduct": "I certify that all co-authors of this work have read and commit to adhering to the NeurIPS Statement on Ethics, Fairness, Inclusivity, and Code of Conduct.",
    "paperhash": "xu|learning_frequency_domain_approximation_for_binary_neural_networks",
    "thumbnail": "",
    "submission_history_-_venue_and_year": "",
    "submission_history_-_improvements_made": "",
    "_bibtex": "@inproceedings{\nxu2021learning,\ntitle={Learning Frequency Domain Approximation for Binary Neural Networks},\nauthor={Yixing Xu and Kai Han and Chang Xu and Yehui Tang and Chunjing Xu and Yunhe Wang},\nbooktitle={Advances in Neural Information Processing Systems},\neditor={A. Beygelzimer and Y. Dauphin and P. Liang and J. Wortman Vaughan},\nyear={2021},\nurl={https://openreview.net/forum?id=kwN2xvZ2XZ9}\n}",
    "venue": "NeurIPS 2021 Oral",
    "venueid": "NeurIPS.cc/2021/Conference"
  },
  "signatures": [
    "NeurIPS.cc/2021/Conference"
  ],
  "readers": [
    "everyone"
  ],
  "nonreaders": [],
  "writers": [
    "NeurIPS.cc/2021/Conference"
  ],
  "tauthor": "OpenReview.net",
  "pdate": 1636492682108,
  "odate": 1636492682060,
  "details": {
    "overwriting": [],
    "tags": [],
    "writable": false,
    "replyCount": 7,
    "directReplyCount": 4,
    "revisions": true,
    "replies": [
      {
        "id": "qacr7Ix3GMt",
        "original": null,
        "number": 1,
        "cdate": 1626172070302,
        "mdate": null,
        "ddate": null,
        "tcdate": 1626172070302,
        "tmdate": 1627353000549,
        "tddate": null,
        "forum": "kwN2xvZ2XZ9",
        "replyto": "kwN2xvZ2XZ9",
        "invitation": "NeurIPS.cc/2021/Conference/Paper40/-/Official_Review",
        "content": {
          "rating": "8: Top 50% of accepted NeurIPS papers, clear accept",
          "confidence": "4: You are confident in your assessment, but not absolutely certain. It is unlikely, but not impossible, that you did not understand some parts of the submission or that you are unfamiliar with some pieces of related work.",
          "summary": "The authors propose an interesting strategy to train binary neural networks. First, the gradient of sign function is approximated by its series decomposition, i.e., the sign function is decomposed to a series of sine functions. A noise adaptation module is designed to modify the approximated gradient. The experiments conducted on CIFAR-10 and ImageNet datasets with different models show an obvious improvement compared to the baseline methods.",
          "main_review": "Basically I think the paper bears some merits as follows:\n1. This paper uses the gradient of sine series as the proxy to update the binary neural networks, which bypass the problem of calculating gradients accurately. I appreciate this exploration, as in my mind how to train binary neural networks is still an open challenge as the gradient of sign function cannot be calculated directly.\n\n2. The devised modification module avoids stacking too many sine series and makes the training more stable.  \n\n3. Experimental results are strong. Ablation studies also validate the effectiveness of the proposed method.\n\n\nConcerns:\n1. The noise adaptation module is designed with two FC layers. Is it the optimal formulation? It is interesting to further discuss how to design effective noise adaptation module.\n\n2. The performance in Fig. 3 and Fig. 4 converges very fast with a small number $n$. Is this an ablation study with or without noise module? If without the noise module, why does an inaccurate approximation still results in a good performance? If the ablation study is conducted with the noise module, what will happen to n when removing the noise module? Will you need a larger n to make the performance saturate?\n\n3. I admit that the improvement over the baseline is large. However, a relatively weak baseline is used in the experiments. I would like to see what the improvement is over the state-of-the-art stronger baseline such as ReactNet [1].\n\n[1] ReActNet: Towards Precise Binary Neural Network with Generalized Activation Functions. ECCV, 2020.\n\nOverall the paper is clear and well motivated, I would suggest a clear accept if my above concerns can be effectively addressed and clarified by the authors.",
          "limitations_and_societal_impact": "None.",
          "needs_ethics_review": "No",
          "ethics_review_area": [],
          "time_spent_reviewing": "4",
          "code_of_conduct": "While performing my duties as a reviewer (including writing reviews and participating in discussions), I have and will continue to abide by the NeurIPS code of conduct."
        },
        "signatures": [
          "NeurIPS.cc/2021/Conference/Paper40/Reviewer_oCAy"
        ],
        "readers": [
          "everyone"
        ],
        "nonreaders": [],
        "writers": [
          "NeurIPS.cc/2021/Conference",
          "NeurIPS.cc/2021/Conference/Paper40/Reviewer_oCAy"
        ]
      },
      {
        "id": "QAL97Ljhi_f",
        "original": null,
        "number": 2,
        "cdate": 1626181214345,
        "mdate": null,
        "ddate": null,
        "tcdate": 1626181214345,
        "tmdate": 1630118061627,
        "tddate": null,
        "forum": "kwN2xvZ2XZ9",
        "replyto": "kwN2xvZ2XZ9",
        "invitation": "NeurIPS.cc/2021/Conference/Paper40/-/Official_Review",
        "content": {
          "rating": "7: Good paper, accept",
          "confidence": "5: You are absolutely certain about your assessment. You are very familiar with the related work and checked the math/other details carefully.",
          "summary": "This paper proposes an interesting training strategy to train binary neural networks. The gradient of the non-differentiable sign function is approximated by the sine series. Besides, in order to prevent using infinite sine series to accurately approximate sign function, a noise adaptation module is further introduced. Extensive experiments on CIFAR-10 and ImageNet are conducted to validate the effectiveness of the proposed method.",
          "main_review": "Strength:\n\n+ Approximating a function by series decomposition is reasonable and has strong theoretical guarantee. It is interesting to apply series decomposition to train the binary neural networks.\n\n+ To reduce the gap between the real gradient and the approximate gradient, a modification module is further proposed. This module can improve the approximation precision to make the training robust. Ablation study also verifies the effectiveness of this module.\n\n+Extensive experiments on multiple datasets validate that the proposed method can improve the performance of the trained binary neural networks.\n\nWeaknesses:\n\n- I am a little confused about Fig.1, it seems that all of the three approximation functions can approach sign function when the corresponding parameters go to infinity. How do you judge which approximation function is better?\n- In Eq.7, the sign function is equal to the square wave only when |t|<T. Then how do you deal with those input that is larger than T?\n\n- The number of series seems to be a critical hyper-parameter. How to determine it?\n\n- How do you decrease \\alpha in Eq.14 during training?\n\n- In STE estimation function the input is clipped to [-1,1], is the same clip used in this method?\n\n-------------------------------------after post-rebuttal------------------------------------\nMy concerns are well addressed in the authors' rebuttal. So I will keep my original score of 7.  ",
          "limitations_and_societal_impact": "Dealing with input that is out of the range and the way of determining the hyper-parameters are my major concerns.",
          "needs_ethics_review": "No",
          "ethics_review_area": [],
          "time_spent_reviewing": "4 hours",
          "code_of_conduct": "While performing my duties as a reviewer (including writing reviews and participating in discussions), I have and will continue to abide by the NeurIPS code of conduct."
        },
        "signatures": [
          "NeurIPS.cc/2021/Conference/Paper40/Reviewer_KUr5"
        ],
        "readers": [
          "everyone"
        ],
        "nonreaders": [],
        "writers": [
          "NeurIPS.cc/2021/Conference",
          "NeurIPS.cc/2021/Conference/Paper40/Reviewer_KUr5"
        ]
      },
      {
        "id": "tYArAdA8Wr",
        "original": null,
        "number": 3,
        "cdate": 1626339359289,
        "mdate": null,
        "ddate": null,
        "tcdate": 1626339359289,
        "tmdate": 1631257813704,
        "tddate": null,
        "forum": "kwN2xvZ2XZ9",
        "replyto": "kwN2xvZ2XZ9",
        "invitation": "NeurIPS.cc/2021/Conference/Paper40/-/Official_Review",
        "content": {
          "rating": "6: Marginally above the acceptance threshold",
          "confidence": "4: You are confident in your assessment, but not absolutely certain. It is unlikely, but not impossible, that you did not understand some parts of the submission or that you are unfamiliar with some pieces of related work.",
          "summary": "This paper introduces Fourier frequency domain to solve the gradient of sign function’s estimation problem in BNN, and uses noise adaptation module to compensate the approximation error. The experiments show promising improvement. It is a good work in both theoretical and experimental perspectives.",
          "main_review": "The method based on Fourier Series to approximate the gradient of sign function is novel. Extensive experiments on image classification task show the effective of this paper’s methods. In addition, this paper proposed a noise adaptation module into the training phase which can refine the gradient effectively.\n\nIntroducing the noise adaptation module to estimate the gradient more accurately  sounds okay. The module is only used in training stage and discarded during inference, which is achieved by controlling the hyper-parameter \\alpha in Eq.14 and gradually decrease it to zero, which is simple and clever.\n\nThe experiments on typical BNNs including VGG, AlexNet and ResNet have demonstrate the effectiveness of the proposed method.\n",
          "limitations_and_societal_impact": "STE based on Taylor expansion, this paper’s method based on Fourier Series, what is the necessity to use FS to estimate the gradient of sign function?\n\nIn line 168, you mentioned SGD, however in line 284 you said you use Adam optimizer. I s there any problem in learning rate adaptation or others?\n\nIn Equation 15, you use an MLP with two fully-connected layers with relu as the noise adaptation module. Will the performance be better if you use a more complicate DNN module?\n\nA recently approach [Lin2020] proposed another approximation function for BNN, is that a comparable approximation compared to sine series?\n\nIs the BN applied to the noise module?\n\n\n",
          "needs_ethics_review": "No",
          "ethics_review_area": [
            "I don’t know"
          ],
          "time_spent_reviewing": "10",
          "code_of_conduct": "While performing my duties as a reviewer (including writing reviews and participating in discussions), I have and will continue to abide by the NeurIPS code of conduct."
        },
        "signatures": [
          "NeurIPS.cc/2021/Conference/Paper40/Reviewer_FCVA"
        ],
        "readers": [
          "everyone"
        ],
        "nonreaders": [],
        "writers": [
          "NeurIPS.cc/2021/Conference",
          "NeurIPS.cc/2021/Conference/Paper40/Reviewer_FCVA"
        ]
      },
      {
        "id": "ejmfxmKrZ7r",
        "original": null,
        "number": 1,
        "cdate": 1628047756375,
        "mdate": null,
        "ddate": null,
        "tcdate": 1628047756375,
        "tmdate": 1628490572285,
        "tddate": null,
        "forum": "kwN2xvZ2XZ9",
        "replyto": "tYArAdA8Wr",
        "invitation": "NeurIPS.cc/2021/Conference/Paper40/-/Official_Comment",
        "content": {
          "title": "To Reviewer FCVA",
          "comment": " Thanks for your constructive comments and support.\n\nQ1: STE based on Taylor expansion, this paper’s method based on Fourier Series, what is the necessity to use FS to estimate the gradient of sign function?\n\nA1: STE is based on low-order Taylor expansion, since it is difficult to compute the high-order derivatives of the sign function. Thus, the sum of low order Taylor series will differ from the sign function, which makes the estimation imprecise. In our paper, estimating sign function with Fourier Series has been proved to converge to sign function when using infinite number of FS terms. Besides, using finite low-order FS terms can retain the most of the energy of the original function in frequency domain, which is a good property to maintain the main direction of the gradient.\n\nQ2: In line 168, you mentioned SGD, however in line 284 you said you use Adam optimizer. I s there any problem in learning rate adaptation or others?\n\nA2: Sorry for the misleading in line 168. The analysis around line 168 is not relevant to the optimizer. The keypoint of the analysis is that when the initialization of the weight of noise adaptation module matches the distribution of the error $r(t)$ in Eq.12, the initial output will be unbiased and the learning process will approach the final goal as long as we use gradient descent based optimization methods. In fact, Adam can be seen as an adaptive version of stochastic gradient descent. Thus both SGD and Adam are suitable to optimize the network. This will be fixed in the final version.\n\nQ3: In Equation 15, you use an MLP with two fully-connected layers with relu as the noise adaptation module. Will the performance be better if you use a more complicate DNN module?\n\nA3: It is flexible to design the architecture of noise adaptation module. A complicate DNN module may improve the ability of fitting the error $r(t)$ while increasing the training time as well. In fact, a two layer MLP is enough to derive a BNN with good performance. The experimental results using ResNet20 on CIFAR-10 dataset are shown below:\n\n|number of MLP layers| acc(%)|\n|-|-|\n|2| 86.20|\n|3| 86.24|\n|4| 86.25|\n|5| 86.24|\n\nThis will be added in the final version of the paper.\n\nQ4: A recently approach [Lin2020] proposed another approximation function for BNN, is that a comparable approximation compared to sine series?\n\nA4: I guess it is the [Rotated Binary Neural Network] you are talking about. The approximation function in this paper is somewhat similar to tanh function and signswish function that estimate the sign function in the time domain. However, our FS estimates the sign function in the frequency domain, which means that most of the energy of the original function can be retained when using finite FS terms and it is helpful to maintain the main direction of the gradient. The results of RBNN and the proposed method using ResNet-18 on ImageNet dataset are shown below:\n\n|model| Top1 acc(%)| Top5 acc(%)|\n|-|-|-|\n|RBNN| 59.9| 81.9|\n|ours| 60.2| 82.3|\n\nWe’ll include the discussion in the updated version.\n\nQ5: Is the BN applied to the noise module?\n\nA5: The noise adaptation module uses two fully connected layers with ReLU function, and there is no BN applied to the module.\n"
        },
        "signatures": [
          "NeurIPS.cc/2021/Conference/Paper40/Authors"
        ],
        "readers": [
          "everyone"
        ],
        "nonreaders": [],
        "writers": [
          "NeurIPS.cc/2021/Conference",
          "NeurIPS.cc/2021/Conference/Paper40/Authors"
        ]
      },
      {
        "id": "Sz-0h3_gQGHz",
        "original": null,
        "number": 2,
        "cdate": 1628060439234,
        "mdate": null,
        "ddate": null,
        "tcdate": 1628060439234,
        "tmdate": 1628490893296,
        "tddate": null,
        "forum": "kwN2xvZ2XZ9",
        "replyto": "QAL97Ljhi_f",
        "invitation": "NeurIPS.cc/2021/Conference/Paper40/-/Official_Comment",
        "content": {
          "title": "To Reviewer KUr5",
          "comment": " Thanks for your constructive comments and support.\n\nQ1: I am a little confused about Fig.1, it seems that all of the three approximation functions can approach sign function when the corresponding parameters go to infinity. How do you judge which approximation function is better?\n\nA1: Indeed, Tanh function in Fig.1(c) and SignSwish function in Fig.1(d) converge to sign function when the parameters go to infinity. However, they all estimate sign function in the original spatial domain. This will raise problem that the approximation function may corrupt the direction of original gradient when using finite corresponding parameters which is mostly the cases in reality.  However, in our method the Fourier Series estimate sign function in the frequency domain, which maintain the original low-frequency coefficients that occupy most of the energy and dose not affect the corresponding low-frequency domain information of the original sign function. Thus, the main direction of the corresponding gradient w.r.t. the original sign function can be more accurately maintained.\n\nQ2: In Eq.7, the sign function is equal to the square wave only when |t|<T. Then how do you deal with those input that is larger than T?\n\nA2: The input is clipped to [-1, 1] as the other BNN methods do. And then we set the hyper-parameter $\\omega$ in Eq.6 to ensure that the range of the clipped input is smaller than T. Note that $\\omega=2\\pi / T$ as shown in Line 107. Then, all the value of the input will be smaller than T.\n\nQ3: The number of series seems to be a critical hyper-parameter. How to determine it?\n\nA3: As the number of series $n$ increases, the estimation function will converge to sign function while at the same time the training time will also increase. Thus, we tend to use a moderate $n$ to train the network. As shown in Fig.3, a moderate $n$ ($n$=9) is enough to derive a converged performance. We experiments on several different ways to determine $n$ in Fig.4, and finally use the way that we start $n$ from a moderate number $n_s$ (e.g. $n_s=9$) and gradually increase it to $n_p=2n_s$.\n\nQ4: How do you decrease $\\alpha$ in Eq.14 during training?\n\nA4: We experiments on several different ways to decrease $\\alpha$ from the initial $\\alpha_0$ to 0 during the experiment, and find that the cosine decay yields the best results. This will be added in the final version of the paper.\n\nQ5: In STE estimation function the input is clipped to [-1,1], is the same clip used in this method?\n\nA5: Yes. In fact the input is clipped to [-1, 1] as most of the BNN methods do.\n"
        },
        "signatures": [
          "NeurIPS.cc/2021/Conference/Paper40/Authors"
        ],
        "readers": [
          "everyone"
        ],
        "nonreaders": [],
        "writers": [
          "NeurIPS.cc/2021/Conference",
          "NeurIPS.cc/2021/Conference/Paper40/Authors"
        ]
      },
      {
        "id": "9CKImDAbx1Dh",
        "original": null,
        "number": 3,
        "cdate": 1628060985864,
        "mdate": null,
        "ddate": null,
        "tcdate": 1628060985864,
        "tmdate": 1628490612001,
        "tddate": null,
        "forum": "kwN2xvZ2XZ9",
        "replyto": "qacr7Ix3GMt",
        "invitation": "NeurIPS.cc/2021/Conference/Paper40/-/Official_Comment",
        "content": {
          "title": "To Reviewer oCAy",
          "comment": " Thanks for your constructive comments and support.\n\nQ1: The noise adaptation module is designed with two FC layers. Is it the optimal formulation? It is interesting to further discuss how to design effective noise adaptation module.\n\nA1: This is a good question and deserve to be further studied. In fact, it is flexible to design the architecture of noise adaptation module and finding the optimal formulation of the architecture remains an open problem and is out of the scope of this paper. Intuitively, a complicate DNN module may improve the ability of fitting the error $r(t)$ while increasing the training time as well. In our experiment, a two layer MLP is enough to derive a BNN with good performance. The experimental results using ResNet20 on CIFAR-10 dataset are shown below:\n\n|number of MLP layers| acc(%)|\n|-|-|\n|2| 86.20|\n|3| 86.24|\n|4| 86.25|\n|5| 86.24|\n\nThis will be added in the final version of the paper.\n\nQ2: The performance in Fig. 3 and Fig. 4 converges very fast with a small number n. Is this an ablation study with or without noise module? If without the noise module, why does an inaccurate approximation still results in a good performance? If the ablation study is conducted with the noise module, what will happen to n when removing the noise module? Will you need a larger n to make the performance saturate?\n\nA2: The results shown in Fig.3 and Fig.4 is conducted with noise module. We conduct the ablation study in Table.2 to verify the effectiveness of the noise adaptation module. When using only sine module, the performance is 85.83 which is worse than using both sine module and noise adaptation module. Also, the number of FS terms $n$ increases to around 20 to make the performance saturate, which means that noise module is helpful for $n$ to converge faster.\n\nQ3: I admit that the improvement over the baseline is large. However, a relatively weak baseline is used in the experiments. I would like to see what the improvement is over the state-of-the-art stronger baseline such as ReactNet [1].\n\nA3: We use the same experimental setting as ReactNet [1] do, and only change the way of computing gradient of sign function with our proposed method. The experimental results of ResNet-18 on ImageNet dataset are shown below:\n\n|model| Top1 acc(%)| Top5 acc(%)|\n|-|-|-|\n|ReactNet| 65.5| 86.1|\n|ours| 66.0| 86.4|\n\nThe results show that we improve the ReactNet top-1 performance by 0.5% and top-5 performance by 0.3%. The experimental results will be added in the final version of the paper.\n"
        },
        "signatures": [
          "NeurIPS.cc/2021/Conference/Paper40/Authors"
        ],
        "readers": [
          "everyone"
        ],
        "nonreaders": [],
        "writers": [
          "NeurIPS.cc/2021/Conference",
          "NeurIPS.cc/2021/Conference/Paper40/Authors"
        ]
      },
      {
        "id": "Rwr_TQnhA4",
        "original": null,
        "number": 1,
        "cdate": 1632838348993,
        "mdate": null,
        "ddate": null,
        "tcdate": 1632838348993,
        "tmdate": 1632838348993,
        "tddate": null,
        "forum": "kwN2xvZ2XZ9",
        "replyto": "kwN2xvZ2XZ9",
        "invitation": "NeurIPS.cc/2021/Conference/Paper40/-/Decision",
        "content": {
          "title": "Paper Decision",
          "decision": "Accept (Oral)",
          "comment": "The paper proposes a new method to approximate the gradient of the sign function in binary neural networks. Specifically, the gradient of the sign function is estimated in the frequency domain using Fourier series with a fixed number of sine functions with different periods. In addition, to further compensate for the approximation error, this paper proposes a noise adaptation module to refine the gradient. The paper is well motivated and well organized. The proposed solution is novel and technically sound and shows promising results on image classification tasks. Reviewers all agreed that the paper has novel ideas and is clearly written.Thus, I am recommending acceptance.\n\nNevertheless, there are some detailed technical concerns raised by reviewers. The authors have addressed most of them in the rebuttal. I suggest the authors carefully revise the manuscript according to the reviewers’ comments. In particular, the following modifications need to be made. 1) add comparison to Lin2020 and REactNet [1]. 2) further justification of the advantage of the Fourier series approximation over the others.\n",
          "consistency_experiment": "NeurIPS has a long history of experimentation. In 2014, NeurIPS ran an experiment in which 10% of submissions were reviewed by two independent committees to quantify the randomness in the review process. This year, we repeated a variant of this experiment to see how the quality of the review process has changed over time.  This paper was part of the experiment and was therefore assigned to two committees (consisting of reviewers, an Area Chair, and a Senior Area Chair) that reached independent decisions.  If both committees made the same recommendation, this recommendation was followed. If a single committee recommended acceptance, the paper was accepted (with the exception of a few cases in which the other committee identified what we considered a fatal flaw, e.g., an error in a key result).\n\nThis copy’s committee reached the following decision: **Accept (Poster)**\n\nThe other committee assigned to the paper recommended **Accept (Oral)**.  You can find the other set of reviews, along with any follow up discussion with the authors here:\nhttps://openreview.net/forum?id=5JvnsAdf6Vz"
        },
        "signatures": [
          "NeurIPS.cc/2021/Conference/Program_Chairs"
        ],
        "readers": [
          "everyone"
        ],
        "nonreaders": [],
        "writers": [
          "NeurIPS.cc/2021/Conference/Program_Chairs"
        ]
      }
    ],
    "directReplies": [
      {
        "id": "qacr7Ix3GMt",
        "original": null,
        "number": 1,
        "cdate": 1626172070302,
        "mdate": null,
        "ddate": null,
        "tcdate": 1626172070302,
        "tmdate": 1627353000549,
        "tddate": null,
        "forum": "kwN2xvZ2XZ9",
        "replyto": "kwN2xvZ2XZ9",
        "invitation": "NeurIPS.cc/2021/Conference/Paper40/-/Official_Review",
        "content": {
          "rating": "8: Top 50% of accepted NeurIPS papers, clear accept",
          "confidence": "4: You are confident in your assessment, but not absolutely certain. It is unlikely, but not impossible, that you did not understand some parts of the submission or that you are unfamiliar with some pieces of related work.",
          "summary": "The authors propose an interesting strategy to train binary neural networks. First, the gradient of sign function is approximated by its series decomposition, i.e., the sign function is decomposed to a series of sine functions. A noise adaptation module is designed to modify the approximated gradient. The experiments conducted on CIFAR-10 and ImageNet datasets with different models show an obvious improvement compared to the baseline methods.",
          "main_review": "Basically I think the paper bears some merits as follows:\n1. This paper uses the gradient of sine series as the proxy to update the binary neural networks, which bypass the problem of calculating gradients accurately. I appreciate this exploration, as in my mind how to train binary neural networks is still an open challenge as the gradient of sign function cannot be calculated directly.\n\n2. The devised modification module avoids stacking too many sine series and makes the training more stable.  \n\n3. Experimental results are strong. Ablation studies also validate the effectiveness of the proposed method.\n\n\nConcerns:\n1. The noise adaptation module is designed with two FC layers. Is it the optimal formulation? It is interesting to further discuss how to design effective noise adaptation module.\n\n2. The performance in Fig. 3 and Fig. 4 converges very fast with a small number $n$. Is this an ablation study with or without noise module? If without the noise module, why does an inaccurate approximation still results in a good performance? If the ablation study is conducted with the noise module, what will happen to n when removing the noise module? Will you need a larger n to make the performance saturate?\n\n3. I admit that the improvement over the baseline is large. However, a relatively weak baseline is used in the experiments. I would like to see what the improvement is over the state-of-the-art stronger baseline such as ReactNet [1].\n\n[1] ReActNet: Towards Precise Binary Neural Network with Generalized Activation Functions. ECCV, 2020.\n\nOverall the paper is clear and well motivated, I would suggest a clear accept if my above concerns can be effectively addressed and clarified by the authors.",
          "limitations_and_societal_impact": "None.",
          "needs_ethics_review": "No",
          "ethics_review_area": [],
          "time_spent_reviewing": "4",
          "code_of_conduct": "While performing my duties as a reviewer (including writing reviews and participating in discussions), I have and will continue to abide by the NeurIPS code of conduct."
        },
        "signatures": [
          "NeurIPS.cc/2021/Conference/Paper40/Reviewer_oCAy"
        ],
        "readers": [
          "everyone"
        ],
        "nonreaders": [],
        "writers": [
          "NeurIPS.cc/2021/Conference",
          "NeurIPS.cc/2021/Conference/Paper40/Reviewer_oCAy"
        ]
      },
      {
        "id": "QAL97Ljhi_f",
        "original": null,
        "number": 2,
        "cdate": 1626181214345,
        "mdate": null,
        "ddate": null,
        "tcdate": 1626181214345,
        "tmdate": 1630118061627,
        "tddate": null,
        "forum": "kwN2xvZ2XZ9",
        "replyto": "kwN2xvZ2XZ9",
        "invitation": "NeurIPS.cc/2021/Conference/Paper40/-/Official_Review",
        "content": {
          "rating": "7: Good paper, accept",
          "confidence": "5: You are absolutely certain about your assessment. You are very familiar with the related work and checked the math/other details carefully.",
          "summary": "This paper proposes an interesting training strategy to train binary neural networks. The gradient of the non-differentiable sign function is approximated by the sine series. Besides, in order to prevent using infinite sine series to accurately approximate sign function, a noise adaptation module is further introduced. Extensive experiments on CIFAR-10 and ImageNet are conducted to validate the effectiveness of the proposed method.",
          "main_review": "Strength:\n\n+ Approximating a function by series decomposition is reasonable and has strong theoretical guarantee. It is interesting to apply series decomposition to train the binary neural networks.\n\n+ To reduce the gap between the real gradient and the approximate gradient, a modification module is further proposed. This module can improve the approximation precision to make the training robust. Ablation study also verifies the effectiveness of this module.\n\n+Extensive experiments on multiple datasets validate that the proposed method can improve the performance of the trained binary neural networks.\n\nWeaknesses:\n\n- I am a little confused about Fig.1, it seems that all of the three approximation functions can approach sign function when the corresponding parameters go to infinity. How do you judge which approximation function is better?\n- In Eq.7, the sign function is equal to the square wave only when |t|<T. Then how do you deal with those input that is larger than T?\n\n- The number of series seems to be a critical hyper-parameter. How to determine it?\n\n- How do you decrease \\alpha in Eq.14 during training?\n\n- In STE estimation function the input is clipped to [-1,1], is the same clip used in this method?\n\n-------------------------------------after post-rebuttal------------------------------------\nMy concerns are well addressed in the authors' rebuttal. So I will keep my original score of 7.  ",
          "limitations_and_societal_impact": "Dealing with input that is out of the range and the way of determining the hyper-parameters are my major concerns.",
          "needs_ethics_review": "No",
          "ethics_review_area": [],
          "time_spent_reviewing": "4 hours",
          "code_of_conduct": "While performing my duties as a reviewer (including writing reviews and participating in discussions), I have and will continue to abide by the NeurIPS code of conduct."
        },
        "signatures": [
          "NeurIPS.cc/2021/Conference/Paper40/Reviewer_KUr5"
        ],
        "readers": [
          "everyone"
        ],
        "nonreaders": [],
        "writers": [
          "NeurIPS.cc/2021/Conference",
          "NeurIPS.cc/2021/Conference/Paper40/Reviewer_KUr5"
        ]
      },
      {
        "id": "tYArAdA8Wr",
        "original": null,
        "number": 3,
        "cdate": 1626339359289,
        "mdate": null,
        "ddate": null,
        "tcdate": 1626339359289,
        "tmdate": 1631257813704,
        "tddate": null,
        "forum": "kwN2xvZ2XZ9",
        "replyto": "kwN2xvZ2XZ9",
        "invitation": "NeurIPS.cc/2021/Conference/Paper40/-/Official_Review",
        "content": {
          "rating": "6: Marginally above the acceptance threshold",
          "confidence": "4: You are confident in your assessment, but not absolutely certain. It is unlikely, but not impossible, that you did not understand some parts of the submission or that you are unfamiliar with some pieces of related work.",
          "summary": "This paper introduces Fourier frequency domain to solve the gradient of sign function’s estimation problem in BNN, and uses noise adaptation module to compensate the approximation error. The experiments show promising improvement. It is a good work in both theoretical and experimental perspectives.",
          "main_review": "The method based on Fourier Series to approximate the gradient of sign function is novel. Extensive experiments on image classification task show the effective of this paper’s methods. In addition, this paper proposed a noise adaptation module into the training phase which can refine the gradient effectively.\n\nIntroducing the noise adaptation module to estimate the gradient more accurately  sounds okay. The module is only used in training stage and discarded during inference, which is achieved by controlling the hyper-parameter \\alpha in Eq.14 and gradually decrease it to zero, which is simple and clever.\n\nThe experiments on typical BNNs including VGG, AlexNet and ResNet have demonstrate the effectiveness of the proposed method.\n",
          "limitations_and_societal_impact": "STE based on Taylor expansion, this paper’s method based on Fourier Series, what is the necessity to use FS to estimate the gradient of sign function?\n\nIn line 168, you mentioned SGD, however in line 284 you said you use Adam optimizer. I s there any problem in learning rate adaptation or others?\n\nIn Equation 15, you use an MLP with two fully-connected layers with relu as the noise adaptation module. Will the performance be better if you use a more complicate DNN module?\n\nA recently approach [Lin2020] proposed another approximation function for BNN, is that a comparable approximation compared to sine series?\n\nIs the BN applied to the noise module?\n\n\n",
          "needs_ethics_review": "No",
          "ethics_review_area": [
            "I don’t know"
          ],
          "time_spent_reviewing": "10",
          "code_of_conduct": "While performing my duties as a reviewer (including writing reviews and participating in discussions), I have and will continue to abide by the NeurIPS code of conduct."
        },
        "signatures": [
          "NeurIPS.cc/2021/Conference/Paper40/Reviewer_FCVA"
        ],
        "readers": [
          "everyone"
        ],
        "nonreaders": [],
        "writers": [
          "NeurIPS.cc/2021/Conference",
          "NeurIPS.cc/2021/Conference/Paper40/Reviewer_FCVA"
        ]
      },
      {
        "id": "Rwr_TQnhA4",
        "original": null,
        "number": 1,
        "cdate": 1632838348993,
        "mdate": null,
        "ddate": null,
        "tcdate": 1632838348993,
        "tmdate": 1632838348993,
        "tddate": null,
        "forum": "kwN2xvZ2XZ9",
        "replyto": "kwN2xvZ2XZ9",
        "invitation": "NeurIPS.cc/2021/Conference/Paper40/-/Decision",
        "content": {
          "title": "Paper Decision",
          "decision": "Accept (Oral)",
          "comment": "The paper proposes a new method to approximate the gradient of the sign function in binary neural networks. Specifically, the gradient of the sign function is estimated in the frequency domain using Fourier series with a fixed number of sine functions with different periods. In addition, to further compensate for the approximation error, this paper proposes a noise adaptation module to refine the gradient. The paper is well motivated and well organized. The proposed solution is novel and technically sound and shows promising results on image classification tasks. Reviewers all agreed that the paper has novel ideas and is clearly written.Thus, I am recommending acceptance.\n\nNevertheless, there are some detailed technical concerns raised by reviewers. The authors have addressed most of them in the rebuttal. I suggest the authors carefully revise the manuscript according to the reviewers’ comments. In particular, the following modifications need to be made. 1) add comparison to Lin2020 and REactNet [1]. 2) further justification of the advantage of the Fourier series approximation over the others.\n",
          "consistency_experiment": "NeurIPS has a long history of experimentation. In 2014, NeurIPS ran an experiment in which 10% of submissions were reviewed by two independent committees to quantify the randomness in the review process. This year, we repeated a variant of this experiment to see how the quality of the review process has changed over time.  This paper was part of the experiment and was therefore assigned to two committees (consisting of reviewers, an Area Chair, and a Senior Area Chair) that reached independent decisions.  If both committees made the same recommendation, this recommendation was followed. If a single committee recommended acceptance, the paper was accepted (with the exception of a few cases in which the other committee identified what we considered a fatal flaw, e.g., an error in a key result).\n\nThis copy’s committee reached the following decision: **Accept (Poster)**\n\nThe other committee assigned to the paper recommended **Accept (Oral)**.  You can find the other set of reviews, along with any follow up discussion with the authors here:\nhttps://openreview.net/forum?id=5JvnsAdf6Vz"
        },
        "signatures": [
          "NeurIPS.cc/2021/Conference/Program_Chairs"
        ],
        "readers": [
          "everyone"
        ],
        "nonreaders": [],
        "writers": [
          "NeurIPS.cc/2021/Conference/Program_Chairs"
        ]
      }
    ]
  }
}