{
  "id": "73XPopmbXH",
  "number": 6222,
  "cdate": 1683703616445,
  "tcdate": 1683703616445,
  "mdate": 1698949734118,
  "tmdate": 1698949734118,
  "signatures": [
    "NeurIPS.cc/2023/Conference/Submission6222/Authors"
  ],
  "readers": [
    "everyone"
  ],
  "writers": [
    "NeurIPS.cc/2023/Conference",
    "NeurIPS.cc/2023/Conference/Submission6222/Authors"
  ],
  "forum": "73XPopmbXH",
  "content": {
    "title": "Smoothing the Landscape Boosts the Signal for SGD: Optimal Sample Complexity for Learning Single Index Models",
    "authors": [
      "Alex Damian",
      "Eshaan Nichani",
      "Rong Ge",
      "Jason D. Lee"
    ],
    "authorids": [
      "~Alex_Damian1",
      "~Eshaan_Nichani1",
      "~Rong_Ge1",
      "~Jason_D._Lee1"
    ],
    "keywords": [
      "statistical learning",
      "learning theory",
      "single index model",
      "gradient descent",
      "stochastic gradient descent"
    ],
    "TLDR": "We prove that online SGD on a smoothed loss achieves optimal sample complexity for learning single index models.",
    "abstract": "We focus on the task of learning a single index model $\\sigma(w^\\star \\cdot x)$ with respect to the isotropic Gaussian distribution in $d$ dimensions. Prior work has shown that the sample complexity of learning $w^\\star$ is governed by the information exponent $k^\\star$ of the link function $\\sigma$, which is defined as the index of the first nonzero Hermite coefficient of $\\sigma$. Ben Arous et al. (2021) showed that $n \\gtrsim d^{k^\\star-1}$ samples suffice for learning $w^\\star$ and that this is tight for online SGD. However, the CSQ lower bound for gradient based methods only shows that $n \\gtrsim d^{k^\\star/2}$ samples are necessary. In this work, we close the gap between the upper and lower bounds by showing that online SGD on a smoothed loss learns $w^\\star$ with $n \\gtrsim d^{k^\\star/2}$ samples. We also draw connections to statistical analyses of tensor PCA and to the implicit regularization effects of minibatch SGD on empirical losses.",
    "venue": "NeurIPS 2023 oral",
    "venueid": "NeurIPS.cc/2023/Conference",
    "pdf": "/pdf/a99d3df10743aef943855a7d223d123069ed9acd.pdf",
    "supplementary_material": "/attachment/cf6198449546f66315a55be2cce0204934c8ff3b.zip",
    "_bibtex": "@inproceedings{\ndamian2023smoothing,\ntitle={Smoothing the Landscape Boosts the Signal for {SGD}: Optimal Sample Complexity for Learning Single Index Models},\nauthor={Alex Damian and Eshaan Nichani and Rong Ge and Jason D. Lee},\nbooktitle={Thirty-seventh Conference on Neural Information Processing Systems},\nyear={2023},\nurl={https://openreview.net/forum?id=73XPopmbXH}\n}",
    "paperhash": "damian|smoothing_the_landscape_boosts_the_signal_for_sgd_optimal_sample_complexity_for_learning_single_index_models"
  },
  "invitations": [
    "NeurIPS.cc/2023/Conference/-/Submission",
    "NeurIPS.cc/2023/Conference/-/Post_Submission",
    "NeurIPS.cc/2023/Conference/Submission6222/-/Revision",
    "NeurIPS.cc/2023/Conference/-/Edit",
    "NeurIPS.cc/2023/Conference/Submission6222/-/Camera_Ready_Revision"
  ],
  "domain": "NeurIPS.cc/2023/Conference",
  "pdate": 1695325919403,
  "odate": 1698949734107,
  "version": 2,
  "details": {
    "writable": false,
    "tags": [],
    "replyCount": 17,
    "directReplyCount": 6,
    "replies": [
      {
        "id": "AQXjRQn5AC",
        "number": 1,
        "cdate": 1687878306992,
        "tcdate": 1687878306992,
        "mdate": 1702411050926,
        "tmdate": 1702411050926,
        "signatures": [
          "NeurIPS.cc/2023/Conference/Submission6222/Reviewer_xzE5"
        ],
        "nonreaders": [],
        "readers": [
          "everyone"
        ],
        "writers": [
          "NeurIPS.cc/2023/Conference",
          "NeurIPS.cc/2023/Conference/Submission6222/Reviewer_xzE5"
        ],
        "forum": "73XPopmbXH",
        "replyto": "73XPopmbXH",
        "content": {
          "summary": "Summary: The paper closes the gap between the previously established lower bound on learning a single index model with Gaussian inputs, giving a modified learning algorithm that matches the best possible sample complexity.\n",
          "soundness": "4 excellent",
          "presentation": "4 excellent",
          "contribution": "4 excellent",
          "strengths": "Strengths: The alteration to SGD is simple but clever, and the given arguments are quite clear.  I particularly appreciate the proof sketch showing how the choice of smoothing impacts the drift term.  Tightening the gap left by [1] is a considerable contribution.\n\n[1] Arous, Gerard Ben, Reza Gheissari, and Aukosh Jagannath. \"Online stochastic gradient descent on non-convex losses from high-dimensional inference.\" The Journal of Machine Learning Research 22.1 (2021): 4788-4838.\n",
          "weaknesses": "Weaknesses: I may be misunderstanding, but it appears the experiments are using an analytic formulation of the smoothed loss, based on the hidden knowledge that the link functions (in the experiments) are hermite polynomials.  If I understand correctly, this corresponds to an “infinite synthetic sample” setting where the expectation in the smoothed loss is calculated exactly.  This wouldn’t impact the sample complexity in terms of querying the true single index model, but it raises a computational question.  Is there any reason to suspect that the analysis would change if, say, at every timestep the smoothed loss was approximated empirically with fresh samples drawn from the appropriate subset of the sphere?\n",
          "questions": "N/A",
          "limitations": "N/A",
          "flag_for_ethics_review": [
            "No ethics review needed."
          ],
          "rating": "7: Accept: Technically solid paper, with high impact on at least one sub-area, or moderate-to-high impact on more than one areas, with good-to-excellent evaluation, resources, reproducibility, and no unaddressed ethical considerations.",
          "confidence": "3: You are fairly confident in your assessment. It is possible that you did not understand some parts of the submission or that you are unfamiliar with some pieces of related work. Math/other details were not carefully checked.",
          "code_of_conduct": "Yes"
        },
        "invitations": [
          "NeurIPS.cc/2023/Conference/Submission6222/-/Official_Review",
          "NeurIPS.cc/2023/Conference/-/Edit"
        ],
        "domain": "NeurIPS.cc/2023/Conference",
        "license": "CC BY 4.0",
        "version": 2
      },
      {
        "id": "eMjWYg6qko",
        "number": 2,
        "cdate": 1687962749440,
        "tcdate": 1687962749440,
        "mdate": 1702411050854,
        "tmdate": 1702411050854,
        "signatures": [
          "NeurIPS.cc/2023/Conference/Submission6222/Reviewer_mDyK"
        ],
        "nonreaders": [],
        "readers": [
          "everyone"
        ],
        "writers": [
          "NeurIPS.cc/2023/Conference",
          "NeurIPS.cc/2023/Conference/Submission6222/Reviewer_mDyK"
        ],
        "forum": "73XPopmbXH",
        "replyto": "73XPopmbXH",
        "content": {
          "summary": "This paper considers the problem of learning single index models in high dimensions, i.e., functions of a high-dimensional parameter that only depend on a one-dimensional projection of this parameter. This paper is interested in the case where the link function (the function of the one-dimensional projection) is known to the statistician, but the direction of the projection is unknown. \n\nThis paper studies the sample complexity of stochastic gradient descent (SGD). Its contribution is to show that smoothing the gradients allows to take larger stepsizes, and thus improves the sample complexity. The papers draws the connection with similar results for tensor decomposition. Finally, as previous results suggests that SGD has the effect of locally averaging the gradients, the authors present their work as a first step towards improving the sample complexity bounds for SGD. ",
          "soundness": "4 excellent",
          "presentation": "4 excellent",
          "contribution": "3 good",
          "strengths": "This paper is well-written; in particular, the proof sketch does a good job at explaining the technical contributions of the paper. This paper proves rigorously the remarkable phenomenon that smoothing improves the sample complexity. This is a significant steps towards understanding the benefits of stochasticity in SGD.",
          "weaknesses": "There are a few spots where I would like some clarifications, see questions below. ",
          "questions": "*Remarks*\n\n(1) Running Algorithm 1 requires to be able to compute smoothed gradients. Is it easy to compute these? Are there closed-form formulas or do we need to use sampling over $z$? It would be nice to make this explicit as it would help to understand the significance of the results: is it a suggestion for better practical performances when learning single-index models, or is it an intermediary results towards proving improved convergence bounds for SGD?\n\n(2) Could you detail how stochastic gradient descent is a CSQ algorithm? We can show that if we use $n$ samples, then $|\\hat{q} - E_{x,y}[q(x,y)]| \\leq \\tau / n^{1/2}$ w.h.p., but not almost surely, right? Relatedly, you write that $\\tau \\approx n^{-1/2}$ is a \"heuristic\" (l.163), thus how rigorous is the CSQ lower bound? How rigorous are the claims of \"optimality\"?\n\n(3) From the proof sketch, I did not understand what is special about $\\lambda = d^{1/4}$. My intuition is that smoothing with a diverging $\\lambda$ should be very close to smoothing with $\\lambda = \\infty$. How would an algorithm with $\\lambda = \\infty$ (in the first steps) perform?\n\n\n*Minor remarks.*\n\n- When referring to [1], it is written many times that $n \\geq d^{k^*-1}$ samples are necessary (up to log factors), however my understanding is that this assumes $k^* \\geq 2$.\n- l.86: what is $r$?\n- Why do you consider the correlation loss rather than the square loss? I think the two would be equivalent; however it is quite unusual to optimize the correlation loss. \n- Thm 1: maybe it would be good to remind that $w_0 \\cdot w^* \\geq d^{-1/2}$ can be guaranteed with probability 1/2. \n- The statement of Thm 1 is a bit confusing. Certainly it is false that all stepsizes satisfying the O(.) bounds do not satisfy the statement (I can take the stepsizes to be 0), but maybe what you mean is that there exists a choice of stepsizes with these bounds that satisfy the statement? \n- I did not understand how you count the sample complexity in the parallel with the CSQ lower bound. My understanding is that to get one query with precision $n^{-1/2}$, you need $n$ samples. So the total sample complexity should depend on the number $q$ of queries? In light of this, I did not understand l.163-164. \n- Eq. below l.259: what does this tensor notation mean? \n\n\n*Typo.*\n- \"nad\" -> \"and\"",
          "limitations": "N/A",
          "flag_for_ethics_review": [
            "No ethics review needed."
          ],
          "rating": "8: Strong Accept: Technically strong paper, with novel ideas, excellent impact on at least one area, or high-to-excellent impact on multiple areas, with excellent evaluation, resources, and reproducibility, and no unaddressed ethical considerations.",
          "confidence": "4: You are confident in your assessment, but not absolutely certain. It is unlikely, but not impossible, that you did not understand some parts of the submission or that you are unfamiliar with some pieces of related work.",
          "code_of_conduct": "Yes"
        },
        "invitations": [
          "NeurIPS.cc/2023/Conference/Submission6222/-/Official_Review",
          "NeurIPS.cc/2023/Conference/-/Edit"
        ],
        "domain": "NeurIPS.cc/2023/Conference",
        "license": "CC BY 4.0",
        "version": 2
      },
      {
        "id": "4erMDYr5Uh",
        "number": 3,
        "cdate": 1688534396351,
        "tcdate": 1688534396351,
        "mdate": 1702411050779,
        "tmdate": 1702411050779,
        "signatures": [
          "NeurIPS.cc/2023/Conference/Submission6222/Reviewer_2zse"
        ],
        "nonreaders": [],
        "readers": [
          "everyone"
        ],
        "writers": [
          "NeurIPS.cc/2023/Conference",
          "NeurIPS.cc/2023/Conference/Submission6222/Reviewer_2zse"
        ],
        "forum": "73XPopmbXH",
        "replyto": "73XPopmbXH",
        "content": {
          "summary": "This paper studies the sample complexity of learning a single-index function \\sigma(w*^Tx) via SGD on a smoothed correlation loss. The authors show that when k* is the first non-zero Hermite coefficient of \\sigma, with optimally tuned smoothing, defined as averaging the loss over a sphere of radius \\lambda centered at the iterate, the SGD will converge to error epsilon in d^{k*/2} + d/epsilon iterations. This improves over the iteration complexity d^{k* - 1}. This is a tight analysis, since it meets the CSQ lower bound.\n\nThe analysis is based on analyzing a certain signal-to-noise ratio which arises from comparing the alignment of the gradient with the ground truth direction, and the norm of the gradient. The authors show that when the smoothing increases, both of these terms decrease, but the norm decreases more.\n",
          "soundness": "4 excellent",
          "presentation": "4 excellent",
          "contribution": "4 excellent",
          "strengths": "- The paper achieves a significant result which enhances our understanding of SGD and achieves a known lower-bound. \n- The paper is written very clearly in a way that highlights the main analysis techniques in the main body. It is useful that the authors first explain the vanilla SGD and then move on to the smoothed case.\n- The paper explains the connection to related work and particularly Tensor PCA very well.",
          "weaknesses": "- Discussion of the analysis of E[|v|^2] which seems a very key part of the proof is lacking in the main body. If the authors do not have space for many more details, could they include at least some intuition or a simple example (perhaps in low dimension or for a simple sigma?) for why E[|v|^2] has the stated dependence on lambda? And then if would be helpful if there were some pointers to the appendix for where the real proofs of the main steps can be found.\n- The paper only studies the correlation loss which is not frequently used in practice. Could the authors at least state why they use this, and if they believe their techniques would extend to the MSE loss?",
          "questions": "- The authors say in line 81 that the class of CSQ algorithms contains gradient descent. I am not certain this is true? Could the authors include a citation. Or perhaps it requires some qualifications? \n- In line 86, I do not see a definition of r and p.\n- In line 89 could the author explain (or at least define) what they mean by \"ERM\" or point to section 7.2\n- Section 7.2 is somewhat confusing, because it skips from discussion general objectives to the Tensor PCA. The paragraph starting on line 287 is hard to understand (why will GD converge to the expectation over z of the gradient?\n- Line  212 there is a v that should be a z?\n",
          "limitations": "The authors should discuss the limitations of using the correlation loss for learning single index functions. ",
          "flag_for_ethics_review": [
            "No ethics review needed."
          ],
          "rating": "8: Strong Accept: Technically strong paper, with novel ideas, excellent impact on at least one area, or high-to-excellent impact on multiple areas, with excellent evaluation, resources, and reproducibility, and no unaddressed ethical considerations.",
          "confidence": "4: You are confident in your assessment, but not absolutely certain. It is unlikely, but not impossible, that you did not understand some parts of the submission or that you are unfamiliar with some pieces of related work.",
          "code_of_conduct": "Yes"
        },
        "invitations": [
          "NeurIPS.cc/2023/Conference/Submission6222/-/Official_Review",
          "NeurIPS.cc/2023/Conference/-/Edit"
        ],
        "domain": "NeurIPS.cc/2023/Conference",
        "license": "CC BY 4.0",
        "version": 2
      },
      {
        "id": "vkJxiRflXC",
        "number": 4,
        "cdate": 1689039595227,
        "tcdate": 1689039595227,
        "mdate": 1702411050689,
        "tmdate": 1702411050689,
        "signatures": [
          "NeurIPS.cc/2023/Conference/Submission6222/Reviewer_68nG"
        ],
        "nonreaders": [],
        "readers": [
          "everyone"
        ],
        "writers": [
          "NeurIPS.cc/2023/Conference",
          "NeurIPS.cc/2023/Conference/Submission6222/Reviewer_68nG"
        ],
        "forum": "73XPopmbXH",
        "replyto": "73XPopmbXH",
        "content": {
          "summary": "This paper aims to fill the gap between the sample size complexity of online SGD and CSQ lower bound for learning a single index model. Inspired by implicit regularization of minibatch SGD, the authors show that online SGD on a smoothed correlation loss only needs sample size $n=\\Omega(d^{k^*/2})$ to efficiently learn the feature direction. This smoothed loss helps us to avoid poor local minima of previous unsmoothed loss which reduces the number of samples for learning a single index model and also matches the CSQ lower bound. The authors also present a connection with a partial trace algorithm for tensor PCA.",
          "soundness": "3 good",
          "presentation": "3 good",
          "contribution": "3 good",
          "strengths": "Overall, I found the paper well-written and easy to follow. The proof sketch in Section 5 provides a clear relation among SNR of the feature alignment, the smoothed loss, and sample complexity. The paper presents many interesting insights into bridging between smoothed loss landscape and sample complexity. I believe this paper will further help us to understand the training dynamics of minibatch SGD for learning a single-index model in future work.",
          "weaknesses": "The main concern is the CSQ lower bound. The gradient-based algorithm for correlation loss is a correlation statistical query learner. But can gradient descent of square loss be fully described by correlation statistical query? There should be some additional term in gradient descent of square loss which is not a correlation query. It would be better to have a clarification on this problem.",
          "questions": "1. [Tan and Vershynin, 2019] also studied phase retrieval via online SGD and got a sharp bound similar to [1].\n2. How about the misspecification case when the link target function is different from the activation function? Most of the analysis in Section 5 still works well in this case.\n3. Footnote 1 on page 3: you should mention $T_w$ is the tangent space at $w$.\n4. Line 125: typo $He_0(x)=1$.\n5. Line 178: should it be $v_t\\perp w_t$? In the analysis below Line 178, how do we ensure that the gradient norm $||v_t||=O(1)$?\n6. Line 212, should it be $z\\perp w$?\n7. Equations below Lines 212 and 214, index $k$ should be changed into $k^*$.\n8. In Section 6, for the experiments, how do you choose the batch size and learning rate? And in Figure 2, if we use the square loss for minibatch SGD training, do we need a larger sample size? It would be better to compare these two cases in the simulation to visualize the difference.\n9. Line 433, typo\n10. Maybe you should provide references for Lemmas 4 and 5 in Section A.2. Similar to the equation below Line 272, you should distinguish Hermite polynomial and Hermite tensor in the multivariate case.\n11. In Lemma 7, you should explain the notion $z\\sim\\mathbb{S}^{d-2}$ and its relationship with $z_1$. Or use $\\text{Unif}(\\mathbb{S}^{d-2})$. Is $z_1$ the first entry of vector $z$? Similar issue for Lemma 25.\n12. Equation below Line 537: should be $\\nabla_w L_\\lambda (w)$\n13. Lemma 14, what is $\\mathbb{E}_{\\mathcal{B}}$?\n14. Below Line 692, what is $m$? It should be $q$ in Theorem 2.\n15. Equation below Line 726, $z$ in the integral should be $z_1$.\n\n=====================================================================================================\n- Tan, Y.S. and Vershynin, R., 2019. Online stochastic gradient descent with arbitrary initialization solves non-smooth, non-convex phase retrieval. arXiv preprint arXiv:1910.12837.",
          "limitations": "The limitations of the work are well addressed by the authors. I do not believe this work has any particular negative social impact.",
          "flag_for_ethics_review": [
            "No ethics review needed."
          ],
          "rating": "7: Accept: Technically solid paper, with high impact on at least one sub-area, or moderate-to-high impact on more than one areas, with good-to-excellent evaluation, resources, reproducibility, and no unaddressed ethical considerations.",
          "confidence": "4: You are confident in your assessment, but not absolutely certain. It is unlikely, but not impossible, that you did not understand some parts of the submission or that you are unfamiliar with some pieces of related work.",
          "code_of_conduct": "Yes"
        },
        "invitations": [
          "NeurIPS.cc/2023/Conference/Submission6222/-/Official_Review",
          "NeurIPS.cc/2023/Conference/-/Edit"
        ],
        "domain": "NeurIPS.cc/2023/Conference",
        "license": "CC BY 4.0",
        "version": 2
      },
      {
        "id": "jC4bhSZs0X",
        "number": 1,
        "cdate": 1691498401506,
        "tcdate": 1691498401506,
        "mdate": 1704275145665,
        "tmdate": 1704275145665,
        "signatures": [
          "NeurIPS.cc/2023/Conference/Submission6222/Authors"
        ],
        "readers": [
          "everyone"
        ],
        "writers": [
          "NeurIPS.cc/2023/Conference",
          "NeurIPS.cc/2023/Conference/Submission6222/Authors"
        ],
        "forum": "73XPopmbXH",
        "replyto": "73XPopmbXH",
        "content": {
          "rebuttal": "We would like to thank the reviewers for their detailed and thoughtful reviews. We’ve addressed the most common questions in this rebuttal section.\n\n## On the CSQ lower bound\n\nThe connection between the CSQ framework and gradient descent with square loss is that GD only interacts with the labels $y$ through correlational queries. For example if the model is $f_\\theta$, the gradient is equal to $$\\nabla L(w;x,y) = (f_\\theta(x) - \\underbrace{y)\\nabla f_\\theta(x)}_{\\text{query}}.$$\nThe other term in the gradient only depends on the distribution of $x \\sim N(0,I_d)$ which is known so it does not enter the sample complexity. However, we emphasize that this connection is only heuristic as the errors in GD are random while the errors in the SQ/CSQ framework are adversarial. However, such SQ/CSQ bounds have been commonly used to argue the existence of statistical-computational gaps in various learning problems [1,2,3,4].\n\n[1] Feldman et al., 2012, Statistical Algorithms and a Lower Bound for Detecting Planted Cliques\n\n[2] Diakonikolas & Kane, 2017, Statistical query lower bounds for robust estimation of high-dimensional gaussians and gaussian mixtures\n\n[3] Goel et al., 2020, Statistical-Query Lower Bounds via Functional Gradients\n\n[4] Dudeja & Hsu, 2020, Statistical Query Lower Bounds for Tensor PCA\n\n## Computing the Variance and why we need $\\lambda \\le d^{1/4}$.\n\nWe originally omitted the variance calculation due to space constraints but as this is a crucial part of the proof sketch, we’ve added a brief sketch for the $\\lambda$ dependence. This is also the part of the proof that introduces the fundamental constraint $\\lambda \\le d^{1/4}$ which is crucial for the final sample complexity. Here is the sketch:\n\nRecall that $L_\\lambda(w;x,y) = 1-y\\sigma(w \\cdot x)$. Differentiating through the smoothing operator gives:\n$$\n\t\\nabla_w L_\\lambda(w;x,y)\n\t= -y \\nabla_w~ \\mathcal{L}\\_\\lambda(\\sigma(w \\cdot x)) \\approx \\lambda^{-1} x \\mathcal{L}\\_\\lambda(\\sigma'(w \\cdot x)).\n$$\nWe have that $y = O(1)$ and $\\|x\\| = O(\\sqrt{d})$ so it suffices to bound $\\mathcal{L}\\_\\lambda(\\sigma'(w \\cdot x))$. The variance of this term is equal to:\n$$\n\t\\mathbb{E}\\_{x}[\\mathcal{L}\\_\\lambda(\\sigma'(w \\cdot x))^2] = \\mathbb{E}\\_x \\left[ \\mathbb{E}\\_{z \\sim \\mu\\_w} \\left[\\sigma'\\left(\\frac{w + \\lambda z}{\\sqrt{1 + \\lambda^2}} \\cdot x\\right)\\right]^2\\right].\n$$\nTo compute this expectation, we will create an i.i.d. copy $z'$ of $z$ and rewrite this expectation as:\n$$\n\t\\mathbb{E}\\_{x}[\\mathcal{L}\\_\\lambda(\\sigma'(w \\cdot x))^2] = \\mathbb{E}\\_x\\left[\\mathbb{E}\\_{z,z' \\sim \\mu\\_w}\\left[\\sigma'\\left(\\frac{w + \\lambda z}{\\sqrt{1 + \\lambda^2}} \\cdot x\\right)\\sigma'\\left(\\frac{w + \\lambda z'}{\\sqrt{1 + \\lambda^2}} \\cdot x\\right)\\right]\\right].\n$$\nNow we can swap the expectations and compute the expectation with respect to $x$ first using the Hermite expansion of $\\sigma$. As the first nonzero Hermite coefficient of $\\sigma'$ is $k^\\star - 1$, this variance is approximately equal to the correlation between $\\frac{w + \\lambda z}{\\sqrt{1 + \\lambda^2}}$ and $\\frac{w + \\lambda z'}{\\sqrt{1 + \\lambda^2}}$ raised to the $k^\\star-1$ power:\n$$\n\t\\mathbb{E}\\_{x}[\\mathcal{L}\\_\\lambda(\\sigma'(w \\cdot x))^2] \\approx\n\t\\mathbb{E}\\_{z,z' \\sim \\mu_w}\\left[\\left(\n\t\t\\frac{w + \\lambda z}{\\sqrt{1 + \\lambda^2}} \\cdot \\frac{w + \\lambda z'}{\\sqrt{1 + \\lambda^2}}\n\t\\right)^{k^\\star-1}\\right]\n\t= \\mathbb{E}\\_{z,z' \\sim \\mu\\_w}\\left[\\left(\\frac{1 + \\lambda^2 z \\cdot z'}{1 + \\lambda^2}\\right)^{k^\\star-1}\\right]\n$$\nAs $z,z'$ are random unit vectors, their inner product is order $d^{-1/2}$. Therefore when $\\lambda \\le d^{1/4}$, the first term in the numerator is dominant while when $\\lambda \\ge d^{1/4}$, the second term is dominant. Combining these regimes gives that the variance is of order $\\min(\\lambda,d^{1/4})^{k^\\star-1}$ which motivates our optimal choice of $\\lambda = d^{1/4}$. Combining this with the fact that $y = O(1)$ and $\\|x\\| = O(\\sqrt{d})$ gives that the gradient of the smoothed loss has variance $d\\lambda^{-2k^\\star}$ for $\\lambda \\le d^{1/4}$."
        },
        "invitations": [
          "NeurIPS.cc/2023/Conference/Submission6222/-/Author_Rebuttal",
          "NeurIPS.cc/2023/Conference/-/Edit"
        ],
        "domain": "NeurIPS.cc/2023/Conference",
        "license": "CC BY 4.0",
        "version": 2
      },
      {
        "id": "3p9zWZm8JR",
        "number": 1,
        "cdate": 1691498662898,
        "tcdate": 1691498662898,
        "mdate": 1703017461904,
        "tmdate": 1703017461904,
        "signatures": [
          "NeurIPS.cc/2023/Conference/Submission6222/Authors"
        ],
        "readers": [
          "everyone"
        ],
        "writers": [
          "NeurIPS.cc/2023/Conference",
          "NeurIPS.cc/2023/Conference/Submission6222/Authors"
        ],
        "forum": "73XPopmbXH",
        "replyto": "vkJxiRflXC",
        "content": {
          "rebuttal": "We would like to thank the reviewer for the detailed and thoughtful review. We’ve corrected the typos you identified and we’ll try to clarify the higher level questions below. Please let us know if you have any further questions or if anything is still unclear.\n\n> The main concern is the CSQ lower bound. The gradient-based algorithm for correlation loss is a correlation statistical query learner. But can gradient descent of square loss be fully described by correlation statistical query? There should be some additional term in gradient descent of square loss which is not a correlation query. It would be better to have a clarification on this problem.\n\nYou are correct that there is an extra term, but this extra term does not interact with the labels $y$. As we are in the setting where the distribution over $x \\sim N(0,I_d)$ is known, this extra term can be directly estimated by a CSQ learner. We’ve included additional details in the CSQ section of the rebuttal.\n\n> [Tan and Vershynin, 2019] also studied phase retrieval via online SGD and got a sharp bound similar to [1].\n\nThank you, we will add this reference to the revision.\n\n> How about the misspecification case when the link target function is different from the activation function? Most of the analysis in Section 5 still works well in this case.\n\nOur result naturally extends to the misspecified setting but in a somewhat nontrivial way. Let the target link function be $\\phi$ with information exponent $k^\\star$ and the learner activation be $\\sigma$ with information exponent $s^\\star$. In the SNR calculation, the signal remains unchanged but the noise is equal to $d \\lambda^{-2 s^\\star}$. Going through the rest of the proof gives that the final sample complexity is $d^{k^\\star - \\max(1,s^\\star/2)}$. Therefore when the information exponents of $\\sigma$ and $\\phi$ are equal, the analysis and final result are unchanged. However in the case when $\\sigma$ has a lower information exponent, the sample complexity is strictly worse. We will include this discussion in the next revision of our paper.\n\n> In the analysis below Line 178, how do we ensure that the gradient norm $\\|v_t\\| = O(1)$?\n\nThe derivation in this part of the proof sketch is heuristic so we do not directly track all of the error terms. In fact, $\\|v_t\\| = O(d)$ so this should be $\\eta^3 d$. We believe explicitly tracking these error terms does not add to the proof sketch but to avoid being misleading we’ve replaced the $O(\\eta_t^3)$ with $\\ldots$ to represent the higher order terms which need to be carefully bounded.\n> In Section 6, for the experiments, how do you choose the batch size and learning rate?\n\nWe give explicit formulas that we used to pick $\\eta$ and the batch size (line 231-232) for all of the experiments.\n\n> And in Figure 2, if we use the square loss for minibatch SGD training, do we need a larger sample size? It would be better to compare these two cases in the simulation to visualize the difference.\n\nWe believe that the sample complexity would remain unchanged so long as the smoothing is applied to the function $f$ rather than to the loss.\n\n > Lemma 14, what is $\\mathbb{E}\\_\\mathcal{B}$\n\nOur apologies, $\\mathcal{B} = (x,y)$ denotes the current sample; however, you are correct that this was never defined. We’ve replaced this notation throughout the paper with $\\mathbb{E}\\_{x,y}$."
        },
        "invitations": [
          "NeurIPS.cc/2023/Conference/Submission6222/Reviewer_68nG/-/Rebuttal",
          "NeurIPS.cc/2023/Conference/-/Edit"
        ],
        "domain": "NeurIPS.cc/2023/Conference",
        "license": "CC BY 4.0",
        "version": 2
      },
      {
        "id": "4ExlKxVUn1",
        "number": 1,
        "cdate": 1691499923761,
        "tcdate": 1691499923761,
        "mdate": 1703017461739,
        "tmdate": 1703017461739,
        "signatures": [
          "NeurIPS.cc/2023/Conference/Submission6222/Authors"
        ],
        "readers": [
          "everyone"
        ],
        "writers": [
          "NeurIPS.cc/2023/Conference",
          "NeurIPS.cc/2023/Conference/Submission6222/Authors"
        ],
        "forum": "73XPopmbXH",
        "replyto": "4erMDYr5Uh",
        "content": {
          "rebuttal": "We would like to thank the reviewer for the detailed and thoughtful review. We’ve corrected the typos you identified and we’ll try to clarify the higher level questions below. Please let us know if you have any further questions or if anything is still unclear.\n\n> Discussion of the analysis of E[|v|^2] which seems a very key part of the proof is lacking in the main body.\n\nWe originally omitted the variance calculation due to space constraints but as this is a crucial part of the proof sketch, we’ve added a brief sketch for the $\\lambda$ dependence. See the “Computing the Variance” section of our rebuttal.\n\n> The paper only studies the correlation loss which is not frequently used in practice. Could the authors at least state why they use this, and if they believe their techniques would extend to the MSE loss?\n\nBecause our parameters are constrained to the sphere, there is no difference between the correlation and MSE losses in population. In particular,\n$$\n\\mathbb{E}\\_{x,y}\\left[\\frac{1}{2}(y - f_\\theta(x))^2\\right] = \\mathbb{E}\\_{x,y}\\left[1 - yf_\\theta(x\\right].\n$$\nThe difference is that the noise structure is changed due to the additional $f_\\theta(x)^2$ term. We believe that if you directly smooth the model, rather than smoothing the loss, our analysis should still go through. However, the correlation loss significantly simplifies the computations.\n\n> The authors say in line 81 that the class of CSQ algorithms contains gradient descent. I am not certain this is true? Could the authors include a citation. Or perhaps it requires some qualifications? \n\nThe key connection is that GD with square loss only interacts with the labels $y$ through correlational queries. For example for GD with model $f_\\theta$ and with square loss you have $$\\nabla L(w;x,y) = (f_\\theta(x) - \\underbrace{y)\\nabla f_\\theta(x)}_{\\text{query}}.$$\nThe other term in the gradient only depends on the distribution of $x \\sim N(0,I_d)$ which is known so it does not enter the sample complexity. See the CSQ section of the general rebuttal for additional discussion.\n\n> In line 89 could the author explain (or at least define) what they mean by \"ERM\" or point to section 7.2\n\nWe used ERM to refer to empirical risk minimization where the goal is to directly minimize the empirical loss $L_n := \\frac{1}{n} \\sum_i L(w;x_i,y_i)$ using an algorithm like gradient descent or minibatch SGD. In this setting, each sample is seen multiple times, in contrast to the online setting studied in the rest of the paper."
        },
        "invitations": [
          "NeurIPS.cc/2023/Conference/Submission6222/Reviewer_2zse/-/Rebuttal",
          "NeurIPS.cc/2023/Conference/-/Edit"
        ],
        "domain": "NeurIPS.cc/2023/Conference",
        "license": "CC BY 4.0",
        "version": 2
      },
      {
        "id": "ZuUBb5Ed6N",
        "number": 1,
        "cdate": 1691500166352,
        "tcdate": 1691500166352,
        "mdate": 1703017461706,
        "tmdate": 1703017461706,
        "signatures": [
          "NeurIPS.cc/2023/Conference/Submission6222/Authors"
        ],
        "readers": [
          "everyone"
        ],
        "writers": [
          "NeurIPS.cc/2023/Conference",
          "NeurIPS.cc/2023/Conference/Submission6222/Authors"
        ],
        "forum": "73XPopmbXH",
        "replyto": "eMjWYg6qko",
        "content": {
          "rebuttal": "We would like to thank the reviewer for the detailed and thoughtful review. We’ve corrected the typos you identified and we’ll try to clarify the higher level questions below. Please let us know if you have any further questions or if anything is still unclear.\n\n> Running Algorithm 1 requires to be able to compute smoothed gradients. Is it easy to compute these?\n\nThere are two ways to compute the smoothed gradients. The most naive way is to approximate the expectation in $L_\\lambda$ using Monte Carlo. This requires roughly $d^{k^\\star/2}$ draws of z at every step; however, it does not affect the sample complexity.\n\nThe more efficient method is the one that we used for the experiments in section 6. It uses the observation from Lemma 7 that the smoothed gradient is a function of only two parameters: $w \\cdot x$ and $\\|x\\|$. Explicitly, there exists a $g$ such that $\\nabla L_t = g(w \\cdot x, \\|x\\|)$ where the closed form for $g$ follows from Lemma 7. This $g$ can be efficiently numerically computed for any activation function $\\sigma$ in $O(1)$ time. Furthermore, this computation only needs to be done once after which this $g$ can be reused. When $\\sigma$ is a polynomial, this $g$ has a closed form (see Appendix B.3) which we used for the experiments in section 6. We’ve extended Appendix E to include a discussion of the various methods for computing the smoothed gradients.\n\n> Could you detail how stochastic gradient descent is a CSQ algorithm? How rigorous are the claims of \"optimality\"?\n\nYou are correct and the CSQ lower bound does not constitute a rigorous lower bound for gradient descent. We’ve included additional discussion in the CSQ section of our rebuttal.\n\n> From the proof sketch, I did not understand what is special about $\\lambda = d^{1/4}$.\n\nThis threshold shows up in the computation for the noise term in the SNR after smoothing. We’ve added an additional section in the proof sketch that computes this variance and derives the $\\lambda = d^{1/4}$ threshold. For now, we’ve added this sketch to the “Computing the Variance” section of the general rebuttal. However, we will include it in the proof sketch section of the next revision of our paper.\n\n> I did not understand how you count the sample complexity in the parallel with the CSQ lower bound.\n\nThe key is that each query can be answered with the same $n$ samples. In particular, any SQ algorithm can be implemented with probability $1-\\delta$ with $n \\ge \\tau^{-2} \\log(\\text{queries}/\\delta)$ samples: for every query $q(x,y)$ return $\\frac{1}{n} \\sum_{i=1}^n q(x_i,y_i)$. For fixed $q$ this will be of order $\\sqrt{\\frac{\\log(1/\\delta)}{n}}$ so the result follows from a union bound. As the query complexity only appears through a log and is generally assumed to be polynomially large in $d$, it is often omitted. See the CSQ section in our general rebuttal for additional discussion.\n\n> Eq. below l.259: what does this tensor notation mean?\n\n$M_n$ is defined by taking the $k$ tensor $T$ and iteratively contracting indices until you are left with a vector or a matrix. This is sometimes written using $\\mathrm{Tr}$ notation, for example if $T$ is a 6-tensor then\n$$\nM_n = \\mathrm{Tr}_{(3,4),(5,6)}(T)\n$$\nmeaning that you contract the third/fourth indices and the fifth/sixth indices of $T$ to get a matrix. For our tensor notation, we use $T[A]$ to denote the contraction of $T$ with $A$ along the last $dim(A)$ dimensions of $T$ (Definition 5). In this case $A = I_d^{\\otimes 2}$ is the tensor product of the identity matrix with itself and $M_n = T[A]$. This is the higher dimensional analogue of $M[I] = \\langle M, I \\rangle = \\mathrm{tr}(M)$ when $M$ is a matrix."
        },
        "invitations": [
          "NeurIPS.cc/2023/Conference/Submission6222/Reviewer_mDyK/-/Rebuttal",
          "NeurIPS.cc/2023/Conference/-/Edit"
        ],
        "domain": "NeurIPS.cc/2023/Conference",
        "license": "CC BY 4.0",
        "version": 2
      },
      {
        "id": "UbtCH2g8JH",
        "number": 1,
        "cdate": 1691500200049,
        "tcdate": 1691500200049,
        "mdate": 1703017461698,
        "tmdate": 1703017461698,
        "signatures": [
          "NeurIPS.cc/2023/Conference/Submission6222/Authors"
        ],
        "readers": [
          "everyone"
        ],
        "writers": [
          "NeurIPS.cc/2023/Conference",
          "NeurIPS.cc/2023/Conference/Submission6222/Authors"
        ],
        "forum": "73XPopmbXH",
        "replyto": "AQXjRQn5AC",
        "content": {
          "rebuttal": "We would like to thank the reviewer for the detailed and thoughtful review. Please let us know if you have any further questions or if anything is still unclear.\n\n> experiments are using an analytic formulation of the smoothed loss, based on the hidden knowledge that the link functions (in the experiments) are hermite polynomials. If I understand correctly, this corresponds to an “infinite synthetic sample” setting where the expectation in the smoothed loss is calculated exactly. This wouldn’t impact the sample complexity in terms of querying the true single index model, but it raises a computational question. Is there any reason to suspect that the analysis would change if, say, at every timestep the smoothed loss was approximated empirically with fresh samples drawn from the appropriate subset of the sphere?\n\nThere are two ways to compute the smoothed gradients. The most naive way is to approximate the expectation in $L_\\lambda$ using Monte Carlo. This requires roughly $d^{k^\\star/2}$ draws of z at every step; however, it does not affect the sample complexity.\n\nThe more efficient method is the one that we used for the experiments in section 6. It uses the observation from Lemma 7 that the smoothed gradient is a function of only two parameters: $w \\cdot x$ and $\\|x\\|$. Explicitly, there exists a $g$ such that $\\nabla L_t = g(w \\cdot x, \\|x\\|)$ where the closed form for $g$ follows from Lemma 7. This $g$ can be efficiently numerically computed for any activation function $\\sigma$ in $O(1)$ time. Furthermore, this computation only needs to be done once after which this $g$ can be reused. When $\\sigma$ is a polynomial, this $g$ has a closed form (see Appendix B.3) which we used for the experiments in section 6. We’ve extended Appendix E to include a discussion of the various methods for computing the smoothed gradients."
        },
        "invitations": [
          "NeurIPS.cc/2023/Conference/Submission6222/Reviewer_xzE5/-/Rebuttal",
          "NeurIPS.cc/2023/Conference/-/Edit"
        ],
        "domain": "NeurIPS.cc/2023/Conference",
        "license": "CC BY 4.0",
        "version": 2
      },
      {
        "id": "QySjoaFh6Q",
        "number": 1,
        "cdate": 1691903428807,
        "tcdate": 1691903428807,
        "mdate": 1704272738513,
        "tmdate": 1704272738513,
        "signatures": [
          "NeurIPS.cc/2023/Conference/Submission6222/Reviewer_2zse"
        ],
        "readers": [
          "everyone"
        ],
        "writers": [
          "NeurIPS.cc/2023/Conference",
          "NeurIPS.cc/2023/Conference/Submission6222/Reviewer_2zse"
        ],
        "forum": "73XPopmbXH",
        "replyto": "4ExlKxVUn1",
        "content": {
          "title": "Read Author Rebuttal",
          "comment": "Thank you for your reply. I appreciate the discussion of the variance term, and this would be great to include if there is space. If there is no space, perhaps the authors could include this sketch in the appendix.\n\nYes, I see that GD with square loss is included in CSQ. Perhaps it was not clear in the paper that this was referring to square loss, could the authors specify that?"
        },
        "invitations": [
          "NeurIPS.cc/2023/Conference/Submission6222/-/Official_Comment",
          "NeurIPS.cc/2023/Conference/-/Edit"
        ],
        "domain": "NeurIPS.cc/2023/Conference",
        "license": "CC BY 4.0",
        "version": 2
      },
      {
        "id": "OxRKffuI1J",
        "number": 2,
        "cdate": 1692081261641,
        "tcdate": 1692081261641,
        "mdate": 1704272738467,
        "tmdate": 1704272738467,
        "signatures": [
          "NeurIPS.cc/2023/Conference/Submission6222/Authors"
        ],
        "readers": [
          "everyone"
        ],
        "writers": [
          "NeurIPS.cc/2023/Conference",
          "NeurIPS.cc/2023/Conference/Submission6222/Authors"
        ],
        "forum": "73XPopmbXH",
        "replyto": "QySjoaFh6Q",
        "content": {
          "comment": "Yes – we will update the exposition in Section 4 (Main Results) and we will add reference to a new section in the appendix where we clarify the connection between CSQ and GD with square/correlation loss."
        },
        "invitations": [
          "NeurIPS.cc/2023/Conference/Submission6222/-/Official_Comment",
          "NeurIPS.cc/2023/Conference/-/Edit"
        ],
        "domain": "NeurIPS.cc/2023/Conference",
        "license": "CC BY 4.0",
        "version": 2
      },
      {
        "id": "6p0lNvUzCT",
        "number": 3,
        "cdate": 1692290373146,
        "tcdate": 1692290373146,
        "mdate": 1704272738421,
        "tmdate": 1704272738421,
        "signatures": [
          "NeurIPS.cc/2023/Conference/Submission6222/Reviewer_mDyK"
        ],
        "readers": [
          "everyone"
        ],
        "writers": [
          "NeurIPS.cc/2023/Conference",
          "NeurIPS.cc/2023/Conference/Submission6222/Reviewer_mDyK"
        ],
        "forum": "73XPopmbXH",
        "replyto": "ZuUBb5Ed6N",
        "content": {
          "comment": "I thank the authors for their rebuttal. Two points:\n\n**About the CSQ lower bound**. I now understand better the comparison with the CSQ model; in particular, it is a heuristic comparison. In light of this, many phrasings of the paper seem to be overclaiming. For instance, the claim of \"optimality\" in the title corresponds to a CSQ lower bound, but it is only heuristic. Most of the introduction also hides this important subtlety. Do I understand this correctly?\n\nIt might be possible that this is a widespread confusion in the community. However, I would recommend to be much more explicit about this in the paper, especially for non-expert readers. \n\n**Tensor notation**. I'm not sure I understand. What does it mean to \"contract\" indices? Is there properly defined somewhere in the paper? \n\nAlso, some of my remarks above were left unanswered and could be worth a clarification. "
        },
        "invitations": [
          "NeurIPS.cc/2023/Conference/Submission6222/-/Official_Comment",
          "NeurIPS.cc/2023/Conference/-/Edit"
        ],
        "domain": "NeurIPS.cc/2023/Conference",
        "license": "CC BY 4.0",
        "version": 2
      },
      {
        "id": "yuDauM0Tdp",
        "number": 4,
        "cdate": 1692344190894,
        "tcdate": 1692344190894,
        "mdate": 1704272738388,
        "tmdate": 1704272738388,
        "signatures": [
          "NeurIPS.cc/2023/Conference/Submission6222/Authors"
        ],
        "readers": [
          "everyone"
        ],
        "writers": [
          "NeurIPS.cc/2023/Conference",
          "NeurIPS.cc/2023/Conference/Submission6222/Authors"
        ],
        "forum": "73XPopmbXH",
        "replyto": "6p0lNvUzCT",
        "content": {
          "comment": "We apologize for leaving some remarks unanswered. Please let us know if we missed any additional questions you had or if anything is not clear.\n\n### About the CSQ Lower Bound\n\nWe attempted to make explicit throughout the paper that the lower bound only applies to CSQ algorithms (e.g. lines 6-7 in the abstract and lines 31-32, 52-53 in the introduction). Regarding the claims of optimality, learning single index models falls under the class of problems in which there is a conjectured statistical-computational gap. In particular, the information theoretic lower bound for learning a single index model is $n \\gtrsim d$, independent of $k^\\star$. However, it is widely believed that no computationally efficient algorithm can solve the problem given only $O(d)$ samples for complicated link functions. Similar problems that exhibit a computational-statistical gap are tensor PCA, community detection, sparse PCA, and planted clique [1,2,3,4].\n\nNone of these problems have rigorous lower bounds of the form: no polynomial time algorithm can solve this problem with fewer than $X$ samples. Such rigorous lower bounds are out of reach for current techniques. The strongest lower bounds for such problems generally use either the statistical query, low degree polynomial, or sum-of-squares framework to limit the class of learning algorithms so that a lower bound can be proven. However, it is widely believed that these statistical-computational gaps extend to all computationally efficient algorithms in the presence of mild label noise.\n\nWe will update the introduction to add a discussion of the conjectured computational-statistical gap and to emphasize that $d^{k^\\star/2}$ is the conjectured statistical threshold for this problem among computationally efficient algorithms, although we only prove the lower bound for the class of CSQ algorithms.\n\n[1] Feldman et al., 2012, Statistical Algorithms and a Lower Bound for Detecting Planted Cliques\n\n[2] Diakonikolas & Kane, 2017, Statistical query lower bounds for robust estimation of high-dimensional gaussians and gaussian mixtures\n\n[3] Goel et al., 2020, Statistical-Query Lower Bounds via Functional Gradients\n\n[4] Dudeja & Hsu, 2020, Statistical Query Lower Bounds for Tensor PCA\n\n### Tensor Notation\n\nOur tensor notation is defined in Appendix A – explicitly, if $T$ is a $k$ tensor and $A$ is a $j$ tensor in $d$ dimensions with $j \\le k$ then\n$$\nT[A] = \\sum\\_{i\\_{k-j+1},\\ldots,i\\_k} T\\_{i_1,\\ldots,i\\_k} A\\_{i\\_{k-j+1},\\ldots,i\\_k}\n$$\nThis can also be interpreted as “flattening” $T$ into a $d^{k-j} \\times d^j$ dimensional matrix, flattening $A$ into a $d^j$ dimensional vector, computing the matrix vector product, then “unflattening” the resulting $d^{k-j}$ dimensional vector into a $k-j$ tensor.\n\nDue to space constraints we cannot add Appendix A to the main paper but we will add a sentence in Section 7 that provides a reference to Appendix A for our tensor notation.\n\n### Additional Remarks\n\nDue to the character limit our response overflowed into the next comment."
        },
        "invitations": [
          "NeurIPS.cc/2023/Conference/Submission6222/-/Official_Comment",
          "NeurIPS.cc/2023/Conference/-/Edit"
        ],
        "domain": "NeurIPS.cc/2023/Conference",
        "license": "CC BY 4.0",
        "version": 2
      },
      {
        "id": "b8qbB8xEI0",
        "number": 5,
        "cdate": 1692344208054,
        "tcdate": 1692344208054,
        "mdate": 1704272738337,
        "tmdate": 1704272738337,
        "signatures": [
          "NeurIPS.cc/2023/Conference/Submission6222/Authors"
        ],
        "readers": [
          "everyone"
        ],
        "writers": [
          "NeurIPS.cc/2023/Conference",
          "NeurIPS.cc/2023/Conference/Submission6222/Authors"
        ],
        "forum": "73XPopmbXH",
        "replyto": "yuDauM0Tdp",
        "content": {
          "comment": "### Additional Remarks\n\n> is it a suggestion for better practical performances when learning single-index models, or is it an intermediary results towards proving improved convergence bounds for SGD?\n\nOur original inspiration was to understand how the implicit regularization effects of SGD could lead to better sample complexity guarantees. However, there has also been considerable effort in the community to replace the implicit regularization of minibatch SGD by explicit regularization. We believe that directly smoothing the landscape may provide one such avenue.\n\n> How would an algorithm with $\\lambda = \\infty$  (in the first steps) perform?\n\nAll $\\lambda > d^{1/4}$ should perform equally well in the first few steps. In particular, the SNR should not decrease as you increase $\\lambda$ (while $\\alpha$ is still small). However, once $\\alpha$ is large it is necessary to reduce the smoothing to obtain a good $\\epsilon$ dependence (e.g. $d/\\epsilon$ as in Theorem 1).\n\n> When referring to [1], it is written many times that $d^{k^\\star-1}$ samples are necessary (up to log factors), however my understanding is that this assumes $k^\\star \\ge 2$.\n\nThat is correct, the full sample complexity (including the $\\epsilon$ dependence) is $d^{k^\\star - 1} + d/\\epsilon$. Because our paper focuses on the case $k^\\star > 2$ (lines 137-138) we chose to omit the $d/\\epsilon$ term which captures the convergence rate after SGD has escaped the low SNR regime and $\\alpha \\ge \\Omega(1)$. However, as this changes the sample complexity when $k^\\star = 1$, we will amend the discussion to be correct for any $k^\\star$. In particular, dropping the $\\epsilon$ dependency gives that online SGD succeeds when $n \\gtrsim d^{\\max(1,k^\\star-1)}$ and smoothed online SGD succeeds when $n \\gtrsim d^{\\max(1,k^\\star/2)}$.\n\n> I.86 what is $r$?\n\nThank you for catching that – the cited result applies to multi-index models where $f^\\star(x) = g(x \\cdot u_1,\\ldots,x \\cdot u_r)$ and $r$ is the number of indices. For a single index model, $r = 1$ so the result should just be $n \\gtrsim d^2$. We have corrected this typo.\n\n> Why do you consider the correlation loss rather than the square loss? I think the two would be equivalent; however it is quite unusual to optimize the correlation loss.\n\nBecause our parameters are constrained to the sphere, there is no difference between the correlation and square losses in population. In particular,\n$$\n\\mathbb{E}\\_{x,y}\\left[\\frac{1}{2}(y - f_\\theta(x))^2\\right] = \\mathbb{E}\\_{x,y}\\left[1 - yf_\\theta(x)\\right].\n$$\nThe difference is that the noise structure is changed due to the additional $f_\\theta(x)^2$  term. We believe that if you directly smooth the model, rather than smoothing the loss, our analysis should still go through. However, the correlation loss significantly simplifies the computations.\n\n> Thm 1: maybe it would be good to remind that $w_0 \\cdot w^\\star \\gtrsim d^{-1/2}$ can be guaranteed with probability 1/2.\n\nThank you for the suggestion. We've added this to the discussion immediately after Theorem 1.\n\n> The statement of Thm 1 is a bit confusing. Certainly it is false that all stepsizes satisfying the O(.) bounds do not satisfy the statement (I can take the stepsizes to be 0), but maybe what you mean is that there exists a choice of stepsizes with these bounds that satisfy the statement?\n\nThank you for catching that. We've amended the theorem to read \"There exists a choice of $T_1,\\eta_t$ satisfying ...\""
        },
        "invitations": [
          "NeurIPS.cc/2023/Conference/Submission6222/-/Official_Comment",
          "NeurIPS.cc/2023/Conference/-/Edit"
        ],
        "domain": "NeurIPS.cc/2023/Conference",
        "license": "CC BY 4.0",
        "version": 2
      },
      {
        "id": "7z6jweeoD4",
        "number": 6,
        "cdate": 1692352193273,
        "tcdate": 1692352193273,
        "mdate": 1704272738296,
        "tmdate": 1704272738296,
        "signatures": [
          "NeurIPS.cc/2023/Conference/Submission6222/Reviewer_mDyK"
        ],
        "readers": [
          "everyone"
        ],
        "writers": [
          "NeurIPS.cc/2023/Conference",
          "NeurIPS.cc/2023/Conference/Submission6222/Reviewer_mDyK"
        ],
        "forum": "73XPopmbXH",
        "replyto": "b8qbB8xEI0",
        "content": {
          "comment": "Thank you for your quick follow-up on my response. \n\n**About the CSQ lower bound.** I think that the clarification that you provided here is great and definitely worth putting as early as in the introduction.\n\n**Tensor notation.** Indeed, I had missed the definition in the appendix. This is more clear now. Note that in Definition 5, the sum is missing (or you are using Einstein summation convention, but I didn't see written anywhere, and I don't think most readers are familiar with it). \nAlso, there is a small typo l.433. \n\nThank you also for the other answers.\n\n----------------------\n\nTo sum up, the authors have addressed very well my comments, suggesting appropriate updates when necessary. Thus I wish to keep my grade. "
        },
        "invitations": [
          "NeurIPS.cc/2023/Conference/Submission6222/-/Official_Comment",
          "NeurIPS.cc/2023/Conference/-/Edit"
        ],
        "domain": "NeurIPS.cc/2023/Conference",
        "license": "CC BY 4.0",
        "version": 2
      },
      {
        "id": "9q0SpnVXxm",
        "number": 7,
        "cdate": 1692595481508,
        "tcdate": 1692595481508,
        "mdate": 1704272738257,
        "tmdate": 1704272738257,
        "signatures": [
          "NeurIPS.cc/2023/Conference/Submission6222/Reviewer_68nG"
        ],
        "readers": [
          "everyone"
        ],
        "writers": [
          "NeurIPS.cc/2023/Conference",
          "NeurIPS.cc/2023/Conference/Submission6222/Reviewer_68nG"
        ],
        "forum": "73XPopmbXH",
        "replyto": "3p9zWZm8JR",
        "content": {
          "title": "Thanks for the rebuttal",
          "comment": "Thank you very much to the authors for their detailed response. Regarding the clarification in the general rebuttal, I have confidence in the overall correctness of their proof and would like to increase my score to recommend an accept."
        },
        "invitations": [
          "NeurIPS.cc/2023/Conference/Submission6222/-/Official_Comment",
          "NeurIPS.cc/2023/Conference/-/Edit"
        ],
        "domain": "NeurIPS.cc/2023/Conference",
        "license": "CC BY 4.0",
        "version": 2
      },
      {
        "id": "VT7AErUHBW",
        "number": 1,
        "cdate": 1695318161940,
        "tcdate": 1695318161940,
        "mdate": 1703016599874,
        "tmdate": 1703016599874,
        "signatures": [
          "NeurIPS.cc/2023/Conference/Program_Chairs"
        ],
        "nonreaders": [],
        "readers": [
          "everyone"
        ],
        "writers": [
          "NeurIPS.cc/2023/Conference",
          "NeurIPS.cc/2023/Conference/Program_Chairs"
        ],
        "forum": "73XPopmbXH",
        "replyto": "73XPopmbXH",
        "content": {
          "title": "Paper Decision",
          "decision": "Accept (oral)",
          "comment": "This paper studies the task of learning a single index model, where the covariates follow an isotropic Gaussian distribution. The main goal of the paper is to fill the gap between the sample size complexity of online SGD and CSQ lower bound for learning this model. On the one hand, the existing literature shows that online SGD applied directly to the loss function has a sample complexity of $d^{k^*-1}$. On the other hand, the existing CSQ lower bound shows that $d^{k^*/2}$ samples are necessary to recover the true parameters of the problem. This paper closes this gap in the sample complexity, proving that online SGD applied to the smoothed loss function can recover the true solution with a sample complexity that matches the CSQ lower bound.\n\nFive reviewers have reviewed the paper, and their overall assessment of the paper was extremely positive. I agree with this assessment and believe the paper answers a fundamental and impactful question."
        },
        "invitations": [
          "NeurIPS.cc/2023/Conference/Submission6222/-/Decision",
          "NeurIPS.cc/2023/Conference/-/Edit"
        ],
        "domain": "NeurIPS.cc/2023/Conference",
        "license": "CC BY 4.0",
        "version": 2
      }
    ],
    "directReplies": [
      {
        "id": "AQXjRQn5AC",
        "number": 1,
        "cdate": 1687878306992,
        "tcdate": 1687878306992,
        "mdate": 1702411050926,
        "tmdate": 1702411050926,
        "signatures": [
          "NeurIPS.cc/2023/Conference/Submission6222/Reviewer_xzE5"
        ],
        "nonreaders": [],
        "readers": [
          "everyone"
        ],
        "writers": [
          "NeurIPS.cc/2023/Conference",
          "NeurIPS.cc/2023/Conference/Submission6222/Reviewer_xzE5"
        ],
        "forum": "73XPopmbXH",
        "replyto": "73XPopmbXH",
        "content": {
          "summary": "Summary: The paper closes the gap between the previously established lower bound on learning a single index model with Gaussian inputs, giving a modified learning algorithm that matches the best possible sample complexity.\n",
          "soundness": "4 excellent",
          "presentation": "4 excellent",
          "contribution": "4 excellent",
          "strengths": "Strengths: The alteration to SGD is simple but clever, and the given arguments are quite clear.  I particularly appreciate the proof sketch showing how the choice of smoothing impacts the drift term.  Tightening the gap left by [1] is a considerable contribution.\n\n[1] Arous, Gerard Ben, Reza Gheissari, and Aukosh Jagannath. \"Online stochastic gradient descent on non-convex losses from high-dimensional inference.\" The Journal of Machine Learning Research 22.1 (2021): 4788-4838.\n",
          "weaknesses": "Weaknesses: I may be misunderstanding, but it appears the experiments are using an analytic formulation of the smoothed loss, based on the hidden knowledge that the link functions (in the experiments) are hermite polynomials.  If I understand correctly, this corresponds to an “infinite synthetic sample” setting where the expectation in the smoothed loss is calculated exactly.  This wouldn’t impact the sample complexity in terms of querying the true single index model, but it raises a computational question.  Is there any reason to suspect that the analysis would change if, say, at every timestep the smoothed loss was approximated empirically with fresh samples drawn from the appropriate subset of the sphere?\n",
          "questions": "N/A",
          "limitations": "N/A",
          "flag_for_ethics_review": [
            "No ethics review needed."
          ],
          "rating": "7: Accept: Technically solid paper, with high impact on at least one sub-area, or moderate-to-high impact on more than one areas, with good-to-excellent evaluation, resources, reproducibility, and no unaddressed ethical considerations.",
          "confidence": "3: You are fairly confident in your assessment. It is possible that you did not understand some parts of the submission or that you are unfamiliar with some pieces of related work. Math/other details were not carefully checked.",
          "code_of_conduct": "Yes"
        },
        "invitations": [
          "NeurIPS.cc/2023/Conference/Submission6222/-/Official_Review",
          "NeurIPS.cc/2023/Conference/-/Edit"
        ],
        "domain": "NeurIPS.cc/2023/Conference",
        "license": "CC BY 4.0",
        "version": 2
      },
      {
        "id": "eMjWYg6qko",
        "number": 2,
        "cdate": 1687962749440,
        "tcdate": 1687962749440,
        "mdate": 1702411050854,
        "tmdate": 1702411050854,
        "signatures": [
          "NeurIPS.cc/2023/Conference/Submission6222/Reviewer_mDyK"
        ],
        "nonreaders": [],
        "readers": [
          "everyone"
        ],
        "writers": [
          "NeurIPS.cc/2023/Conference",
          "NeurIPS.cc/2023/Conference/Submission6222/Reviewer_mDyK"
        ],
        "forum": "73XPopmbXH",
        "replyto": "73XPopmbXH",
        "content": {
          "summary": "This paper considers the problem of learning single index models in high dimensions, i.e., functions of a high-dimensional parameter that only depend on a one-dimensional projection of this parameter. This paper is interested in the case where the link function (the function of the one-dimensional projection) is known to the statistician, but the direction of the projection is unknown. \n\nThis paper studies the sample complexity of stochastic gradient descent (SGD). Its contribution is to show that smoothing the gradients allows to take larger stepsizes, and thus improves the sample complexity. The papers draws the connection with similar results for tensor decomposition. Finally, as previous results suggests that SGD has the effect of locally averaging the gradients, the authors present their work as a first step towards improving the sample complexity bounds for SGD. ",
          "soundness": "4 excellent",
          "presentation": "4 excellent",
          "contribution": "3 good",
          "strengths": "This paper is well-written; in particular, the proof sketch does a good job at explaining the technical contributions of the paper. This paper proves rigorously the remarkable phenomenon that smoothing improves the sample complexity. This is a significant steps towards understanding the benefits of stochasticity in SGD.",
          "weaknesses": "There are a few spots where I would like some clarifications, see questions below. ",
          "questions": "*Remarks*\n\n(1) Running Algorithm 1 requires to be able to compute smoothed gradients. Is it easy to compute these? Are there closed-form formulas or do we need to use sampling over $z$? It would be nice to make this explicit as it would help to understand the significance of the results: is it a suggestion for better practical performances when learning single-index models, or is it an intermediary results towards proving improved convergence bounds for SGD?\n\n(2) Could you detail how stochastic gradient descent is a CSQ algorithm? We can show that if we use $n$ samples, then $|\\hat{q} - E_{x,y}[q(x,y)]| \\leq \\tau / n^{1/2}$ w.h.p., but not almost surely, right? Relatedly, you write that $\\tau \\approx n^{-1/2}$ is a \"heuristic\" (l.163), thus how rigorous is the CSQ lower bound? How rigorous are the claims of \"optimality\"?\n\n(3) From the proof sketch, I did not understand what is special about $\\lambda = d^{1/4}$. My intuition is that smoothing with a diverging $\\lambda$ should be very close to smoothing with $\\lambda = \\infty$. How would an algorithm with $\\lambda = \\infty$ (in the first steps) perform?\n\n\n*Minor remarks.*\n\n- When referring to [1], it is written many times that $n \\geq d^{k^*-1}$ samples are necessary (up to log factors), however my understanding is that this assumes $k^* \\geq 2$.\n- l.86: what is $r$?\n- Why do you consider the correlation loss rather than the square loss? I think the two would be equivalent; however it is quite unusual to optimize the correlation loss. \n- Thm 1: maybe it would be good to remind that $w_0 \\cdot w^* \\geq d^{-1/2}$ can be guaranteed with probability 1/2. \n- The statement of Thm 1 is a bit confusing. Certainly it is false that all stepsizes satisfying the O(.) bounds do not satisfy the statement (I can take the stepsizes to be 0), but maybe what you mean is that there exists a choice of stepsizes with these bounds that satisfy the statement? \n- I did not understand how you count the sample complexity in the parallel with the CSQ lower bound. My understanding is that to get one query with precision $n^{-1/2}$, you need $n$ samples. So the total sample complexity should depend on the number $q$ of queries? In light of this, I did not understand l.163-164. \n- Eq. below l.259: what does this tensor notation mean? \n\n\n*Typo.*\n- \"nad\" -> \"and\"",
          "limitations": "N/A",
          "flag_for_ethics_review": [
            "No ethics review needed."
          ],
          "rating": "8: Strong Accept: Technically strong paper, with novel ideas, excellent impact on at least one area, or high-to-excellent impact on multiple areas, with excellent evaluation, resources, and reproducibility, and no unaddressed ethical considerations.",
          "confidence": "4: You are confident in your assessment, but not absolutely certain. It is unlikely, but not impossible, that you did not understand some parts of the submission or that you are unfamiliar with some pieces of related work.",
          "code_of_conduct": "Yes"
        },
        "invitations": [
          "NeurIPS.cc/2023/Conference/Submission6222/-/Official_Review",
          "NeurIPS.cc/2023/Conference/-/Edit"
        ],
        "domain": "NeurIPS.cc/2023/Conference",
        "license": "CC BY 4.0",
        "version": 2
      },
      {
        "id": "4erMDYr5Uh",
        "number": 3,
        "cdate": 1688534396351,
        "tcdate": 1688534396351,
        "mdate": 1702411050779,
        "tmdate": 1702411050779,
        "signatures": [
          "NeurIPS.cc/2023/Conference/Submission6222/Reviewer_2zse"
        ],
        "nonreaders": [],
        "readers": [
          "everyone"
        ],
        "writers": [
          "NeurIPS.cc/2023/Conference",
          "NeurIPS.cc/2023/Conference/Submission6222/Reviewer_2zse"
        ],
        "forum": "73XPopmbXH",
        "replyto": "73XPopmbXH",
        "content": {
          "summary": "This paper studies the sample complexity of learning a single-index function \\sigma(w*^Tx) via SGD on a smoothed correlation loss. The authors show that when k* is the first non-zero Hermite coefficient of \\sigma, with optimally tuned smoothing, defined as averaging the loss over a sphere of radius \\lambda centered at the iterate, the SGD will converge to error epsilon in d^{k*/2} + d/epsilon iterations. This improves over the iteration complexity d^{k* - 1}. This is a tight analysis, since it meets the CSQ lower bound.\n\nThe analysis is based on analyzing a certain signal-to-noise ratio which arises from comparing the alignment of the gradient with the ground truth direction, and the norm of the gradient. The authors show that when the smoothing increases, both of these terms decrease, but the norm decreases more.\n",
          "soundness": "4 excellent",
          "presentation": "4 excellent",
          "contribution": "4 excellent",
          "strengths": "- The paper achieves a significant result which enhances our understanding of SGD and achieves a known lower-bound. \n- The paper is written very clearly in a way that highlights the main analysis techniques in the main body. It is useful that the authors first explain the vanilla SGD and then move on to the smoothed case.\n- The paper explains the connection to related work and particularly Tensor PCA very well.",
          "weaknesses": "- Discussion of the analysis of E[|v|^2] which seems a very key part of the proof is lacking in the main body. If the authors do not have space for many more details, could they include at least some intuition or a simple example (perhaps in low dimension or for a simple sigma?) for why E[|v|^2] has the stated dependence on lambda? And then if would be helpful if there were some pointers to the appendix for where the real proofs of the main steps can be found.\n- The paper only studies the correlation loss which is not frequently used in practice. Could the authors at least state why they use this, and if they believe their techniques would extend to the MSE loss?",
          "questions": "- The authors say in line 81 that the class of CSQ algorithms contains gradient descent. I am not certain this is true? Could the authors include a citation. Or perhaps it requires some qualifications? \n- In line 86, I do not see a definition of r and p.\n- In line 89 could the author explain (or at least define) what they mean by \"ERM\" or point to section 7.2\n- Section 7.2 is somewhat confusing, because it skips from discussion general objectives to the Tensor PCA. The paragraph starting on line 287 is hard to understand (why will GD converge to the expectation over z of the gradient?\n- Line  212 there is a v that should be a z?\n",
          "limitations": "The authors should discuss the limitations of using the correlation loss for learning single index functions. ",
          "flag_for_ethics_review": [
            "No ethics review needed."
          ],
          "rating": "8: Strong Accept: Technically strong paper, with novel ideas, excellent impact on at least one area, or high-to-excellent impact on multiple areas, with excellent evaluation, resources, and reproducibility, and no unaddressed ethical considerations.",
          "confidence": "4: You are confident in your assessment, but not absolutely certain. It is unlikely, but not impossible, that you did not understand some parts of the submission or that you are unfamiliar with some pieces of related work.",
          "code_of_conduct": "Yes"
        },
        "invitations": [
          "NeurIPS.cc/2023/Conference/Submission6222/-/Official_Review",
          "NeurIPS.cc/2023/Conference/-/Edit"
        ],
        "domain": "NeurIPS.cc/2023/Conference",
        "license": "CC BY 4.0",
        "version": 2
      },
      {
        "id": "vkJxiRflXC",
        "number": 4,
        "cdate": 1689039595227,
        "tcdate": 1689039595227,
        "mdate": 1702411050689,
        "tmdate": 1702411050689,
        "signatures": [
          "NeurIPS.cc/2023/Conference/Submission6222/Reviewer_68nG"
        ],
        "nonreaders": [],
        "readers": [
          "everyone"
        ],
        "writers": [
          "NeurIPS.cc/2023/Conference",
          "NeurIPS.cc/2023/Conference/Submission6222/Reviewer_68nG"
        ],
        "forum": "73XPopmbXH",
        "replyto": "73XPopmbXH",
        "content": {
          "summary": "This paper aims to fill the gap between the sample size complexity of online SGD and CSQ lower bound for learning a single index model. Inspired by implicit regularization of minibatch SGD, the authors show that online SGD on a smoothed correlation loss only needs sample size $n=\\Omega(d^{k^*/2})$ to efficiently learn the feature direction. This smoothed loss helps us to avoid poor local minima of previous unsmoothed loss which reduces the number of samples for learning a single index model and also matches the CSQ lower bound. The authors also present a connection with a partial trace algorithm for tensor PCA.",
          "soundness": "3 good",
          "presentation": "3 good",
          "contribution": "3 good",
          "strengths": "Overall, I found the paper well-written and easy to follow. The proof sketch in Section 5 provides a clear relation among SNR of the feature alignment, the smoothed loss, and sample complexity. The paper presents many interesting insights into bridging between smoothed loss landscape and sample complexity. I believe this paper will further help us to understand the training dynamics of minibatch SGD for learning a single-index model in future work.",
          "weaknesses": "The main concern is the CSQ lower bound. The gradient-based algorithm for correlation loss is a correlation statistical query learner. But can gradient descent of square loss be fully described by correlation statistical query? There should be some additional term in gradient descent of square loss which is not a correlation query. It would be better to have a clarification on this problem.",
          "questions": "1. [Tan and Vershynin, 2019] also studied phase retrieval via online SGD and got a sharp bound similar to [1].\n2. How about the misspecification case when the link target function is different from the activation function? Most of the analysis in Section 5 still works well in this case.\n3. Footnote 1 on page 3: you should mention $T_w$ is the tangent space at $w$.\n4. Line 125: typo $He_0(x)=1$.\n5. Line 178: should it be $v_t\\perp w_t$? In the analysis below Line 178, how do we ensure that the gradient norm $||v_t||=O(1)$?\n6. Line 212, should it be $z\\perp w$?\n7. Equations below Lines 212 and 214, index $k$ should be changed into $k^*$.\n8. In Section 6, for the experiments, how do you choose the batch size and learning rate? And in Figure 2, if we use the square loss for minibatch SGD training, do we need a larger sample size? It would be better to compare these two cases in the simulation to visualize the difference.\n9. Line 433, typo\n10. Maybe you should provide references for Lemmas 4 and 5 in Section A.2. Similar to the equation below Line 272, you should distinguish Hermite polynomial and Hermite tensor in the multivariate case.\n11. In Lemma 7, you should explain the notion $z\\sim\\mathbb{S}^{d-2}$ and its relationship with $z_1$. Or use $\\text{Unif}(\\mathbb{S}^{d-2})$. Is $z_1$ the first entry of vector $z$? Similar issue for Lemma 25.\n12. Equation below Line 537: should be $\\nabla_w L_\\lambda (w)$\n13. Lemma 14, what is $\\mathbb{E}_{\\mathcal{B}}$?\n14. Below Line 692, what is $m$? It should be $q$ in Theorem 2.\n15. Equation below Line 726, $z$ in the integral should be $z_1$.\n\n=====================================================================================================\n- Tan, Y.S. and Vershynin, R., 2019. Online stochastic gradient descent with arbitrary initialization solves non-smooth, non-convex phase retrieval. arXiv preprint arXiv:1910.12837.",
          "limitations": "The limitations of the work are well addressed by the authors. I do not believe this work has any particular negative social impact.",
          "flag_for_ethics_review": [
            "No ethics review needed."
          ],
          "rating": "7: Accept: Technically solid paper, with high impact on at least one sub-area, or moderate-to-high impact on more than one areas, with good-to-excellent evaluation, resources, reproducibility, and no unaddressed ethical considerations.",
          "confidence": "4: You are confident in your assessment, but not absolutely certain. It is unlikely, but not impossible, that you did not understand some parts of the submission or that you are unfamiliar with some pieces of related work.",
          "code_of_conduct": "Yes"
        },
        "invitations": [
          "NeurIPS.cc/2023/Conference/Submission6222/-/Official_Review",
          "NeurIPS.cc/2023/Conference/-/Edit"
        ],
        "domain": "NeurIPS.cc/2023/Conference",
        "license": "CC BY 4.0",
        "version": 2
      },
      {
        "id": "jC4bhSZs0X",
        "number": 1,
        "cdate": 1691498401506,
        "tcdate": 1691498401506,
        "mdate": 1704275145665,
        "tmdate": 1704275145665,
        "signatures": [
          "NeurIPS.cc/2023/Conference/Submission6222/Authors"
        ],
        "readers": [
          "everyone"
        ],
        "writers": [
          "NeurIPS.cc/2023/Conference",
          "NeurIPS.cc/2023/Conference/Submission6222/Authors"
        ],
        "forum": "73XPopmbXH",
        "replyto": "73XPopmbXH",
        "content": {
          "rebuttal": "We would like to thank the reviewers for their detailed and thoughtful reviews. We’ve addressed the most common questions in this rebuttal section.\n\n## On the CSQ lower bound\n\nThe connection between the CSQ framework and gradient descent with square loss is that GD only interacts with the labels $y$ through correlational queries. For example if the model is $f_\\theta$, the gradient is equal to $$\\nabla L(w;x,y) = (f_\\theta(x) - \\underbrace{y)\\nabla f_\\theta(x)}_{\\text{query}}.$$\nThe other term in the gradient only depends on the distribution of $x \\sim N(0,I_d)$ which is known so it does not enter the sample complexity. However, we emphasize that this connection is only heuristic as the errors in GD are random while the errors in the SQ/CSQ framework are adversarial. However, such SQ/CSQ bounds have been commonly used to argue the existence of statistical-computational gaps in various learning problems [1,2,3,4].\n\n[1] Feldman et al., 2012, Statistical Algorithms and a Lower Bound for Detecting Planted Cliques\n\n[2] Diakonikolas & Kane, 2017, Statistical query lower bounds for robust estimation of high-dimensional gaussians and gaussian mixtures\n\n[3] Goel et al., 2020, Statistical-Query Lower Bounds via Functional Gradients\n\n[4] Dudeja & Hsu, 2020, Statistical Query Lower Bounds for Tensor PCA\n\n## Computing the Variance and why we need $\\lambda \\le d^{1/4}$.\n\nWe originally omitted the variance calculation due to space constraints but as this is a crucial part of the proof sketch, we’ve added a brief sketch for the $\\lambda$ dependence. This is also the part of the proof that introduces the fundamental constraint $\\lambda \\le d^{1/4}$ which is crucial for the final sample complexity. Here is the sketch:\n\nRecall that $L_\\lambda(w;x,y) = 1-y\\sigma(w \\cdot x)$. Differentiating through the smoothing operator gives:\n$$\n\t\\nabla_w L_\\lambda(w;x,y)\n\t= -y \\nabla_w~ \\mathcal{L}\\_\\lambda(\\sigma(w \\cdot x)) \\approx \\lambda^{-1} x \\mathcal{L}\\_\\lambda(\\sigma'(w \\cdot x)).\n$$\nWe have that $y = O(1)$ and $\\|x\\| = O(\\sqrt{d})$ so it suffices to bound $\\mathcal{L}\\_\\lambda(\\sigma'(w \\cdot x))$. The variance of this term is equal to:\n$$\n\t\\mathbb{E}\\_{x}[\\mathcal{L}\\_\\lambda(\\sigma'(w \\cdot x))^2] = \\mathbb{E}\\_x \\left[ \\mathbb{E}\\_{z \\sim \\mu\\_w} \\left[\\sigma'\\left(\\frac{w + \\lambda z}{\\sqrt{1 + \\lambda^2}} \\cdot x\\right)\\right]^2\\right].\n$$\nTo compute this expectation, we will create an i.i.d. copy $z'$ of $z$ and rewrite this expectation as:\n$$\n\t\\mathbb{E}\\_{x}[\\mathcal{L}\\_\\lambda(\\sigma'(w \\cdot x))^2] = \\mathbb{E}\\_x\\left[\\mathbb{E}\\_{z,z' \\sim \\mu\\_w}\\left[\\sigma'\\left(\\frac{w + \\lambda z}{\\sqrt{1 + \\lambda^2}} \\cdot x\\right)\\sigma'\\left(\\frac{w + \\lambda z'}{\\sqrt{1 + \\lambda^2}} \\cdot x\\right)\\right]\\right].\n$$\nNow we can swap the expectations and compute the expectation with respect to $x$ first using the Hermite expansion of $\\sigma$. As the first nonzero Hermite coefficient of $\\sigma'$ is $k^\\star - 1$, this variance is approximately equal to the correlation between $\\frac{w + \\lambda z}{\\sqrt{1 + \\lambda^2}}$ and $\\frac{w + \\lambda z'}{\\sqrt{1 + \\lambda^2}}$ raised to the $k^\\star-1$ power:\n$$\n\t\\mathbb{E}\\_{x}[\\mathcal{L}\\_\\lambda(\\sigma'(w \\cdot x))^2] \\approx\n\t\\mathbb{E}\\_{z,z' \\sim \\mu_w}\\left[\\left(\n\t\t\\frac{w + \\lambda z}{\\sqrt{1 + \\lambda^2}} \\cdot \\frac{w + \\lambda z'}{\\sqrt{1 + \\lambda^2}}\n\t\\right)^{k^\\star-1}\\right]\n\t= \\mathbb{E}\\_{z,z' \\sim \\mu\\_w}\\left[\\left(\\frac{1 + \\lambda^2 z \\cdot z'}{1 + \\lambda^2}\\right)^{k^\\star-1}\\right]\n$$\nAs $z,z'$ are random unit vectors, their inner product is order $d^{-1/2}$. Therefore when $\\lambda \\le d^{1/4}$, the first term in the numerator is dominant while when $\\lambda \\ge d^{1/4}$, the second term is dominant. Combining these regimes gives that the variance is of order $\\min(\\lambda,d^{1/4})^{k^\\star-1}$ which motivates our optimal choice of $\\lambda = d^{1/4}$. Combining this with the fact that $y = O(1)$ and $\\|x\\| = O(\\sqrt{d})$ gives that the gradient of the smoothed loss has variance $d\\lambda^{-2k^\\star}$ for $\\lambda \\le d^{1/4}$."
        },
        "invitations": [
          "NeurIPS.cc/2023/Conference/Submission6222/-/Author_Rebuttal",
          "NeurIPS.cc/2023/Conference/-/Edit"
        ],
        "domain": "NeurIPS.cc/2023/Conference",
        "license": "CC BY 4.0",
        "version": 2
      },
      {
        "id": "VT7AErUHBW",
        "number": 1,
        "cdate": 1695318161940,
        "tcdate": 1695318161940,
        "mdate": 1703016599874,
        "tmdate": 1703016599874,
        "signatures": [
          "NeurIPS.cc/2023/Conference/Program_Chairs"
        ],
        "nonreaders": [],
        "readers": [
          "everyone"
        ],
        "writers": [
          "NeurIPS.cc/2023/Conference",
          "NeurIPS.cc/2023/Conference/Program_Chairs"
        ],
        "forum": "73XPopmbXH",
        "replyto": "73XPopmbXH",
        "content": {
          "title": "Paper Decision",
          "decision": "Accept (oral)",
          "comment": "This paper studies the task of learning a single index model, where the covariates follow an isotropic Gaussian distribution. The main goal of the paper is to fill the gap between the sample size complexity of online SGD and CSQ lower bound for learning this model. On the one hand, the existing literature shows that online SGD applied directly to the loss function has a sample complexity of $d^{k^*-1}$. On the other hand, the existing CSQ lower bound shows that $d^{k^*/2}$ samples are necessary to recover the true parameters of the problem. This paper closes this gap in the sample complexity, proving that online SGD applied to the smoothed loss function can recover the true solution with a sample complexity that matches the CSQ lower bound.\n\nFive reviewers have reviewed the paper, and their overall assessment of the paper was extremely positive. I agree with this assessment and believe the paper answers a fundamental and impactful question."
        },
        "invitations": [
          "NeurIPS.cc/2023/Conference/Submission6222/-/Decision",
          "NeurIPS.cc/2023/Conference/-/Edit"
        ],
        "domain": "NeurIPS.cc/2023/Conference",
        "license": "CC BY 4.0",
        "version": 2
      }
    ],
    "signatures": []
  }
}