{
  "id": "Kv8GJkV19S",
  "number": 14165,
  "cdate": 1683824666127,
  "tcdate": 1683824666127,
  "mdate": 1698949787660,
  "tmdate": 1698949787660,
  "signatures": [
    "NeurIPS.cc/2023/Conference/Submission14165/Authors"
  ],
  "readers": [
    "everyone"
  ],
  "writers": [
    "NeurIPS.cc/2023/Conference",
    "NeurIPS.cc/2023/Conference/Submission14165/Authors"
  ],
  "forum": "Kv8GJkV19S",
  "content": {
    "title": "Tester-Learners for Halfspaces: Universal Algorithms",
    "authors": [
      "Aravind Gollakota",
      "Adam Klivans",
      "Konstantinos Stavropoulos",
      "Arsen Vasilyan"
    ],
    "authorids": [
      "~Aravind_Gollakota1",
      "~Adam_Klivans1",
      "~Konstantinos_Stavropoulos1",
      "~Arsen_Vasilyan1"
    ],
    "keywords": [
      "testable learning",
      "pac learning",
      "agnostic learning",
      "Massart label noise",
      "adversarial label noise",
      "distribution testing"
    ],
    "abstract": "We give the first tester-learner for halfspaces that succeeds universally over a wide class of structured distributions. Our universal tester-learner runs in fully polynomial time and has the following guarantee: the learner achieves error $O(\\mathrm{opt}) + \\epsilon$ on any labeled distribution that the tester accepts, and moreover, the tester accepts whenever the marginal is any distribution that satisfies a Poincare inequality. In contrast to prior work on testable learning, our tester is not tailored to any single target distribution but rather succeeds for an entire target class of distributions. The class of Poincare distributions includes all strongly log-concave distributions, and, assuming the Kannan--Lovasz--Simonovits (KLS) conjecture, includes all log-concave distributions. In the special case where the label noise is known to be Massart, our tester-learner achieves error $\\mathrm{opt} + \\epsilon$ while accepting all log-concave distributions unconditionally (without assuming KLS).\nOur tests rely on checking hypercontractivity of the unknown distribution using a sum-of-squares (SOS) program, and crucially make use of the fact that Poincare distributions are certifiably hypercontractive in the SOS framework.",
    "venue": "NeurIPS 2023 oral",
    "venueid": "NeurIPS.cc/2023/Conference",
    "pdf": "/pdf/60d1fa250f7381027b1c366c889919a927efca7f.pdf",
    "_bibtex": "@inproceedings{\ngollakota2023testerlearners,\ntitle={Tester-Learners for Halfspaces: Universal Algorithms},\nauthor={Aravind Gollakota and Adam Klivans and Konstantinos Stavropoulos and Arsen Vasilyan},\nbooktitle={Thirty-seventh Conference on Neural Information Processing Systems},\nyear={2023},\nurl={https://openreview.net/forum?id=Kv8GJkV19S}\n}",
    "paperhash": "gollakota|testerlearners_for_halfspaces_universal_algorithms"
  },
  "invitations": [
    "NeurIPS.cc/2023/Conference/-/Submission",
    "NeurIPS.cc/2023/Conference/-/Post_Submission",
    "NeurIPS.cc/2023/Conference/Submission14165/-/Revision",
    "NeurIPS.cc/2023/Conference/-/Edit",
    "NeurIPS.cc/2023/Conference/Submission14165/-/Camera_Ready_Revision"
  ],
  "domain": "NeurIPS.cc/2023/Conference",
  "pdate": 1695326148106,
  "odate": 1698949787649,
  "version": 2,
  "details": {
    "writable": false,
    "tags": [],
    "replyCount": 11,
    "directReplyCount": 5,
    "replies": [
      {
        "id": "W9BSJo9aKd",
        "number": 1,
        "cdate": 1688520968747,
        "tcdate": 1688520968747,
        "mdate": 1702411465696,
        "tmdate": 1702411465696,
        "signatures": [
          "NeurIPS.cc/2023/Conference/Submission14165/Reviewer_eYN2"
        ],
        "nonreaders": [],
        "readers": [
          "everyone"
        ],
        "writers": [
          "NeurIPS.cc/2023/Conference",
          "NeurIPS.cc/2023/Conference/Submission14165/Reviewer_eYN2"
        ],
        "forum": "Kv8GJkV19S",
        "replyto": "Kv8GJkV19S",
        "content": {
          "summary": "This work studies the problem of designing tester-learners for halfspaces in the agnostic setting and under Massart noise. In the setting of tester-learners, we do not make distributional assumptions on our samples, but rather require that our algorithm produces an accurate output whenever the input satisfies a sequence of efficiently computable tests. Further, if the samples actually come from a specific target distribution, it is required that the tests pass with high probability.\n\nPrevious tester-learners for noisy halfspaces used tests tailored towards a *specific* distribution, e.g., a specific strongly log-concave distribution. As a consequence, these testers might reject samples from a different strongly log-concave distribution although algorithmically it would have been possible to learn the underlying halfspace. The authors propose a tester which simultaneously accepts for all Poincaré distributions that satisfy some natural niceness conditions. This class includes all isotropic strongly log-concave distributions. When their tester accepts, the tester-learner outputs a halfspace achieving error $O(\\mathrm{opt}) + \\varepsilon$, where $\\mathrm{opt}$ is the error of the optimal halfspace on the distribution of the input. For the Massart setting they can handle all isotropic log-concave distributions and achieve error $\\mathrm{opt} + \\varepsilon$.\n\nThe authors argue that previous works were inherently limited to work with only a single distribution since they were matching moments with this specific distribution. In their work, they overcome this issue by only checking the actual properties they need in the proof of accuracy which are not tied to any specific distribution.",
          "soundness": "3 good",
          "presentation": "3 good",
          "contribution": "3 good",
          "strengths": "In my eyes, designing tester learners which simultaneously accept for a large class of distribution is an important step for bringing the framework of testable learning closer to practice. The motivation for testable learning was that designing algorithms that only work under specific distributional assumptions has little value in practice since likely these assumptions will not be met. Thus, we would at least like to know if we can trust the output of our algorithm when we run it on actual data or not. While previous tester-learners did have this benefit, it seems that the proposed testers \"overfit\" to specific distributions. However, the chances that real world data comes from any specific distribution are rather small. Thus, providing testers which work for larger classes of distributions is an important step.\n\nOn a technical level, their tester has a natural explanation that I like: It simply checks the properties that are need in the proof in the non-testable setting. Further, the paper is very well-written (except the point below).",
          "weaknesses": "I feel that the technical overview that the authors provide might be hard to understand if the reader is not familiar with the arguments in previous work or at least the general area. It would be nice if it could be adjusted slightly to make it more accessible to a wider audience.\n\nAlso, specifically for the agnostic setting, it would be useful to compare your approximation factor to (a) testable learners that only work for one specific (or a more restricted class of distributions) and (b) non-testable learners for the same distribution class you consider.",
          "questions": "Related to the above: In the agnostic setting, your error bound scales as $\\mathrm{poly}(\\lambda) (1+\\gamma^4) \\mathrm{opt} + \\varepsilon$, where $\\lambda$ is the niceness parameter of the marginal distribution and $\\gamma$ the Poincaré constant. How does this compare to the non-testable learning error?",
          "limitations": "Limitations were addressed appropriately.",
          "flag_for_ethics_review": [
            "No ethics review needed."
          ],
          "rating": "7: Accept: Technically solid paper, with high impact on at least one sub-area, or moderate-to-high impact on more than one areas, with good-to-excellent evaluation, resources, reproducibility, and no unaddressed ethical considerations.",
          "confidence": "3: You are fairly confident in your assessment. It is possible that you did not understand some parts of the submission or that you are unfamiliar with some pieces of related work. Math/other details were not carefully checked.",
          "code_of_conduct": "Yes"
        },
        "invitations": [
          "NeurIPS.cc/2023/Conference/Submission14165/-/Official_Review",
          "NeurIPS.cc/2023/Conference/-/Edit"
        ],
        "domain": "NeurIPS.cc/2023/Conference",
        "license": "CC BY 4.0",
        "version": 2
      },
      {
        "id": "s8BIfIwM5l",
        "number": 2,
        "cdate": 1688536691268,
        "tcdate": 1688536691268,
        "mdate": 1702411465603,
        "tmdate": 1702411465603,
        "signatures": [
          "NeurIPS.cc/2023/Conference/Submission14165/Reviewer_EFhK"
        ],
        "nonreaders": [],
        "readers": [
          "everyone"
        ],
        "writers": [
          "NeurIPS.cc/2023/Conference",
          "NeurIPS.cc/2023/Conference/Submission14165/Reviewer_EFhK"
        ],
        "forum": "Kv8GJkV19S",
        "replyto": "Kv8GJkV19S",
        "content": {
          "summary": "The paper develops a tester-learner for halfspaces in the recently proposed testable learning framework of [RV23]. A recent work [GKSV23] had studied the same problem and proposed tester-learners for halfspaces with Massart noise and in the agnostic setting, for any particular strongly-log concave distribution. This work qualitatively improves upon [GKSV23] by developing a tester-learner for a class of strongly log-concave distributions rather than a fixed strongly log-concave distribution, and also provides better algorithmic complexity for the agnostic case. In fact, this work captures $\\gamma$-Poincare distributions which contain strongly log-concave distributions and under the [KLS95] conjecture also all log-concave distributions. In the Massart noise case, their algorithm works for log-concave distributions unconditionally.\n While following the recently developed approach (and used by [GKSV23]) of non-convex SGD for learning halfspaces over certain good distributions, this paper does a more careful analysis of the gradient lower bound leading to the requirement of a certain hypercontractivity property (which holds for Poincare distributions). The paper uses techniques for previous work [KS17] to show that sum-of-squares (SoS) SDP can be used to certify this hypercontractivity which is a main technical novelty.\n",
          "soundness": "3 good",
          "presentation": "3 good",
          "contribution": "2 fair",
          "strengths": "The paper proves better and qualitatively more general and stronger bounds for testable learning of halfspaces over a general class of distributions. The technical contributions - the use of properties of Poincare distributions and using SoS to certify hypercontractivity -  are interesting and novel in the context of this problem, and provide for universal tester-learners. The paper is well written and effectively conveys its main contributions and the techniques used. Overall, the paper is technically solid.",
          "weaknesses": "The paper follows the same roadmap of [GKSV23] with better analysis and a new tester (based on previous work [KS17]) for hypercontractivity, and in that sense feels somewhat incremental. The results are also moderate improvements and generalizations of previous results and not entirely unexpected. ",
          "questions": "1. It may be helpful to clarify why the main Theorem 4.1 also captures log-concave distributions unconditionally for the case with Massart noise, while only capturing strongly log-concave distributions in the agnostic setting. \n\n2. Is it clear that the previous work of [GKSV23] cannot be tweaked (e.g. by discretizing the space of the vector of moments to be matched) to work for the class of strongly log-concave distributions? \n",
          "limitations": "Yes",
          "flag_for_ethics_review": [
            "No ethics review needed."
          ],
          "rating": "6: Weak Accept: Technically solid, moderate-to-high impact paper, with no major concerns with respect to evaluation, resources, reproducibility, ethical considerations.",
          "confidence": "3: You are fairly confident in your assessment. It is possible that you did not understand some parts of the submission or that you are unfamiliar with some pieces of related work. Math/other details were not carefully checked.",
          "code_of_conduct": "Yes"
        },
        "invitations": [
          "NeurIPS.cc/2023/Conference/Submission14165/-/Official_Review",
          "NeurIPS.cc/2023/Conference/-/Edit"
        ],
        "domain": "NeurIPS.cc/2023/Conference",
        "license": "CC BY 4.0",
        "version": 2
      },
      {
        "id": "QwKUDStVtP",
        "number": 3,
        "cdate": 1688715141964,
        "tcdate": 1688715141964,
        "mdate": 1702411465484,
        "tmdate": 1702411465484,
        "signatures": [
          "NeurIPS.cc/2023/Conference/Submission14165/Reviewer_9R84"
        ],
        "nonreaders": [],
        "readers": [
          "everyone"
        ],
        "writers": [
          "NeurIPS.cc/2023/Conference",
          "NeurIPS.cc/2023/Conference/Submission14165/Reviewer_9R84"
        ],
        "forum": "Kv8GJkV19S",
        "replyto": "Kv8GJkV19S",
        "content": {
          "summary": "The paper proposes the first tester-learner for learning the class of halfspaces universally over a class of strongly log-concave distributions (or the class of all log-concave distributions under the KLS assumption). Unlike prior works that crucially rely on testing a specific given marginal distribution while rejecting other well-behaved distributions, the proposed algorithm can accept the marginal distribution as long as it is in the family $\\mathcal{D}$. The proposed algorithm is motivated by the tester-learner using non-convex SGD [GKSV23] but with a more careful analysis on the anti-concentration property. The algorithm is powered by the SOS program to check the hypercontractivity of the desired random variable $Z$ that exhibits certain anti-concentration properties, which is known suffices for identifying the Poincare distributions ([KS17]).\n",
          "soundness": "4 excellent",
          "presentation": "4 excellent",
          "contribution": "4 excellent",
          "strengths": "Designing provable tester-learners addresses the issue that traditional learning algorithms crucially rely on distribution assumptions which could be stringent in practice, which is of importance both from the practical and theoretical sides. This paper proposes the first tester-learner that universally accepts any distribution from a broad family of distributions that satisfy a Poincare inequality, largely generalizing those algorithms that only accepts a certain distribution. The technical contribution lies in identifying the Poincare distributions by applying SoS framework to certify a hypercontractive property of the constructed random variable, which generalizes the known results for standard Gaussian to distributions with weak anti-concentration properties. The technique could be of independent interest for testable weak anti-concentration.\n",
          "weaknesses": "From the technical side, the SoS program for checking the hypercontractive already exists in [KS17]. The contrition of this paper is more on the application side of such a framework on the problem of testing-learning halfspaces with additional assumptions of certain concentration and anti-concentration. That being said, it is a novel application of such a framework given that it solves a very interesting and important problem.\n",
          "questions": "While Massart noise is considered in this paper, is it possible to directly apply the techniques to other more challenging types of noise? ",
          "limitations": "No concerns.",
          "flag_for_ethics_review": [
            "No ethics review needed."
          ],
          "rating": "8: Strong Accept: Technically strong paper, with novel ideas, excellent impact on at least one area, or high-to-excellent impact on multiple areas, with excellent evaluation, resources, and reproducibility, and no unaddressed ethical considerations.",
          "confidence": "3: You are fairly confident in your assessment. It is possible that you did not understand some parts of the submission or that you are unfamiliar with some pieces of related work. Math/other details were not carefully checked.",
          "code_of_conduct": "Yes"
        },
        "invitations": [
          "NeurIPS.cc/2023/Conference/Submission14165/-/Official_Review",
          "NeurIPS.cc/2023/Conference/-/Edit"
        ],
        "domain": "NeurIPS.cc/2023/Conference",
        "license": "CC BY 4.0",
        "version": 2
      },
      {
        "id": "pPqJtq4U0w",
        "number": 4,
        "cdate": 1688751305232,
        "tcdate": 1688751305232,
        "mdate": 1702411465355,
        "tmdate": 1702411465355,
        "signatures": [
          "NeurIPS.cc/2023/Conference/Submission14165/Reviewer_AEBD"
        ],
        "nonreaders": [],
        "readers": [
          "everyone"
        ],
        "writers": [
          "NeurIPS.cc/2023/Conference",
          "NeurIPS.cc/2023/Conference/Submission14165/Reviewer_AEBD"
        ],
        "forum": "Kv8GJkV19S",
        "replyto": "Kv8GJkV19S",
        "content": {
          "summary": "Learning halfspaces is a very well studied problem in machine learning. In the agnostic (adversarial label noise) and distribution free setting, this problem has been known to be computationally intractable. As a result, there have been several works of agnostic learning in distribution specific settings (where the marginal distribution belongs to a particular family of distributions, say Gaussian or log-concave). In this scenario, the learner has an error of the form $OPT + \\epsilon$, where OPT denotes the optimal 0-1 error. This however has complexity $d^{1/\\epsilon^2}$, and the exponential dependency on $1/\\epsilon$ is tight. This motivates the designing of learning algorithms that have better sample complexity with respect to $1/\\epsilon$, whereas the error becomes $f(OPT) + \\epsilon$ for some function f.\n\nOften these works use a single distribution as the target marginal distribution. In this work, the authors studied this problem with respect to a set of marginal distributions (Universal testable learning, Definition 1.1). The authors studied this problem in the newly introduced Testable learning framework  by Rubinfeld and Vasilyan. Here the goal is if the tester accepts, then with high probability the output of the learning is close to some function of OPT, and if the data satisfies the distributional assumptions, the algorithm accepts with high probability.\n\nHere the authors design a universal tester learner for Halfspaces with respect to distributions with bounded Poincare constant (Definition 2.4) and concentration and anti-concentration properties (Definition 2.1) in Theorem 1.2. Moreover, this class of distributions contains strongly log-concave distributions, and assuming Kannan–Lovasz–Simonovits (KLS) conjecture, contains all log-concave distributions (Definition 2.2-2.6). Later in theorem 1.3, they design a universal tester learner for Halfspaces with Massart noise (the labels are flipped by an adversary with probability $\\eta <1/2$).\n\nSome previous and concurrent works for single distribution D^* assumption use approximate moment matching techniques, where the algorithm tests if the low moments of the input distribution D approximately matches with that of D^*. However it is not clear if this same approach can be applied for a collection of distributions. This has also been discussed in the introduction.\n\nThe authors first design testers for testing bounded disagreement (Lemma 3.1) and of testing anti-concentration properties (Lemma 3.2) which uses a tester for testing hypercontrctivity. It is known that any distribution $D$ with bounded Poincare constant is hypercontractive in Sum-of-Squares (SOS) framework. Thus the authors run a polynomial time semidefinite program for the later purpose. Next in Section 4, the authors design the final tester (Theorem 4.1). They use a surrogate loss minimization technique for the surrogate loss function defined in Equation 4.1. The main idea is that stationary points of surrogate loss are close to some optimal vector corresponding to the halfspace (the related lemma is Lemma 4.3). Lemma 4.3 contains bounds for both Massart and adversarial noise settings.\n\nIt would be interesting if tester-learners can be designed for function classes other than halfspaces. The authors also discusses this at the end of Section 1.\n",
          "soundness": "4 excellent",
          "presentation": "3 good",
          "contribution": "4 excellent",
          "strengths": "Overall this is a nice result which generalizes several previous works designed for a single marginal distribution assumption and studies for the setting of a collection of marginal distributions. ",
          "weaknesses": "What is the usefulness of the tester-learner model in real life applications. ",
          "questions": "None",
          "limitations": "It would be interesting if tester-learners can be designed for function classes other than halfspaces. The authors also discusses this at the end of Section 1.",
          "flag_for_ethics_review": [
            "No ethics review needed."
          ],
          "rating": "8: Strong Accept: Technically strong paper, with novel ideas, excellent impact on at least one area, or high-to-excellent impact on multiple areas, with excellent evaluation, resources, and reproducibility, and no unaddressed ethical considerations.",
          "confidence": "4: You are confident in your assessment, but not absolutely certain. It is unlikely, but not impossible, that you did not understand some parts of the submission or that you are unfamiliar with some pieces of related work.",
          "code_of_conduct": "Yes"
        },
        "invitations": [
          "NeurIPS.cc/2023/Conference/Submission14165/-/Official_Review",
          "NeurIPS.cc/2023/Conference/-/Edit"
        ],
        "domain": "NeurIPS.cc/2023/Conference",
        "license": "CC BY 4.0",
        "version": 2
      },
      {
        "id": "3S6czpseBb",
        "number": 1,
        "cdate": 1691612259484,
        "tcdate": 1691612259484,
        "mdate": 1703018517987,
        "tmdate": 1703018517987,
        "signatures": [
          "NeurIPS.cc/2023/Conference/Submission14165/Authors"
        ],
        "readers": [
          "everyone"
        ],
        "writers": [
          "NeurIPS.cc/2023/Conference",
          "NeurIPS.cc/2023/Conference/Submission14165/Authors"
        ],
        "forum": "Kv8GJkV19S",
        "replyto": "QwKUDStVtP",
        "content": {
          "rebuttal": "We wish to thank the anonymous reviewer for their feedback and for appreciating our work!\n\nThe reviewer is right that it is an interesting open question whether our techniques can be applied to achieve optimal guarantees (i.e., $\\mathrm{opt}+\\epsilon$) for testably learning halfspaces when the noise model is more challenging than Massart. We believe that such results could conceivably be accomplished by future work for other types of noise, e.g., for Tsybakov noise (by adapting Proposition 4.2). But as the reviewer is likely aware, at least under adversarial noise (where we achieve $O(\\mathrm{opt})+\\epsilon$), there is evidence (e.g. see [1], [2], [3], [4]) that achieving optimal guarantees in polynomial time is impossible. \n\n\n[1] Diakonikolas, I., Kane, D.M., & Zarifis, N. (2020). Near-Optimal SQ Lower Bounds for Agnostically Learning Halfspaces and ReLUs under Gaussian Marginals. NeurIPS 2020.\n\n[2] Goel, S., Gollakota, A., & Klivans, A.R. (2020). Statistical-Query Lower Bounds via Functional Gradients. NeurIPS 2020.\n\n[3] Diakonikolas, I., Kane D.M., & Ren, L. (2023). Near-Optimal Cryptographic Hardness of Agnostically Learning Halfspaces and ReLU Regression under Gaussian Marginals. ICML 2023.\n\n[4] Tiegel, S. (2023). Hardness of Agnostically Learning Halfspaces from Worst-Case Lattice Problems. COLT 2023."
        },
        "invitations": [
          "NeurIPS.cc/2023/Conference/Submission14165/Reviewer_9R84/-/Rebuttal",
          "NeurIPS.cc/2023/Conference/-/Edit"
        ],
        "domain": "NeurIPS.cc/2023/Conference",
        "license": "CC BY 4.0",
        "version": 2
      },
      {
        "id": "WUMupE7wq1",
        "number": 1,
        "cdate": 1691612372993,
        "tcdate": 1691612372993,
        "mdate": 1703018517974,
        "tmdate": 1703018517974,
        "signatures": [
          "NeurIPS.cc/2023/Conference/Submission14165/Authors"
        ],
        "readers": [
          "everyone"
        ],
        "writers": [
          "NeurIPS.cc/2023/Conference",
          "NeurIPS.cc/2023/Conference/Submission14165/Authors"
        ],
        "forum": "Kv8GJkV19S",
        "replyto": "s8BIfIwM5l",
        "content": {
          "rebuttal": "We thank the reviewer for their constructive feedback. Here are our responses to the questions, which we will aim to incorporate in a future revision:\n\nTheorem 4.1 states that in the Massart noise case, we can achieve the optimal $\\mathrm{opt}+\\epsilon$ guarantee, while in the agnostic setting, we get an approximately optimal guarantee which is proportional to a polynomial of the Poincare parameter ($\\gamma$) of the target class of marginal distributions. Therefore, in the agnostic setting, we obtain a constant approximation factor only when $\\gamma$ is constant (which is true for strongly log-concave distributions and conditionally true for log-concave distributions). In the Massart noise case, however, even when $\\gamma$ is polynomial in the dimension, the guarantee is optimal (and the runtime is still polynomial in the dimension). It is known that the parameter $\\gamma$ that corresponds to isotropic log-concave distributions is indeed bounded by a polynomial in the ambient dimension (see, e.g., [1]). We will add such a discussion in the final version of the paper.\n\nIt is not clear whether there is a more direct approach to providing results in the universal setting based on prior work. Recall that (roughly) the work of [GKSV23] considers the distribution of examples conditioned to a number of strips perpendicular to vector w and compares the moments of each of these conditional distributions to what these moments should be (under a specific distribution). Now, even for a single one of these strips, it is unknown how to determine whether a set of moments indeed matches those that would arise from a strongly log-concave distribution (which is not given to us in advance). \n\nEven the seemingly simpler task of determining whether a set of low-degree moments of a distribution matches those of some unknown strongly log-concave distribution is not known to be achievable efficiently (using a method employing some form of discretization, or any other method). Indeed, such an algorithm would in particular give a novel alternative method for certifying hypercontractivity of an unknown strongly log-concave distribution, which is a task that is only known to be achievable using a highly sophisticated sum-of-squares approach [3].\nHowever, the moment discretization approach might conceivably be useful towards generalizing the results of [2] in the universal setting.\n\n[1] Chen, Y. (2021). An almost constant lower bound of the isoperimetric coefficient in the KLS conjecture. Geometric and Functional Analysis, 31, 34-61.\n\n[2] Gollakota, A., Klivans, A. R., & Kothari, P. K. (2023). A moment-matching approach to testable learning and a new characterization of rademacher complexity. STOC 2023.\n\n[3] Pravesh K Kothari and Jacob Steinhardt. Better agnostic clustering via relaxed tensor\nnorms. arXiv preprint arXiv:1711.07465, 2017.\n"
        },
        "invitations": [
          "NeurIPS.cc/2023/Conference/Submission14165/Reviewer_EFhK/-/Rebuttal",
          "NeurIPS.cc/2023/Conference/-/Edit"
        ],
        "domain": "NeurIPS.cc/2023/Conference",
        "license": "CC BY 4.0",
        "version": 2
      },
      {
        "id": "OAi9ZO5TMi",
        "number": 1,
        "cdate": 1691612505121,
        "tcdate": 1691612505121,
        "mdate": 1703018517886,
        "tmdate": 1703018517886,
        "signatures": [
          "NeurIPS.cc/2023/Conference/Submission14165/Authors"
        ],
        "readers": [
          "everyone"
        ],
        "writers": [
          "NeurIPS.cc/2023/Conference",
          "NeurIPS.cc/2023/Conference/Submission14165/Authors"
        ],
        "forum": "Kv8GJkV19S",
        "replyto": "W9BSJo9aKd",
        "content": {
          "rebuttal": "We wish to thank the anonymous reviewer for their suggestions and comments!\n\nPrior work in the area has demonstrated that, in the distribution specific setting, assuming that the marginals are “nice” (i.e., that $\\lambda$ is some constant) is sufficient and there is no dependence of the error bound on the Poincare parameter (hence, the error bound would be in that case $\\mathrm{poly}(\\lambda)\\mathrm{opt} + \\epsilon$). We note that the precise dependence on the niceness parameter $\\lambda$ was not stated explicitly in prior work. As for the dependence on the Poincare parameter, it arises due to the need to provide efficiently testable bounds to certain quantities (see Lemma 3.2) which, in the non-testable setting, admit tighter bounds; in other words, the bounds we use involve some slackness due to testability requirements. \n\n  Regarding prior work on regular (non universal) testable learning, prior work only provides results with respect to strongly log-concave marginals (based on the technology of fooling halfspaces via moment matching), where $\\gamma$ is always a constant (see also lines 200-206).\n"
        },
        "invitations": [
          "NeurIPS.cc/2023/Conference/Submission14165/Reviewer_eYN2/-/Rebuttal",
          "NeurIPS.cc/2023/Conference/-/Edit"
        ],
        "domain": "NeurIPS.cc/2023/Conference",
        "license": "CC BY 4.0",
        "version": 2
      },
      {
        "id": "FfYzH6l59Z",
        "number": 1,
        "cdate": 1692003143044,
        "tcdate": 1692003143044,
        "mdate": 1704272447195,
        "tmdate": 1704272447195,
        "signatures": [
          "NeurIPS.cc/2023/Conference/Submission14165/Reviewer_eYN2"
        ],
        "readers": [
          "everyone"
        ],
        "writers": [
          "NeurIPS.cc/2023/Conference",
          "NeurIPS.cc/2023/Conference/Submission14165/Reviewer_eYN2"
        ],
        "forum": "Kv8GJkV19S",
        "replyto": "OAi9ZO5TMi",
        "content": {
          "comment": "Thank you for your comments and clarification. I believe it would be useful to include the first one in the submission."
        },
        "invitations": [
          "NeurIPS.cc/2023/Conference/Submission14165/-/Official_Comment",
          "NeurIPS.cc/2023/Conference/-/Edit"
        ],
        "domain": "NeurIPS.cc/2023/Conference",
        "license": "CC BY 4.0",
        "version": 2
      },
      {
        "id": "xMElZ93GfF",
        "number": 2,
        "cdate": 1692121229180,
        "tcdate": 1692121229180,
        "mdate": 1704272447095,
        "tmdate": 1704272447095,
        "signatures": [
          "NeurIPS.cc/2023/Conference/Submission14165/Reviewer_EFhK"
        ],
        "readers": [
          "everyone"
        ],
        "writers": [
          "NeurIPS.cc/2023/Conference",
          "NeurIPS.cc/2023/Conference/Submission14165/Reviewer_EFhK"
        ],
        "forum": "Kv8GJkV19S",
        "replyto": "WUMupE7wq1",
        "content": {
          "comment": "I thank the authors for their clarifications. However, my moderate concerns (listed in the Weaknesses) remain, and I will retain my rating."
        },
        "invitations": [
          "NeurIPS.cc/2023/Conference/Submission14165/-/Official_Comment",
          "NeurIPS.cc/2023/Conference/-/Edit"
        ],
        "domain": "NeurIPS.cc/2023/Conference",
        "license": "CC BY 4.0",
        "version": 2
      },
      {
        "id": "4sH9fHMXNl",
        "number": 4,
        "cdate": 1692319327510,
        "tcdate": 1692319327510,
        "mdate": 1704272447058,
        "tmdate": 1704272447058,
        "signatures": [
          "NeurIPS.cc/2023/Conference/Submission14165/Reviewer_9R84"
        ],
        "readers": [
          "everyone"
        ],
        "writers": [
          "NeurIPS.cc/2023/Conference",
          "NeurIPS.cc/2023/Conference/Submission14165/Reviewer_9R84"
        ],
        "forum": "Kv8GJkV19S",
        "replyto": "3S6czpseBb",
        "content": {
          "title": "Official Comment by Reviewer 9R84",
          "comment": "I thank the authors for their insightful feedback. My reviews and score remain the same."
        },
        "invitations": [
          "NeurIPS.cc/2023/Conference/Submission14165/-/Official_Comment",
          "NeurIPS.cc/2023/Conference/-/Edit"
        ],
        "domain": "NeurIPS.cc/2023/Conference",
        "license": "CC BY 4.0",
        "version": 2
      },
      {
        "id": "fgtBM7Dbv4",
        "number": 1,
        "cdate": 1695318095985,
        "tcdate": 1695318095985,
        "mdate": 1703016881213,
        "tmdate": 1703016881213,
        "signatures": [
          "NeurIPS.cc/2023/Conference/Program_Chairs"
        ],
        "nonreaders": [],
        "readers": [
          "everyone"
        ],
        "writers": [
          "NeurIPS.cc/2023/Conference",
          "NeurIPS.cc/2023/Conference/Program_Chairs"
        ],
        "forum": "Kv8GJkV19S",
        "replyto": "Kv8GJkV19S",
        "content": {
          "title": "Paper Decision",
          "decision": "Accept (oral)",
          "comment": "This is a strong result about a fundamental, well-motivated problem, requiring interesting and non-trivial ideas."
        },
        "invitations": [
          "NeurIPS.cc/2023/Conference/Submission14165/-/Decision",
          "NeurIPS.cc/2023/Conference/-/Edit"
        ],
        "domain": "NeurIPS.cc/2023/Conference",
        "license": "CC BY 4.0",
        "version": 2
      }
    ],
    "directReplies": [
      {
        "id": "W9BSJo9aKd",
        "number": 1,
        "cdate": 1688520968747,
        "tcdate": 1688520968747,
        "mdate": 1702411465696,
        "tmdate": 1702411465696,
        "signatures": [
          "NeurIPS.cc/2023/Conference/Submission14165/Reviewer_eYN2"
        ],
        "nonreaders": [],
        "readers": [
          "everyone"
        ],
        "writers": [
          "NeurIPS.cc/2023/Conference",
          "NeurIPS.cc/2023/Conference/Submission14165/Reviewer_eYN2"
        ],
        "forum": "Kv8GJkV19S",
        "replyto": "Kv8GJkV19S",
        "content": {
          "summary": "This work studies the problem of designing tester-learners for halfspaces in the agnostic setting and under Massart noise. In the setting of tester-learners, we do not make distributional assumptions on our samples, but rather require that our algorithm produces an accurate output whenever the input satisfies a sequence of efficiently computable tests. Further, if the samples actually come from a specific target distribution, it is required that the tests pass with high probability.\n\nPrevious tester-learners for noisy halfspaces used tests tailored towards a *specific* distribution, e.g., a specific strongly log-concave distribution. As a consequence, these testers might reject samples from a different strongly log-concave distribution although algorithmically it would have been possible to learn the underlying halfspace. The authors propose a tester which simultaneously accepts for all Poincaré distributions that satisfy some natural niceness conditions. This class includes all isotropic strongly log-concave distributions. When their tester accepts, the tester-learner outputs a halfspace achieving error $O(\\mathrm{opt}) + \\varepsilon$, where $\\mathrm{opt}$ is the error of the optimal halfspace on the distribution of the input. For the Massart setting they can handle all isotropic log-concave distributions and achieve error $\\mathrm{opt} + \\varepsilon$.\n\nThe authors argue that previous works were inherently limited to work with only a single distribution since they were matching moments with this specific distribution. In their work, they overcome this issue by only checking the actual properties they need in the proof of accuracy which are not tied to any specific distribution.",
          "soundness": "3 good",
          "presentation": "3 good",
          "contribution": "3 good",
          "strengths": "In my eyes, designing tester learners which simultaneously accept for a large class of distribution is an important step for bringing the framework of testable learning closer to practice. The motivation for testable learning was that designing algorithms that only work under specific distributional assumptions has little value in practice since likely these assumptions will not be met. Thus, we would at least like to know if we can trust the output of our algorithm when we run it on actual data or not. While previous tester-learners did have this benefit, it seems that the proposed testers \"overfit\" to specific distributions. However, the chances that real world data comes from any specific distribution are rather small. Thus, providing testers which work for larger classes of distributions is an important step.\n\nOn a technical level, their tester has a natural explanation that I like: It simply checks the properties that are need in the proof in the non-testable setting. Further, the paper is very well-written (except the point below).",
          "weaknesses": "I feel that the technical overview that the authors provide might be hard to understand if the reader is not familiar with the arguments in previous work or at least the general area. It would be nice if it could be adjusted slightly to make it more accessible to a wider audience.\n\nAlso, specifically for the agnostic setting, it would be useful to compare your approximation factor to (a) testable learners that only work for one specific (or a more restricted class of distributions) and (b) non-testable learners for the same distribution class you consider.",
          "questions": "Related to the above: In the agnostic setting, your error bound scales as $\\mathrm{poly}(\\lambda) (1+\\gamma^4) \\mathrm{opt} + \\varepsilon$, where $\\lambda$ is the niceness parameter of the marginal distribution and $\\gamma$ the Poincaré constant. How does this compare to the non-testable learning error?",
          "limitations": "Limitations were addressed appropriately.",
          "flag_for_ethics_review": [
            "No ethics review needed."
          ],
          "rating": "7: Accept: Technically solid paper, with high impact on at least one sub-area, or moderate-to-high impact on more than one areas, with good-to-excellent evaluation, resources, reproducibility, and no unaddressed ethical considerations.",
          "confidence": "3: You are fairly confident in your assessment. It is possible that you did not understand some parts of the submission or that you are unfamiliar with some pieces of related work. Math/other details were not carefully checked.",
          "code_of_conduct": "Yes"
        },
        "invitations": [
          "NeurIPS.cc/2023/Conference/Submission14165/-/Official_Review",
          "NeurIPS.cc/2023/Conference/-/Edit"
        ],
        "domain": "NeurIPS.cc/2023/Conference",
        "license": "CC BY 4.0",
        "version": 2
      },
      {
        "id": "s8BIfIwM5l",
        "number": 2,
        "cdate": 1688536691268,
        "tcdate": 1688536691268,
        "mdate": 1702411465603,
        "tmdate": 1702411465603,
        "signatures": [
          "NeurIPS.cc/2023/Conference/Submission14165/Reviewer_EFhK"
        ],
        "nonreaders": [],
        "readers": [
          "everyone"
        ],
        "writers": [
          "NeurIPS.cc/2023/Conference",
          "NeurIPS.cc/2023/Conference/Submission14165/Reviewer_EFhK"
        ],
        "forum": "Kv8GJkV19S",
        "replyto": "Kv8GJkV19S",
        "content": {
          "summary": "The paper develops a tester-learner for halfspaces in the recently proposed testable learning framework of [RV23]. A recent work [GKSV23] had studied the same problem and proposed tester-learners for halfspaces with Massart noise and in the agnostic setting, for any particular strongly-log concave distribution. This work qualitatively improves upon [GKSV23] by developing a tester-learner for a class of strongly log-concave distributions rather than a fixed strongly log-concave distribution, and also provides better algorithmic complexity for the agnostic case. In fact, this work captures $\\gamma$-Poincare distributions which contain strongly log-concave distributions and under the [KLS95] conjecture also all log-concave distributions. In the Massart noise case, their algorithm works for log-concave distributions unconditionally.\n While following the recently developed approach (and used by [GKSV23]) of non-convex SGD for learning halfspaces over certain good distributions, this paper does a more careful analysis of the gradient lower bound leading to the requirement of a certain hypercontractivity property (which holds for Poincare distributions). The paper uses techniques for previous work [KS17] to show that sum-of-squares (SoS) SDP can be used to certify this hypercontractivity which is a main technical novelty.\n",
          "soundness": "3 good",
          "presentation": "3 good",
          "contribution": "2 fair",
          "strengths": "The paper proves better and qualitatively more general and stronger bounds for testable learning of halfspaces over a general class of distributions. The technical contributions - the use of properties of Poincare distributions and using SoS to certify hypercontractivity -  are interesting and novel in the context of this problem, and provide for universal tester-learners. The paper is well written and effectively conveys its main contributions and the techniques used. Overall, the paper is technically solid.",
          "weaknesses": "The paper follows the same roadmap of [GKSV23] with better analysis and a new tester (based on previous work [KS17]) for hypercontractivity, and in that sense feels somewhat incremental. The results are also moderate improvements and generalizations of previous results and not entirely unexpected. ",
          "questions": "1. It may be helpful to clarify why the main Theorem 4.1 also captures log-concave distributions unconditionally for the case with Massart noise, while only capturing strongly log-concave distributions in the agnostic setting. \n\n2. Is it clear that the previous work of [GKSV23] cannot be tweaked (e.g. by discretizing the space of the vector of moments to be matched) to work for the class of strongly log-concave distributions? \n",
          "limitations": "Yes",
          "flag_for_ethics_review": [
            "No ethics review needed."
          ],
          "rating": "6: Weak Accept: Technically solid, moderate-to-high impact paper, with no major concerns with respect to evaluation, resources, reproducibility, ethical considerations.",
          "confidence": "3: You are fairly confident in your assessment. It is possible that you did not understand some parts of the submission or that you are unfamiliar with some pieces of related work. Math/other details were not carefully checked.",
          "code_of_conduct": "Yes"
        },
        "invitations": [
          "NeurIPS.cc/2023/Conference/Submission14165/-/Official_Review",
          "NeurIPS.cc/2023/Conference/-/Edit"
        ],
        "domain": "NeurIPS.cc/2023/Conference",
        "license": "CC BY 4.0",
        "version": 2
      },
      {
        "id": "QwKUDStVtP",
        "number": 3,
        "cdate": 1688715141964,
        "tcdate": 1688715141964,
        "mdate": 1702411465484,
        "tmdate": 1702411465484,
        "signatures": [
          "NeurIPS.cc/2023/Conference/Submission14165/Reviewer_9R84"
        ],
        "nonreaders": [],
        "readers": [
          "everyone"
        ],
        "writers": [
          "NeurIPS.cc/2023/Conference",
          "NeurIPS.cc/2023/Conference/Submission14165/Reviewer_9R84"
        ],
        "forum": "Kv8GJkV19S",
        "replyto": "Kv8GJkV19S",
        "content": {
          "summary": "The paper proposes the first tester-learner for learning the class of halfspaces universally over a class of strongly log-concave distributions (or the class of all log-concave distributions under the KLS assumption). Unlike prior works that crucially rely on testing a specific given marginal distribution while rejecting other well-behaved distributions, the proposed algorithm can accept the marginal distribution as long as it is in the family $\\mathcal{D}$. The proposed algorithm is motivated by the tester-learner using non-convex SGD [GKSV23] but with a more careful analysis on the anti-concentration property. The algorithm is powered by the SOS program to check the hypercontractivity of the desired random variable $Z$ that exhibits certain anti-concentration properties, which is known suffices for identifying the Poincare distributions ([KS17]).\n",
          "soundness": "4 excellent",
          "presentation": "4 excellent",
          "contribution": "4 excellent",
          "strengths": "Designing provable tester-learners addresses the issue that traditional learning algorithms crucially rely on distribution assumptions which could be stringent in practice, which is of importance both from the practical and theoretical sides. This paper proposes the first tester-learner that universally accepts any distribution from a broad family of distributions that satisfy a Poincare inequality, largely generalizing those algorithms that only accepts a certain distribution. The technical contribution lies in identifying the Poincare distributions by applying SoS framework to certify a hypercontractive property of the constructed random variable, which generalizes the known results for standard Gaussian to distributions with weak anti-concentration properties. The technique could be of independent interest for testable weak anti-concentration.\n",
          "weaknesses": "From the technical side, the SoS program for checking the hypercontractive already exists in [KS17]. The contrition of this paper is more on the application side of such a framework on the problem of testing-learning halfspaces with additional assumptions of certain concentration and anti-concentration. That being said, it is a novel application of such a framework given that it solves a very interesting and important problem.\n",
          "questions": "While Massart noise is considered in this paper, is it possible to directly apply the techniques to other more challenging types of noise? ",
          "limitations": "No concerns.",
          "flag_for_ethics_review": [
            "No ethics review needed."
          ],
          "rating": "8: Strong Accept: Technically strong paper, with novel ideas, excellent impact on at least one area, or high-to-excellent impact on multiple areas, with excellent evaluation, resources, and reproducibility, and no unaddressed ethical considerations.",
          "confidence": "3: You are fairly confident in your assessment. It is possible that you did not understand some parts of the submission or that you are unfamiliar with some pieces of related work. Math/other details were not carefully checked.",
          "code_of_conduct": "Yes"
        },
        "invitations": [
          "NeurIPS.cc/2023/Conference/Submission14165/-/Official_Review",
          "NeurIPS.cc/2023/Conference/-/Edit"
        ],
        "domain": "NeurIPS.cc/2023/Conference",
        "license": "CC BY 4.0",
        "version": 2
      },
      {
        "id": "pPqJtq4U0w",
        "number": 4,
        "cdate": 1688751305232,
        "tcdate": 1688751305232,
        "mdate": 1702411465355,
        "tmdate": 1702411465355,
        "signatures": [
          "NeurIPS.cc/2023/Conference/Submission14165/Reviewer_AEBD"
        ],
        "nonreaders": [],
        "readers": [
          "everyone"
        ],
        "writers": [
          "NeurIPS.cc/2023/Conference",
          "NeurIPS.cc/2023/Conference/Submission14165/Reviewer_AEBD"
        ],
        "forum": "Kv8GJkV19S",
        "replyto": "Kv8GJkV19S",
        "content": {
          "summary": "Learning halfspaces is a very well studied problem in machine learning. In the agnostic (adversarial label noise) and distribution free setting, this problem has been known to be computationally intractable. As a result, there have been several works of agnostic learning in distribution specific settings (where the marginal distribution belongs to a particular family of distributions, say Gaussian or log-concave). In this scenario, the learner has an error of the form $OPT + \\epsilon$, where OPT denotes the optimal 0-1 error. This however has complexity $d^{1/\\epsilon^2}$, and the exponential dependency on $1/\\epsilon$ is tight. This motivates the designing of learning algorithms that have better sample complexity with respect to $1/\\epsilon$, whereas the error becomes $f(OPT) + \\epsilon$ for some function f.\n\nOften these works use a single distribution as the target marginal distribution. In this work, the authors studied this problem with respect to a set of marginal distributions (Universal testable learning, Definition 1.1). The authors studied this problem in the newly introduced Testable learning framework  by Rubinfeld and Vasilyan. Here the goal is if the tester accepts, then with high probability the output of the learning is close to some function of OPT, and if the data satisfies the distributional assumptions, the algorithm accepts with high probability.\n\nHere the authors design a universal tester learner for Halfspaces with respect to distributions with bounded Poincare constant (Definition 2.4) and concentration and anti-concentration properties (Definition 2.1) in Theorem 1.2. Moreover, this class of distributions contains strongly log-concave distributions, and assuming Kannan–Lovasz–Simonovits (KLS) conjecture, contains all log-concave distributions (Definition 2.2-2.6). Later in theorem 1.3, they design a universal tester learner for Halfspaces with Massart noise (the labels are flipped by an adversary with probability $\\eta <1/2$).\n\nSome previous and concurrent works for single distribution D^* assumption use approximate moment matching techniques, where the algorithm tests if the low moments of the input distribution D approximately matches with that of D^*. However it is not clear if this same approach can be applied for a collection of distributions. This has also been discussed in the introduction.\n\nThe authors first design testers for testing bounded disagreement (Lemma 3.1) and of testing anti-concentration properties (Lemma 3.2) which uses a tester for testing hypercontrctivity. It is known that any distribution $D$ with bounded Poincare constant is hypercontractive in Sum-of-Squares (SOS) framework. Thus the authors run a polynomial time semidefinite program for the later purpose. Next in Section 4, the authors design the final tester (Theorem 4.1). They use a surrogate loss minimization technique for the surrogate loss function defined in Equation 4.1. The main idea is that stationary points of surrogate loss are close to some optimal vector corresponding to the halfspace (the related lemma is Lemma 4.3). Lemma 4.3 contains bounds for both Massart and adversarial noise settings.\n\nIt would be interesting if tester-learners can be designed for function classes other than halfspaces. The authors also discusses this at the end of Section 1.\n",
          "soundness": "4 excellent",
          "presentation": "3 good",
          "contribution": "4 excellent",
          "strengths": "Overall this is a nice result which generalizes several previous works designed for a single marginal distribution assumption and studies for the setting of a collection of marginal distributions. ",
          "weaknesses": "What is the usefulness of the tester-learner model in real life applications. ",
          "questions": "None",
          "limitations": "It would be interesting if tester-learners can be designed for function classes other than halfspaces. The authors also discusses this at the end of Section 1.",
          "flag_for_ethics_review": [
            "No ethics review needed."
          ],
          "rating": "8: Strong Accept: Technically strong paper, with novel ideas, excellent impact on at least one area, or high-to-excellent impact on multiple areas, with excellent evaluation, resources, and reproducibility, and no unaddressed ethical considerations.",
          "confidence": "4: You are confident in your assessment, but not absolutely certain. It is unlikely, but not impossible, that you did not understand some parts of the submission or that you are unfamiliar with some pieces of related work.",
          "code_of_conduct": "Yes"
        },
        "invitations": [
          "NeurIPS.cc/2023/Conference/Submission14165/-/Official_Review",
          "NeurIPS.cc/2023/Conference/-/Edit"
        ],
        "domain": "NeurIPS.cc/2023/Conference",
        "license": "CC BY 4.0",
        "version": 2
      },
      {
        "id": "fgtBM7Dbv4",
        "number": 1,
        "cdate": 1695318095985,
        "tcdate": 1695318095985,
        "mdate": 1703016881213,
        "tmdate": 1703016881213,
        "signatures": [
          "NeurIPS.cc/2023/Conference/Program_Chairs"
        ],
        "nonreaders": [],
        "readers": [
          "everyone"
        ],
        "writers": [
          "NeurIPS.cc/2023/Conference",
          "NeurIPS.cc/2023/Conference/Program_Chairs"
        ],
        "forum": "Kv8GJkV19S",
        "replyto": "Kv8GJkV19S",
        "content": {
          "title": "Paper Decision",
          "decision": "Accept (oral)",
          "comment": "This is a strong result about a fundamental, well-motivated problem, requiring interesting and non-trivial ideas."
        },
        "invitations": [
          "NeurIPS.cc/2023/Conference/Submission14165/-/Decision",
          "NeurIPS.cc/2023/Conference/-/Edit"
        ],
        "domain": "NeurIPS.cc/2023/Conference",
        "license": "CC BY 4.0",
        "version": 2
      }
    ],
    "signatures": []
  }
}