{
  "id": "6y2KBh-0Fd9",
  "original": "NWJqU06BSGm",
  "number": 2934,
  "cdate": 1632875654708,
  "mdate": null,
  "ddate": null,
  "tcdate": 1632875654708,
  "tmdate": 1676330532094,
  "tddate": null,
  "forum": "6y2KBh-0Fd9",
  "replyto": null,
  "invitation": "ICLR.cc/2022/Conference/-/Blind_Submission",
  "content": {
    "title": "Revisiting flow generative models for Out-of-distribution detection",
    "authorids": [
      "~Dihong_Jiang1",
      "~Sun_Sun1",
      "~Yaoliang_Yu1"
    ],
    "authors": [
      "Dihong Jiang",
      "Sun Sun",
      "Yaoliang Yu"
    ],
    "keywords": [
      "flow models",
      "out-of-distribution detection",
      "random projection",
      "distribution comparison"
    ],
    "abstract": "Deep generative models have been widely used in practical applications such as the detection of out-of-distribution (OOD) data. In this work,  we aim to re-examine the potential of generative flow models in OOD detection. We first propose a simple combination of univariate one-sample statistical test (e.g., Kolmogorov-Smirnov) and random projections in the latent space of flow models to perform OOD detection.  Then, we propose a two-sample version of our test to account for imperfect flow models. Quite distinctly, our method does not pose parametric assumptions on OOD data and is capable of exploiting any flow model. Experimentally, firstly we confirm the efficacy of our method against state-of-the-art baselines through extensive experiments on several image datasets; secondly we investigate the relationship between model accuracy (e.g., the generation quality) and the OOD detection performance, and found surprisingly that they are not always positively correlated; and thirdly we show that detection in the latent space of flow models generally outperforms detection in the sample space across various OOD datasets, hence highlighting the benefits of training a flow model.",
    "code_of_ethics": "",
    "submission_guidelines": "",
    "resubmission": "",
    "student_author": "",
    "serve_as_reviewer": "",
    "paperhash": "jiang|revisiting_flow_generative_models_for_outofdistribution_detection",
    "pdf": "/pdf/beca73c1366c5e014f7cb574e09aa9de9598f794.pdf",
    "data": "",
    "_bibtex": "@inproceedings{\njiang2022revisiting,\ntitle={Revisiting flow generative models for Out-of-distribution detection},\nauthor={Dihong Jiang and Sun Sun and Yaoliang Yu},\nbooktitle={International Conference on Learning Representations},\nyear={2022},\nurl={https://openreview.net/forum?id=6y2KBh-0Fd9}\n}",
    "venue": "ICLR 2022 Poster",
    "venueid": "ICLR.cc/2022/Conference"
  },
  "signatures": [
    "ICLR.cc/2022/Conference"
  ],
  "readers": [
    "everyone"
  ],
  "nonreaders": [],
  "writers": [
    "ICLR.cc/2022/Conference"
  ],
  "tauthor": "OpenReview.net",
  "pdate": 1643407560000,
  "odate": 1633539600000,
  "details": {
    "overwriting": [],
    "tags": [],
    "writable": false,
    "replyCount": 16,
    "directReplyCount": 7,
    "revisions": true,
    "replies": [
      {
        "id": "bba6HqjCSm",
        "original": null,
        "number": 1,
        "cdate": 1635632553160,
        "mdate": null,
        "ddate": null,
        "tcdate": 1635632553160,
        "tmdate": 1638263800546,
        "tddate": null,
        "forum": "6y2KBh-0Fd9",
        "replyto": "6y2KBh-0Fd9",
        "invitation": "ICLR.cc/2022/Conference/Paper2934/-/Official_Review",
        "content": {
          "summary_of_the_paper": "The paper proposes evaluates using statistical tests on random 1d-projections in the latent space of a flow model for groupwise out-of-distribution (OOD) detection. Concretely, Komolgorov-Smirnov tests are used to compare latent encodings of a given batch of samples to the expected distribution of the in-distribution latent encodings. For the expected distribution, either the predefined latent prior is used, resulting in a 1-sample Komolgorov-Smirnov test, or the empirical distribution of the latent encodings of the training data  is used, resulting in a 2-sample Komolgorov-Smirnov test. The paper reports similar groupwise OOD detection performance as existing methods, with the 2-sample KS-test method having less failure cases.",
          "main_review": "I found it easy to understand the ideas and methods of the paper, results are also well-understandable.\n\nOverall, the paper does not bring too many surprises from my view - I would have expected any use of 1d projections for OOD detection to work better in latent space than in input space. Also it seems not too surprising that this very generic method cannot result in very high OOD detection performance (compared to methods exploiting more assumptions about OOD data). But in any case good to see precisely how well OOD detection works in this way. The main surprising part might be that generation quality can be negatively correlated with OOD detection performance.\n\nThe manuscript would benefit from discussing other OOD detection approaches in latent space, https://arxiv.org/abs/2006.10848 also present one method using parts of the latent space of the Glow model, https://arxiv.org/abs/2102.08248 uses VAEs, not flows, but also look at parts of the latent space there. In the future, could be interesting to compare to such methods (using parts of latent space/log-likelihood contributions), which exploit more assumptions about where semantic differences are encoded in the latent space, on both semantic and non-semantic OOD detection. Note also that https://arxiv.org/abs/2006.10848 report a related result to the result that generation quality and OOD detection performance can be negatively correlated, finding that fully connected flow models have worse log likelihoods but better OOD detection performance (see Sec 2).\n\nI would like it if caption figures were more self-contained and figures could be understood separately from the text. E.g., figure 3 and figure 5 captions could also talk a bit more about what one could learn from the figures.",
          "summary_of_the_review": "The paper in my view does not present too many surprising results, but I also find it valuable to see non-surprising results that are clearly presented and easy to understand. And the result on generation quality and OOD detection performance being negatively correlated is also valuable to know.\n\n**Update Post Rebuttal**\nThe revisions have further improved the manuscript, I increase my score to 8.",
          "correctness": "4: All of the claims and statements are well-supported and correct.",
          "technical_novelty_and_significance": "2: The contributions are only marginally significant or novel.",
          "empirical_novelty_and_significance": "3: The contributions are significant and somewhat new. Aspects of the contributions exist in prior work.",
          "flag_for_ethics_review": [
            "NO."
          ],
          "recommendation": "8: accept, good paper",
          "confidence": "4: You are confident in your assessment, but not absolutely certain. It is unlikely, but not impossible, that you did not understand some parts of the submission or that you are unfamiliar with some pieces of related work."
        },
        "signatures": [
          "ICLR.cc/2022/Conference/Paper2934/Reviewer_XXZp"
        ],
        "readers": [
          "everyone"
        ],
        "nonreaders": [],
        "writers": [
          "ICLR.cc/2022/Conference",
          "ICLR.cc/2022/Conference/Paper2934/Reviewer_XXZp"
        ]
      },
      {
        "id": "sje3NF3KoO",
        "original": null,
        "number": 2,
        "cdate": 1635884285267,
        "mdate": null,
        "ddate": null,
        "tcdate": 1635884285267,
        "tmdate": 1635888478109,
        "tddate": null,
        "forum": "6y2KBh-0Fd9",
        "replyto": "6y2KBh-0Fd9",
        "invitation": "ICLR.cc/2022/Conference/Paper2934/-/Official_Review",
        "content": {
          "summary_of_the_paper": "The manuscript addresses groupwise outlier detection with normalizing flows. The main idea is to project latent representations of the input batch onto several random directions and to evaluate the resulting 1D distributions according to the Kolmogorov-Smirnov test either with respect to the prior (GOD1KS) or with respect to the corresponding distribution of the training data (GOD2KS). Finally, OOD ranking is performed according to the average KS value across all random directions. GOD1KS is used when the underlying normalizing flow is well learned, while GOD2KS is an option when there is some uncertainty regarding the learning outcome. Experimental performance decreases  when the method is used in combination with undertrained normalizing flow or a normalizing flow with a larger capacity.",
          "main_review": "Strengths:\n\nS1. The proposed approach is interesting, simple, mathematically sound and effective. In comparison with Zhang et al. (2020), the proposed approach does not require estimation of a multivariate distribution.\n\nS2. Experiments show robust overall performance. Notably, there are less failure cases than in related methods.\n\nWeaknesses:\n\nW1: Authors does not propose a compelling motivation for groupwise OOD detection.\n\nW2: The evaluation should also show the OOD AP metric as in Zhang et al. (2020). \n\nSuggestions\n- Can you offer an intuitive explanation for the failures of TyTest and KLOD in Table 1?\n- It may be interesting to evaluate the average density across the input batch as a straight-forward baseline. I do not expect this to be competitive, but averaging may improve over the pointwise result.\n- Can you provide any insight why the method can not exploit normalizing flows with large capacity?\n- Include algorithmic presentation of GOD2KS in the supplement (for completeness).\n- Page 2: absolute value of the Jacobian -> absolute value of the determinant of the Jacobian.\n- Figure 1, caption: explain S_0 and S_1.\n- Page 3, \"in order to evade the curse of dimensionality\": this becomes especially relevant in contemporary normalizing flows (eg. VFlow, DenseFlow) where latent dimensionality is greater than input dimensionality.\n- Page 3, \"is distinct from the distributions\": make clear that this refers only to Fig1(b).\n- Figure 2, caption: does not follow -> follow.\n",
          "summary_of_the_review": "This paper provides interesting insights about normalizing flows and OOD detection. ",
          "correctness": "4: All of the claims and statements are well-supported and correct.",
          "technical_novelty_and_significance": "3: The contributions are significant and somewhat new. Aspects of the contributions exist in prior work.",
          "empirical_novelty_and_significance": "3: The contributions are significant and somewhat new. Aspects of the contributions exist in prior work.",
          "flag_for_ethics_review": [
            "NO."
          ],
          "recommendation": "6: marginally above the acceptance threshold",
          "confidence": "4: You are confident in your assessment, but not absolutely certain. It is unlikely, but not impossible, that you did not understand some parts of the submission or that you are unfamiliar with some pieces of related work."
        },
        "signatures": [
          "ICLR.cc/2022/Conference/Paper2934/Reviewer_R73v"
        ],
        "readers": [
          "everyone"
        ],
        "nonreaders": [],
        "writers": [
          "ICLR.cc/2022/Conference",
          "ICLR.cc/2022/Conference/Paper2934/Reviewer_R73v"
        ]
      },
      {
        "id": "lvELoStMHKI",
        "original": null,
        "number": 3,
        "cdate": 1636014423160,
        "mdate": null,
        "ddate": null,
        "tcdate": 1636014423160,
        "tmdate": 1638257966609,
        "tddate": null,
        "forum": "6y2KBh-0Fd9",
        "replyto": "6y2KBh-0Fd9",
        "invitation": "ICLR.cc/2022/Conference/Paper2934/-/Official_Review",
        "content": {
          "summary_of_the_paper": "The paper provides an interesting approach for OOD detection problem for flow models. The approach is based on random projections on the real line where KD statistical test is applied in order to compare two distributions. Two variants of the approach are considered 1 sample test where the comparison is made with respect to flow prior and 2 sample test where the comparison is made with respect to transformed samples from two datasets. The quality of the approach is compared agains standard reference methods. \n",
          "main_review": "Strengths\n\nThe proposed approach is simple and does not require training additional components. It can be applied both in data space and latent of the flow, but according to experimental studies application of latent space gives better results. The results are comparable to the results obtained to the reference approaches - the significant gain is observed on CIFAR10 vs SVHN setting. The paper is easy to follow and the idea of the paper is clear. The proposed approach is easy to applied so the results are easy to reproduce.\n\nWeaknesses \n\nThe contribution of this work is smart but novelty is a bit limited due to the fact that the authors combine two known approaches - KS statistical test and random projections. It seems that this framework is general and can be even applied to the bottleneck models like VAE or even for any low dimensional features extracted from the data. The question is can we apply this framework to any low dimensional representation of data or we need the invertible mapping that does not decrease the dimension and direct access to the likelihood. \n\nThe second question is about Carleman’s condition. Considering the case where we use flow’s latent is it sufficient that it would be satisfied by Gaussian (flow latent distribution) or it should be satisfied by data distribution (the normalised Gaussian by determinant of the Jacobian)?\n\nThe third issue is about the results. The model seems to be comparable to KLOD besides the CIFAR10 vs SVHN where it performs better. On the other hand, it has problems with CIFAR vs LeSUN setting. Do you have some intuition what is the reason and how to deal with that issue? Most of the experiments that examine the OOD problem are performed between different datasets. It would be beneficial to see some analysis for inside dataset split, where the split is indicated by two groups of classes. This case is somehow similar to Cifar10 vs. Cifar100 comparison. ",
          "summary_of_the_review": "I admire the simplicity of the approach and I tent to recommend to accept this work at this stage. ",
          "correctness": "3: Some of the paper’s claims have minor issues. A few statements are not well-supported, or require small changes to be made correct.",
          "technical_novelty_and_significance": "3: The contributions are significant and somewhat new. Aspects of the contributions exist in prior work.",
          "empirical_novelty_and_significance": "2: The contributions are only marginally significant or novel.",
          "flag_for_ethics_review": [
            "NO."
          ],
          "recommendation": "8: accept, good paper",
          "confidence": "3: You are fairly confident in your assessment. It is possible that you did not understand some parts of the submission or that you are unfamiliar with some pieces of related work. Math/other details were not carefully checked."
        },
        "signatures": [
          "ICLR.cc/2022/Conference/Paper2934/Reviewer_Kij3"
        ],
        "readers": [
          "everyone"
        ],
        "nonreaders": [],
        "writers": [
          "ICLR.cc/2022/Conference",
          "ICLR.cc/2022/Conference/Paper2934/Reviewer_Kij3"
        ]
      },
      {
        "id": "wwGhz24elvD",
        "original": null,
        "number": 4,
        "cdate": 1636058341062,
        "mdate": null,
        "ddate": null,
        "tcdate": 1636058341062,
        "tmdate": 1637744064480,
        "tddate": null,
        "forum": "6y2KBh-0Fd9",
        "replyto": "6y2KBh-0Fd9",
        "invitation": "ICLR.cc/2022/Conference/Paper2934/-/Official_Review",
        "content": {
          "summary_of_the_paper": "This paper applies a goodness of fit test (KS test) to the latent space of normalizing flows for purposes of out-of-distribution detection.  To combat high-dimensionality and model misspecification, extensions such as random projections and two-sample tests are also proposed.  The results report AUROC on RNVP (batch size 5 and 10), comparing against a typicality test and a kl-based test.  The paper also tests using autoencoders vs rand projections, alternative divergences, effects of model misspecification, and detection in latent vs original feature space.  The findings are that the KS-test is indeed a practical choice for OOD detection via GOF testing.  Moreover, it is observed that better models don't necessarily mean better OOD detection, as described earlier by Zhang et al. [ICML 2021].",
          "main_review": "## Pros\n\n*Exploration of OOD in practice*:  While GOF-based OOD detection is theoretically well-founded, applying the technique successfully in practice for high-dimensional data is a challenge in its own right.  Thus, this paper provides value to practitioners, guiding them on how to make these crucial implementation choices.\n\n*Ablations*: The paper also does a nice job of testing the efficacy of specific parts of the experimental pipeline---for example, autoencoders vs random projections, GOF vs two-sample tests.\n\n## Cons\n\n*Novel only in implementation*:  The method's novelty is restricted to the implementation details.  Ultimately, the core methodology is to apply the KS test to a reparameterized distribution, which is not an original contribution.  Applying a KS test to flows for OOD purposes is novel, to the best of my knowledge.  Moreover, the paper's other insights such as model quality vs OOD ability mostly back already supported points from earlier work (e.g. [Zhang et al, ICML 2021].",
          "summary_of_the_review": "The paper is fairly well executed; however, I can't say that I learned much from the work as its contribution is mostly in the implementation details.  And it is unclear to what extent these details generalize beyond standard image benchmarks.",
          "correctness": "4: All of the claims and statements are well-supported and correct.",
          "technical_novelty_and_significance": "1: The contributions are neither significant nor novel.",
          "empirical_novelty_and_significance": "2: The contributions are only marginally significant or novel.",
          "flag_for_ethics_review": [
            "NO."
          ],
          "recommendation": "8: accept, good paper",
          "confidence": "4: You are confident in your assessment, but not absolutely certain. It is unlikely, but not impossible, that you did not understand some parts of the submission or that you are unfamiliar with some pieces of related work."
        },
        "signatures": [
          "ICLR.cc/2022/Conference/Paper2934/Reviewer_zvSD"
        ],
        "readers": [
          "everyone"
        ],
        "nonreaders": [],
        "writers": [
          "ICLR.cc/2022/Conference",
          "ICLR.cc/2022/Conference/Paper2934/Reviewer_zvSD"
        ]
      },
      {
        "id": "X56fugJm-sA",
        "original": null,
        "number": 5,
        "cdate": 1637625668759,
        "mdate": null,
        "ddate": null,
        "tcdate": 1637625668759,
        "tmdate": 1637806315261,
        "tddate": null,
        "forum": "6y2KBh-0Fd9",
        "replyto": "6y2KBh-0Fd9",
        "invitation": "ICLR.cc/2022/Conference/Paper2934/-/Official_Comment",
        "content": {
          "title": "Overall major revisons",
          "comment": "We thank all reviewers for their careful reading of our paper and their suggestions. To address the concerns from reviewers, we have made the following main changes in our draft, colored in blue: \n+ We modified our motivation for groupwise OOD detection in section 2.1, and added a synthetic experiment in Appendix E to illustrate (see Figure 7).\n+ We re-run all the main experiments, and include AUPR as another evaluation metric in our results. Please refer to Tables 5, 6, 8. Our main claim remains unchanged, i.e. compared to SOTA baselines and GOD1KS, the proposed GOD2KS is more robust and generally satisfactory across all listed benchmark datasets. We also give more implementation details in Appendix B.\n+ We modified all figure captions to make them more self-contained, e.g. Figures 3, 4, 5.\n+ We added discussion on references that report related results to the correlation between model accuracy and OOD detection performance in Appendix G.5.\n+ In Related works, we added discussion of more references that employ (partial) latent code for OOD detection with flow model and VAE, respectively. \n+ We added Algorithm 2 for GOD2KS in Appendix B.\n+ We conducted additional experiments on intra-dataset OOD detection. The results are summarized in Appendix G.6 (see Table 9). Compared to SOTA baselines, our method achieves the best intra-dataset OOD detection performance on FMNIST dataset for all classes, while on CIFAR-10 dataset, our method yields the near-best detection performance for all classes. Besides, there is no detection failure case in our method (metric below 0.5), which serves as another evidence of the effectiveness and generality of the proposed method. \n+ We conducted additional experiments on detecting OOD in time-series data. In our experiment, we choose EEG and ECG, the two clinically important physiological signals, for analysis (see Table 10 and Appendix G.7 for details). Our method, especially GOD2KS, indicates more robustness against SOTA baselines. In the EEG/ECG setting, the typicality test fails, implying an overlap in density histograms of InD and OOD, and KLOD is slightly better than a random guess. In contrast, our GOD2KS achieves around 0.9 metrics in both experimental settings.\n+ We added investigation on why CIFARs vs. LSUN setting is challenging for our method by examining the raw distribution through per-dimensional mean and variance. Please refer to Figure 12 and Appendix G.8 for details. Our experiments show that CIFARs vs. LSUN pair is indeed distributionally more similar and hence more challenging for our methods. The immediate solution is to increase the batch size. When batch size = 100, our methods (using RealNVP) can achieve AUROC of $0.97|1.00$ for CIFAR-10 vs.  LSUN, and $0.90|0.99$ for CIFAR-100 vs. LSUN. When batch size is beyond 200, our methods can achieve perfect (both AUC and AUPR reach 1.00) detection performance in both settings.\n+ We conducted an additional experiment of including the average density as a straightforward baseline for comparison, and results are summarized in Appendix G.9 (see Table 11). It can be observed that directly averaging the density across a batch is not competitive."
        },
        "signatures": [
          "ICLR.cc/2022/Conference/Paper2934/Authors"
        ],
        "readers": [
          "everyone"
        ],
        "nonreaders": [],
        "writers": [
          "ICLR.cc/2022/Conference",
          "ICLR.cc/2022/Conference/Paper2934/Authors"
        ]
      },
      {
        "id": "oPv6Ubq4FN8",
        "original": null,
        "number": 6,
        "cdate": 1637626034519,
        "mdate": 1637626034519,
        "ddate": null,
        "tcdate": 1637626034519,
        "tmdate": 1637626034519,
        "tddate": null,
        "forum": "6y2KBh-0Fd9",
        "replyto": "wwGhz24elvD",
        "invitation": "ICLR.cc/2022/Conference/Paper2934/-/Official_Comment",
        "content": {
          "title": "Response to Reviewer zvSD",
          "comment": "Thank you very much for your  comments, and we address your questions/concerns below:\n\n**Q1.** *Novel only in implementation:* The method's novelty is restricted to the implementation details. Ultimately, the core methodology is to apply the KS test to a reparameterized distribution, which is not an original contribution. Applying a KS test to flows for OOD purposes is novel, to the best of my knowledge. Moreover, the paper's other insights such as model quality vs OOD ability mostly back already supported points from earlier work (e.g. [Zhang et al, ICML 2021].\n\n**Response:**  \nThank you for recognizing the novelty in our approach. We agree that there has been a surge of recent interests on understanding the applicability of generative models to OOD detection, and the results often boil down to different technical implementations. However, this does not mean implementation details are not important, and we believe our work brings a number of new insights in this important application:\n+ A majority of existing works focus on likelihood based detection scores while our work proposes to combine random projection with sound statistical tests such as KS. It is important to conduct this investigation in order to delineate the role played by flow models from the detection algorithms.\n+ We propose both the one-sample and two-sample tests, and investigate their respective pros and cons for well-estimated and under-estimated flow models. To our best knowledge, most existing approaches do not make this distinction while the relevant work of Zhang et al. (ICML 2021) only studied the effect of model mis-specification qualitatively.\n+ Our method unify OOD detection in both the sample space and the latent space (and confirm the superiority of the latter approach on many datasets), and we do not make restrictive assumptions on the data and latent distributions. We believe the simplicity and generality of our approach is a strong advantage.\n+ As confirmed by Reviewer XXZp, the observation that image generation quality does not necessarily correlate with OOD detection performance appears to be new, although we agree this further corroborates existing results in e.g. Zhang et al. (ICML 2021). \nNote that a priori it is not clear if image generation quality is correlated with likelihood either so our observation does not follow from existing ones. The point is that we now have (independently) verified the same surprising phenomenon, despite of employing a different detection algorithm that is not based on log-likelihood, on more datasets, flow models, and  metrics. Thus, we believe our results are still valuable and could help us further understand the pros and cons of flow models in OOD detection.\n\n\n**Q2.** It is unclear to what extent these details generalize beyond standard image benchmarks.\n\n**Response:** Thank you for this question. To check the performance of our algorithm on non-image datasets, in our modified submission we've included additional experimental results on time-series data, i.e. EEG and ECG (please refer to Table 10 in the new Appendix G.7 for details). We use a publicly available database (https://physionet.org/content/slpdb/1.0.0/) that collects multiple physiological signals from 16 subjects during sleep. We compared our results with two SOTA baselines in two settings, i.e. treating EEG as InD, ECG as OOD, and treating ECG as InD, EEG as OOD. The detection performance again indicates the generality and robustness of our method (especially GOD2KS)."
        },
        "signatures": [
          "ICLR.cc/2022/Conference/Paper2934/Authors"
        ],
        "readers": [
          "everyone"
        ],
        "nonreaders": [],
        "writers": [
          "ICLR.cc/2022/Conference",
          "ICLR.cc/2022/Conference/Paper2934/Authors"
        ]
      },
      {
        "id": "dUg8PSdawzM",
        "original": null,
        "number": 7,
        "cdate": 1637626297817,
        "mdate": null,
        "ddate": null,
        "tcdate": 1637626297817,
        "tmdate": 1638052865773,
        "tddate": null,
        "forum": "6y2KBh-0Fd9",
        "replyto": "lvELoStMHKI",
        "invitation": "ICLR.cc/2022/Conference/Paper2934/-/Official_Comment",
        "content": {
          "title": "Response to Reviewr Kij3",
          "comment": "Thank you very much for your positive comments, and we address your questions/concerns below:\n\n**Q1.** It seems that this framework is general and can be even applied to the bottleneck models like VAE or even for any low dimensional features extracted from the data. The question is can we apply this framework to any low dimensional representation of data or we need the invertible mapping that does not decrease the dimension and direct access to the likelihood.\n\n**Response:** Thank you for this comment. \nIndeed, our framework can be applied to bottleneck models with little modification. For invertible models, we gain additional advantages: (a) We do not lose any information in the latent space. In other words, the converse of Eq (3) also holds. In contrast, for a bottleneck model, it is possible that $T(X) \\stackrel{d}{=} T(Y)$ but $X \\stackrel{d}{\\neq} Y$, incurring possibly false positives.\n(b) Many existing approaches are based on log-likelihood. Having an invertible model makes the comparison more fair.\n\n**Q2.** The second question is about Carleman’s condition. Considering the case where we use flow’s latent is it sufficient that it would be satisfied by Gaussian (flow latent distribution) or it should be satisfied by data distribution (the normalised Gaussian by determinant of the Jacobian)?\n\n**Response:** For detection in the latent space, it is sufficient that the latent distribution (e.g. Gaussian) satisfies Carleman's condition. For detection in the sample space, since real data (e.g. image pixels) are bounded, they always satisfy Carleman's condition.\n\n**Q3.** The model seems to be comparable to KLOD besides the CIFAR10 vs SVHN where it performs better. On the other hand, it has problems with CIFAR vs LeSUN setting. Do you have some intuition what is the reason and how to deal with that issue? \n\n**Response:** KLOD imposes strong assumptions on the latent distribution and the model accuracy (while we have no such assumptions), thus it is possible that KLOD may perform better if their assumptions happen to be met. \n\nFor CIFAR vs LSUN, our experimental results indicate that this is a challenging case for our method. We examined the raw distributions of the two datasets, through per-dimensional mean and variance. The detailed result is given in the new Appendix G.8. In Figure 12, we verify that CIFARs and LSUN share a very close per-dimensional mean and variance, while for CIFARs vs. SVHN, although their per-dimensional mean share a similar range, their distributional shapes are different in terms of per-dimensional variances. This implies the CIFARs vs. LSUN pair is distributionally more similar and hence more challenging for our methods. \n\nThe immediate solution is to increase the batch size. When batch size = 100, our methods (using RealNVP) can achieve AUROC of $0.97|1.00$ for CIFAR-10 vs. LSUN, and $0.90|0.99$ for CIFAR-100 vs. LSUN. When batch size is beyond 200, our methods can achieve perfect (both AUROC and AUPR reach 1.00) detection performance in both cases. \n\n**Q4.**  Most of the experiments that examine the OOD problem are performed between different datasets. It would be beneficial to see some analysis for inside dataset split, where the split is indicated by two groups of classes. \n\n**Response:** \nThank you for this suggestion! In the revision, we've included additional experiments for the intra-dataset OOD detection on FMNIST and CIFAR-10, where one class is considered InD and the rest nine classes combined are considered OOD. Experimental results are presented in Table 9 in the new Appendix G.6. Compared to SOTA baselines, our method achieves the best intra-dataset OOD detection performance on FMNIST for all classes, while on CIFAR-10, our method yields near-best and more stable detection performance for all classes. Besides, there is no detection failure case (i.e., AUROC and AUPR below 0.5) in our method, which serves as another evidence of the effectiveness and generality of the proposed method."
        },
        "signatures": [
          "ICLR.cc/2022/Conference/Paper2934/Authors"
        ],
        "readers": [
          "everyone"
        ],
        "nonreaders": [],
        "writers": [
          "ICLR.cc/2022/Conference",
          "ICLR.cc/2022/Conference/Paper2934/Authors"
        ]
      },
      {
        "id": "qua9h54Aci",
        "original": null,
        "number": 9,
        "cdate": 1637627483299,
        "mdate": null,
        "ddate": null,
        "tcdate": 1637627483299,
        "tmdate": 1637627641375,
        "tddate": null,
        "forum": "6y2KBh-0Fd9",
        "replyto": "sje3NF3KoO",
        "invitation": "ICLR.cc/2022/Conference/Paper2934/-/Official_Comment",
        "content": {
          "title": "Response to Reviewer R73v - continued",
          "comment": "**Q6.** Include algorithmic presentation of GOD2KS in the supplement (for completeness).\n\n**Response:** Thank you for this suggestion. We have added it (Algorithm 2) in Appendix B.\n\n**Q7.** Page 2: absolute value of the Jacobian $\\rightarrow$ absolute value of the determinant of the Jacobian.\n\n**Response:** We have fixed it. Thank you.\n\n**Q8.** Figure 1, caption: explain $S_0$ and $S_1$.\n\n**Response:** Thank you for pointing this out. $S_0$ and $S_1$ represent the two latent dimensions in this example. We have changed them to $z_0$ and $z_1$ for clarity.\n\n**Q9.** Page 3, \"in order to evade the curse of dimensionality\": this becomes especially relevant in contemporary normalizing flows (eg. VFlow, DenseFlow) where latent dimensionality is greater than input dimensionality.\n\n**Response:** Thank you for this excellent comment! Indeed, when latent dimension is even larger than input dimension, we need to more carefully deal with the curse of dimensionality. We include the references as you suggest in page 3.\n\n**Q10.** Page 3, ``is distinct from the distributions\": make clear that this refers only to Fig1(b).\n\n**Response:**  We have made this clear. Thank you for pointing it out.\n\n**Q11.** Figure 2, caption: does not follow $\\rightarrow$ follow\n\n**Response:** We have fixed it. Thank you."
        },
        "signatures": [
          "ICLR.cc/2022/Conference/Paper2934/Authors"
        ],
        "readers": [
          "everyone"
        ],
        "nonreaders": [],
        "writers": [
          "ICLR.cc/2022/Conference",
          "ICLR.cc/2022/Conference/Paper2934/Authors"
        ]
      },
      {
        "id": "SacCQiPoo_p",
        "original": null,
        "number": 10,
        "cdate": 1637627538550,
        "mdate": null,
        "ddate": null,
        "tcdate": 1637627538550,
        "tmdate": 1637806511827,
        "tddate": null,
        "forum": "6y2KBh-0Fd9",
        "replyto": "sje3NF3KoO",
        "invitation": "ICLR.cc/2022/Conference/Paper2934/-/Official_Comment",
        "content": {
          "title": "Response to Reviewer R73v",
          "comment": "Thank you very much for your detailed comments, and we address your questions/concerns below:\n\n**Q1.** Authors does not propose a compelling motivation for groupwise OOD detection.\n\n**Response:** Thank you for this question. We summarize our motivation for the groupwise OOD detection as follows. According to [1], group anomaly can be characterized as (1) point based, where each individual point in the group is anomalous, and (2) distribution based, where a group of points differs from the regular pattern while any single point in the group may seem regular. Therefore, distribution based group anomaly is only detectable by GOD methods. Practical applications include detecting Higgs Bosons as a group of collision events in high-energy particle physics [2], and detecting distributed denial-of-services attacks via a group of multi-sensor networks [3]. \nIn the revision, we've included the above explanation in Section 2.1. Also, we've constructed a synthetic Gaussian experiment to illustrate the above point (see our Appendix.E for details).\n\n**Q2.** The evaluation should also show the OOD AP metric as in Zhang et al. (2020).\n\n**Response:** Thank you very much for this suggestion! In the revision, we've added the AUPR metric in our results on all datasets (See Tables 5, 6, 8). With the additional AUPR metric our main claim remains unchanged, i.e., GOD2KS is more robust and generally satisfactory across all listed benchmark datasets.\n\n**Q3.** Can you offer an intuitive explanation for the failures of TyTest and KLOD in Table 1?\n\n**Response:** Thank you for the suggestion! Our intuition for the failures of TyTest and KLOD in Table 1 is as follows. For TyTest, when the log-density histograms of InD and OOD overlap TyTest may not work well, which has also been mentioned in the original TyTest paper. For KLOD, as we compute $\\mu^\\top\\mu$ as the score, when OOD has lower latent values $\\mu$ than InD, then KLOD may fail. \n\n**Q4.** It may be interesting to evaluate the average density across the input batch as a straight-forward baseline. I do not expect this to be competitive, but averaging may improve over the pointwise result.\n\n**Response:**  In the revision, we've included experiments on FMNIST/MNIST and CIFAR-10/SVHN (the two most popular OOD detection cases) for both RealNVP and Glow using the metric the reviewer suggested. The result is shown in Table 11 in the new Appendix G.9. We confirm that the average density is indeed not a competitive baseline. This is not surprising, because as long as the density histograms of both InD and OOD sit in the wrong relative position, the average density will not work, regardless of the batch size.\n\n**Q5.** Can you provide any insight why the method can not exploit normalizing flows with large capacity?\n\n**Response:** Thank you for this suggestion! A better model (either with a larger capacity or more training time) tends to give a more accurate estimation of density. However, the OOD detection is mainly based on both the separation of the InD score and OOD score and their relative order (e.g. when using likelihood as detection score, InD must have higher likelihood than OOD input, otherwise the detection based on likelihood will fail) instead of their respective accuracy. Figure 2 in [4] shows such an example, where the mis-estimated model leads to a worse log-likelihood estimation (the relative order of InD and OOD likelihood is correct), but it results in a larger separation between the density histograms of InD and OOD. This intuition is also valid in our method. Take our one-sample test as an example. For a worse model, the transformed distribution of both InD and OOD in the latent space will be further away from the prior, compared to a better model, but the separation in this case might be more pronounced, which is why a worse model can sometimes lead to  better OOD detection.\n\n\n**References**\n\n[1] Liang Xiong, Barnabas Poczos, Jeff Schneider, Andrew Connolly, and Jake VanderPlas.   Hierarchical probabilistic models  for  group  anomaly  detection.   In International  Conference on  Artificial  Intelligence  and  Statistics,  vol-ume 15, pp. 789–797, 2011.\n\n[2] K Muandet and B Sch ̈olkopf.  One-class support measure machines for group anomaly detection.  In 29th Conference on Uncertainty in Artificial Intelligence, pp. 449–458, 2013.\n\n[3] Xiaofan Chen and Shunzheng Yu. A collaborative intrusion detection system against ddos for sdn. IEICE Transactionson Information and Systems, 99(9):2395–2399, 2016.\n\n[4] Lily Zhang, Mark Goldstein, and Rajesh Ranganath. Understanding failures in out-of-distribution detection with deep generative models. In International Conference on Machine Learning, pp. 12427–12436, 2021."
        },
        "signatures": [
          "ICLR.cc/2022/Conference/Paper2934/Authors"
        ],
        "readers": [
          "everyone"
        ],
        "nonreaders": [],
        "writers": [
          "ICLR.cc/2022/Conference",
          "ICLR.cc/2022/Conference/Paper2934/Authors"
        ]
      },
      {
        "id": "sGaFpwtLlqh",
        "original": null,
        "number": 11,
        "cdate": 1637628881058,
        "mdate": 1637628881058,
        "ddate": null,
        "tcdate": 1637628881058,
        "tmdate": 1637628881058,
        "tddate": null,
        "forum": "6y2KBh-0Fd9",
        "replyto": "bba6HqjCSm",
        "invitation": "ICLR.cc/2022/Conference/Paper2934/-/Official_Comment",
        "content": {
          "title": "Response to Reviewer XXZp",
          "comment": "Thank you very much for your recognition of our contributions, and we address your questions/concerns below:\n\n**Q1.** The manuscript would benefit from discussing other OOD detection approaches in latent space, [1] also present one method using parts of the latent space of the Glow model, [2] uses VAEs, not flows, but also look at parts of the latent space there. \n\n**Response:** Thank you for bringing these important references to our attention. We have cited both works and added the following discussion to the revision: \n> Note that [1,2] also develop detection scores based on (partial) latent variables of flow model and VAE, respectively. Differently, [2] interpret their likelihood ratio test as comparing divergence between true and approximate posterior in latent space (since true posterior is intractable), whereas [1] contrast the log likelihood of the last-scale latent code that encodes global object-specific features with that of some background latent code. Nevertheless, both approaches do not employ random projections or KS tests as we do. \n\n**Q2.** Note also that [1] report a related result to the result that generation quality and OOD detection performance can be negatively correlated, finding that fully connected flow models have worse log likelihoods but better OOD detection performance (see Sec 2).\n\n**Response:** Thank you for this comment. We think [1], as well as [3], achieved OOD detection performance improvement by the change in log likelihood. Note that the OOD detection failure for FMNIST/MNIST and CIFAR-10/SVHN, as reported by [4], is because the generative model gives OOD inputs higher likelihood estimate than InD ones, i.e. the log likelihood histogram of OOD sits on the right hand side of InD. [1] modified the model architecture, so that the OOD likelihood histogram sits on the left hand side of InD, which leads to the success of OOD detection, although the modified model has worse log likelihood. In contrast, [3] considered a successful case, where the relative order of InD and OOD bpd (bits per dimension) histograms is correct, but they found that a mis-estimated model can lead to a smaller overlap in InD and OOD bpd histograms, which results in the improvement of detection performance. Our results are different, where neither the overlap nor relative position of histograms is significantly changed (see our Figure 5 for example). More importantly, our detection method is not based on likelihood score, and yet we still observe a similar phenomenon. These results are indeed related, and our results corroborate existing work by examining more flow models, test statistics, real datasets and metrics.\n\n**Q3.** I would like it if caption figures were more self-contained and figures could be understood separately from the text. E.g., figure 3 and figure 5 captions could also talk a bit more about what one could learn from the figures.\n\n**Response:** Thank you for this suggestion. We've added more details to our figure captions on the revision. \n\n**References**\n\n[1] Robin Schirrmeister, Yuxuan Zhou, Tonio Ball, and Dan Zhang. Understanding anomaly detection with deep invertible networks through hierarchies of distributions and features. In Advances in Neural Information Processing Systems, volume 33, 2020.\n\n[2] Jakob D. Drachmann Havtorn, Jes Frellsen, Soren Hauberg, and Lars Maaløe. Hierarchical vaes know what they don’t know.  In Proceedings of the 38th International Conference on Machine Learning, volume 139, pp. 4117–4128,2021.\n\n[3] Lily Zhang, Mark Goldstein, and Rajesh Ranganath. Understanding failures in out-of-distribution detection with deep generative models. In International Conference on Machine Learning, pp. 12427–12436, 2021.\n\n[4] Eric Nalisnick, Akihiro Matsukawa, Yee Whye Teh, Dilan Gorur, and Balaji Lakshminarayanan.  Do deep generative models know what they don’t know?  In International Conference on Learning Representations, 2019."
        },
        "signatures": [
          "ICLR.cc/2022/Conference/Paper2934/Authors"
        ],
        "readers": [
          "everyone"
        ],
        "nonreaders": [],
        "writers": [
          "ICLR.cc/2022/Conference",
          "ICLR.cc/2022/Conference/Paper2934/Authors"
        ]
      },
      {
        "id": "EKx2bxVwHP",
        "original": null,
        "number": 14,
        "cdate": 1637929999976,
        "mdate": null,
        "ddate": null,
        "tcdate": 1637929999976,
        "tmdate": 1637936675725,
        "tddate": null,
        "forum": "6y2KBh-0Fd9",
        "replyto": "SacCQiPoo_p",
        "invitation": "ICLR.cc/2022/Conference/Paper2934/-/Official_Comment",
        "content": {
          "title": "Motivation, title",
          "comment": "Thank you on interesting discussion!\n\nThe proposed motivation is somewhat misaligned with the presented experiments on natural images. Still, new experiments on EEG/ECG signals confirm applicability of the proposed method for real-world problems.\n\nIt would be a good idea to correct the title to avoid disappointment of the readers interested in point-wise OOD with normalizing flows. A more informative title would be simply: REVISITING FLOW GENERATIVE MODELS FOR GROUP-WISE OUT-OF-DISTRIBUTION DETECTION\n\nI am leaning towards keeping my original rating (weak accept)."
        },
        "signatures": [
          "ICLR.cc/2022/Conference/Paper2934/Reviewer_R73v"
        ],
        "readers": [
          "everyone"
        ],
        "nonreaders": [],
        "writers": [
          "ICLR.cc/2022/Conference",
          "ICLR.cc/2022/Conference/Paper2934/Reviewer_R73v"
        ]
      },
      {
        "id": "2jwwkjSOOeV",
        "original": null,
        "number": 15,
        "cdate": 1637939310120,
        "mdate": 1637939310120,
        "ddate": null,
        "tcdate": 1637939310120,
        "tmdate": 1637939310120,
        "tddate": null,
        "forum": "6y2KBh-0Fd9",
        "replyto": "EKx2bxVwHP",
        "invitation": "ICLR.cc/2022/Conference/Paper2934/-/Official_Comment",
        "content": {
          "title": "Thanks!",
          "comment": "Thank you for your suggestion! We agree, and we have changed the title as you suggest, although the change cannot be updated on openreview yet."
        },
        "signatures": [
          "ICLR.cc/2022/Conference/Paper2934/Authors"
        ],
        "readers": [
          "everyone"
        ],
        "nonreaders": [],
        "writers": [
          "ICLR.cc/2022/Conference",
          "ICLR.cc/2022/Conference/Paper2934/Authors"
        ]
      },
      {
        "id": "dF6ytmstlAm",
        "original": null,
        "number": 16,
        "cdate": 1638258140786,
        "mdate": 1638258140786,
        "ddate": null,
        "tcdate": 1638258140786,
        "tmdate": 1638258140786,
        "tddate": null,
        "forum": "6y2KBh-0Fd9",
        "replyto": "dUg8PSdawzM",
        "invitation": "ICLR.cc/2022/Conference/Paper2934/-/Official_Comment",
        "content": {
          "title": "Thank you!",
          "comment": "Thank you for your responses. I am entirely satisfied with your answers. Therefore, I am going to raise my score to (8: accept, good paper). "
        },
        "signatures": [
          "ICLR.cc/2022/Conference/Paper2934/Reviewer_Kij3"
        ],
        "readers": [
          "everyone"
        ],
        "nonreaders": [],
        "writers": [
          "ICLR.cc/2022/Conference",
          "ICLR.cc/2022/Conference/Paper2934/Reviewer_Kij3"
        ]
      },
      {
        "id": "RNFKWpsIeWY",
        "original": null,
        "number": 17,
        "cdate": 1638263833203,
        "mdate": 1638263833203,
        "ddate": null,
        "tcdate": 1638263833203,
        "tmdate": 1638263833203,
        "tddate": null,
        "forum": "6y2KBh-0Fd9",
        "replyto": "sGaFpwtLlqh",
        "invitation": "ICLR.cc/2022/Conference/Paper2934/-/Official_Comment",
        "content": {
          "title": "Thanks; increased score",
          "comment": "Thanks for your revisions, in my view they have improved the manuscript, therefore I increased the score to accept."
        },
        "signatures": [
          "ICLR.cc/2022/Conference/Paper2934/Reviewer_XXZp"
        ],
        "readers": [
          "everyone"
        ],
        "nonreaders": [],
        "writers": [
          "ICLR.cc/2022/Conference",
          "ICLR.cc/2022/Conference/Paper2934/Reviewer_XXZp"
        ]
      },
      {
        "id": "It4E2xBvILL",
        "original": null,
        "number": 1,
        "cdate": 1642697039189,
        "mdate": null,
        "ddate": null,
        "tcdate": 1642697039189,
        "tmdate": 1642697039189,
        "tddate": null,
        "forum": "6y2KBh-0Fd9",
        "replyto": "6y2KBh-0Fd9",
        "invitation": "ICLR.cc/2022/Conference/Paper2934/-/Decision",
        "content": {
          "title": "Paper Decision",
          "decision": "Accept (Poster)",
          "comment": "The paper investigates the use of flow models for out-of-distribution detection. The paper proposes to use a combination of random projections in the latent space of flow models and one-sample / two-sample statistical tests for detecting OOD inputs. The authors present results on image benchmarks as well as non-image benchmarks. \n\nThe reviewers found the approach well-motivated and appreciated the ablations. The authors did a good job of addressing reviewer concerns during the rebuttal. During the discussion phase, the consensus decision leaned towards acceptance. I recommend accept and encourage the reviewers to address any remaining concerns in the final version.\n\nIt might be worth discussing this paper in the related work: Density of States Estimation for Out-of-Distribution Detection https://arxiv.org/abs/2006.09273"
        },
        "signatures": [
          "ICLR.cc/2022/Conference/Program_Chairs"
        ],
        "readers": [
          "everyone"
        ],
        "nonreaders": [],
        "writers": [
          "ICLR.cc/2022/Conference/Program_Chairs"
        ]
      },
      {
        "id": "OZFTwFw_Ypb",
        "original": null,
        "number": 1,
        "cdate": 1700768990584,
        "mdate": 1700768990584,
        "ddate": null,
        "tcdate": 1700768990584,
        "tmdate": 1700768990584,
        "tddate": null,
        "forum": "6y2KBh-0Fd9",
        "replyto": "6y2KBh-0Fd9",
        "invitation": "ICLR.cc/2022/Conference/Paper2934/-/Public_Comment",
        "content": {
          "title": "Code link",
          "comment": "We forgot to mention that our code was released here last year: https://github.com/dihjiang/OOD-flow."
        },
        "signatures": [
          "~Dihong_Jiang1"
        ],
        "readers": [
          "everyone"
        ],
        "nonreaders": [],
        "writers": [
          "ICLR.cc/2022/Conference",
          "~Dihong_Jiang1"
        ]
      }
    ],
    "directReplies": [
      {
        "id": "bba6HqjCSm",
        "original": null,
        "number": 1,
        "cdate": 1635632553160,
        "mdate": null,
        "ddate": null,
        "tcdate": 1635632553160,
        "tmdate": 1638263800546,
        "tddate": null,
        "forum": "6y2KBh-0Fd9",
        "replyto": "6y2KBh-0Fd9",
        "invitation": "ICLR.cc/2022/Conference/Paper2934/-/Official_Review",
        "content": {
          "summary_of_the_paper": "The paper proposes evaluates using statistical tests on random 1d-projections in the latent space of a flow model for groupwise out-of-distribution (OOD) detection. Concretely, Komolgorov-Smirnov tests are used to compare latent encodings of a given batch of samples to the expected distribution of the in-distribution latent encodings. For the expected distribution, either the predefined latent prior is used, resulting in a 1-sample Komolgorov-Smirnov test, or the empirical distribution of the latent encodings of the training data  is used, resulting in a 2-sample Komolgorov-Smirnov test. The paper reports similar groupwise OOD detection performance as existing methods, with the 2-sample KS-test method having less failure cases.",
          "main_review": "I found it easy to understand the ideas and methods of the paper, results are also well-understandable.\n\nOverall, the paper does not bring too many surprises from my view - I would have expected any use of 1d projections for OOD detection to work better in latent space than in input space. Also it seems not too surprising that this very generic method cannot result in very high OOD detection performance (compared to methods exploiting more assumptions about OOD data). But in any case good to see precisely how well OOD detection works in this way. The main surprising part might be that generation quality can be negatively correlated with OOD detection performance.\n\nThe manuscript would benefit from discussing other OOD detection approaches in latent space, https://arxiv.org/abs/2006.10848 also present one method using parts of the latent space of the Glow model, https://arxiv.org/abs/2102.08248 uses VAEs, not flows, but also look at parts of the latent space there. In the future, could be interesting to compare to such methods (using parts of latent space/log-likelihood contributions), which exploit more assumptions about where semantic differences are encoded in the latent space, on both semantic and non-semantic OOD detection. Note also that https://arxiv.org/abs/2006.10848 report a related result to the result that generation quality and OOD detection performance can be negatively correlated, finding that fully connected flow models have worse log likelihoods but better OOD detection performance (see Sec 2).\n\nI would like it if caption figures were more self-contained and figures could be understood separately from the text. E.g., figure 3 and figure 5 captions could also talk a bit more about what one could learn from the figures.",
          "summary_of_the_review": "The paper in my view does not present too many surprising results, but I also find it valuable to see non-surprising results that are clearly presented and easy to understand. And the result on generation quality and OOD detection performance being negatively correlated is also valuable to know.\n\n**Update Post Rebuttal**\nThe revisions have further improved the manuscript, I increase my score to 8.",
          "correctness": "4: All of the claims and statements are well-supported and correct.",
          "technical_novelty_and_significance": "2: The contributions are only marginally significant or novel.",
          "empirical_novelty_and_significance": "3: The contributions are significant and somewhat new. Aspects of the contributions exist in prior work.",
          "flag_for_ethics_review": [
            "NO."
          ],
          "recommendation": "8: accept, good paper",
          "confidence": "4: You are confident in your assessment, but not absolutely certain. It is unlikely, but not impossible, that you did not understand some parts of the submission or that you are unfamiliar with some pieces of related work."
        },
        "signatures": [
          "ICLR.cc/2022/Conference/Paper2934/Reviewer_XXZp"
        ],
        "readers": [
          "everyone"
        ],
        "nonreaders": [],
        "writers": [
          "ICLR.cc/2022/Conference",
          "ICLR.cc/2022/Conference/Paper2934/Reviewer_XXZp"
        ]
      },
      {
        "id": "sje3NF3KoO",
        "original": null,
        "number": 2,
        "cdate": 1635884285267,
        "mdate": null,
        "ddate": null,
        "tcdate": 1635884285267,
        "tmdate": 1635888478109,
        "tddate": null,
        "forum": "6y2KBh-0Fd9",
        "replyto": "6y2KBh-0Fd9",
        "invitation": "ICLR.cc/2022/Conference/Paper2934/-/Official_Review",
        "content": {
          "summary_of_the_paper": "The manuscript addresses groupwise outlier detection with normalizing flows. The main idea is to project latent representations of the input batch onto several random directions and to evaluate the resulting 1D distributions according to the Kolmogorov-Smirnov test either with respect to the prior (GOD1KS) or with respect to the corresponding distribution of the training data (GOD2KS). Finally, OOD ranking is performed according to the average KS value across all random directions. GOD1KS is used when the underlying normalizing flow is well learned, while GOD2KS is an option when there is some uncertainty regarding the learning outcome. Experimental performance decreases  when the method is used in combination with undertrained normalizing flow or a normalizing flow with a larger capacity.",
          "main_review": "Strengths:\n\nS1. The proposed approach is interesting, simple, mathematically sound and effective. In comparison with Zhang et al. (2020), the proposed approach does not require estimation of a multivariate distribution.\n\nS2. Experiments show robust overall performance. Notably, there are less failure cases than in related methods.\n\nWeaknesses:\n\nW1: Authors does not propose a compelling motivation for groupwise OOD detection.\n\nW2: The evaluation should also show the OOD AP metric as in Zhang et al. (2020). \n\nSuggestions\n- Can you offer an intuitive explanation for the failures of TyTest and KLOD in Table 1?\n- It may be interesting to evaluate the average density across the input batch as a straight-forward baseline. I do not expect this to be competitive, but averaging may improve over the pointwise result.\n- Can you provide any insight why the method can not exploit normalizing flows with large capacity?\n- Include algorithmic presentation of GOD2KS in the supplement (for completeness).\n- Page 2: absolute value of the Jacobian -> absolute value of the determinant of the Jacobian.\n- Figure 1, caption: explain S_0 and S_1.\n- Page 3, \"in order to evade the curse of dimensionality\": this becomes especially relevant in contemporary normalizing flows (eg. VFlow, DenseFlow) where latent dimensionality is greater than input dimensionality.\n- Page 3, \"is distinct from the distributions\": make clear that this refers only to Fig1(b).\n- Figure 2, caption: does not follow -> follow.\n",
          "summary_of_the_review": "This paper provides interesting insights about normalizing flows and OOD detection. ",
          "correctness": "4: All of the claims and statements are well-supported and correct.",
          "technical_novelty_and_significance": "3: The contributions are significant and somewhat new. Aspects of the contributions exist in prior work.",
          "empirical_novelty_and_significance": "3: The contributions are significant and somewhat new. Aspects of the contributions exist in prior work.",
          "flag_for_ethics_review": [
            "NO."
          ],
          "recommendation": "6: marginally above the acceptance threshold",
          "confidence": "4: You are confident in your assessment, but not absolutely certain. It is unlikely, but not impossible, that you did not understand some parts of the submission or that you are unfamiliar with some pieces of related work."
        },
        "signatures": [
          "ICLR.cc/2022/Conference/Paper2934/Reviewer_R73v"
        ],
        "readers": [
          "everyone"
        ],
        "nonreaders": [],
        "writers": [
          "ICLR.cc/2022/Conference",
          "ICLR.cc/2022/Conference/Paper2934/Reviewer_R73v"
        ]
      },
      {
        "id": "lvELoStMHKI",
        "original": null,
        "number": 3,
        "cdate": 1636014423160,
        "mdate": null,
        "ddate": null,
        "tcdate": 1636014423160,
        "tmdate": 1638257966609,
        "tddate": null,
        "forum": "6y2KBh-0Fd9",
        "replyto": "6y2KBh-0Fd9",
        "invitation": "ICLR.cc/2022/Conference/Paper2934/-/Official_Review",
        "content": {
          "summary_of_the_paper": "The paper provides an interesting approach for OOD detection problem for flow models. The approach is based on random projections on the real line where KD statistical test is applied in order to compare two distributions. Two variants of the approach are considered 1 sample test where the comparison is made with respect to flow prior and 2 sample test where the comparison is made with respect to transformed samples from two datasets. The quality of the approach is compared agains standard reference methods. \n",
          "main_review": "Strengths\n\nThe proposed approach is simple and does not require training additional components. It can be applied both in data space and latent of the flow, but according to experimental studies application of latent space gives better results. The results are comparable to the results obtained to the reference approaches - the significant gain is observed on CIFAR10 vs SVHN setting. The paper is easy to follow and the idea of the paper is clear. The proposed approach is easy to applied so the results are easy to reproduce.\n\nWeaknesses \n\nThe contribution of this work is smart but novelty is a bit limited due to the fact that the authors combine two known approaches - KS statistical test and random projections. It seems that this framework is general and can be even applied to the bottleneck models like VAE or even for any low dimensional features extracted from the data. The question is can we apply this framework to any low dimensional representation of data or we need the invertible mapping that does not decrease the dimension and direct access to the likelihood. \n\nThe second question is about Carleman’s condition. Considering the case where we use flow’s latent is it sufficient that it would be satisfied by Gaussian (flow latent distribution) or it should be satisfied by data distribution (the normalised Gaussian by determinant of the Jacobian)?\n\nThe third issue is about the results. The model seems to be comparable to KLOD besides the CIFAR10 vs SVHN where it performs better. On the other hand, it has problems with CIFAR vs LeSUN setting. Do you have some intuition what is the reason and how to deal with that issue? Most of the experiments that examine the OOD problem are performed between different datasets. It would be beneficial to see some analysis for inside dataset split, where the split is indicated by two groups of classes. This case is somehow similar to Cifar10 vs. Cifar100 comparison. ",
          "summary_of_the_review": "I admire the simplicity of the approach and I tent to recommend to accept this work at this stage. ",
          "correctness": "3: Some of the paper’s claims have minor issues. A few statements are not well-supported, or require small changes to be made correct.",
          "technical_novelty_and_significance": "3: The contributions are significant and somewhat new. Aspects of the contributions exist in prior work.",
          "empirical_novelty_and_significance": "2: The contributions are only marginally significant or novel.",
          "flag_for_ethics_review": [
            "NO."
          ],
          "recommendation": "8: accept, good paper",
          "confidence": "3: You are fairly confident in your assessment. It is possible that you did not understand some parts of the submission or that you are unfamiliar with some pieces of related work. Math/other details were not carefully checked."
        },
        "signatures": [
          "ICLR.cc/2022/Conference/Paper2934/Reviewer_Kij3"
        ],
        "readers": [
          "everyone"
        ],
        "nonreaders": [],
        "writers": [
          "ICLR.cc/2022/Conference",
          "ICLR.cc/2022/Conference/Paper2934/Reviewer_Kij3"
        ]
      },
      {
        "id": "wwGhz24elvD",
        "original": null,
        "number": 4,
        "cdate": 1636058341062,
        "mdate": null,
        "ddate": null,
        "tcdate": 1636058341062,
        "tmdate": 1637744064480,
        "tddate": null,
        "forum": "6y2KBh-0Fd9",
        "replyto": "6y2KBh-0Fd9",
        "invitation": "ICLR.cc/2022/Conference/Paper2934/-/Official_Review",
        "content": {
          "summary_of_the_paper": "This paper applies a goodness of fit test (KS test) to the latent space of normalizing flows for purposes of out-of-distribution detection.  To combat high-dimensionality and model misspecification, extensions such as random projections and two-sample tests are also proposed.  The results report AUROC on RNVP (batch size 5 and 10), comparing against a typicality test and a kl-based test.  The paper also tests using autoencoders vs rand projections, alternative divergences, effects of model misspecification, and detection in latent vs original feature space.  The findings are that the KS-test is indeed a practical choice for OOD detection via GOF testing.  Moreover, it is observed that better models don't necessarily mean better OOD detection, as described earlier by Zhang et al. [ICML 2021].",
          "main_review": "## Pros\n\n*Exploration of OOD in practice*:  While GOF-based OOD detection is theoretically well-founded, applying the technique successfully in practice for high-dimensional data is a challenge in its own right.  Thus, this paper provides value to practitioners, guiding them on how to make these crucial implementation choices.\n\n*Ablations*: The paper also does a nice job of testing the efficacy of specific parts of the experimental pipeline---for example, autoencoders vs random projections, GOF vs two-sample tests.\n\n## Cons\n\n*Novel only in implementation*:  The method's novelty is restricted to the implementation details.  Ultimately, the core methodology is to apply the KS test to a reparameterized distribution, which is not an original contribution.  Applying a KS test to flows for OOD purposes is novel, to the best of my knowledge.  Moreover, the paper's other insights such as model quality vs OOD ability mostly back already supported points from earlier work (e.g. [Zhang et al, ICML 2021].",
          "summary_of_the_review": "The paper is fairly well executed; however, I can't say that I learned much from the work as its contribution is mostly in the implementation details.  And it is unclear to what extent these details generalize beyond standard image benchmarks.",
          "correctness": "4: All of the claims and statements are well-supported and correct.",
          "technical_novelty_and_significance": "1: The contributions are neither significant nor novel.",
          "empirical_novelty_and_significance": "2: The contributions are only marginally significant or novel.",
          "flag_for_ethics_review": [
            "NO."
          ],
          "recommendation": "8: accept, good paper",
          "confidence": "4: You are confident in your assessment, but not absolutely certain. It is unlikely, but not impossible, that you did not understand some parts of the submission or that you are unfamiliar with some pieces of related work."
        },
        "signatures": [
          "ICLR.cc/2022/Conference/Paper2934/Reviewer_zvSD"
        ],
        "readers": [
          "everyone"
        ],
        "nonreaders": [],
        "writers": [
          "ICLR.cc/2022/Conference",
          "ICLR.cc/2022/Conference/Paper2934/Reviewer_zvSD"
        ]
      },
      {
        "id": "X56fugJm-sA",
        "original": null,
        "number": 5,
        "cdate": 1637625668759,
        "mdate": null,
        "ddate": null,
        "tcdate": 1637625668759,
        "tmdate": 1637806315261,
        "tddate": null,
        "forum": "6y2KBh-0Fd9",
        "replyto": "6y2KBh-0Fd9",
        "invitation": "ICLR.cc/2022/Conference/Paper2934/-/Official_Comment",
        "content": {
          "title": "Overall major revisons",
          "comment": "We thank all reviewers for their careful reading of our paper and their suggestions. To address the concerns from reviewers, we have made the following main changes in our draft, colored in blue: \n+ We modified our motivation for groupwise OOD detection in section 2.1, and added a synthetic experiment in Appendix E to illustrate (see Figure 7).\n+ We re-run all the main experiments, and include AUPR as another evaluation metric in our results. Please refer to Tables 5, 6, 8. Our main claim remains unchanged, i.e. compared to SOTA baselines and GOD1KS, the proposed GOD2KS is more robust and generally satisfactory across all listed benchmark datasets. We also give more implementation details in Appendix B.\n+ We modified all figure captions to make them more self-contained, e.g. Figures 3, 4, 5.\n+ We added discussion on references that report related results to the correlation between model accuracy and OOD detection performance in Appendix G.5.\n+ In Related works, we added discussion of more references that employ (partial) latent code for OOD detection with flow model and VAE, respectively. \n+ We added Algorithm 2 for GOD2KS in Appendix B.\n+ We conducted additional experiments on intra-dataset OOD detection. The results are summarized in Appendix G.6 (see Table 9). Compared to SOTA baselines, our method achieves the best intra-dataset OOD detection performance on FMNIST dataset for all classes, while on CIFAR-10 dataset, our method yields the near-best detection performance for all classes. Besides, there is no detection failure case in our method (metric below 0.5), which serves as another evidence of the effectiveness and generality of the proposed method. \n+ We conducted additional experiments on detecting OOD in time-series data. In our experiment, we choose EEG and ECG, the two clinically important physiological signals, for analysis (see Table 10 and Appendix G.7 for details). Our method, especially GOD2KS, indicates more robustness against SOTA baselines. In the EEG/ECG setting, the typicality test fails, implying an overlap in density histograms of InD and OOD, and KLOD is slightly better than a random guess. In contrast, our GOD2KS achieves around 0.9 metrics in both experimental settings.\n+ We added investigation on why CIFARs vs. LSUN setting is challenging for our method by examining the raw distribution through per-dimensional mean and variance. Please refer to Figure 12 and Appendix G.8 for details. Our experiments show that CIFARs vs. LSUN pair is indeed distributionally more similar and hence more challenging for our methods. The immediate solution is to increase the batch size. When batch size = 100, our methods (using RealNVP) can achieve AUROC of $0.97|1.00$ for CIFAR-10 vs.  LSUN, and $0.90|0.99$ for CIFAR-100 vs. LSUN. When batch size is beyond 200, our methods can achieve perfect (both AUC and AUPR reach 1.00) detection performance in both settings.\n+ We conducted an additional experiment of including the average density as a straightforward baseline for comparison, and results are summarized in Appendix G.9 (see Table 11). It can be observed that directly averaging the density across a batch is not competitive."
        },
        "signatures": [
          "ICLR.cc/2022/Conference/Paper2934/Authors"
        ],
        "readers": [
          "everyone"
        ],
        "nonreaders": [],
        "writers": [
          "ICLR.cc/2022/Conference",
          "ICLR.cc/2022/Conference/Paper2934/Authors"
        ]
      },
      {
        "id": "It4E2xBvILL",
        "original": null,
        "number": 1,
        "cdate": 1642697039189,
        "mdate": null,
        "ddate": null,
        "tcdate": 1642697039189,
        "tmdate": 1642697039189,
        "tddate": null,
        "forum": "6y2KBh-0Fd9",
        "replyto": "6y2KBh-0Fd9",
        "invitation": "ICLR.cc/2022/Conference/Paper2934/-/Decision",
        "content": {
          "title": "Paper Decision",
          "decision": "Accept (Poster)",
          "comment": "The paper investigates the use of flow models for out-of-distribution detection. The paper proposes to use a combination of random projections in the latent space of flow models and one-sample / two-sample statistical tests for detecting OOD inputs. The authors present results on image benchmarks as well as non-image benchmarks. \n\nThe reviewers found the approach well-motivated and appreciated the ablations. The authors did a good job of addressing reviewer concerns during the rebuttal. During the discussion phase, the consensus decision leaned towards acceptance. I recommend accept and encourage the reviewers to address any remaining concerns in the final version.\n\nIt might be worth discussing this paper in the related work: Density of States Estimation for Out-of-Distribution Detection https://arxiv.org/abs/2006.09273"
        },
        "signatures": [
          "ICLR.cc/2022/Conference/Program_Chairs"
        ],
        "readers": [
          "everyone"
        ],
        "nonreaders": [],
        "writers": [
          "ICLR.cc/2022/Conference/Program_Chairs"
        ]
      },
      {
        "id": "OZFTwFw_Ypb",
        "original": null,
        "number": 1,
        "cdate": 1700768990584,
        "mdate": 1700768990584,
        "ddate": null,
        "tcdate": 1700768990584,
        "tmdate": 1700768990584,
        "tddate": null,
        "forum": "6y2KBh-0Fd9",
        "replyto": "6y2KBh-0Fd9",
        "invitation": "ICLR.cc/2022/Conference/Paper2934/-/Public_Comment",
        "content": {
          "title": "Code link",
          "comment": "We forgot to mention that our code was released here last year: https://github.com/dihjiang/OOD-flow."
        },
        "signatures": [
          "~Dihong_Jiang1"
        ],
        "readers": [
          "everyone"
        ],
        "nonreaders": [],
        "writers": [
          "ICLR.cc/2022/Conference",
          "~Dihong_Jiang1"
        ]
      }
    ]
  }
}