{
  "id": "aBsCjcPu_tE",
  "original": "RrWl2xXKQFv",
  "number": 2137,
  "cdate": 1632875599523,
  "mdate": null,
  "ddate": null,
  "tcdate": 1632875599523,
  "tmdate": 1676330573024,
  "tddate": null,
  "forum": "aBsCjcPu_tE",
  "replyto": null,
  "invitation": "ICLR.cc/2022/Conference/-/Blind_Submission",
  "content": {
    "title": "SDEdit: Guided Image Synthesis and Editing with Stochastic Differential Equations",
    "authorids": [
      "~Chenlin_Meng1",
      "~Yutong_He1",
      "~Yang_Song1",
      "~Jiaming_Song1",
      "~Jiajun_Wu1",
      "~Jun-Yan_Zhu1",
      "~Stefano_Ermon1"
    ],
    "authors": [
      "Chenlin Meng",
      "Yutong He",
      "Yang Song",
      "Jiaming Song",
      "Jiajun Wu",
      "Jun-Yan Zhu",
      "Stefano Ermon"
    ],
    "keywords": [],
    "abstract": "Guided image synthesis enables everyday users to create and edit photo-realistic images with minimum effort. The key challenge is balancing faithfulness to the user inputs (e.g., hand-drawn colored strokes) and realism of the synthesized images. Existing GAN-based methods attempt to achieve such balance using either conditional GANs or GAN inversions, which are challenging and often require additional training data or loss functions for individual applications. To address these issues, we introduce a new image synthesis and editing method, Stochastic Differential Editing (SDEdit), based on a diffusion model generative prior, which synthesizes realistic images by iteratively denoising through a stochastic differential equation (SDE). Given an input image with user guide in a form of manipulating RGB pixels, SDEdit first adds noise to the input, then subsequently denoises the resulting image through the SDE prior to increase its realism. SDEdit does not require task-specific training or inversions and can naturally achieve the balance between realism and faithfulness. SDEdit outperforms state-of-the-art GAN-based methods by up to 98.09% on realism and 91.72% on overall satisfaction scores, according to a human perception study, on multiple tasks, including stroke-based image synthesis and editing as well as image compositing.",
    "code_of_ethics": "",
    "submission_guidelines": "",
    "resubmission": "",
    "student_author": "",
    "serve_as_reviewer": "",
    "paperhash": "meng|sdedit_guided_image_synthesis_and_editing_with_stochastic_differential_equations",
    "pdf": "/pdf/e3d44fdd105753b51dcb91a908082d6317713ae9.pdf",
    "code": "",
    "data": "",
    "_bibtex": "@inproceedings{\nmeng2022sdedit,\ntitle={{SDE}dit: Guided Image Synthesis and Editing with Stochastic Differential Equations},\nauthor={Chenlin Meng and Yutong He and Yang Song and Jiaming Song and Jiajun Wu and Jun-Yan Zhu and Stefano Ermon},\nbooktitle={International Conference on Learning Representations},\nyear={2022},\nurl={https://openreview.net/forum?id=aBsCjcPu_tE}\n}",
    "venue": "ICLR 2022 Poster",
    "venueid": "ICLR.cc/2022/Conference"
  },
  "signatures": [
    "ICLR.cc/2022/Conference"
  ],
  "readers": [
    "everyone"
  ],
  "nonreaders": [],
  "writers": [
    "ICLR.cc/2022/Conference"
  ],
  "tauthor": "OpenReview.net",
  "pdate": 1643407560000,
  "odate": 1633539600000,
  "details": {
    "overwriting": [],
    "tags": [],
    "writable": false,
    "replyCount": 9,
    "directReplyCount": 5,
    "revisions": true,
    "replies": [
      {
        "id": "QSlk84uhMj",
        "original": null,
        "number": 1,
        "cdate": 1635817146401,
        "mdate": null,
        "ddate": null,
        "tcdate": 1635817146401,
        "tmdate": 1637867825590,
        "tddate": null,
        "forum": "aBsCjcPu_tE",
        "replyto": "aBsCjcPu_tE",
        "invitation": "ICLR.cc/2022/Conference/Paper2137/-/Official_Review",
        "content": {
          "summary_of_the_paper": "The paper proposed Stochastic Differentiable Image Editing method which iteratively diffuse the human edited image  to real images, using the pretrained score-based SDE models (the edit is in a form of manipulating image pixel values, e.g. stroke, color paint, or image patch).The method achieves both realistic image editing and faithfulness to human input through user studies. ",
          "main_review": "Strength:\n1. The SDE formulation of image editing is an interesting approach, it's not only able to generate image with realism (through diffusion process) but also capture the real input (by controlling the time variable t0 that runs the diffusion process).\n\n2. The proposed method is able to produce a diverse set of predictions given user input by sampling different Gaussian noise in the process. \n\n3. The paper is well written and easy to follow.\n\nWeakness\n\n1. The paper is overclaimming. It is argued that the proposed method is able to diffuse the image \"given a user guide of any type\", however, it seems the proposed method is only able to handle the user guide in a form of manipulating pixel rgb values (strokes, color patch, or image patch), there are many other user guides exist, such as semantic mask (GauGAN), or text (using CLIP model), and it's not clear how the proposed method generalize to these user guides.\n\n2. The proposed method need to run iteratively to obtain the final image, which makes the inference time inevitably long. It would be great to include the running time of the proposed method in comparing with other methods. \n\n3. The main technique in the paper (The SDE process) is previous method (Song et. al. 2020, 2021), the paper only proposed to use the human edited image as initialization of SDE at a particular time t0, thus the novelty is not great enough. ",
          "summary_of_the_review": "The paper proposed an interesting technique to edit image using the SDE. The generated image is not only faithful but also relistic. However, considering the technique novelty and the overclaiming, I vote for a weak reject initially and am willing to listen to the authors and other reviewers. ",
          "correctness": "2: Several of the paper’s claims are incorrect or not well-supported.",
          "technical_novelty_and_significance": "2: The contributions are only marginally significant or novel.",
          "empirical_novelty_and_significance": "2: The contributions are only marginally significant or novel.",
          "flag_for_ethics_review": [
            "Yes, Discrimination / bias / fairness concerns"
          ],
          "details_of_ethics_concerns": "The paper is running experiment on human faces, this might raise concerns on the fairness and bias of human. ",
          "recommendation": "6: marginally above the acceptance threshold",
          "confidence": "2: You are willing to defend your assessment, but it is quite likely that you did not understand the central parts of the submission or that you are unfamiliar with some pieces of related work. Math/other details were not carefully checked."
        },
        "signatures": [
          "ICLR.cc/2022/Conference/Paper2137/Reviewer_Hvki"
        ],
        "readers": [
          "everyone"
        ],
        "nonreaders": [],
        "writers": [
          "ICLR.cc/2022/Conference",
          "ICLR.cc/2022/Conference/Paper2137/Reviewer_Hvki"
        ]
      },
      {
        "id": "oAQ74LszGX",
        "original": null,
        "number": 2,
        "cdate": 1635875134549,
        "mdate": null,
        "ddate": null,
        "tcdate": 1635875134549,
        "tmdate": 1638172653107,
        "tddate": null,
        "forum": "aBsCjcPu_tE",
        "replyto": "aBsCjcPu_tE",
        "invitation": "ICLR.cc/2022/Conference/Paper2137/-/Official_Review",
        "content": {
          "summary_of_the_paper": "The paper proposesed an image editing and synthesis system (SDEdit) with SDE. By injecting the guided image into the reverse process with appropriate $t_0$, the results can have a trade-off between realism and faithfulness.",
          "main_review": "Strengths:\nThe whole idea is interesting, effective and simple. The SDEdit perturbs the input image with the forward SDE and generates edits by reversing the SDE, the SDE is pretrained on unlabeled data, so the SDEdit does not require collecting pair images. Meanwhile, since the excellent generation performance of SDE, the SDEdit can generate the content with high quality. The mask strategy can help the user edit the regions where they want.\n\nWeaknesses:\nThe SDEdit can not edit the image flexibly enough, such as closing eyes, opening mouth, changing lip color. Meanwhile, the guidance can not influence the results well sometimes (Fig.1 Stroke-based Editing), there is no brown forest in the region where the user draws the brown stroke. Finally, the Stroke-based Editing is not complex and some methods can do this such as [1][2], the SDEdit should compare with them.\n\n[1]DeFLOCNet: Deep Image Editing via Flexible Low-level Controls. CVPR2021\n\n[2]Sc-fegan: Face editing generative adversarial network with user’s sketch and color. ICCV 2019",
          "summary_of_the_review": "The paper is well-written and easy to follow. The results are impressive. Although Stroke-based Editing is not complex, especially on the face,  I think this is a good start of using the SDE to do the image editing task. ",
          "correctness": "4: All of the claims and statements are well-supported and correct.",
          "technical_novelty_and_significance": "2: The contributions are only marginally significant or novel.",
          "empirical_novelty_and_significance": "3: The contributions are significant and somewhat new. Aspects of the contributions exist in prior work.",
          "flag_for_ethics_review": [
            "NO."
          ],
          "recommendation": "8: accept, good paper",
          "confidence": "4: You are confident in your assessment, but not absolutely certain. It is unlikely, but not impossible, that you did not understand some parts of the submission or that you are unfamiliar with some pieces of related work."
        },
        "signatures": [
          "ICLR.cc/2022/Conference/Paper2137/Reviewer_CnCY"
        ],
        "readers": [
          "everyone"
        ],
        "nonreaders": [],
        "writers": [
          "ICLR.cc/2022/Conference",
          "ICLR.cc/2022/Conference/Paper2137/Reviewer_CnCY"
        ]
      },
      {
        "id": "GJLCf3_aX2z",
        "original": null,
        "number": 3,
        "cdate": 1635967433954,
        "mdate": null,
        "ddate": null,
        "tcdate": 1635967433954,
        "tmdate": 1635967433954,
        "tddate": null,
        "forum": "aBsCjcPu_tE",
        "replyto": "aBsCjcPu_tE",
        "invitation": "ICLR.cc/2022/Conference/Paper2137/-/Official_Review",
        "content": {
          "summary_of_the_paper": "This paper proposes to synthetize and edit realistic images based on stocahstic differential equations (SDE). The method is based on diffusion generative model that iteratively denoises through SDEs and demosntrates that this SDE prior increases photorealism of the images, compared to state-of-the-art GAN-based approaches. ",
          "main_review": "Stroke-based image editing algorithms have been widely-adopted and popular for many artistic design tools and softwares. Many of those are (conditional) GAN-based methods, and can be often challenging to balance the tradeoff between use control vs. result faithfulness. \n\nThe proposed method has a novel technical contribution, that utlizes iterative SDE denoising for guided stroke sketch input + perturbed noise, with photorealistic output via the reverse of the SDE. The paper has compared with a few state-of-the-art baselines and demosntrate its effectiveness in producing more faithful editing results.\n\nOne question I have is that, how good the guided stroke sketch needs to be? I don't see ablation study on this, but I think it is an important factor for practical applications. \n\nPaper writing and references seem fine to me. ",
          "summary_of_the_review": "Overall I am leaning towards a weak accept. The paper has clear novelty regarding stroke-based image editing via perturb + reverse SDEs. Comparisons and ablation study look good to me except for the one on the level of user sketch control. ",
          "correctness": "3: Some of the paper’s claims have minor issues. A few statements are not well-supported, or require small changes to be made correct.",
          "technical_novelty_and_significance": "3: The contributions are significant and somewhat new. Aspects of the contributions exist in prior work.",
          "empirical_novelty_and_significance": "2: The contributions are only marginally significant or novel.",
          "flag_for_ethics_review": [
            "NO."
          ],
          "recommendation": "6: marginally above the acceptance threshold",
          "confidence": "3: You are fairly confident in your assessment. It is possible that you did not understand some parts of the submission or that you are unfamiliar with some pieces of related work. Math/other details were not carefully checked."
        },
        "signatures": [
          "ICLR.cc/2022/Conference/Paper2137/Reviewer_N9v6"
        ],
        "readers": [
          "everyone"
        ],
        "nonreaders": [],
        "writers": [
          "ICLR.cc/2022/Conference",
          "ICLR.cc/2022/Conference/Paper2137/Reviewer_N9v6"
        ]
      },
      {
        "id": "f__hN2sAwdW",
        "original": null,
        "number": 1,
        "cdate": 1637640128216,
        "mdate": null,
        "ddate": null,
        "tcdate": 1637640128216,
        "tmdate": 1637645828969,
        "tddate": null,
        "forum": "aBsCjcPu_tE",
        "replyto": "aBsCjcPu_tE",
        "invitation": "ICLR.cc/2022/Conference/Paper2137/-/Official_Comment",
        "content": {
          "title": "We thank all reviewers for the constructive feedback",
          "comment": "We thank all reviewers for the constructive feedback. We are glad that all reviewers acknowledge the effectiveness of our approach. In the revision, we have included a new section for extra ablation studies (Appendix B). In the following, we answer reviewers’ questions one by one. Specifically, we provide extra ablation studies on how good the guided stroke needs to be (*Reviewer N9v6*); we provide extra analysis on flexible image editing and extra comparison with other baselines (*Reviewer CnCY*); we revise the writing, clarify the contribution, compare running time, and include extra discussion in the Ethics Statement section (*Reviewer Hvki*). We use blue text for changes in the revision."
        },
        "signatures": [
          "ICLR.cc/2022/Conference/Paper2137/Authors"
        ],
        "readers": [
          "everyone"
        ],
        "nonreaders": [],
        "writers": [
          "ICLR.cc/2022/Conference",
          "ICLR.cc/2022/Conference/Paper2137/Authors"
        ]
      },
      {
        "id": "3IU9bjDd0N9",
        "original": null,
        "number": 2,
        "cdate": 1637641119968,
        "mdate": null,
        "ddate": null,
        "tcdate": 1637641119968,
        "tmdate": 1637645282738,
        "tddate": null,
        "forum": "aBsCjcPu_tE",
        "replyto": "GJLCf3_aX2z",
        "invitation": "ICLR.cc/2022/Conference/Paper2137/-/Official_Comment",
        "content": {
          "title": "Extra analysis on how good the guided stroke needs to be are provide in the revision",
          "comment": "We thank you for the constructive feedback! \n\n**Q: \"How good the guided stroke sketch needs to be?”**\n\n**A:** As discussed in the *Realism-faithfulness trade-off* section (Section 3 in the original submission), if the guide is far from any realistic image (e.g., random noise or sketch has an unreasonable composition), then we must tolerate at least a certain level of deviation from the guide (non-faithfulness) in order to produce a realistic image. This idea is further illustrated in Figure 3 and Proposition 1.\n\nFor practical applications, we have performed extra ablation studies on how the quality of the guided stroke affects the results and included the results in Appendix B.1. Specifically, we consider stroke input of \n1) a human face with limited detail for a CelebA-HQ model, \n2) a human face with spikes for a CelebA-HQ model, \n3) a building with limited detail for a LSUN-church model, \n4) a horse for a LSUN-church model. \n\nWe observe that SDEdit is in general tolerant to different kinds of user inputs.\n\nWe also quantitatively analyze the effect of user guide quality using simulated stroke paintings as input. Described in Appendix D.2, the human-stroke-simulation algorithm uses different numbers of colors to generate stroke guides with different levels of detail. We compare SDEdit with baselines qualitatively in Fig.9 and quantitatively in the following table (Table 4 in the paper). Similarly, we observe that SDEdit has a high tolerance to input guides and consistently outperforms the baselines across all setups in this experiment. \n\n| # of colors \t| StyleGAN2-ADA \t|       \t|   e4e  \t|       \t| SDEdit (Ours) \t|       \t|\n|:-----------:\t|:-------------:\t|:-----:\t|:------:\t|:-----:\t|:-------------:\t|:-----:\t|\n|             \t|      KID     $\\downarrow$ \t|   $L_2$  $\\downarrow$\t|   KID $\\downarrow$ \t|   $L_2$  $\\downarrow$\t|      KID     $\\downarrow$ \t|   $L_2$  $\\downarrow$\t|\n|      3      \t|     0.1588    \t| 67.22 \t| 0.0379 \t| 70.73 \t|     **0.0233**    \t|  **36.00** \t|\n|      6      \t|     0.1544    \t| 72.41 \t| 0.0354 \t| 68.53 \t|      **0.0156**    \t|  **37.67** \t|\n|      16     \t|     0.0923    \t| 69.52 \t| 0.0319 \t| 68.20 \t|      **0.0135**   \t|  **37.70** \t|\n|      30     \t|     0.0911    \t| 67.11 \t| 0.0304 \t| 68.66 \t|      **0.0128**   \t|  **37.42** \t|\n|      50     \t|     0.0922    \t| 65.28 \t| 0.0307 \t| 68.80 \t|      **0.0126**    \t|  **37.40** \t|"
        },
        "signatures": [
          "ICLR.cc/2022/Conference/Paper2137/Authors"
        ],
        "readers": [
          "everyone"
        ],
        "nonreaders": [],
        "writers": [
          "ICLR.cc/2022/Conference",
          "ICLR.cc/2022/Conference/Paper2137/Authors"
        ]
      },
      {
        "id": "zSQRGwMba8y",
        "original": null,
        "number": 3,
        "cdate": 1637641245864,
        "mdate": null,
        "ddate": null,
        "tcdate": 1637641245864,
        "tmdate": 1637644730846,
        "tddate": null,
        "forum": "aBsCjcPu_tE",
        "replyto": "oAQ74LszGX",
        "invitation": "ICLR.cc/2022/Conference/Paper2137/-/Official_Comment",
        "content": {
          "title": "Extra results and ablation studies of SDEdit are added. ",
          "comment": "We thank you for the constructive feedback! \n\n**Q:  Flexible image editing (such as closing eyes, opening mouth, changing lip color) with SDEdit.**\n\n**A:**  As requested, we have performed extra image editing experiments including editing closing eyes, opening mouth, and changing lip color. We included the results in Appendix B. We observe that SDEdit can still achieve successful editing results (see Appendix B.2), which provides additional evidence that SDEdit can also be used for certain flexible image editing tasks.\n\n**Q: \"The guidance can not influence the results well sometimes (Fig.1 Stroke-based Editing), there is no brown forest in the region where the user draws the brown stroke.”**\n\n**A:** In our experiment, we use a shared $t_0$ for all guides in the same task, and we empirically observe that the shared $t_0$ works well for all reasonable guides in the same task (see **Section 3**, **Choice of $t_0$**). As illustrated in Figure 3, we can further tune $t_0$ to tradeoff between faithfulness and realism for individual images---with a smaller $t_0$ corresponding to a more faithful but (potentially) less realistic generated image. If we want to keep the brown stroke, we can reduce $t_0$ to increase its faithfulness while slightly decreasing its realism. To show this, we include extra analysis using different $ t_0$ for Fig. 1 in Appendix B.3.\n\n**Q: \"The Stroke-based Editing is not complex and some methods can do this such as [1][2], the SDEdit should compare with them.”**\n\n**A:** We thank you for pointing out references [1, 2]. Unlike SDEdit, both methods [1, 2] require input-output pairs  (e.g., sketch images or color images) during training, which requires paired data collection (or generation) and model re-training for new editing tasks. Unlike previous work [1, 2], SDEdit does not require paired data (e.g., sketch or color images) during training and a single model can be directly applied to various guided image synthesis and editing tasks using a pre-trained SDE-based generative model without task-specific training (see Fig.1).\n\nIn the rebuttal, we have performed additional comparisons with SC-FEGAN [2] on stroke-based image synthesis and editing, as shown in Appendix B.4. We observe that SDEdit performs better than SC-FEGAN [2] on stroke-based synthesis and editing tasks in terms of realism. We were hoping to compare with DeFLOCNet [1], but the code is not available in their official repo. We are happy to include a comparison with [1], if the code becomes available in the future. We have included discussions of both work [1,2] in related work. \n\n[1] DeFLOCNet: Deep Image Editing via Flexible Low-level Controls. CVPR 2021\n\n[2] SC-FEGAN: Face editing generative adversarial network with user’s sketch and color. ICCV 2019\n\n\n\n"
        },
        "signatures": [
          "ICLR.cc/2022/Conference/Paper2137/Authors"
        ],
        "readers": [
          "everyone"
        ],
        "nonreaders": [],
        "writers": [
          "ICLR.cc/2022/Conference",
          "ICLR.cc/2022/Conference/Paper2137/Authors"
        ]
      },
      {
        "id": "k48T9gRoz_d",
        "original": null,
        "number": 4,
        "cdate": 1637641447419,
        "mdate": null,
        "ddate": null,
        "tcdate": 1637641447419,
        "tmdate": 1637645048105,
        "tddate": null,
        "forum": "aBsCjcPu_tE",
        "replyto": "QSlk84uhMj",
        "invitation": "ICLR.cc/2022/Conference/Paper2137/-/Official_Comment",
        "content": {
          "title": "Incorporated feedback in the revision.",
          "comment": "We thank you for the constructive feedback!\n\n**Q: \"Given a user guide of any type\" is being overclaiming**.\n\n**A:** We thank you for pointing it out! We meant to refer to \"user guide in a form of manipulating pixel rgb values”, just as you have pointed out.  We agree that our previous description might not be precise. Based on your feedback, we have changed it to \"user guide in a form of manipulating RGB pixels” in the revision.\n\n**Q: Running time of SDEdit.**\n\n**A:** We reported inference time of SDEdit in Appendix C.3 in the original submission (now Appendix D.3). SDEdit takes around 29.1s to generate one 256*256 image on one 2080Ti GPU. In comparison, StyleGAN2-ADA takes around 72.8s and In-domain GAN 2 takes 5.2s using the same device and setting. We note that our speed is in general faster than optimization-based GAN inversions, while slower than encoder-based GAN inversions. Further, while SDEdit is slower than some GAN-based methods, it produces much more realistic samples than GANs do as shown in Table 1.\n\nWe believe recent works [1,2] in speeding up the sampling of score-based / diffusion-based models, which have achieved a more than 100 times speedup, can be applied to improve the sampling speed of SDEdit. We leave the incorporation of such faster sampling approaches into SDEdit as future work.\n\n[1] https://openreview.net/forum?id=TIdIXIpzhoI\n\n[2] https://arxiv.org/abs/2106.00132\n\n**Q: Technical novelty.**\n\n**A:** We respectfully disagree. Methods proposed by Song et. al. introduce an extra noise-conditioned classifier for conditional generation and the performance of the classifier is critical to the conditional generation performance. Their settings are more similar to regular inverse problems where the measurement function is known (we discussed this in Section 3 of the original submission). Since we do not have a known “measurement” function for user-generated guides, their approach cannot be directly applied to user-guided image synthesis or editing in the form of manipulating pixel RGB values. To deal with this limitation, SDEdit initializes the reverse SDE based on user input and modifies $t_0$ accordingly---an approach different from Song et. al. (which always use the same initialization). This technique allows SDEdit to achieve faithful and realistic image editing or generation results without extra task-specific model learning (e.g., an additional classifier in Song et. al.). We further analyze the realism-faithfulness trade-off with Proposition 1, which is also not proposed by previous works.\n\nSDEdit achieves state-of-the-art performance on challenging user-guided tasks such as stroke-based image synthesis and editing as well as image compositing, where a direct application of Song et. al. 2020, 2021 will fail by generating random inpainting results that are not faithful to the user input (see Appendix B.5, Figure 15).\n\n**Q: Ethical concerns: \"The paper is running experiments on human faces”**\n\n**A:**  Just like all image synthesis and editing algorithms, our method has both positive and negative societal impacts depending on the applications and usages. On the positive side, SDEdit enables everyday users with or without artistic expertise to create and edit photo-realistic images with minimum effort, lowering the barrier to entry for visual content creation. On the other hand, as other deep-learning models (such as GAN-based methods for face-editing), SDEdit might be exploited by malicious users. In our code release, we will explicitly specify allowable uses of our system with appropriate licenses. We have included this discussion in the revision.\n\n\n\n\n"
        },
        "signatures": [
          "ICLR.cc/2022/Conference/Paper2137/Authors"
        ],
        "readers": [
          "everyone"
        ],
        "nonreaders": [],
        "writers": [
          "ICLR.cc/2022/Conference",
          "ICLR.cc/2022/Conference/Paper2137/Authors"
        ]
      },
      {
        "id": "MEXe5sSz338",
        "original": null,
        "number": 6,
        "cdate": 1638172611144,
        "mdate": 1638172611144,
        "ddate": null,
        "tcdate": 1638172611144,
        "tmdate": 1638172611144,
        "tddate": null,
        "forum": "aBsCjcPu_tE",
        "replyto": "zSQRGwMba8y",
        "invitation": "ICLR.cc/2022/Conference/Paper2137/-/Official_Comment",
        "content": {
          "title": "Thanks for the author's response.",
          "comment": "Thanks for the author's response. The rebuttals have addressed my concern, and I would like to increase my score."
        },
        "signatures": [
          "ICLR.cc/2022/Conference/Paper2137/Reviewer_CnCY"
        ],
        "readers": [
          "everyone"
        ],
        "nonreaders": [],
        "writers": [
          "ICLR.cc/2022/Conference",
          "ICLR.cc/2022/Conference/Paper2137/Reviewer_CnCY"
        ]
      },
      {
        "id": "z0G71rd_c_M",
        "original": null,
        "number": 1,
        "cdate": 1642696986861,
        "mdate": null,
        "ddate": null,
        "tcdate": 1642696986861,
        "tmdate": 1642696986861,
        "tddate": null,
        "forum": "aBsCjcPu_tE",
        "replyto": "aBsCjcPu_tE",
        "invitation": "ICLR.cc/2022/Conference/Paper2137/-/Decision",
        "content": {
          "title": "Paper Decision",
          "decision": "Accept (Poster)",
          "comment": "Thank you for your submission to ICLR.\n\nThis paper presents a technique for image synthesis based on stochastic differential equations and a diffusion model.  This looks to be a very nice idea with good results.  After discussion, the reviewers converged and all agreed that the paper is ready for publication---the most negative reviewer raised their score after the author rebuttal, from a weak reject to weak accept.  The rebuttal clearly and concisely addressed several concerns of the reviewers.\n\nI'm happy to recommend accepting the paper."
        },
        "signatures": [
          "ICLR.cc/2022/Conference/Program_Chairs"
        ],
        "readers": [
          "everyone"
        ],
        "nonreaders": [],
        "writers": [
          "ICLR.cc/2022/Conference/Program_Chairs"
        ]
      }
    ],
    "directReplies": [
      {
        "id": "QSlk84uhMj",
        "original": null,
        "number": 1,
        "cdate": 1635817146401,
        "mdate": null,
        "ddate": null,
        "tcdate": 1635817146401,
        "tmdate": 1637867825590,
        "tddate": null,
        "forum": "aBsCjcPu_tE",
        "replyto": "aBsCjcPu_tE",
        "invitation": "ICLR.cc/2022/Conference/Paper2137/-/Official_Review",
        "content": {
          "summary_of_the_paper": "The paper proposed Stochastic Differentiable Image Editing method which iteratively diffuse the human edited image  to real images, using the pretrained score-based SDE models (the edit is in a form of manipulating image pixel values, e.g. stroke, color paint, or image patch).The method achieves both realistic image editing and faithfulness to human input through user studies. ",
          "main_review": "Strength:\n1. The SDE formulation of image editing is an interesting approach, it's not only able to generate image with realism (through diffusion process) but also capture the real input (by controlling the time variable t0 that runs the diffusion process).\n\n2. The proposed method is able to produce a diverse set of predictions given user input by sampling different Gaussian noise in the process. \n\n3. The paper is well written and easy to follow.\n\nWeakness\n\n1. The paper is overclaimming. It is argued that the proposed method is able to diffuse the image \"given a user guide of any type\", however, it seems the proposed method is only able to handle the user guide in a form of manipulating pixel rgb values (strokes, color patch, or image patch), there are many other user guides exist, such as semantic mask (GauGAN), or text (using CLIP model), and it's not clear how the proposed method generalize to these user guides.\n\n2. The proposed method need to run iteratively to obtain the final image, which makes the inference time inevitably long. It would be great to include the running time of the proposed method in comparing with other methods. \n\n3. The main technique in the paper (The SDE process) is previous method (Song et. al. 2020, 2021), the paper only proposed to use the human edited image as initialization of SDE at a particular time t0, thus the novelty is not great enough. ",
          "summary_of_the_review": "The paper proposed an interesting technique to edit image using the SDE. The generated image is not only faithful but also relistic. However, considering the technique novelty and the overclaiming, I vote for a weak reject initially and am willing to listen to the authors and other reviewers. ",
          "correctness": "2: Several of the paper’s claims are incorrect or not well-supported.",
          "technical_novelty_and_significance": "2: The contributions are only marginally significant or novel.",
          "empirical_novelty_and_significance": "2: The contributions are only marginally significant or novel.",
          "flag_for_ethics_review": [
            "Yes, Discrimination / bias / fairness concerns"
          ],
          "details_of_ethics_concerns": "The paper is running experiment on human faces, this might raise concerns on the fairness and bias of human. ",
          "recommendation": "6: marginally above the acceptance threshold",
          "confidence": "2: You are willing to defend your assessment, but it is quite likely that you did not understand the central parts of the submission or that you are unfamiliar with some pieces of related work. Math/other details were not carefully checked."
        },
        "signatures": [
          "ICLR.cc/2022/Conference/Paper2137/Reviewer_Hvki"
        ],
        "readers": [
          "everyone"
        ],
        "nonreaders": [],
        "writers": [
          "ICLR.cc/2022/Conference",
          "ICLR.cc/2022/Conference/Paper2137/Reviewer_Hvki"
        ]
      },
      {
        "id": "oAQ74LszGX",
        "original": null,
        "number": 2,
        "cdate": 1635875134549,
        "mdate": null,
        "ddate": null,
        "tcdate": 1635875134549,
        "tmdate": 1638172653107,
        "tddate": null,
        "forum": "aBsCjcPu_tE",
        "replyto": "aBsCjcPu_tE",
        "invitation": "ICLR.cc/2022/Conference/Paper2137/-/Official_Review",
        "content": {
          "summary_of_the_paper": "The paper proposesed an image editing and synthesis system (SDEdit) with SDE. By injecting the guided image into the reverse process with appropriate $t_0$, the results can have a trade-off between realism and faithfulness.",
          "main_review": "Strengths:\nThe whole idea is interesting, effective and simple. The SDEdit perturbs the input image with the forward SDE and generates edits by reversing the SDE, the SDE is pretrained on unlabeled data, so the SDEdit does not require collecting pair images. Meanwhile, since the excellent generation performance of SDE, the SDEdit can generate the content with high quality. The mask strategy can help the user edit the regions where they want.\n\nWeaknesses:\nThe SDEdit can not edit the image flexibly enough, such as closing eyes, opening mouth, changing lip color. Meanwhile, the guidance can not influence the results well sometimes (Fig.1 Stroke-based Editing), there is no brown forest in the region where the user draws the brown stroke. Finally, the Stroke-based Editing is not complex and some methods can do this such as [1][2], the SDEdit should compare with them.\n\n[1]DeFLOCNet: Deep Image Editing via Flexible Low-level Controls. CVPR2021\n\n[2]Sc-fegan: Face editing generative adversarial network with user’s sketch and color. ICCV 2019",
          "summary_of_the_review": "The paper is well-written and easy to follow. The results are impressive. Although Stroke-based Editing is not complex, especially on the face,  I think this is a good start of using the SDE to do the image editing task. ",
          "correctness": "4: All of the claims and statements are well-supported and correct.",
          "technical_novelty_and_significance": "2: The contributions are only marginally significant or novel.",
          "empirical_novelty_and_significance": "3: The contributions are significant and somewhat new. Aspects of the contributions exist in prior work.",
          "flag_for_ethics_review": [
            "NO."
          ],
          "recommendation": "8: accept, good paper",
          "confidence": "4: You are confident in your assessment, but not absolutely certain. It is unlikely, but not impossible, that you did not understand some parts of the submission or that you are unfamiliar with some pieces of related work."
        },
        "signatures": [
          "ICLR.cc/2022/Conference/Paper2137/Reviewer_CnCY"
        ],
        "readers": [
          "everyone"
        ],
        "nonreaders": [],
        "writers": [
          "ICLR.cc/2022/Conference",
          "ICLR.cc/2022/Conference/Paper2137/Reviewer_CnCY"
        ]
      },
      {
        "id": "GJLCf3_aX2z",
        "original": null,
        "number": 3,
        "cdate": 1635967433954,
        "mdate": null,
        "ddate": null,
        "tcdate": 1635967433954,
        "tmdate": 1635967433954,
        "tddate": null,
        "forum": "aBsCjcPu_tE",
        "replyto": "aBsCjcPu_tE",
        "invitation": "ICLR.cc/2022/Conference/Paper2137/-/Official_Review",
        "content": {
          "summary_of_the_paper": "This paper proposes to synthetize and edit realistic images based on stocahstic differential equations (SDE). The method is based on diffusion generative model that iteratively denoises through SDEs and demosntrates that this SDE prior increases photorealism of the images, compared to state-of-the-art GAN-based approaches. ",
          "main_review": "Stroke-based image editing algorithms have been widely-adopted and popular for many artistic design tools and softwares. Many of those are (conditional) GAN-based methods, and can be often challenging to balance the tradeoff between use control vs. result faithfulness. \n\nThe proposed method has a novel technical contribution, that utlizes iterative SDE denoising for guided stroke sketch input + perturbed noise, with photorealistic output via the reverse of the SDE. The paper has compared with a few state-of-the-art baselines and demosntrate its effectiveness in producing more faithful editing results.\n\nOne question I have is that, how good the guided stroke sketch needs to be? I don't see ablation study on this, but I think it is an important factor for practical applications. \n\nPaper writing and references seem fine to me. ",
          "summary_of_the_review": "Overall I am leaning towards a weak accept. The paper has clear novelty regarding stroke-based image editing via perturb + reverse SDEs. Comparisons and ablation study look good to me except for the one on the level of user sketch control. ",
          "correctness": "3: Some of the paper’s claims have minor issues. A few statements are not well-supported, or require small changes to be made correct.",
          "technical_novelty_and_significance": "3: The contributions are significant and somewhat new. Aspects of the contributions exist in prior work.",
          "empirical_novelty_and_significance": "2: The contributions are only marginally significant or novel.",
          "flag_for_ethics_review": [
            "NO."
          ],
          "recommendation": "6: marginally above the acceptance threshold",
          "confidence": "3: You are fairly confident in your assessment. It is possible that you did not understand some parts of the submission or that you are unfamiliar with some pieces of related work. Math/other details were not carefully checked."
        },
        "signatures": [
          "ICLR.cc/2022/Conference/Paper2137/Reviewer_N9v6"
        ],
        "readers": [
          "everyone"
        ],
        "nonreaders": [],
        "writers": [
          "ICLR.cc/2022/Conference",
          "ICLR.cc/2022/Conference/Paper2137/Reviewer_N9v6"
        ]
      },
      {
        "id": "f__hN2sAwdW",
        "original": null,
        "number": 1,
        "cdate": 1637640128216,
        "mdate": null,
        "ddate": null,
        "tcdate": 1637640128216,
        "tmdate": 1637645828969,
        "tddate": null,
        "forum": "aBsCjcPu_tE",
        "replyto": "aBsCjcPu_tE",
        "invitation": "ICLR.cc/2022/Conference/Paper2137/-/Official_Comment",
        "content": {
          "title": "We thank all reviewers for the constructive feedback",
          "comment": "We thank all reviewers for the constructive feedback. We are glad that all reviewers acknowledge the effectiveness of our approach. In the revision, we have included a new section for extra ablation studies (Appendix B). In the following, we answer reviewers’ questions one by one. Specifically, we provide extra ablation studies on how good the guided stroke needs to be (*Reviewer N9v6*); we provide extra analysis on flexible image editing and extra comparison with other baselines (*Reviewer CnCY*); we revise the writing, clarify the contribution, compare running time, and include extra discussion in the Ethics Statement section (*Reviewer Hvki*). We use blue text for changes in the revision."
        },
        "signatures": [
          "ICLR.cc/2022/Conference/Paper2137/Authors"
        ],
        "readers": [
          "everyone"
        ],
        "nonreaders": [],
        "writers": [
          "ICLR.cc/2022/Conference",
          "ICLR.cc/2022/Conference/Paper2137/Authors"
        ]
      },
      {
        "id": "z0G71rd_c_M",
        "original": null,
        "number": 1,
        "cdate": 1642696986861,
        "mdate": null,
        "ddate": null,
        "tcdate": 1642696986861,
        "tmdate": 1642696986861,
        "tddate": null,
        "forum": "aBsCjcPu_tE",
        "replyto": "aBsCjcPu_tE",
        "invitation": "ICLR.cc/2022/Conference/Paper2137/-/Decision",
        "content": {
          "title": "Paper Decision",
          "decision": "Accept (Poster)",
          "comment": "Thank you for your submission to ICLR.\n\nThis paper presents a technique for image synthesis based on stochastic differential equations and a diffusion model.  This looks to be a very nice idea with good results.  After discussion, the reviewers converged and all agreed that the paper is ready for publication---the most negative reviewer raised their score after the author rebuttal, from a weak reject to weak accept.  The rebuttal clearly and concisely addressed several concerns of the reviewers.\n\nI'm happy to recommend accepting the paper."
        },
        "signatures": [
          "ICLR.cc/2022/Conference/Program_Chairs"
        ],
        "readers": [
          "everyone"
        ],
        "nonreaders": [],
        "writers": [
          "ICLR.cc/2022/Conference/Program_Chairs"
        ]
      }
    ]
  }
}