{
  "id": "aPOpXlnV1T",
  "original": "N31lNY7rvF3",
  "number": 2513,
  "cdate": 1632875626733,
  "mdate": null,
  "ddate": null,
  "tcdate": 1632875626733,
  "tmdate": 1697934708607,
  "tddate": null,
  "forum": "aPOpXlnV1T",
  "replyto": null,
  "invitation": "ICLR.cc/2022/Conference/-/Blind_Submission",
  "content": {
    "title": "On the Pitfalls of Heteroscedastic Uncertainty Estimation with Probabilistic Neural Networks",
    "authorids": [
      "~Maximilian_Seitzer1",
      "~Arash_Tavakoli1",
      "~Dimitrije_Antic1",
      "~Georg_Martius1"
    ],
    "authors": [
      "Maximilian Seitzer",
      "Arash Tavakoli",
      "Dimitrije Antic",
      "Georg Martius"
    ],
    "keywords": [
      "Uncertainty Estimation",
      "Probabilistic Neural Networks",
      "Aleatoric Uncertainty",
      "Heteroscedastic Uncertainty",
      "Analysis"
    ],
    "abstract": "Capturing aleatoric uncertainty is a critical part of many machine learning systems. In deep learning, a common approach to this end is to train a neural network to estimate the parameters of a heteroscedastic Gaussian distribution by maximizing the logarithm of the likelihood function under the observed data. In this work, we examine this approach and identify potential hazards associated with the use of log-likelihood in conjunction with gradient-based optimizers. First, we present a synthetic example illustrating how this approach can lead to very poor but stable parameter estimates. Second, we identify the culprit to be the log-likelihood loss, along with certain conditions that exacerbate the issue. Third, we present an alternative formulation, termed $\\beta$-NLL, in which each data point's contribution to the loss is weighted by the $\\beta$-exponentiated variance estimate. We show that using an appropriate $\\beta$ largely mitigates the issue in our illustrative example. Fourth, we evaluate this approach on a range of domains and tasks and show that it achieves considerable improvements and performs more robustly concerning hyperparameters, both in predictive RMSE and log-likelihood criteria.",
    "one-sentence_summary": "We analyse problems with the training objective of probabilistic neural networks and propose a fix in the form of a new loss function.",
    "code_of_ethics": "",
    "submission_guidelines": "",
    "resubmission": "",
    "student_author": "",
    "serve_as_reviewer": "",
    "paperhash": "seitzer|on_the_pitfalls_of_heteroscedastic_uncertainty_estimation_with_probabilistic_neural_networks",
    "pdf": "/pdf/542fc7335389cbc9933fb0ec11722efc30b958e8.pdf",
    "community_implementations": "[![CatalyzeX](/images/catalyzex_icon.svg) 1 code implementation](https://www.catalyzex.com/paper/arxiv:2203.09168/code)",
    "_bibtex": "@inproceedings{\nseitzer2022on,\ntitle={On the Pitfalls of Heteroscedastic Uncertainty Estimation with Probabilistic Neural Networks},\nauthor={Maximilian Seitzer and Arash Tavakoli and Dimitrije Antic and Georg Martius},\nbooktitle={International Conference on Learning Representations},\nyear={2022},\nurl={https://openreview.net/forum?id=aPOpXlnV1T}\n}",
    "venue": "ICLR 2022 Poster",
    "venueid": "ICLR.cc/2022/Conference"
  },
  "signatures": [
    "ICLR.cc/2022/Conference"
  ],
  "readers": [
    "everyone"
  ],
  "nonreaders": [],
  "writers": [
    "ICLR.cc/2022/Conference"
  ],
  "tauthor": "OpenReview.net",
  "pdate": 1643407560000,
  "odate": 1633539600000,
  "details": {
    "overwriting": [],
    "tags": [],
    "writable": false,
    "replyCount": 14,
    "directReplyCount": 6,
    "revisions": true,
    "replies": [
      {
        "id": "J0JPAndCsk",
        "original": null,
        "number": 1,
        "cdate": 1635782648110,
        "mdate": null,
        "ddate": null,
        "tcdate": 1635782648110,
        "tmdate": 1638182849498,
        "tddate": null,
        "forum": "aPOpXlnV1T",
        "replyto": "aPOpXlnV1T",
        "invitation": "ICLR.cc/2022/Conference/Paper2513/-/Official_Review",
        "content": {
          "summary_of_the_paper": "The authors analyze the known phenomenon that the optimization of the Gaussian likelihood of a probabilistic neural network with heteroscedastic output variance using gradient ascent can get stuck at solutions with a suboptimal mean fit, compensated by large output variance: the likelihood amplifies non-uniform initial distributions of feature granularity due to variance weighting, i.e., the gradient w.r.t. the mean are scaled by the inverse variance leading to well-fitted samples dominating the gradient. The authors argue that this effect can be undesirable because it can prevent spending model expressivity on hard-to-fit regions, while it can be desirable in other situations because it allows the network to ignore outliers arising due to noise. This is complementary to the MSE objective which is dominated by badly-fitted samples (and thus hard to fit regions) but sensitive to outliers, and which does not allow to fit the output variance. The authors propose a modified loss function, $\\beta$-NLL, which interpolates between the likelihood and the MSE loss functions with the incentive to retain the \"best of both worlds\". They compare $\\beta$-NLL with standard NLL, MSE, and a moment-matching version on several datasets.",
          "main_review": "The problem of optimizing Gaussian likelihoods is ubiquitous and, thus, understanding its pitfalls thoroughly is important. While the phenomenon of variance weighting is known, the authors provide a nice analysis with explanations, visualizations, and derivations of  high quality. The claims they make in Secs. 3 and 4 are all well supported and fleshed out nicely. The presentation is very clear and well-organized. I really enjoyed reading the paper and found it quite insightful. The authors provide a pragmatic and easy-to-implement method to alleviate the identified problems in a situation-specific manner (by adjusting $\\beta$). \n\nUnfortunately, I feel the experimental evaluation is lacking:\n- The results in Tab. 1 and Tab. S1 seem to be not significant according to the reported standard errors? How many seeds were evaluated? Tab. S1 should be moved to the main part (assessing the MSE values is central to judging the effectiveness of the proposed method).\n- Why is the RMSE of MM in Tab. 1 worse than that of $\\beta$-NLL? It is optimizing directly for the mean and thus should yield better results, shouldn't it? Did you use two-headed networks? If so, this might explain the worse MSE of MM. But then, I'm still wondering why the MSE in the dynamics experiments (Tab. 2) is worse than $\\beta$-NLL as here you train on the pure MSE loss (not MM). Why don't you evaluate pure MSE on the experiments in Tab. 1/S1?\n- While I agree that the proposed method visually seems to yield better calibrated uncertainty estimates than MM in Fig. 8, I would also like to see a quantitative evaluation here.\n- The tasks are low-dimensional (1D, 3D). I would be interested in results on more complex, higher dimensional problems.\n\nMinor points not influencing my score:\n\n- Shouldn't Eq. 6 contain a factor of $Z$?\n- Sec. 5.1. misses a reference to Fig. 7.\n- On p. 8, paragraph \"Sinusoidal with heteroscedastic noise\", $\\xi$ should read $\\xi_1$ and $\\xi_2$.\n- Fig. 9: $\\beta$ is not rendered in the labels.\n- Sec. 6: wrong full stop before \"we reveal the underlying reasons\".",
          "summary_of_the_review": "The authors provide a very nice discussion and analysis of the known phenomenon of variance weighting arising in SGD on NLL loss of Gaussian likelihoods. While I judge this to be an interesting contribution on its own, I would like to see an improved experimental evaluation. Indeed, I am not yet fully convinced that the proposed $\\beta$-NLL is effective. In its current state I rate the submission as borderline but I will raise my score if the authors improve upon the mentioned points during the rebuttal.\n\n------------------------------\n\n**Update after rebuttal:**\nI thank the authors for their effort to improve the experimental evaluation. I raise my score to 6.",
          "correctness": "4: All of the claims and statements are well-supported and correct.",
          "technical_novelty_and_significance": "3: The contributions are significant and somewhat new. Aspects of the contributions exist in prior work.",
          "empirical_novelty_and_significance": "3: The contributions are significant and somewhat new. Aspects of the contributions exist in prior work.",
          "flag_for_ethics_review": [
            "NO."
          ],
          "recommendation": "6: marginally above the acceptance threshold",
          "confidence": "4: You are confident in your assessment, but not absolutely certain. It is unlikely, but not impossible, that you did not understand some parts of the submission or that you are unfamiliar with some pieces of related work."
        },
        "signatures": [
          "ICLR.cc/2022/Conference/Paper2513/Reviewer_gjks"
        ],
        "readers": [
          "everyone"
        ],
        "nonreaders": [],
        "writers": [
          "ICLR.cc/2022/Conference",
          "ICLR.cc/2022/Conference/Paper2513/Reviewer_gjks"
        ]
      },
      {
        "id": "ym9GfU701tq",
        "original": null,
        "number": 2,
        "cdate": 1635875139130,
        "mdate": null,
        "ddate": null,
        "tcdate": 1635875139130,
        "tmdate": 1638244392868,
        "tddate": null,
        "forum": "aPOpXlnV1T",
        "replyto": "aPOpXlnV1T",
        "invitation": "ICLR.cc/2022/Conference/Paper2513/-/Official_Review",
        "content": {
          "summary_of_the_paper": "The author(s) attribute the under-fitting of predictive means by neural networks that parameterize heteroscedastic Gaussian likelihoods to 1) initial inability to break symmetry and 2) Gaussian negative log likelihoods tendency to down weight poorly predicted points. The authors note the latter effectively under samples those points with poor predictive means, thus inhibiting their fit in a rich-get-richer scheme. The author(s) propose two alternative loss functions: moment matching (MM) and $\\beta$-exponential variance estimate with $\\beta \\in [0,1]$. The author(s) demonstrate their $\\beta$-exponential generally outperforms NLL ($\\beta = 0$) and MSE.",
          "main_review": "### Strengths:\n- The NLL loss scaling \"the gradient of badly-predicted points, effectively under sampling those points\" is an interesting perspective I have not yet seen. The conventional focus, based on my reading of the literature, is the infinite gradient problem (a perfect mean estimate is impossible to obtain using NLL because variance tends towards 0). \n\n### Weakness:\n- Figure 1 attempts to illustrate the problem of fitting a neural network to a noisy sinusoid using a NLL loss. However, a few things could be improved. Can the author(s) please confirm if the left panel is single run? If so, does rerunning the code under different initialization move the region with poor predictive mean estimates around? Lastly, it probably would be more clear to show the MSE predictive means in addition to its low RMSE (yes, RMSE is low enough to suggest a perfect fit, but it reduces a reader's burden).\n- Claiming the identification of \"high dependence of the gradients on the predictive variance as the primary culprit\" for NLL failures as a contribution is quite bold. Takahashi, et. al (2018) and Stirn, et al (2020) both discuss this issue, but admittedly with a different perspective--neither claims it as a contribution.\n- \"We observe a drastic difference between the NLL loss and the MSE/moment matching loss.\" I understand that the the MM loss for the mean is the same as NLL, but the MM loss also has a variance loss term. How then is 6.b both MSE and MM?\n- The second paragraph of section 4.2 mentions not yet seen experimental results. I recommend moving discussion of results to appear after the experiments.\n- The author(s) seemingly contradict themselves several times as to whether MSE is a fundamentally different loss from their $\\beta = 1$.\n\t1) \"For β = 1 the gradient w.r.t. μ in Eq. 10 is equivalent to the one of MSE. However, for the variance, the gradient in Eq. 11 is a new quantity with 2σ2 in the denominator.\"\n\t2) \"As expected, the same holds for the mean squared error loss (MSE) which is recovered for β = 1.\"\n\t3) The results (figure 8 and table 1) cast  ($\\beta = 1$) as MSE, but their loss term has an added variance term.\n- The author(s) should have MSE in their loss table since I don't believe ($\\beta = 1$) is equivalent. Please correct me if I am missing something!\n- The author(s) do not compare to ANY of the cited works, which often outperform them on the UCI regression tasks.",
          "summary_of_the_review": "I think this paper offers a fresh perspective on NLL loss failures as I mentioned in my main review. However, their only support for this a contrived toy example over a single run. The paper would be much stronger if:\n- The author(s) could apply their analysis to identify either of the two conditions from section 3 in a real world data set.\n- Their proposed methods offered comparable (using simpler methods) or superior performance to related works.\nUnfortunately, without either of these, the paper's potential significance remains limited.",
          "correctness": "3: Some of the paper’s claims have minor issues. A few statements are not well-supported, or require small changes to be made correct.",
          "technical_novelty_and_significance": "3: The contributions are significant and somewhat new. Aspects of the contributions exist in prior work.",
          "empirical_novelty_and_significance": "2: The contributions are only marginally significant or novel.",
          "flag_for_ethics_review": [
            "NO."
          ],
          "recommendation": "6: marginally above the acceptance threshold",
          "confidence": "5: You are absolutely certain about your assessment. You are very familiar with the related work and checked the math/other details carefully."
        },
        "signatures": [
          "ICLR.cc/2022/Conference/Paper2513/Reviewer_5Jtp"
        ],
        "readers": [
          "everyone"
        ],
        "nonreaders": [],
        "writers": [
          "ICLR.cc/2022/Conference",
          "ICLR.cc/2022/Conference/Paper2513/Reviewer_5Jtp"
        ]
      },
      {
        "id": "365iZ3xRWWj",
        "original": null,
        "number": 3,
        "cdate": 1635892868118,
        "mdate": null,
        "ddate": null,
        "tcdate": 1635892868118,
        "tmdate": 1637938084643,
        "tddate": null,
        "forum": "aPOpXlnV1T",
        "replyto": "aPOpXlnV1T",
        "invitation": "ICLR.cc/2022/Conference/Paper2513/-/Official_Review",
        "content": {
          "summary_of_the_paper": "**Summary**\n\nFor regression tasks with heteroscedastic noise, a Gaussian model whose mean and variance are a function of the input is frequently used. Neural networks are then used as function approximators for the mean and variance and are fit using the negative log-likilhood. The paper identifies a problem with this approach: optimization can get stuck in configurations where the predicted mean is far from the true mean, as this is compensated for by a high predicted variance that also stalls learning. By adjusting the NLL objective, the authors compensate for the problem.",
          "main_review": "**Strong Points**\n\n- The discussion of the optimization issue caused by the NLL is very clear with nice synthetic examples.\n- The paper is well written and mostly easy to follow\n- Table 2 shows clear improvements in performance over the standard NLL approach\n\n\n**Weak Points**\n\n- Section 3.1 is difficult to follow. Figure 4 suggests the measurement in Equation (5) is important, but there is a lack of intuition for its significance.\n- No ablation study comparing other approaches to solving this problem.\n\n\n**Questions**\n\n- I wonder how optimizer dependent this issue is. Which optimizers were used and how were they tuned?\n- There is a long line of work about “critically” initializing neural networks so that their curvature grows exponentially with depth. I wonder if this is related to Section 3.1. The authors might consider looking at Poole et al., “Exponential expressivity in deep neural networks through transient chaos” and Raghu et al., “On the expressive power of deep neural networks.”\n- What is the noise distribution assumed by the beta-NLL? I understand gradients are not taken with respect to the beta-NLL, but I’m curious whether part of the issue is that the Gaussian assumption on the noise is inappropriate.\n- How is the bolding chosen in Table 1. It seems like there’s significant overlap between the performance of the different methods.\n\n\n**Additional Feedback**\n\n- The notation in Equation (9) is confusing. The expectation is over the random variable X, but X also appears outside of any expectation in the stop-gradient operation.\n",
          "summary_of_the_review": "**Recommendation**\n\nI like aspects of this paper, but there are some major outstanding questions. Currently, it does not meet the bar for acceptance.",
          "correctness": "3: Some of the paper’s claims have minor issues. A few statements are not well-supported, or require small changes to be made correct.",
          "technical_novelty_and_significance": "3: The contributions are significant and somewhat new. Aspects of the contributions exist in prior work.",
          "empirical_novelty_and_significance": "3: The contributions are significant and somewhat new. Aspects of the contributions exist in prior work.",
          "flag_for_ethics_review": [
            "NO."
          ],
          "recommendation": "6: marginally above the acceptance threshold",
          "confidence": "4: You are confident in your assessment, but not absolutely certain. It is unlikely, but not impossible, that you did not understand some parts of the submission or that you are unfamiliar with some pieces of related work."
        },
        "signatures": [
          "ICLR.cc/2022/Conference/Paper2513/Reviewer_5nZv"
        ],
        "readers": [
          "everyone"
        ],
        "nonreaders": [],
        "writers": [
          "ICLR.cc/2022/Conference",
          "ICLR.cc/2022/Conference/Paper2513/Reviewer_5nZv"
        ]
      },
      {
        "id": "0OcVVD40ng_",
        "original": null,
        "number": 1,
        "cdate": 1637267149605,
        "mdate": 1637267149605,
        "ddate": null,
        "tcdate": 1637267149605,
        "tmdate": 1637267149605,
        "tddate": null,
        "forum": "aPOpXlnV1T",
        "replyto": "aPOpXlnV1T",
        "invitation": "ICLR.cc/2022/Conference/Paper2513/-/Official_Comment",
        "content": {
          "title": "General Response to Reviewers",
          "comment": "We thank the reviewers for their time and thorough feedback. We uploaded a first revision of our paper taking into account many of your suggestions. Here we briefly outline the newly added results:\n \n- Several baselines (Detlefsen et al., 2019; Stirn & Knowles, 2020) on UCI datasets and the dynamics datasets (Tables 1, 2, S1 and S2).\n- Three new UCI datasets (carbon, superconductivity, wine-white) (Tables S1 and S2).\n- Evaluation of calibration of predictive variance for the heteroscedastic sine dataset (Figure 8 (f)).\n- Several more repetitions of the experiment of Figure 1 (Figure S1).\n- Analysis of undersampling behavior on FetchPickAndPlace (Figure S4).\n\nWe also would like to report the following errors that we discovered and corrected in this version:\n\n- The data loading code for the sensitivity analysis (Figure 9) was erroneous in not using the final training results. The new version of Figure 9 shows the correct result, which is, however, qualitatively the same. The conclusions we drew from the analysis are not affected by this.\n- In the UCI experiments, we trained only on 1D targets instead of on 2D for the datasets: energy and naval. This was due to a bug in the dataset configuration. We retrained all methods on the correct dataset and now report the updated results.\n\n### References:\n- Detlefsen et al., 2019: Reliable training and estimation of variance networks. NeurIPS 2019.\n- Stirn & Knowles, 2020: Variational Variance: Simple, Reliable, Calibrated Heteroscedastic Noise Variance Parameterization. arXiv:2006.04910.\n"
        },
        "signatures": [
          "ICLR.cc/2022/Conference/Paper2513/Authors"
        ],
        "readers": [
          "everyone"
        ],
        "nonreaders": [],
        "writers": [
          "ICLR.cc/2022/Conference",
          "ICLR.cc/2022/Conference/Paper2513/Authors"
        ]
      },
      {
        "id": "k188D_LZUAW",
        "original": null,
        "number": 2,
        "cdate": 1637267326715,
        "mdate": 1637267326715,
        "ddate": null,
        "tcdate": 1637267326715,
        "tmdate": 1637267326715,
        "tddate": null,
        "forum": "aPOpXlnV1T",
        "replyto": "365iZ3xRWWj",
        "invitation": "ICLR.cc/2022/Conference/Paper2513/-/Official_Comment",
        "content": {
          "title": "Response to Review",
          "comment": "Thank you for your constructive and detailed review. Below we address your questions / concerns. \n\n> Section 3.1 is difficult to follow. Figure 4 suggests the measurement in Equation (5) is important, but there is a lack of intuition for its significance.\n\nThe Jacobian variance in equation 5 is an approximate measure of local curvature of the neural network’s feature space. In Figure 4, we use this measure to show why the neural network resorts to a linear function on some parts of the input space (compare also with Figure 3), which triggers the increase of predictive variance and the self-reinforcing behavior described in Sec. 3.2. We would like to make an effort to make Section 3.1. more clear -- could you point out which parts are unclear?\n\n> No ablation study comparing other approaches to solving this problem.\n\nWe have now added new results using baselines from two prior works (Detlefsen et al., 2019; Stirn & Knowles, 2020). We also added three more datasets of the UCI benchmark (carbon, superconductivity, wine-white). For UCI, see Table 1 in the revised version for a summary of results, and tables S1 and S2 for full results w.r.t. predictive log-likelihood and RMSE. For the dynamics experiments, see Table 2.\n\nWe find that baselines based on the Student-t distribution (xVAMP, VBEM) tend to have better predictive log-likelihood than beta-NLL, although there is often no statistical significance. We conjecture this is because the Student-t distribution might be better suited to model real-world data than the Gaussian, especially in low-data regimes. For RMSE, beta-NLL is mostly on-par or better than the baselines. At the same time, our method is very simple to implement and computationally lightweight compared to xVAMP and VBEM, which require the costly evaluation of the prior and Monte-Carlo sampling at each training step.\n\n> I wonder how optimizer dependent this issue is. Which optimizers were used and how were they tuned?\n\nAll results in the paper are based on the Adam optimizer, with standard hyperparameters settings ($\\beta_1=0.9, \\beta_2=0.999$). That is, we did not tune the hyperparameters of the optimizers except for learning rates (using grid search). To evaluate the impact of the optimizer, we have tested three canonical optimizers now -- namely Adam, RMSProp, and SGD (with and without momentum) -- on the sinusoidal toy regression problem of Fig. 1. As shown in Fig. S2 in the revised version, the pitfall still persists regardless of the optimizer choice. \n\n> There is a long line of work about “critically” initializing neural networks so that their curvature grows exponentially with depth. I wonder if this is related to Section 3.1. The authors might consider looking at Poole et al., “Exponential expressivity in deep neural networks through transient chaos” and Raghu et al., “On the expressive power of deep neural networks.”\n\nThank you for mentioning this work. We think that this is related to Sec. 3.1 in the sense that an initially non-linear (i.e. curved) feature space prevents the optimization with NLL from “getting stuck” in some place, stopping the self-reinforcing behavior described in Sec. 3.2. Relating to depth, we had the experience that the issue could be somewhat alleviated with larger depth (cmp. Fig. 7). Studying what constitutes suitable initializations and how they impact NLL training is an interesting direction for future work. Nevertheless, we think that having a robust way to train NLL without the need for careful initialization is an important addition to the ML toolset.\n\n> What is the noise distribution assumed by the beta-NLL? I understand gradients are not taken with respect to the beta-NLL, but I’m curious whether part of the issue is that the Gaussian assumption on the noise is inappropriate.\n\nThe noise distribution for $\\beta$-NLL is also Gaussian, just as in the standard Gaussian NLL. The modification of $\\beta$-NLL only alters the training dynamics and not the modeled noise distribution. \n\n> How is the bolding chosen in Table 1. It seems like there’s significant overlap between the performance of the different methods.\n\nWe initially bolded all methods within one standard deviation of the best method, but agree this was not very informative due to the overlap. In the revised version, Table 1 now reports the number of *statistical ties* across 12 UCI datasets, where *ties* gives the number of datasets for which the method can not be statistically distinguished from the best method. We used a two-sided Kolmogorov-Smirnov test for this purpose. \n\n> The notation in Equation (9) is confusing. The expectation is over the random variable X, but X also appears outside of any expectation in the stop-gradient operation.\n\nThank you for pointing this out. We agree, the notation in Equation (9) was incorrect. We corrected it such that X only appears inside the expectation.\n"
        },
        "signatures": [
          "ICLR.cc/2022/Conference/Paper2513/Authors"
        ],
        "readers": [
          "everyone"
        ],
        "nonreaders": [],
        "writers": [
          "ICLR.cc/2022/Conference",
          "ICLR.cc/2022/Conference/Paper2513/Authors"
        ]
      },
      {
        "id": "A0O7lS8De7",
        "original": null,
        "number": 3,
        "cdate": 1637267539540,
        "mdate": 1637267539540,
        "ddate": null,
        "tcdate": 1637267539540,
        "tmdate": 1637267539540,
        "tddate": null,
        "forum": "aPOpXlnV1T",
        "replyto": "ym9GfU701tq",
        "invitation": "ICLR.cc/2022/Conference/Paper2513/-/Official_Comment",
        "content": {
          "title": "Response to Review (1/2)",
          "comment": "Thank you for your constructive and detailed review. Below we address your questions / concerns. We start with your major concerns first.\n\n> The paper would be much stronger if: (1/2) The author(s) could apply their analysis to identify either of the two conditions from section 3 in a real world data set.\n\nWe agree. In Fig. S4 of the revised version, we now provide evidence for the effective undersampling issue that occurs due to variance-weighting when optimizing the NLL loss (discussed in Sec. 3.2) on the Fetch-PickAndPlace task. This new figure shows how the distribution of effective sampling probability evolves during training (over a fixed set of training points) and compares that against a proxy \"oracle\": the distribution of effective sampling probabilities when using the squared residuals from a model trained with the MSE loss. The mismatch between the two distributions demonstrates that optimizing the NLL loss drastically undersamples in comparison to the reference, effectively never sampling some data points.   \n\n> The paper would be much stronger if: (2/2) Their proposed methods offered comparable (using simpler methods) or superior performance to related works. \n\nWe have now added new results using baselines from two prior works (Detlefsen et al., 2019; Stirn & Knowles, 2020). We also added three more datasets of the UCI benchmark (carbon, superconductivity, wine-white). For UCI, see Table 1 in the revised version for a summary of results, and tables S1 and S2 for full results w.r.t. predictive log-likelihood and RMSE. For the dynamics experiments, see Table 2.\n\nWe find that baselines based on the Student-t distribution (xVAMP, VBEM) tend to have better predictive log-likelihood than beta-NLL, although there is often no statistical significance. We conjecture this is because the Student-t distribution might be better suited to model real-world data than the Gaussian, especially in low-data regimes. For RMSE, beta-NLL is mostly on-par or better than the baselines. At the same time, our method is very simple to implement and computationally lightweight compared to xVAMP and VBEM, which require the costly evaluation of the prior and Monte-Carlo sampling at each training step.\n\n> Can the author(s) please confirm if the left panel [of Figure 1] is a single run? If so, does rerunning the code under different initialization move the region with poor predictive mean estimates around? \n\nYes, Figure 1 (left) shows a single run. However, running the code under different initializations leads to qualitatively the same result. To illustrate this, we now show 3 additional trials in Figure S1. We also changed the right panel of Fig. 1 to show mean and standard deviation over 10 independent trials instead of individual curves.\n\n> Lastly, it probably would be more clear to show the MSE predictive means [in Figure 1] in addition to its low RMSE (yes, RMSE is low enough to suggest a perfect fit, but it reduces a reader's burden).\n\nTo demonstrate that MSE loss indeed learns an (almost) perfect fit, we now added a dashed line to the right panel of Fig. 1 indicating the RMSE of an optimal fit.\n\n> Claiming the identification of \"high dependence of the gradients on the predictive variance as the primary culprit\" for NLL failures as a contribution is quite bold. Takahashi et al. (2018) and Stirn et al. (2020) both discuss this issue, but admittedly with a different perspective--neither claims it as a contribution.\n\nWe have now modified the statement of our contribution to be more specific, reflecting that the dependence of gradients on predictive variance has been generally known as a cause of instability in optimizing the NLL loss (citing the two references you pointed out) and that our paper provides *a fresh perspective on how this dependence can further be problematic*. (See paragraph 1 of **Summary of contributions** on page 2.) \n"
        },
        "signatures": [
          "ICLR.cc/2022/Conference/Paper2513/Authors"
        ],
        "readers": [
          "everyone"
        ],
        "nonreaders": [],
        "writers": [
          "ICLR.cc/2022/Conference",
          "ICLR.cc/2022/Conference/Paper2513/Authors"
        ]
      },
      {
        "id": "FyI_khfh2mF",
        "original": null,
        "number": 4,
        "cdate": 1637267572880,
        "mdate": 1637267572880,
        "ddate": null,
        "tcdate": 1637267572880,
        "tmdate": 1637267572880,
        "tddate": null,
        "forum": "aPOpXlnV1T",
        "replyto": "A0O7lS8De7",
        "invitation": "ICLR.cc/2022/Conference/Paper2513/-/Official_Comment",
        "content": {
          "title": "Response to Review (2/2)",
          "comment": "> \"We observe a drastic difference between the NLL loss and the MSE/moment matching loss.\" I understand that the MM loss for the mean is the same as NLL *(we think you meant MSE)*, but the MM loss also has a variance loss term. How then is 6.b both MSE and MM?\n\nFigure 6b shows MSE for estimating the mean only (i.e. solely optimizing $L^\\mu_{\\mathrm{MM}}$; moment matching only for the mean and without variance learning). We have now clarified this in the text.  \n\n\n> The author(s) seemingly contradict themselves several times as to whether MSE is a fundamentally different loss from their $\\beta = 1$. \n> The author(s) should have MSE in their loss table since I don't believe ($\\beta = 1$) is equivalent. Please correct me if I am missing something!\n\nWe apologise for the confusing implications of equivalence between MSE and $\\beta$-NLL with $\\beta = 1$ at times. What is in common between the two variants is *their gradient w.r.t. the predictive mean*. When discussing MSE we only train a mean estimator, while when discussing $\\beta$-NLL we always jointly train mean and variance estimators (single network with two heads).\nWe have now modified the text and figures to fix this issue; i.e. assertions of equivalence between $\\beta=1$ and MSE are now removed and discussions of similarity are now made more specific. We also now ran the UCI datasets using the MSE loss and added the results to the corresponding tables.\n\n\n> The author(s) do not compare to ANY of the cited works, which often outperform them on the UCI regression tasks.\n\nWe have now added new results using baselines from two prior works (Detlefsen et al., 2019; Stirn & Knowles, 2020) (see answer in response 1/2 above), evaluated in a unified way. For UCI regression in particular, we would like to note that our results are not directly comparable to the reported numbers in previous work, as 1) we use different splits in cross-validation, and results on UCI are known to be sensitive to the exact splits used, and 2) both Detlefsen et al. (2019) and Stirn & Knowles (2020) report numbers resulting from early stopping on the validation set, whereas we report numbers from a separate test set, which negatively affects our results in comparison.\n"
        },
        "signatures": [
          "ICLR.cc/2022/Conference/Paper2513/Authors"
        ],
        "readers": [
          "everyone"
        ],
        "nonreaders": [],
        "writers": [
          "ICLR.cc/2022/Conference",
          "ICLR.cc/2022/Conference/Paper2513/Authors"
        ]
      },
      {
        "id": "s4NMrZwTfGs",
        "original": null,
        "number": 5,
        "cdate": 1637267871795,
        "mdate": 1637267871795,
        "ddate": null,
        "tcdate": 1637267871795,
        "tmdate": 1637267871795,
        "tddate": null,
        "forum": "aPOpXlnV1T",
        "replyto": "J0JPAndCsk",
        "invitation": "ICLR.cc/2022/Conference/Paper2513/-/Official_Comment",
        "content": {
          "title": "Response to Review",
          "comment": "Thank you for your constructive and detailed review. We are glad that you enjoyed reading the paper and found it insightful. Below we address your questions / concerns.\n\n> The results in Tab. 1 and Tab. S1 seem to be not significant according to the reported standard errors. How many seeds were evaluated?\n\nThe performance is evaluated using cross validation over 20 random different splits. Mean and standard deviation are taken over those splits. Additionally, we now report whether results of a method are statistically distinguishable from the best result on a dataset (see “Ties” in Tab. 1). We used a two-sided Kolmogorov-Smirnov test for this purpose.\n\n> Tab. S1 should be moved to the main part (assessing the MSE values is central to judging the effectiveness of the proposed method).\n\nThank you for this suggestion. Due to space constraints, we have opted for a compromise. Table 1 now shows both log-likelihood and RMSE for 4 of the UCI datasets, but reports the *Ties* over all 12 datasets. The full results are included in tables S1 and S2 in the appendix.\n\n> Why is the RMSE of MM in Tab. 1 worse than that of $\\beta$-NLL? It is optimizing directly for the mean and thus should yield better results, shouldn't it? Did you use two-headed networks? If so, this might explain the worse MSE of MM. But then, I'm still wondering why the MSE in the dynamics experiments (Tab. 2) is worse than $\\beta$-NLL as here you train on the pure MSE loss (not MM). Why don't you evaluate pure MSE on the experiments in Tab. 1/S1? \n\nYes, we use two-headed networks throughout the whole paper. We believe the reason MM is worse is that it sometimes exhibits instability, stemming from the loss on the variance. As for why the $\\beta$-NLL loss on the dynamics experiments does perform (slightly) better than the MSE loss, we conjecture that this is due to a positive influence of the variance loss term on training the shared features, but we have not analysed this further.\n\nWe did not evaluate pure MSE for the UCI datasets as it does not provide log-likelihood, and so did not match with the evaluation protocol for UCI, which uses early stopping on the log-likelihood. But we agree that it adds interesting information, and have also ran the MSE loss, using early stopping on MSE for the updated version.\n\n> While I agree that the proposed method visually seems to yield better calibrated uncertainty estimates than MM in Fig. 8, I would also like to see a quantitative evaluation here.\n\nFollowing the procedure used by Detlefsen et al. (2019) to generate Figure 3 in their paper, we have now added a quantitative evaluation of uncertainty estimates (see Figure 8 (f)). This plot further supports that our method yields well-calibrated uncertainty estimates in comparison to moment matching.    \n\n> The tasks are low-dimensional (1D, 3D). I would be interested in results on more complex, higher dimensional problems.\n\nWe are in the process of training variational auto-encoders on MNIST, similar to Detlefsen et al. (2019). We will update with another response once those results are ready. This would correspond to 784 dimensions. Do you have any other problems in mind for this?\n\n> Shouldn't Eq. 6 contain a factor of $Z$?\n\nYou are correct, thank you for catching this. We modified the equation and statement to read “the gradient of the NLL is proportional to the gradient of the MSE loss under the modified data distribution”. \n\nWe also thank you for spotting the other minor issues you reported!\n"
        },
        "signatures": [
          "ICLR.cc/2022/Conference/Paper2513/Authors"
        ],
        "readers": [
          "everyone"
        ],
        "nonreaders": [],
        "writers": [
          "ICLR.cc/2022/Conference",
          "ICLR.cc/2022/Conference/Paper2513/Authors"
        ]
      },
      {
        "id": "uM2Ens40D_E",
        "original": null,
        "number": 6,
        "cdate": 1637615914708,
        "mdate": 1637615914708,
        "ddate": null,
        "tcdate": 1637615914708,
        "tmdate": 1637615914708,
        "tddate": null,
        "forum": "aPOpXlnV1T",
        "replyto": "aPOpXlnV1T",
        "invitation": "ICLR.cc/2022/Conference/Paper2513/-/Official_Comment",
        "content": {
          "title": "Another Revision with Image-based Experiments",
          "comment": "We would like to thank reviewer 5Jtp for suggesting to conduct experiments with high-dimensional data. We have now performed several more experiments: \n- Variational Autoencoders with probabilistic decoders (see Sec. A.4, Tab. S3 and Fig. S5) on\n  - MNIST\n  - Fashion MNIST\n- Depth-map prediction from images on the NYUv2 dataset (see Sec. A.5, Tab. S4, Fig. S6)\n\nThe training with our $\\beta$-NLL loss function works without surprises and the results are competitive with the baselines. Our findings are consistent with our observations on low-dimensional datasets. $\\beta$-NLL (with $\\beta>0$) reaches lower MSE than normal NLL, while achieving good trade-offs for predictive log-likelihood. Figures S5 and S6 show that predictions made by our loss function are visibly improved compared to the NLL loss, while producing meaningful uncertainty maps.\n\nWe provide a PDF highlighting all our changes to the submission version in a convenient way at https://ufile.io/kl057blc.\nTo summarize, we provide more supporting analysis and a broadly expanded evaluation that shows that our proposed beta-NLL loss works competitively in a variety of diverse settings."
        },
        "signatures": [
          "ICLR.cc/2022/Conference/Paper2513/Authors"
        ],
        "readers": [
          "everyone"
        ],
        "nonreaders": [],
        "writers": [
          "ICLR.cc/2022/Conference",
          "ICLR.cc/2022/Conference/Paper2513/Authors"
        ]
      },
      {
        "id": "Vt58U0JfikW",
        "original": null,
        "number": 8,
        "cdate": 1637616121115,
        "mdate": 1637616121115,
        "ddate": null,
        "tcdate": 1637616121115,
        "tmdate": 1637616121115,
        "tddate": null,
        "forum": "aPOpXlnV1T",
        "replyto": "J0JPAndCsk",
        "invitation": "ICLR.cc/2022/Conference/Paper2513/-/Official_Comment",
        "content": {
          "title": "High-Dimensional Regression Experiments",
          "comment": "Dear reviewer gjks,\n\nwe now uploaded a revision with experiments with variational autoencoders on MNIST and FashionMNIST. In addition, we evaluate on depth map regression from images on the NYUv2 dataset. See the general answer for a discussion.\n"
        },
        "signatures": [
          "ICLR.cc/2022/Conference/Paper2513/Authors"
        ],
        "readers": [
          "everyone"
        ],
        "nonreaders": [],
        "writers": [
          "ICLR.cc/2022/Conference",
          "ICLR.cc/2022/Conference/Paper2513/Authors"
        ]
      },
      {
        "id": "0rVsQ-l5_FH",
        "original": null,
        "number": 10,
        "cdate": 1637938065510,
        "mdate": 1637938065510,
        "ddate": null,
        "tcdate": 1637938065510,
        "tmdate": 1637938065510,
        "tddate": null,
        "forum": "aPOpXlnV1T",
        "replyto": "k188D_LZUAW",
        "invitation": "ICLR.cc/2022/Conference/Paper2513/-/Official_Comment",
        "content": {
          "title": "Increased score",
          "comment": "I am grateful to the authors for all their additional work. They have addressed the questions I raised during my review, so I will raise my score. The reason I am not increasing it further is that the results based on the Student-t distribution complicate the story. It seems like some of the deficiency of the standard Gaussian-noise NLL approach are due to model misspecification rather than problems with optimization."
        },
        "signatures": [
          "ICLR.cc/2022/Conference/Paper2513/Reviewer_5nZv"
        ],
        "readers": [
          "everyone"
        ],
        "nonreaders": [],
        "writers": [
          "ICLR.cc/2022/Conference",
          "ICLR.cc/2022/Conference/Paper2513/Reviewer_5nZv"
        ]
      },
      {
        "id": "N8AfryCeZT",
        "original": null,
        "number": 11,
        "cdate": 1638008118411,
        "mdate": 1638008118411,
        "ddate": null,
        "tcdate": 1638008118411,
        "tmdate": 1638008118411,
        "tddate": null,
        "forum": "aPOpXlnV1T",
        "replyto": "0rVsQ-l5_FH",
        "invitation": "ICLR.cc/2022/Conference/Paper2513/-/Official_Comment",
        "content": {
          "title": "Response to the Reviewer",
          "comment": "We are happy that you are satisfied with our additional investigations.\n\nWhile we agree that the Student-t results give hints to study different noise models, this is not the core point of the paper:\n 1.  We showed that the issue happens in our toy task where assuming Gaussian noise was the ideal choice (as the task by design featured Gaussian noise).\n 2. If the underlying noise distribution is not well-described by Gaussian noise, still we should aim to get as good of a Gaussian fit as possible (measured by the NLL).\n 3. The Gaussian noise case is defacto standard in many applications and methods (such as VAEs, differentiable Kalman filters, stochastic policies, etc) and thus we believe our contribution is very valuable to the community.\n\nWe would like to understand whether this addresses your concern or whether there are other aspects we missed."
        },
        "signatures": [
          "ICLR.cc/2022/Conference/Paper2513/Authors"
        ],
        "readers": [
          "everyone"
        ],
        "nonreaders": [],
        "writers": [
          "ICLR.cc/2022/Conference",
          "ICLR.cc/2022/Conference/Paper2513/Authors"
        ]
      },
      {
        "id": "v-92z8HVXR",
        "original": null,
        "number": 14,
        "cdate": 1638244301793,
        "mdate": 1638244301793,
        "ddate": null,
        "tcdate": 1638244301793,
        "tmdate": 1638244301793,
        "tddate": null,
        "forum": "aPOpXlnV1T",
        "replyto": "FyI_khfh2mF",
        "invitation": "ICLR.cc/2022/Conference/Paper2513/-/Official_Comment",
        "content": {
          "title": "Thank you",
          "comment": "Thank you for addressing my concerns. I will update my score accordingly."
        },
        "signatures": [
          "ICLR.cc/2022/Conference/Paper2513/Reviewer_5Jtp"
        ],
        "readers": [
          "everyone"
        ],
        "nonreaders": [],
        "writers": [
          "ICLR.cc/2022/Conference",
          "ICLR.cc/2022/Conference/Paper2513/Reviewer_5Jtp"
        ]
      },
      {
        "id": "VsUGSijHry",
        "original": null,
        "number": 1,
        "cdate": 1642697011637,
        "mdate": null,
        "ddate": null,
        "tcdate": 1642697011637,
        "tmdate": 1642697011637,
        "tddate": null,
        "forum": "aPOpXlnV1T",
        "replyto": "aPOpXlnV1T",
        "invitation": "ICLR.cc/2022/Conference/Paper2513/-/Decision",
        "content": {
          "title": "Paper Decision",
          "decision": "Accept (Poster)",
          "comment": "The paper examines the approach of modeling aleatoric uncertainty by fitting a neural network, that estimates mean and variances of a heteorscedasitic Gaussian distribution, based on log likelihood maximization. The authors identify the problem that gradient based training on the netgative log likelihood (NLL) may result in suboptimal solutions where a high predicted variance compensates for the predicted mean being far from the true mean. To solve this problem, the authors suggest to adjust the log likelihood objective by weighting the log likelihood of each single data point by the corresponding beta-exponentiated variance estimate. This adjusted objective is referred to as beta-NLL.\n\nAll reviewers agreed that the identified problem and the proposed solution are interesting, that the paper is well written and organized, and that the contributions are significant and somewhat new. The main criticism was on the side of the empirical evaluation. It was criticized that the empirical analysis did not compare the proposed method to other approaches to solving the same problem, that the identified problem and the proposed method should be also analyzed on high-dimensional data, that the results on the synthetic experiments could be improved by investigating more than a single run and by incorporating the the MSE in corresponding Figure 1,  and that standard errors were not reported. \n\nBased on the reviews the authors added several new experiments and investigations in the revised version of their manuscript to improve their empirical analysis: 1) new experiments on high-dimensional data sets were conducted applying variational autoencoders on MNIST and Fashion MNIST and performing Depth-map prediction from images on the NYUv2 dataset. 2) For comparison several baseline methods were added to the experiments on the UCI and the dynamics datasets. 3) Three more UCI datasets (carbon, superconductivity, wine-white) were included in the empirical analysis. 4) An evaluation of calibration of predictive variance for the heteroscedastic sine dataset was added. 5) Several more repetitions of the experiment represented in Figure 1 were conducted. (6) An analysis of undersampling behavior on FetchPickAndPlace was added. Moreover, the authors reported two errors in their previous experiments that they discovered and corrected. \n\nAll reviewers were satisfied with the changes in the revised version and the answers to their specific questions and increased their scores accordingly, now commonly voting for acceptance. The paper should therefore be accepted."
        },
        "signatures": [
          "ICLR.cc/2022/Conference/Program_Chairs"
        ],
        "readers": [
          "everyone"
        ],
        "nonreaders": [],
        "writers": [
          "ICLR.cc/2022/Conference/Program_Chairs"
        ]
      }
    ],
    "directReplies": [
      {
        "id": "J0JPAndCsk",
        "original": null,
        "number": 1,
        "cdate": 1635782648110,
        "mdate": null,
        "ddate": null,
        "tcdate": 1635782648110,
        "tmdate": 1638182849498,
        "tddate": null,
        "forum": "aPOpXlnV1T",
        "replyto": "aPOpXlnV1T",
        "invitation": "ICLR.cc/2022/Conference/Paper2513/-/Official_Review",
        "content": {
          "summary_of_the_paper": "The authors analyze the known phenomenon that the optimization of the Gaussian likelihood of a probabilistic neural network with heteroscedastic output variance using gradient ascent can get stuck at solutions with a suboptimal mean fit, compensated by large output variance: the likelihood amplifies non-uniform initial distributions of feature granularity due to variance weighting, i.e., the gradient w.r.t. the mean are scaled by the inverse variance leading to well-fitted samples dominating the gradient. The authors argue that this effect can be undesirable because it can prevent spending model expressivity on hard-to-fit regions, while it can be desirable in other situations because it allows the network to ignore outliers arising due to noise. This is complementary to the MSE objective which is dominated by badly-fitted samples (and thus hard to fit regions) but sensitive to outliers, and which does not allow to fit the output variance. The authors propose a modified loss function, $\\beta$-NLL, which interpolates between the likelihood and the MSE loss functions with the incentive to retain the \"best of both worlds\". They compare $\\beta$-NLL with standard NLL, MSE, and a moment-matching version on several datasets.",
          "main_review": "The problem of optimizing Gaussian likelihoods is ubiquitous and, thus, understanding its pitfalls thoroughly is important. While the phenomenon of variance weighting is known, the authors provide a nice analysis with explanations, visualizations, and derivations of  high quality. The claims they make in Secs. 3 and 4 are all well supported and fleshed out nicely. The presentation is very clear and well-organized. I really enjoyed reading the paper and found it quite insightful. The authors provide a pragmatic and easy-to-implement method to alleviate the identified problems in a situation-specific manner (by adjusting $\\beta$). \n\nUnfortunately, I feel the experimental evaluation is lacking:\n- The results in Tab. 1 and Tab. S1 seem to be not significant according to the reported standard errors? How many seeds were evaluated? Tab. S1 should be moved to the main part (assessing the MSE values is central to judging the effectiveness of the proposed method).\n- Why is the RMSE of MM in Tab. 1 worse than that of $\\beta$-NLL? It is optimizing directly for the mean and thus should yield better results, shouldn't it? Did you use two-headed networks? If so, this might explain the worse MSE of MM. But then, I'm still wondering why the MSE in the dynamics experiments (Tab. 2) is worse than $\\beta$-NLL as here you train on the pure MSE loss (not MM). Why don't you evaluate pure MSE on the experiments in Tab. 1/S1?\n- While I agree that the proposed method visually seems to yield better calibrated uncertainty estimates than MM in Fig. 8, I would also like to see a quantitative evaluation here.\n- The tasks are low-dimensional (1D, 3D). I would be interested in results on more complex, higher dimensional problems.\n\nMinor points not influencing my score:\n\n- Shouldn't Eq. 6 contain a factor of $Z$?\n- Sec. 5.1. misses a reference to Fig. 7.\n- On p. 8, paragraph \"Sinusoidal with heteroscedastic noise\", $\\xi$ should read $\\xi_1$ and $\\xi_2$.\n- Fig. 9: $\\beta$ is not rendered in the labels.\n- Sec. 6: wrong full stop before \"we reveal the underlying reasons\".",
          "summary_of_the_review": "The authors provide a very nice discussion and analysis of the known phenomenon of variance weighting arising in SGD on NLL loss of Gaussian likelihoods. While I judge this to be an interesting contribution on its own, I would like to see an improved experimental evaluation. Indeed, I am not yet fully convinced that the proposed $\\beta$-NLL is effective. In its current state I rate the submission as borderline but I will raise my score if the authors improve upon the mentioned points during the rebuttal.\n\n------------------------------\n\n**Update after rebuttal:**\nI thank the authors for their effort to improve the experimental evaluation. I raise my score to 6.",
          "correctness": "4: All of the claims and statements are well-supported and correct.",
          "technical_novelty_and_significance": "3: The contributions are significant and somewhat new. Aspects of the contributions exist in prior work.",
          "empirical_novelty_and_significance": "3: The contributions are significant and somewhat new. Aspects of the contributions exist in prior work.",
          "flag_for_ethics_review": [
            "NO."
          ],
          "recommendation": "6: marginally above the acceptance threshold",
          "confidence": "4: You are confident in your assessment, but not absolutely certain. It is unlikely, but not impossible, that you did not understand some parts of the submission or that you are unfamiliar with some pieces of related work."
        },
        "signatures": [
          "ICLR.cc/2022/Conference/Paper2513/Reviewer_gjks"
        ],
        "readers": [
          "everyone"
        ],
        "nonreaders": [],
        "writers": [
          "ICLR.cc/2022/Conference",
          "ICLR.cc/2022/Conference/Paper2513/Reviewer_gjks"
        ]
      },
      {
        "id": "ym9GfU701tq",
        "original": null,
        "number": 2,
        "cdate": 1635875139130,
        "mdate": null,
        "ddate": null,
        "tcdate": 1635875139130,
        "tmdate": 1638244392868,
        "tddate": null,
        "forum": "aPOpXlnV1T",
        "replyto": "aPOpXlnV1T",
        "invitation": "ICLR.cc/2022/Conference/Paper2513/-/Official_Review",
        "content": {
          "summary_of_the_paper": "The author(s) attribute the under-fitting of predictive means by neural networks that parameterize heteroscedastic Gaussian likelihoods to 1) initial inability to break symmetry and 2) Gaussian negative log likelihoods tendency to down weight poorly predicted points. The authors note the latter effectively under samples those points with poor predictive means, thus inhibiting their fit in a rich-get-richer scheme. The author(s) propose two alternative loss functions: moment matching (MM) and $\\beta$-exponential variance estimate with $\\beta \\in [0,1]$. The author(s) demonstrate their $\\beta$-exponential generally outperforms NLL ($\\beta = 0$) and MSE.",
          "main_review": "### Strengths:\n- The NLL loss scaling \"the gradient of badly-predicted points, effectively under sampling those points\" is an interesting perspective I have not yet seen. The conventional focus, based on my reading of the literature, is the infinite gradient problem (a perfect mean estimate is impossible to obtain using NLL because variance tends towards 0). \n\n### Weakness:\n- Figure 1 attempts to illustrate the problem of fitting a neural network to a noisy sinusoid using a NLL loss. However, a few things could be improved. Can the author(s) please confirm if the left panel is single run? If so, does rerunning the code under different initialization move the region with poor predictive mean estimates around? Lastly, it probably would be more clear to show the MSE predictive means in addition to its low RMSE (yes, RMSE is low enough to suggest a perfect fit, but it reduces a reader's burden).\n- Claiming the identification of \"high dependence of the gradients on the predictive variance as the primary culprit\" for NLL failures as a contribution is quite bold. Takahashi, et. al (2018) and Stirn, et al (2020) both discuss this issue, but admittedly with a different perspective--neither claims it as a contribution.\n- \"We observe a drastic difference between the NLL loss and the MSE/moment matching loss.\" I understand that the the MM loss for the mean is the same as NLL, but the MM loss also has a variance loss term. How then is 6.b both MSE and MM?\n- The second paragraph of section 4.2 mentions not yet seen experimental results. I recommend moving discussion of results to appear after the experiments.\n- The author(s) seemingly contradict themselves several times as to whether MSE is a fundamentally different loss from their $\\beta = 1$.\n\t1) \"For β = 1 the gradient w.r.t. μ in Eq. 10 is equivalent to the one of MSE. However, for the variance, the gradient in Eq. 11 is a new quantity with 2σ2 in the denominator.\"\n\t2) \"As expected, the same holds for the mean squared error loss (MSE) which is recovered for β = 1.\"\n\t3) The results (figure 8 and table 1) cast  ($\\beta = 1$) as MSE, but their loss term has an added variance term.\n- The author(s) should have MSE in their loss table since I don't believe ($\\beta = 1$) is equivalent. Please correct me if I am missing something!\n- The author(s) do not compare to ANY of the cited works, which often outperform them on the UCI regression tasks.",
          "summary_of_the_review": "I think this paper offers a fresh perspective on NLL loss failures as I mentioned in my main review. However, their only support for this a contrived toy example over a single run. The paper would be much stronger if:\n- The author(s) could apply their analysis to identify either of the two conditions from section 3 in a real world data set.\n- Their proposed methods offered comparable (using simpler methods) or superior performance to related works.\nUnfortunately, without either of these, the paper's potential significance remains limited.",
          "correctness": "3: Some of the paper’s claims have minor issues. A few statements are not well-supported, or require small changes to be made correct.",
          "technical_novelty_and_significance": "3: The contributions are significant and somewhat new. Aspects of the contributions exist in prior work.",
          "empirical_novelty_and_significance": "2: The contributions are only marginally significant or novel.",
          "flag_for_ethics_review": [
            "NO."
          ],
          "recommendation": "6: marginally above the acceptance threshold",
          "confidence": "5: You are absolutely certain about your assessment. You are very familiar with the related work and checked the math/other details carefully."
        },
        "signatures": [
          "ICLR.cc/2022/Conference/Paper2513/Reviewer_5Jtp"
        ],
        "readers": [
          "everyone"
        ],
        "nonreaders": [],
        "writers": [
          "ICLR.cc/2022/Conference",
          "ICLR.cc/2022/Conference/Paper2513/Reviewer_5Jtp"
        ]
      },
      {
        "id": "365iZ3xRWWj",
        "original": null,
        "number": 3,
        "cdate": 1635892868118,
        "mdate": null,
        "ddate": null,
        "tcdate": 1635892868118,
        "tmdate": 1637938084643,
        "tddate": null,
        "forum": "aPOpXlnV1T",
        "replyto": "aPOpXlnV1T",
        "invitation": "ICLR.cc/2022/Conference/Paper2513/-/Official_Review",
        "content": {
          "summary_of_the_paper": "**Summary**\n\nFor regression tasks with heteroscedastic noise, a Gaussian model whose mean and variance are a function of the input is frequently used. Neural networks are then used as function approximators for the mean and variance and are fit using the negative log-likilhood. The paper identifies a problem with this approach: optimization can get stuck in configurations where the predicted mean is far from the true mean, as this is compensated for by a high predicted variance that also stalls learning. By adjusting the NLL objective, the authors compensate for the problem.",
          "main_review": "**Strong Points**\n\n- The discussion of the optimization issue caused by the NLL is very clear with nice synthetic examples.\n- The paper is well written and mostly easy to follow\n- Table 2 shows clear improvements in performance over the standard NLL approach\n\n\n**Weak Points**\n\n- Section 3.1 is difficult to follow. Figure 4 suggests the measurement in Equation (5) is important, but there is a lack of intuition for its significance.\n- No ablation study comparing other approaches to solving this problem.\n\n\n**Questions**\n\n- I wonder how optimizer dependent this issue is. Which optimizers were used and how were they tuned?\n- There is a long line of work about “critically” initializing neural networks so that their curvature grows exponentially with depth. I wonder if this is related to Section 3.1. The authors might consider looking at Poole et al., “Exponential expressivity in deep neural networks through transient chaos” and Raghu et al., “On the expressive power of deep neural networks.”\n- What is the noise distribution assumed by the beta-NLL? I understand gradients are not taken with respect to the beta-NLL, but I’m curious whether part of the issue is that the Gaussian assumption on the noise is inappropriate.\n- How is the bolding chosen in Table 1. It seems like there’s significant overlap between the performance of the different methods.\n\n\n**Additional Feedback**\n\n- The notation in Equation (9) is confusing. The expectation is over the random variable X, but X also appears outside of any expectation in the stop-gradient operation.\n",
          "summary_of_the_review": "**Recommendation**\n\nI like aspects of this paper, but there are some major outstanding questions. Currently, it does not meet the bar for acceptance.",
          "correctness": "3: Some of the paper’s claims have minor issues. A few statements are not well-supported, or require small changes to be made correct.",
          "technical_novelty_and_significance": "3: The contributions are significant and somewhat new. Aspects of the contributions exist in prior work.",
          "empirical_novelty_and_significance": "3: The contributions are significant and somewhat new. Aspects of the contributions exist in prior work.",
          "flag_for_ethics_review": [
            "NO."
          ],
          "recommendation": "6: marginally above the acceptance threshold",
          "confidence": "4: You are confident in your assessment, but not absolutely certain. It is unlikely, but not impossible, that you did not understand some parts of the submission or that you are unfamiliar with some pieces of related work."
        },
        "signatures": [
          "ICLR.cc/2022/Conference/Paper2513/Reviewer_5nZv"
        ],
        "readers": [
          "everyone"
        ],
        "nonreaders": [],
        "writers": [
          "ICLR.cc/2022/Conference",
          "ICLR.cc/2022/Conference/Paper2513/Reviewer_5nZv"
        ]
      },
      {
        "id": "0OcVVD40ng_",
        "original": null,
        "number": 1,
        "cdate": 1637267149605,
        "mdate": 1637267149605,
        "ddate": null,
        "tcdate": 1637267149605,
        "tmdate": 1637267149605,
        "tddate": null,
        "forum": "aPOpXlnV1T",
        "replyto": "aPOpXlnV1T",
        "invitation": "ICLR.cc/2022/Conference/Paper2513/-/Official_Comment",
        "content": {
          "title": "General Response to Reviewers",
          "comment": "We thank the reviewers for their time and thorough feedback. We uploaded a first revision of our paper taking into account many of your suggestions. Here we briefly outline the newly added results:\n \n- Several baselines (Detlefsen et al., 2019; Stirn & Knowles, 2020) on UCI datasets and the dynamics datasets (Tables 1, 2, S1 and S2).\n- Three new UCI datasets (carbon, superconductivity, wine-white) (Tables S1 and S2).\n- Evaluation of calibration of predictive variance for the heteroscedastic sine dataset (Figure 8 (f)).\n- Several more repetitions of the experiment of Figure 1 (Figure S1).\n- Analysis of undersampling behavior on FetchPickAndPlace (Figure S4).\n\nWe also would like to report the following errors that we discovered and corrected in this version:\n\n- The data loading code for the sensitivity analysis (Figure 9) was erroneous in not using the final training results. The new version of Figure 9 shows the correct result, which is, however, qualitatively the same. The conclusions we drew from the analysis are not affected by this.\n- In the UCI experiments, we trained only on 1D targets instead of on 2D for the datasets: energy and naval. This was due to a bug in the dataset configuration. We retrained all methods on the correct dataset and now report the updated results.\n\n### References:\n- Detlefsen et al., 2019: Reliable training and estimation of variance networks. NeurIPS 2019.\n- Stirn & Knowles, 2020: Variational Variance: Simple, Reliable, Calibrated Heteroscedastic Noise Variance Parameterization. arXiv:2006.04910.\n"
        },
        "signatures": [
          "ICLR.cc/2022/Conference/Paper2513/Authors"
        ],
        "readers": [
          "everyone"
        ],
        "nonreaders": [],
        "writers": [
          "ICLR.cc/2022/Conference",
          "ICLR.cc/2022/Conference/Paper2513/Authors"
        ]
      },
      {
        "id": "uM2Ens40D_E",
        "original": null,
        "number": 6,
        "cdate": 1637615914708,
        "mdate": 1637615914708,
        "ddate": null,
        "tcdate": 1637615914708,
        "tmdate": 1637615914708,
        "tddate": null,
        "forum": "aPOpXlnV1T",
        "replyto": "aPOpXlnV1T",
        "invitation": "ICLR.cc/2022/Conference/Paper2513/-/Official_Comment",
        "content": {
          "title": "Another Revision with Image-based Experiments",
          "comment": "We would like to thank reviewer 5Jtp for suggesting to conduct experiments with high-dimensional data. We have now performed several more experiments: \n- Variational Autoencoders with probabilistic decoders (see Sec. A.4, Tab. S3 and Fig. S5) on\n  - MNIST\n  - Fashion MNIST\n- Depth-map prediction from images on the NYUv2 dataset (see Sec. A.5, Tab. S4, Fig. S6)\n\nThe training with our $\\beta$-NLL loss function works without surprises and the results are competitive with the baselines. Our findings are consistent with our observations on low-dimensional datasets. $\\beta$-NLL (with $\\beta>0$) reaches lower MSE than normal NLL, while achieving good trade-offs for predictive log-likelihood. Figures S5 and S6 show that predictions made by our loss function are visibly improved compared to the NLL loss, while producing meaningful uncertainty maps.\n\nWe provide a PDF highlighting all our changes to the submission version in a convenient way at https://ufile.io/kl057blc.\nTo summarize, we provide more supporting analysis and a broadly expanded evaluation that shows that our proposed beta-NLL loss works competitively in a variety of diverse settings."
        },
        "signatures": [
          "ICLR.cc/2022/Conference/Paper2513/Authors"
        ],
        "readers": [
          "everyone"
        ],
        "nonreaders": [],
        "writers": [
          "ICLR.cc/2022/Conference",
          "ICLR.cc/2022/Conference/Paper2513/Authors"
        ]
      },
      {
        "id": "VsUGSijHry",
        "original": null,
        "number": 1,
        "cdate": 1642697011637,
        "mdate": null,
        "ddate": null,
        "tcdate": 1642697011637,
        "tmdate": 1642697011637,
        "tddate": null,
        "forum": "aPOpXlnV1T",
        "replyto": "aPOpXlnV1T",
        "invitation": "ICLR.cc/2022/Conference/Paper2513/-/Decision",
        "content": {
          "title": "Paper Decision",
          "decision": "Accept (Poster)",
          "comment": "The paper examines the approach of modeling aleatoric uncertainty by fitting a neural network, that estimates mean and variances of a heteorscedasitic Gaussian distribution, based on log likelihood maximization. The authors identify the problem that gradient based training on the netgative log likelihood (NLL) may result in suboptimal solutions where a high predicted variance compensates for the predicted mean being far from the true mean. To solve this problem, the authors suggest to adjust the log likelihood objective by weighting the log likelihood of each single data point by the corresponding beta-exponentiated variance estimate. This adjusted objective is referred to as beta-NLL.\n\nAll reviewers agreed that the identified problem and the proposed solution are interesting, that the paper is well written and organized, and that the contributions are significant and somewhat new. The main criticism was on the side of the empirical evaluation. It was criticized that the empirical analysis did not compare the proposed method to other approaches to solving the same problem, that the identified problem and the proposed method should be also analyzed on high-dimensional data, that the results on the synthetic experiments could be improved by investigating more than a single run and by incorporating the the MSE in corresponding Figure 1,  and that standard errors were not reported. \n\nBased on the reviews the authors added several new experiments and investigations in the revised version of their manuscript to improve their empirical analysis: 1) new experiments on high-dimensional data sets were conducted applying variational autoencoders on MNIST and Fashion MNIST and performing Depth-map prediction from images on the NYUv2 dataset. 2) For comparison several baseline methods were added to the experiments on the UCI and the dynamics datasets. 3) Three more UCI datasets (carbon, superconductivity, wine-white) were included in the empirical analysis. 4) An evaluation of calibration of predictive variance for the heteroscedastic sine dataset was added. 5) Several more repetitions of the experiment represented in Figure 1 were conducted. (6) An analysis of undersampling behavior on FetchPickAndPlace was added. Moreover, the authors reported two errors in their previous experiments that they discovered and corrected. \n\nAll reviewers were satisfied with the changes in the revised version and the answers to their specific questions and increased their scores accordingly, now commonly voting for acceptance. The paper should therefore be accepted."
        },
        "signatures": [
          "ICLR.cc/2022/Conference/Program_Chairs"
        ],
        "readers": [
          "everyone"
        ],
        "nonreaders": [],
        "writers": [
          "ICLR.cc/2022/Conference/Program_Chairs"
        ]
      }
    ]
  }
}