{
  "id": "C54V-xTWfi",
  "original": "cJEKB1ZfXe6",
  "number": 2328,
  "cdate": 1632875614785,
  "mdate": null,
  "ddate": null,
  "tcdate": 1632875614785,
  "tmdate": 1697934726121,
  "tddate": null,
  "forum": "C54V-xTWfi",
  "replyto": null,
  "invitation": "ICLR.cc/2022/Conference/-/Blind_Submission",
  "content": {
    "title": "MonoDistill: Learning Spatial Features for Monocular 3D Object Detection",
    "authorids": [
      "~Zhiyu_Chong1",
      "~Xinzhu_Ma1",
      "~Hong_Zhang8",
      "~Yuxin_Yue2",
      "~Haojie_Li2",
      "~Zhihui_Wang4",
      "~Wanli_Ouyang1"
    ],
    "authors": [
      "Zhiyu Chong",
      "Xinzhu Ma",
      "Hong Zhang",
      "Yuxin Yue",
      "Haojie Li",
      "Zhihui Wang",
      "Wanli Ouyang"
    ],
    "keywords": [
      "3D object detection",
      "monocular images"
    ],
    "abstract": "3D object detection is a fundamental and challenging task for 3D scene understanding, and the monocular-based methods can serve as an economical alternative to the stereo-based or LiDAR-based methods. However, accurately locating objects in the 3D space from a single image is extremely difficult due to the lack of spatial cues. To mitigate this issue, we propose a simple and effective scheme to introduce the spatial information from LiDAR signals to the monocular 3D detectors, without introducing any extra cost in the inference phase. In particular, we first project the LiDAR signals into the image plane and align them with the RGB images. After that, we use the resulting data to train a 3D detector (LiDAR Net) using the same architecture as the baseline model. Finally, this LiDAR Net can serve as the teacher to transfer the learned knowledge to the baseline model. Experimental results show that the proposed method can significantly boost the performance of the baseline model and ranks the $1^{st}$ place among all monocular-based methods on the KITTI benchmark. Besides, extensive ablation studies are conducted, which further prove the effectiveness of each part of our designs and illustrate what the baseline model has learned from the LiDAR Net.",
    "code_of_ethics": "",
    "submission_guidelines": "",
    "resubmission": "",
    "student_author": "",
    "serve_as_reviewer": "",
    "paperhash": "chong|monodistill_learning_spatial_features_for_monocular_3d_object_detection",
    "pdf": "/pdf/48f3e34df8a32755defa6cc07e7521b77cb01afc.pdf",
    "one-sentence_summary": "We propose the MonoDistill, which introduces spatial cues to the monocular 3D detector based on the knowledge distillation mechanism.",
    "community_implementations": "[![CatalyzeX](/images/catalyzex_icon.svg) 1 code implementation](https://www.catalyzex.com/paper/arxiv:2201.10830/code)",
    "_bibtex": "@inproceedings{\nchong2022monodistill,\ntitle={MonoDistill: Learning Spatial Features for Monocular 3D Object Detection},\nauthor={Zhiyu Chong and Xinzhu Ma and Hong Zhang and Yuxin Yue and Haojie Li and Zhihui Wang and Wanli Ouyang},\nbooktitle={International Conference on Learning Representations},\nyear={2022},\nurl={https://openreview.net/forum?id=C54V-xTWfi}\n}",
    "venue": "ICLR 2022 Poster",
    "venueid": "ICLR.cc/2022/Conference"
  },
  "signatures": [
    "ICLR.cc/2022/Conference"
  ],
  "readers": [
    "everyone"
  ],
  "nonreaders": [],
  "writers": [
    "ICLR.cc/2022/Conference"
  ],
  "tauthor": "OpenReview.net",
  "pdate": 1643407560000,
  "odate": 1633539600000,
  "details": {
    "overwriting": [],
    "tags": [],
    "writable": false,
    "replyCount": 18,
    "directReplyCount": 6,
    "revisions": true,
    "replies": [
      {
        "id": "ewRp3EtoxVX",
        "original": null,
        "number": 1,
        "cdate": 1634561813322,
        "mdate": null,
        "ddate": null,
        "tcdate": 1634561813322,
        "tmdate": 1634561813322,
        "tddate": null,
        "forum": "C54V-xTWfi",
        "replyto": "C54V-xTWfi",
        "invitation": "ICLR.cc/2022/Conference/Paper2328/-/Official_Review",
        "content": {
          "summary_of_the_paper": " Aiming at accurately detecting objects in the 3D space from a single image, this paper proposes a new method. Experiments on KITTI dataset seems to show promising results.",
          "main_review": "1. This paper claims to be a mono-based 3D object detection method. Although only RGB image data is needed in the test process, point cloud data is actually used in the training process. From this point of view, this claim is not appropriate.\n\n2. Figure 3 is very confusing, please redraw it according to the actual process in order to show the actual process more clearly.\n\n3. This paper claims in many places that the method based on monocular image is more valuable in application than the method based on pure point cloud, but it has to be admitted in the detection result that the result of 3D object detection based on image is far inferior to that based on pure point. So from this point of view, do the above remarks lack the measurement dimension of detection accuracy?\n\n4. On the experimental results. (1) This paper choses this KITTI to conduct experiments. Although the good results are shown in Table 3, the method of this paper (anonymous) is not seen on KITTI's official website. The results on the KITTI test set should be submitted to the KITTI official website, so please submit your results anonymously on the KITTI official website, otherwise the authenticity of the experimental results in this article will be seriously questioned. (2) In the 3D object detection task, more data sets have emerged, such as Waymo, nuScences, etc. This article should try on more data sets.\n\n5. The writings should be checked carefully. There are many singular and plural problems, symbol problems, tense problems and so on. Such as need->needs in Section 2, two repeated symbols f_j below formula 1.",
          "summary_of_the_review": "This paper has many problems in experiments, especially the authenticity of the experimental results, and the completeness and richness of the experiments. And there are many writing errors in this paper.",
          "correctness": "3: Some of the paper’s claims have minor issues. A few statements are not well-supported, or require small changes to be made correct.",
          "technical_novelty_and_significance": "3: The contributions are significant and somewhat new. Aspects of the contributions exist in prior work.",
          "empirical_novelty_and_significance": "3: The contributions are significant and somewhat new. Aspects of the contributions exist in prior work.",
          "flag_for_ethics_review": [
            "NO."
          ],
          "recommendation": "5: marginally below the acceptance threshold",
          "confidence": "5: You are absolutely certain about your assessment. You are very familiar with the related work and checked the math/other details carefully."
        },
        "signatures": [
          "ICLR.cc/2022/Conference/Paper2328/Reviewer_J4VF"
        ],
        "readers": [
          "everyone"
        ],
        "nonreaders": [],
        "writers": [
          "ICLR.cc/2022/Conference",
          "ICLR.cc/2022/Conference/Paper2328/Reviewer_J4VF"
        ]
      },
      {
        "id": "t4XHWyEViLK",
        "original": null,
        "number": 2,
        "cdate": 1635584762649,
        "mdate": null,
        "ddate": null,
        "tcdate": 1635584762649,
        "tmdate": 1638170501535,
        "tddate": null,
        "forum": "C54V-xTWfi",
        "replyto": "C54V-xTWfi",
        "invitation": "ICLR.cc/2022/Conference/Paper2328/-/Official_Review",
        "content": {
          "summary_of_the_paper": "This paper proposes an approach to leveraging knowledge distillation (KD) for training image-based monocular 3D detectors. Different from the ways to incorporate the LiDAR signal in prior works, this paper takes it as the input of a teacher network and further supplements the image-based student network in terms of spatial information. Three levels of distillation, scene-level, object-level in the feature space, and object-level in the result space, are devised. Experimental results show that this method can effectively boost the performance of image-based monocular 3D detection while still maintaining outstanding efficiency.",
          "main_review": "Strengths:\n- The basic idea of this paper is easy to follow.\n- The motivation and core contributions are clearly presented.\n- The methodology is simple yet effective.\n- Some experimental designs are novel and convincing. For instance, Table 5 for cross-model evaluation can validate that the localization accuracy has indeed improved a lot, and Table 6 provides a counterintuitive conclusion that the performance of the teacher model is not directly related to the performance improvement.\n- The overall model achieves state-of-the-art on the KITTI benchmark while maintaining impressive efficiency.\n\nWeaknesses:\n- The main concern is that the technical novelty is limited. This paper is basically an application of knowledge distillation on monocular 3D detection while only different in terms of specific designs and conclusions due to different tasks.\n- The generalization ability of this method is not discussed. For example, if the settings of LiDARs or cameras are changed, can the student network generalize to other scenarios well? If the consistency of these intrinsic and extrinsic settings is quite necessary, the application of this kind of method will also be much more limited.\n- A minor problem is that the size of the KITTI dataset seems too small for now. It would be more convincing if the method can be validated on large-scale datasets, such as nuScenes and Waymo.\n\nMinor comments:\n- There are some small grammatical typos, such as “thus no extra computational cost is introduced” needs an “and” in front, and “Existing LiDAR-based models based on” needs an “are”. Please double-check, fix them and also polish the writing.\n- Figure 4: The Gaussian-like mask means Gaussian weights in Eqn. (4) or only center-sampling regions with equal weights? Here it also lacks reference to FCOS [1] for 2D detection and FCOS3D [2] for monocular 3D detection.\n- “Do we need depth estimation as an intermediate task”: This claim is closely related to another missing reference (it does not matter because it is really recently published), DD3D [3]. The difference in terms of method design is clear but it can be useful if an empirical comparison can be conducted.\n- Table 7: It is not clearly presented the source of training data for DORN. Is it from KITTI-Depth or other datasets? Is there any data-leakage problem? Does it influence the result or conclusion in this part?\n- Appendix A.3: How was the depth error computed? Is it done for top-k detection predictions or in other ways?\n\nReferences:\n\n[1] FCOS: Fully Convolutional One-Stage Object Detection. ICCV 2019\n\n[2] FCOS3D: Fully Convolutional One-Stage Monocular 3D Object Detection. ICCVW 2021\n\n[3] Is Pseudo-Lidar needed for Monocular 3D Object detection? ICCV 2021",
          "summary_of_the_review": "This paper applies knowledge distillation to image-based monocular 3D detection and achieves state-of-the-art results. It can provide a potential path to better leverage LiDAR signals to boost the image-based 3D detectors while not much influencing the original design and efficiency. However, there are some concerns in terms of novelty and generalization ability. So I would vote for borderline accept temporarily.",
          "correctness": "3: Some of the paper’s claims have minor issues. A few statements are not well-supported, or require small changes to be made correct.",
          "technical_novelty_and_significance": "2: The contributions are only marginally significant or novel.",
          "empirical_novelty_and_significance": "3: The contributions are significant and somewhat new. Aspects of the contributions exist in prior work.",
          "flag_for_ethics_review": [
            "NO."
          ],
          "recommendation": "8: accept, good paper",
          "confidence": "4: You are confident in your assessment, but not absolutely certain. It is unlikely, but not impossible, that you did not understand some parts of the submission or that you are unfamiliar with some pieces of related work."
        },
        "signatures": [
          "ICLR.cc/2022/Conference/Paper2328/Reviewer_mGRP"
        ],
        "readers": [
          "everyone"
        ],
        "nonreaders": [],
        "writers": [
          "ICLR.cc/2022/Conference",
          "ICLR.cc/2022/Conference/Paper2328/Reviewer_mGRP"
        ]
      },
      {
        "id": "tbMWftPItmr",
        "original": null,
        "number": 3,
        "cdate": 1635682748008,
        "mdate": null,
        "ddate": null,
        "tcdate": 1635682748008,
        "tmdate": 1635682748008,
        "tddate": null,
        "forum": "C54V-xTWfi",
        "replyto": "C54V-xTWfi",
        "invitation": "ICLR.cc/2022/Conference/Paper2328/-/Official_Review",
        "content": {
          "summary_of_the_paper": "The paper presents MonoDistill, a way to enhance RGB-based 3D object detection through knowledge distillation from a LiDAR-based teacher.\nA 3D detection pipeline (built around MonoDLE) is trained both on RGB images and densified LiDAR input. Three main mechanism enable teacher-student transfer: On feature level, scene-level distillation aligns affinity maps between teacher and student while masked features are trained on object-level, additional masked pseudo labels are leveraged around the teacher centre predictions.\nEach component is carefully ablated and experiments are conducted on the KITTI benchmark.\n",
          "main_review": "In the following, strengths (S1-4) and weaknesses (W1-3) are detailed.\n\nS1. Distillation pipeline. The way in which the student is trained through scene-level and object-level distillation together with the extended pseudo labels is an interesting approach to leverage the LiDAR input at training time which does not require architectural changes between student and teacher.\n\nS2. Comparison to intermediate depth estimation tasks. Ablation experiments are conducted to question the usage of the additional task of depth estimation often used for 3D detection (also from stereo in the supplementary material). They give insight that this direction might be less effective. This might affect future network design choices.\n\nS3. Results. The experimental evaluation of all involved components (loss functions, but also the densification) justifies their contributions. The overall accuracy of the pipeline is favourable over many state-of-the art approaches.\n\nS4. Paper presentation. The paper is clearly motivated and easy to understand.\n\nW1. Fair comparison. In the comparison (Tab. 3): The presented method should also get a \"*\" as the LiDAR signal is implicitly used for training.\n\nW2. Minor notation information: In eqn. (3) information is missing on the index k.\n\nW3. Some typos, grammar mistakes and minor issues make some sections of the paper hard to read. These are (in order of appearance):\n\"v.s.\"\n\"geometric constrain\"\n\"then use LiDAR-based model\"\n\"lots works\"\n\"monocular v.s. stereo\"\n\"results shows\"\n\"baseline model adopt\"\n\"and use several\"\n\"this model achieve\"\n\"models [are] mainly based on\"\n\"the 2D bounding box are used\"\n\"we can found that\"\n\"our full model improve\"\n\"can only takes\"\npoint before Table 3\n\"Table 7 show\"\n\"23,488 v.s. 3,712\"\n\"depth maps v.s. noisy depth\"",
          "summary_of_the_review": "While the paper has minor weaknesses, I believe that they can be corrected in the course of the review process.\nThe strenghts (in particulat S1-3) make this work worth sharing.\n",
          "correctness": "3: Some of the paper’s claims have minor issues. A few statements are not well-supported, or require small changes to be made correct.",
          "technical_novelty_and_significance": "2: The contributions are only marginally significant or novel.",
          "empirical_novelty_and_significance": "3: The contributions are significant and somewhat new. Aspects of the contributions exist in prior work.",
          "flag_for_ethics_review": [
            "NO."
          ],
          "recommendation": "8: accept, good paper",
          "confidence": "4: You are confident in your assessment, but not absolutely certain. It is unlikely, but not impossible, that you did not understand some parts of the submission or that you are unfamiliar with some pieces of related work."
        },
        "signatures": [
          "ICLR.cc/2022/Conference/Paper2328/Reviewer_nFhM"
        ],
        "readers": [
          "everyone"
        ],
        "nonreaders": [],
        "writers": [
          "ICLR.cc/2022/Conference",
          "ICLR.cc/2022/Conference/Paper2328/Reviewer_nFhM"
        ]
      },
      {
        "id": "2FgkBgSZQ2P",
        "original": null,
        "number": 4,
        "cdate": 1635840628013,
        "mdate": null,
        "ddate": null,
        "tcdate": 1635840628013,
        "tmdate": 1638203045330,
        "tddate": null,
        "forum": "C54V-xTWfi",
        "replyto": "C54V-xTWfi",
        "invitation": "ICLR.cc/2022/Conference/Paper2328/-/Official_Review",
        "content": {
          "summary_of_the_paper": "This paper proposes to distill the features from a LiDAR teacher model to a monocular-based student model. To align the feature maps between the teacher and student model, the teacher model uses the same networks as the student and the only difference is that the teacher model takes the sparse/dense depth map as input. Several techniques include scene-level distillation, object-level distillation in feature/outputs, feature fusion. In the experimental part, this paper extensively ablates several key analyses including cross-modal evaluation between baseline model and full model, depth estimation. ",
          "main_review": "Pros:\n1.\tThe paper is well written. The overall pipeline is simple and the key factor of KD is well illustrated. \n2.\tThe motivation and experiments look reasonable to me. I think this is the first paper that distills the features from the LiDAR model to the monocular model to learn depth cues, which gets good results and improvement. Experiments demonstrate the student model learns to predict better 3D location. Without inference cost, the improvement is indeed impressive despite KD being a well-known approach to improve model performance.\n\nCons:\n1.\tThe main concern is about the technical improvement for distillation. As there are some papers [1] that demonstrates the effectiveness of cross-modal distillation, I think the paper should at least be compared with the baseline KD approaches and demonstrate the superiority of the proposed modules such as ``scene/object-level distillation'', whether to distill affinity map and discuss why the proposed methods work better than simple KD for monocular 3D object detection, or particularly depth estimation. Otherwise, the contribution is not enough as it cannot provide any new information for cross-modal KD. Also, the related works about KD for 2D object detection (e.g. [2]) as the main point of this paper can be used as the baseline and should be included at least. \n2.\tFrom the ablation studies, it seems that the depth cues are the key factor to affect the learning of the model. Is it possible due to the teacher network interpolates the sparse depth map and thus the network transfers better the depth supervision? I think an ablation study of dense depth map supervision can help the analysis.\n3.\tThe performance improvement for Pedestrian and Cyclist is not so obvious. The comparison with the baseline model in KITTI validation is missed and should be supplemented. \n\n[1] Cross Modal Distillation for Supervision Transfer. Gupta S, et al. CVPR 2016\n[2] Learning Efficient Object Detection Models with Knowledge Distillation, Chen et.al. NeurIPS 2017\n\n",
          "summary_of_the_review": "The basic motivation is quite good and is worth studying. The current ablation studies also demonstrate the good point of cross-modal distillation. The performance seems good enough in the related works. But it’s known that cross-modal KD is helpful as shown in the Main Review (1), which is not a new enough idea. And the technical improvement of the proposed KD method over the baseline KD approach should be strengthened more. Overall, I would like to give the rating of borderline reject.",
          "correctness": "4: All of the claims and statements are well-supported and correct.",
          "technical_novelty_and_significance": "3: The contributions are significant and somewhat new. Aspects of the contributions exist in prior work.",
          "empirical_novelty_and_significance": "3: The contributions are significant and somewhat new. Aspects of the contributions exist in prior work.",
          "flag_for_ethics_review": [
            "NO."
          ],
          "recommendation": "6: marginally above the acceptance threshold",
          "confidence": "5: You are absolutely certain about your assessment. You are very familiar with the related work and checked the math/other details carefully."
        },
        "signatures": [
          "ICLR.cc/2022/Conference/Paper2328/Reviewer_ZFtD"
        ],
        "readers": [
          "everyone"
        ],
        "nonreaders": [],
        "writers": [
          "ICLR.cc/2022/Conference",
          "ICLR.cc/2022/Conference/Paper2328/Reviewer_ZFtD"
        ]
      },
      {
        "id": "T5PDlTNNkZO",
        "original": null,
        "number": 5,
        "cdate": 1635848100505,
        "mdate": null,
        "ddate": null,
        "tcdate": 1635848100505,
        "tmdate": 1635848100505,
        "tddate": null,
        "forum": "C54V-xTWfi",
        "replyto": "C54V-xTWfi",
        "invitation": "ICLR.cc/2022/Conference/Paper2328/-/Official_Review",
        "content": {
          "summary_of_the_paper": "In this paper, authors propose a monocular image-based 3D object detection method based on knowledge distillation. Specifically, the monocular image-based 3D object detector [Ma et al 2019] is infused with the depth cues via distilling knowledge from LiDAR-based teacher model. At the test-time, the model detects 3D objects without any intermediate depth prediction and ranks 1st on the KITTI benchmark dataset. Hence, the proposed monocular-based 3D detector is end-to-end and more accurate than the other methods in this category, without adding extra depth-estimation overhead in between. ",
          "main_review": "Strengths:\n\n(1) The end-to-end monocular 3D detection without intermediate depth estimation, which integrates depth cues relevant for 3D detection. Intermediate depth-estimation is a real bottleneck in monocular 3D object detection as shown in multiple previous work: [Ma et al 2021, Reading et al 2021, Lu et al 2021]. Hence, this contribution to infuse depth-cues directly to the monocular network via distillation is an important contribution.  \n\n(2) The method proposed to infuse depth via distillation across structured-scene space, object feature-space, and object result-space. Through ablation study it allows to deduce that the design components are important for the 3D object detection. Furthermore, during distillation, authors mainly focus on the object-features that allow the network to focus on them and this argument is also supported by the ablation study. \n\n(3) Paper shows that the accuracy improvement compared to the baseline model mainly comes through improvement  in depth and dimension prediction of the objects. This has been shown via a valid cross-model experiment design. \n\nWeakness:\n\n(1) The main claim of the paper is that the depth-cues can help in 3D object detection from monocular images. However, the results are only shown for only one teacher model [Ma et al, 2019]. This puts the generality of depth-cue based distillation in question. Also, from the section “3.2 Student Model” -- the choice of Ma et al. as a baseline is not clear. Can authors please explain what would happen with the other monocular-based methods as a teacher? Can you please show a small experiment?\n\n(2) The motivation for the scene level distillation is not clear. The first line of Sec 3.3 “First, we believe that scene information is beneficial for our task” -- However, it is not clear why? A very similar method to the proposed scene level distillation via affinity map has already been proposed and used for semantic segmentation in the past [Hou et al 2020]. Can authors please explain why this would be beneficial for the 3D detection task? Also, please cite the relevant work. \n\n(3) “Besides, we further normalize the confidence of each predicted object using the estimated depth uncertainty (see Appendix A.1 for more details), which brings about 1 AP improvement.” -- while it is completely fine using the tricks that bring the accuracy up, this needs to be clearly stated in the results. It is not clear if the baseline model uses such normalization. If not, the comparison with the baseline model is not an egg-to-egg comparison. This needs to be clearly stated in the paper by adding accuracy of the current method without such normalization in table 3, table 4. And mentioning the accuracy improvement by infusing depth cues and confidence normalization separately Section 4.2 “Comparison with state-of-the-art methods”\n\n\nOther minor points:\n\n(1) Usually the projected LiDAR images will have empty regions (e.g. Fig. 2 have empty black regions on the top). How is this handled during training? Since, the LiDAR image in Fig.3 shows a complete image without any empty region. Also, do we need to do any pre-processing of the camera images at the inference time which requires the use of LiDAR information?\n\n(2) Sec 4.2 Ablation Studies “3D detection performance by 3.34, 5.02, 2.98 and improve BEV performance by 5.16, 6.62, 3.87” -- here authors should compare their numbers with the confidence normalized baseline numbers, and not the raw baseline because improvements by confidence normalization are significant in this context.\n\n(3) Sec 4.2 detailed design choice “which improves the accuracy by 0.7” → 0.7 in what? I think this number is only valid for 3D@IOU=0.7 moderate benchmark. Authors should mention that in the text.\n\n(4) Sec 4.2 Comparison with State-of-the-art “By contrast, our method only takes 25ms to process a KITTI Image”. However, in Table 3, the runtimes show 40ms. Why this difference? I believe 40ms is the valid number since baseline (MonoDLE)  also reports 40ms runtime. \n\n(5) Table 3. → Authors should also put “*” superscript for their own method since it requires LiDAR data while training.\n\nTypos:\n\n4.2 Ablation Studies: “Specifically, we can found” →  “Specifically, we found” \n\n4.2 Comparison with state-of-the-art methods: “our method can only takes” → “our method only takes” \n\n4.3 What the model has learned “improvement of dimension part is also considerable (e → f)” → I think authors mean (c → f) ?\n\n4.3 Do we need depth estimation “Here we qualitatively show the information loss” → I think it is “quantitatively”, since the table-7 are just accuracy numbers? \n\nReferences:\nHou, Yuenan, et al. \"Inter-region affinity distillation for road marking segmentation.\" Proceedings of the IEEE/CVF Conference on Computer Vision and Pattern Recognition. 2020.\n",
          "summary_of_the_review": "I recommend this paper to be accepted for the ICLR conference (score: 8 good paper). Overall, the paper is well written and does extensive ablation studies for their design choices. In this paper authors proposed a monocular Image-based 3D object detection method that distills the knowledge from the LiDAR-based teacher. At the inference time  this method predicts at 25 FPS on GPU without any intermediate depth-prediction, which is critical for the real-time application such as autonomous driving. \n\nHowever, there are some minor issues in some of the claims (please see above). I would like to see the authors addressing “Weaknesses” in the rebuttal. \n",
          "correctness": "3: Some of the paper’s claims have minor issues. A few statements are not well-supported, or require small changes to be made correct.",
          "technical_novelty_and_significance": "2: The contributions are only marginally significant or novel.",
          "empirical_novelty_and_significance": "3: The contributions are significant and somewhat new. Aspects of the contributions exist in prior work.",
          "flag_for_ethics_review": [
            "NO."
          ],
          "recommendation": "8: accept, good paper",
          "confidence": "3: You are fairly confident in your assessment. It is possible that you did not understand some parts of the submission or that you are unfamiliar with some pieces of related work. Math/other details were not carefully checked."
        },
        "signatures": [
          "ICLR.cc/2022/Conference/Paper2328/Reviewer_2Mbm"
        ],
        "readers": [
          "everyone"
        ],
        "nonreaders": [],
        "writers": [
          "ICLR.cc/2022/Conference",
          "ICLR.cc/2022/Conference/Paper2328/Reviewer_2Mbm"
        ]
      },
      {
        "id": "cvZzyqU9_6q",
        "original": null,
        "number": 1,
        "cdate": 1637243214608,
        "mdate": null,
        "ddate": null,
        "tcdate": 1637243214608,
        "tmdate": 1637580488133,
        "tddate": null,
        "forum": "C54V-xTWfi",
        "replyto": "T5PDlTNNkZO",
        "invitation": "ICLR.cc/2022/Conference/Paper2328/-/Official_Comment",
        "content": {
          "title": "Authors Response to Reviewer 2Mbm",
          "comment": "**We sincerely appreciate your detailed and thoughtful reviews and hope that our response can address your concerns.**\n\n**W1: about the baseline models and generality of the method.**\n\n> the choice of Ma et al. as a baseline is not clear\n\nWe choose MonoDLE as the baseline mainly based on:\n\n(i) this method is a typical 'RGB-only' method (refer to Fig. 1 (a) in the main paper);\n\n(ii) this method was published at a recently top-tier conference (CVPR'21) with source code, which supports good performance and reproducibility.\n\n> Can you please show a small experiment?\n\nHere we apply our method on another monocular detector GUPNet [1] (ICCV'21), which also meets the above requirements, and experimental results are shown in the following table:\n\n|  | IoU  | Easy  | Mod. | Hard |\n|  ----  | ----  | ----  | ----  | ----  |\n| GUPNet-baseline  | 0.7 | 22.76 | 16.46 | 13.72 |\n| GUPNet-ours  | 0.7 | 24.43 | 16.69 | 14.66 |\n| GUPNet-baseline  | 0.5 | 57.62 | 42.33 | 37.59 |\n| GUPNet-ours  | 0.5 | 61.72 | 44.49 | 40.07 |\n\nWe can find that the proposed method can also boost the performances of GUPNet, which confirms the generalization of our method.\n\n**Besides, we also recommend the reviewer refer to the Appendix A5 for more experiments and analysis about generalization.**\n\n[1] Geometry Uncertainty Projection Network for Monocular 3D Object Detection. Lu et al. ICCV'21\n\n**W2: the motivation for the scene level distillation is not clear.**\n\n> The motivation for the scene level distillation is not clear\n\nThe scene-level knowledge can help the monocular 3D detectors build a high-level understanding of the given images.\nMore importantly, the lack of spatial cues is the major issue of monocular 3D detection.\nHowever, the gap in modality makes it difficult for the image-based model to learn the feature representations of the LiDAR-based model.\nIn contrast, the modality-agnostic affinity map encodes the relative relations of the features, keeping the knowledge structure and alleviating the modality gap, which is the main reason for the effectiveness of this design.\n\n> A very similar method to the proposed scene level distillation via affinity map has already been proposed and used for semantic segmentation\n\n\nBesides, Hou et al. proposed an affinity map-based KD method for road segmentation, which improves the performances of the tiny models by learning the features from large models.\nWe will add relevant works, including Hou's work, in our main paper. \nIn this work, we mainly focus on how to effectively and efficiently introduce spatial cues to monocular models. \nCompared with the proposed KD designs, providing a view of introducing these vital features for monocular models is our main concern.\n\n**W3: about the confidence normalization.**\n\nThanks for this comment.\nIn the experiments, both the baseline model and the proposed method adopt the confidence normalization for an egg-to-egg comparison. Besides, the performance of the baseline model without confidence normalization is shown in the following table:\n\n|   | Easy  | Mod. | Hard |\n|  ----  |   ----  | ----  | ----  |\n| validation set| 17.23 | 12.26 | 10.29 |\n| testing set | 17.45 | 13.66 | 11.68 |\n\n**For a better presentation, we have emphasized this on Page 4 and added these results in Table 3,4 in the revised version to avoid misunderstanding.**\n\n**M1: about the projected LiDAR maps.**\n\n> How is this handled during training?\n\nThe pixel values of the empty regions in the LiDAR maps are set to 0, and no other processing is applied in our implementation.\nBesides, we will update the illustration of LiDAR signals in the revised version to avoid misunderstanding.\n\n> do we need to do any pre-processing of the camera images at the inference time which requires the use of LiDAR information?\n\nAt the inference phase, no extra pre-processing is needed.\n\n**M2:`the effects of confidence normalized**\n\nBoth the baseline model and the proposed method applied confidence normalization.\nBesides, we will add the performance of the baseline model without confidence normalization to show the effect of the confidence normalization and avoid misunderstanding.\n\n**M3, M4, and M5.**\n\nThanks for the careful review.\nAs you said, the 0.7 accuracy improvement is for the 3D@IOU=0.7 moderate setting, which is the primary metric in the KITTI Benchmark, and we will mention that in the text.\nThe proposed method takes 40 ms for a KITTI image, instead of 25 ms (it should be 25 FPS).\nWe will add $*$ superscript for the proposed method in Table 3.\nBesides, we will fix the typos accordingly in the revised version."
        },
        "signatures": [
          "ICLR.cc/2022/Conference/Paper2328/Authors"
        ],
        "readers": [
          "everyone"
        ],
        "nonreaders": [],
        "writers": [
          "ICLR.cc/2022/Conference",
          "ICLR.cc/2022/Conference/Paper2328/Authors"
        ]
      },
      {
        "id": "XqcEp_vUfWY",
        "original": null,
        "number": 2,
        "cdate": 1637243286381,
        "mdate": null,
        "ddate": null,
        "tcdate": 1637243286381,
        "tmdate": 1637323408963,
        "tddate": null,
        "forum": "C54V-xTWfi",
        "replyto": "2FgkBgSZQ2P",
        "invitation": "ICLR.cc/2022/Conference/Paper2328/-/Official_Comment",
        "content": {
          "title": "Authors Response to Reviewer ZFtD",
          "comment": "**We thank all the valuable comments for this work. Here we mainly answer the weaknesses in the rebuttal period.**\n\n**Q1: should at least be compared with the baseline KD approaches and whether to distill affinity map and discuss why .**\n\nThanks for this suggestion.\nIn the work, we found directly enforcing the image-based model learns the feature representations of the LiDAR-based models is sub-optimal, caused by the different modalities.\nBy contrast, the affinity map encodes the relative relations of the features, keeping the knowledge structure and alleviating the modality gap, which is the main reason for the effectiveness of this design.\nBesides, Table 1, 2 in the main paper report the ablations for the distillation designs under several settings, which can be regarded as baseline models.\nWe will add more baselines (such as directly distilling the features in scene-level using L1/L2 loss) in the revised version.\nWe will cite and discuss the relevant works.\n\n**Q2: interpolates the sparse depth map.**\n\nThanks for this suggestion, and we design the following experiment for this ablation.\nFirst, we use the sparse LiDAR maps as input to train the teacher net and add an extra branch which supervised by the dense LiDAR maps.\nAfter that, we use this teacher model to guide the student model, keeping other settings unchanged (if there is any misunderstanding for this comment, we can further modify the experiment setting).\nThe experimental results are shown in the following table:\n\n|    | Easy  | Mod. | Hard |\n|  ----  | ----  | ----  | ----  |\n| baseline  | 19.29 | 15.13 | 12.78 |\n| sparse  | 23.61 | 18.07 | 15.36 |\n| dense  | 24.31 | 18.47 | 15.76 |\n| sparse2dense  | 23.48 | 18.22 | 15.22 |\n\nWe can see that adding an additional depth completion branch in the teacher can not bring significantly improve the performance of the student model.\n\n**Q3: the performance of Pedestrian and Cyclist.**\n\nThe training samples of cyclists and pedestrians are significantly less than that of cars, as shown in the following table (collected on the training set).\n\n\n|    | Car  | Pedestrian  | Cyclist  | \n|  ----  | :----:  | :----:  | :----:  |\n| Instances  | 14357 | 2207 | 734 |\n\nTherefore the performances of these two categories are relatively low and hard to improve.\nEven so, the proposed method can also boost the performance of these two categories on the testing set.\nBesides, here we show the results on the validation set in the following table, which shows the proposed methods can improve the performance of the baseline model on the KITTI validation for pedestrians and cyclists.\nThese results will be included in the revised version.\n\n|    |   | Easy 3D@IoU=0.25  | Mod. 3D@IoU=0.25  | Hard 3D@IoU=0.25  | Easy 3D@IoU=0.5  | Mod. 3D@IoU=0.5  | Hard 3D@IoU=0.5  |\n|  ----  | ----  | ----  | ----  | ----  | ----  | ----  | ----  |\n| Pedestrian  | Baseline | 28.91 | 23.64 | 19.69 | 6.75 | 5.23 | 4.27 |\n| Pedestrian  | Ours | 31.81 | 24.84 | 20.65 | 8.54 | 6.91 | 5.08 |\n| Cyclist  | Baseline | 20.65 | 11.72 | 10.78 | 3.44 | 1.66 | 1.60 |\n| Cyclist  | Ours | 25.03 | 12.90 | 12.41 | 5.04 | 2.38 | 2.23 |\n"
        },
        "signatures": [
          "ICLR.cc/2022/Conference/Paper2328/Authors"
        ],
        "readers": [
          "everyone"
        ],
        "nonreaders": [],
        "writers": [
          "ICLR.cc/2022/Conference",
          "ICLR.cc/2022/Conference/Paper2328/Authors"
        ]
      },
      {
        "id": "BeuGfNwTsX_",
        "original": null,
        "number": 3,
        "cdate": 1637243345940,
        "mdate": null,
        "ddate": null,
        "tcdate": 1637243345940,
        "tmdate": 1637319457806,
        "tddate": null,
        "forum": "C54V-xTWfi",
        "replyto": "tbMWftPItmr",
        "invitation": "ICLR.cc/2022/Conference/Paper2328/-/Official_Comment",
        "content": {
          "title": "Authors Response to Reviewer nFhM",
          "comment": "**We thank all the valuable comments for this work. Here we mainly answer the weaknesses in the rebuttal period.**\n\n\n**W1: marks in Table 3**\n\nWe will add the $*$ superscript of our method in Table 3 in the revised version.\n\n**W2: minor notation information**\n\nWe will add corresponding text for Equation 3 in the revised version.\n\n**W3: Some typos**\n\nThanks for the careful review.\nWe will fix the typos and grammar mistakes accordingly. Besides, we will further revise corresponding text for better presentation."
        },
        "signatures": [
          "ICLR.cc/2022/Conference/Paper2328/Authors"
        ],
        "readers": [
          "everyone"
        ],
        "nonreaders": [],
        "writers": [
          "ICLR.cc/2022/Conference",
          "ICLR.cc/2022/Conference/Paper2328/Authors"
        ]
      },
      {
        "id": "8N0YYM6dhTg",
        "original": null,
        "number": 4,
        "cdate": 1637243390299,
        "mdate": null,
        "ddate": null,
        "tcdate": 1637243390299,
        "tmdate": 1637580830309,
        "tddate": null,
        "forum": "C54V-xTWfi",
        "replyto": "t4XHWyEViLK",
        "invitation": "ICLR.cc/2022/Conference/Paper2328/-/Official_Comment",
        "content": {
          "title": "Authors Response to Reviewer mGRP",
          "comment": "**We thank all the valuable comments for this work. Here we mainly answer the weaknesses in the rebuttal period.**\n\n**W1: technical novelty is limited**\n\nAlthough knowledge distillation had been well studied in many fields,  it is rarely investigated to monocular 3D detection.\nIn this work, we find knowledge distillation can effectively and efficiently introduce spatial cues to monocular models.\nMore importantly, the lack of this kind of features is the main reason of\nlow performance of existing methods.\nBased on this, we believe our work can provide insights to other researchers and is beneficial to the monocular 3D detection community.\n\n**W2: generalization ability of this method**\n\nThanks for this comment.\nHere we discuss the generalization ability of the proposed method in the following aspects.\n\nFirst, we apply the proposed method on another baseline model (GUPNet, published on ICCV'21), and the  experimental results are shown in the following table:\n\n|    | IoU  | Easy  | Mod. | Hard |\n|  ----  | ----  | ----  | ----  | ----  |\n| GUPNet-baseline  | 0.7 | 22.76 | 16.46 | 13.72 |\n| GUPNet-ours  | 0.7 | 24.43 | 16.69 | 14.66 |\n| GUPNet-baseline  | 0.5 | 57.62 | 42.33 | 37.59 |\n| GUPNet-ours  | 0.5 | 61.72 | 44.49 | 40.07 |\n\nWe can see that the proposed method also works for GUPNet, which suggests our method can generalize to other baseline models. \n\nSecond, following Pseudo-LiDAR++ (ICLR'2020), we generate the simulated 32-beam/16-beam LiDAR signals and use them to train our teacher model (in the `sparse' setting).\nWe show the experimental results, based on MonoDLE, in the following table:\n\n|    | Easy  | Mod. | Hard |\n|  ----  | ----  | ----  | ----  |\n| baseline | 19.29 | 15.13 | 12.78 |\n| ours-16-beam | 22.49 | 17.66 | 15.08 |\n| ours-32-beam | 23.24 | 17.71 | 15.19 |\n| ours-64-beam | 23.61 | 18.07 | 15.36 |\n\nWe can see that, although the improvement is slightly reduced w.r.t. the decrease of the resolution of LiDAR signals, the proposed method significantly boosts the performances of the baseline model under all settings. \n\nBesides, note that the camera parameters of the images on the KITTI testing set are different from these of the training set,  and the good performance on the testing set suggests the proposed method can also generalize to different camera parameters.\nHowever, generalizing to the new scenes with different statistical characteristics is hard task for existing 3D detectors, including the image-based models and LiDAR-based models, and deserves further investigation by future works.\nWe also argue that the proposed method can generalize to the new scenes better than other monocular models because ours model learns the stronger features from the teacher net.  \n\n**These results and analysis had been included in the revised version (Appendix A5).**\n\n**W3: experiments on the large-scale dataset.**\n\nIt is hard for us to complete experiments on the large-scale datasets in the rebuttal period due to the limitation of time/resources. \nNevertheless, these experiments will be explored in future work.\n\n**M1: small grammatical typos**\n\nThanks for the careful review, and we will fix these typos accordingly in the revised version.\n\n**M2: about the Gaussian weight and references**\n\nWe employ equal weights for the pixels in the Gaussian region.\nIn particular, we generate the Gaussian kernel using the shape of the bounding box, and the pixels whose response values surpass a predefined threshold are sampled, and then we train these samples with equal weights.\nBy the way, we also tried the Gaussian weights, and the performance is almost the same as that of the scheme we adopted.\nBesides, we will add FCOS, FCOS3D as references.\n\n\n**M3: about DD3D.**\n\nThanks for this suggestion. \nAs you said, DD3D uses a totally different method to study whether the intermediate depth estimator is needed or not, and we discuss this work in the analysis of Table 7.\n\n**M4: the source of training data for DORN**\n\nWe use the pre-trained DORN model, which trained from 23,488 frames on the KITTI Depth dataset.\nThere is an overlap between the KITTI Depth's training set and KITTI 3D's validation set.\nNote that this data leakage problem does not affect the conclusion of Table 7.\nIn particular, the proposed method (setting c in Table 7, trained from 3,712 images without data leakage) performs better than the control trial (setting b in Table 7, trained from 23,488 images with data leakage), which proves unnecessary of intermediate depth estimator.\n\n\n**M5: How was the depth error computed?**\n\nWe project all the ground-truth instances into the image plane and collect the estimated depth values at corresponding positions for evaluation.   \n"
        },
        "signatures": [
          "ICLR.cc/2022/Conference/Paper2328/Authors"
        ],
        "readers": [
          "everyone"
        ],
        "nonreaders": [],
        "writers": [
          "ICLR.cc/2022/Conference",
          "ICLR.cc/2022/Conference/Paper2328/Authors"
        ]
      },
      {
        "id": "4QX-iVhGoG",
        "original": null,
        "number": 5,
        "cdate": 1637243456634,
        "mdate": null,
        "ddate": null,
        "tcdate": 1637243456634,
        "tmdate": 1637320823784,
        "tddate": null,
        "forum": "C54V-xTWfi",
        "replyto": "ewRp3EtoxVX",
        "invitation": "ICLR.cc/2022/Conference/Paper2328/-/Official_Comment",
        "content": {
          "title": "Authors Response to Reviewer J4VF",
          "comment": "**We thank all the valuable comments for this work. Here we mainly answer the weaknesses in the rebuttal period.**\n\n\n**Q1: about the usage of the LiDAR data in the training phase.**\n\nIn the field of monocular 3D detection, applying LiDAR sweeps in the training phase is empirically allowed, and lots of works, such as [1,2,3,4,5], are designed under this setting. In this work, we adopt the setting of these works.\nDifferently, these works use LiDAR sweeps as extra training labels, while this work learns the knowledge from LiDAR data after distilling by CNN.\n\n\n[1] Categorical depth distribution network for monocular 3d object detection, CVPR'21\n\n[2] Monorun: Monocular 3d object detection by reconstruction and uncertainty propagation, CVPR'21\n\n[3] Depth-conditioned dynamic message propagation for monocular 3d object  detection, CVPR'21\n\n[4] The devil is in the task: Exploiting reciprocal appearance-localization features for monocular 3d object  detection, ICCV'21\n\n[5] Accurate monocular 3d object detection via color-embedded 3d reconstruction for autonomous driving, ICCV'19\n\n**Q2: Figure 3 is very confusing.**\n\nThanks for this suggestion, and we will update Figure 3 in the revised version. \n\n**Q3: The importance of monocular-based methods.**\n\nFirst, we do not think that the monocular methods are superior to LiDAR-based methods.\nIn fact, both of them play important role in the perception system.\nBesides, we argue that, compared with LiDAR-based methods, the monocular methods have several irreplaceable advantages, including but not limited to:\n\n(i) camera is more cheaper and easy-to-deploy than LiDAR;\n\n(ii) the monocular models perform better in some specific scenes (e.g. LiDAR-based model is hard to detect holed object such as railings);\n\n(iii) cameras can capture richer semantic information (LiDAR focus more on spatial information) which has potential value in real-world applications (e.g. it is easier for vision-based 3D detectors to predict the fine-grained class labels, such as 'private car' or 'police car', than LiDAR-based models).\n\nBased on these reasons, the monocular methods also have promising application potential (e.g. Elon Musk announced that Tesla will develop the pure vision-based autonomous driving system) and deserve more studies.\n\n**Q4: about the experimental results.**\n\n> the method of this paper (anonymous) is not seen on KITTI's official website\n\nUnder the default settings of KITTI, the submission results are invisible to the public. \nWe change the corresponding setting, and the anonymous submission is visible now.\nYou can check it on KITTI's official website \n([quick link](http://www.cvlibs.net/datasets/kitti/eval_object_detail.php?&result=3f855e4cdf34ee2e9c88ab5b0a13db44d8f0fdec)).\n\n> more data sets have emerged, such as Waymo, nuScences, etc.\n\nHowever, it is hard for us to complete experiments on the large-scale nuScenes or Waymo in the rebuttal period due to the limitation of time/resources. \nNevertheless, these experiments will be explored in future work.\n\n**Q5: writing errors.**\n\nThanks for the careful review and we will fix the typos accordingly in the revised version."
        },
        "signatures": [
          "ICLR.cc/2022/Conference/Paper2328/Authors"
        ],
        "readers": [
          "everyone"
        ],
        "nonreaders": [],
        "writers": [
          "ICLR.cc/2022/Conference",
          "ICLR.cc/2022/Conference/Paper2328/Authors"
        ]
      },
      {
        "id": "gwXeG3w7THB",
        "original": null,
        "number": 6,
        "cdate": 1637382626234,
        "mdate": null,
        "ddate": null,
        "tcdate": 1637382626234,
        "tmdate": 1637383005528,
        "tddate": null,
        "forum": "C54V-xTWfi",
        "replyto": "XqcEp_vUfWY",
        "invitation": "ICLR.cc/2022/Conference/Paper2328/-/Official_Comment",
        "content": {
          "title": "About the revision of this paper",
          "comment": "Thanks for your reply. I just wonder whether there has been some update results about the baseline KD approaches. I do not find them in the revised paper.\n\nI would also recommend you have a brief summary for the revision contents or mark them out such that reviewers can directly pay more attention to those places."
        },
        "signatures": [
          "ICLR.cc/2022/Conference/Paper2328/Reviewer_mGRP"
        ],
        "readers": [
          "everyone"
        ],
        "nonreaders": [],
        "writers": [
          "ICLR.cc/2022/Conference",
          "ICLR.cc/2022/Conference/Paper2328/Reviewer_mGRP"
        ]
      },
      {
        "id": "Xoh1divDS2O",
        "original": null,
        "number": 7,
        "cdate": 1637393783004,
        "mdate": 1637393783004,
        "ddate": null,
        "tcdate": 1637393783004,
        "tmdate": 1637393783004,
        "tddate": null,
        "forum": "C54V-xTWfi",
        "replyto": "XqcEp_vUfWY",
        "invitation": "ICLR.cc/2022/Conference/Paper2328/-/Official_Comment",
        "content": {
          "title": "Thanks for the authors' reply.",
          "comment": "For Q1, in my view, cross-modal distillation is useful as it provides extra better supervision as proved by KD. But what I want to see is that why is this design of cross-modal distillation more profitable. For example in Table 1, the comparison of +Scene-level distillation, +Object-level distillation is obviously better than none in my view. So I think an extra comparison with some baseline KD approaches or loss choices can make the paper stronger. \n\nFor Q2, What I thought is perhaps the improvement comes from the dense lidar supervision? Table 6 shows the different guidance for the teacher model. So I actually request the performance comparison with the model with dense depth supervision but without distillation. If the performance is similar, then distillation is not required indeed. We can just use a depth model like DORN to generate a dense depth map that provides cross-modality supervision.\n\nFor Q3, I am not sure the improvement is quite general to other categories as results of Cyclist in Table 8 (KITTI test) get no good improvement. There are indeed performance variances due to the limited data for these two categories. It would be more convincing if the improvement can be shown stable after repeated experiments like three times.\n\n\n"
        },
        "signatures": [
          "ICLR.cc/2022/Conference/Paper2328/Reviewer_ZFtD"
        ],
        "readers": [
          "everyone"
        ],
        "nonreaders": [],
        "writers": [
          "ICLR.cc/2022/Conference",
          "ICLR.cc/2022/Conference/Paper2328/Reviewer_ZFtD"
        ]
      },
      {
        "id": "X8uf4CdSgmh",
        "original": null,
        "number": 8,
        "cdate": 1637577920227,
        "mdate": null,
        "ddate": null,
        "tcdate": 1637577920227,
        "tmdate": 1637659869508,
        "tddate": null,
        "forum": "C54V-xTWfi",
        "replyto": "Xoh1divDS2O",
        "invitation": "ICLR.cc/2022/Conference/Paper2328/-/Official_Comment",
        "content": {
          "title": "Authors Response to Reviewer ZFtD",
          "comment": "**Q1: compared with baseline KD methods.**\n\nThanks for your suggestion on conducting experiments via baseline KD methods. The following table shows the experiment results of baseline KD. We directly apply L1, L2/SmoothL1 loss on feature maps to mimic spatial features. As shown in the results, The effects of baseline KD methods are limited due to the modality gap. However, modality-agnostic scene-level and object-level distillation of our design can alleviate the problem. \n\n|    | Mod. 3D@IoU=0.7  | Easy 3D@IoU=0.7  | Hard 3D@IoU=0.7  |  Mod. BEV@IoU=0.7  | Easy BEV@IoU=0.7  | Hard BEV@IoU=0.7  | \n|  ------  | ----  | ----  | ----  | ----  | ----  | ----  |\n| Baseline  | 15.13 | 19.29 | 12.78 | 20.24 | 26.47 |18.29 |\n| Baseline + l1loss  | 16.17 | 21.79 | 14.28 | 22.04 | 28.08 | 19.26 |\n| Baseline + l2loss  | 16.13 | 21.52 | 14.18 | 22.04 | 27.85 | 19.04 |\n| Baseline + smoothl1  | 16.12 | 21.42| 14.26 | 22.37 | 28.62 | 19.31 |\n| Ours  | 18.47 | 24.31 | 15.76 | 25.40 | 33.09 | 22.16 |\n\n\n**Q2: dense depth supervision.**\n\nThanks for the clarification.\nHere we conduct the control experiment by adding a new depth estimation branch, which is supervised by the dense LiDAR.\nThis model is trained without KD.\nThe following table compares the performances of the baseline model, the new control experiment, and the proposed method.\nFrom these results, we can get the following conclusions:\n\n(i) additional depth supervision can introduce the spatial cues to the models, thereby improving the overall performance;\n\n(ii) the proposed method significantly performs better than the baseline model and the new control experiment, which demonstrates the effectiveness of our method. \n\n|    | Mod. 3D@IoU=0.7  | Easy 3D@IoU=0.7  | Hard 3D@IoU=0.7  | Mod. 3D@IoU=0.5  | Easy 3D@IoU=0.5  | Hard 3D@IoU=0.5  |\n|  ------  | ----  | ----  | ----  | ----  | ----  | ----  |\n| Baseline  | 15.13 | 19.29 | 12.78 | 43.54 | 57.43 | 39.22 |\n| Baseline + dense depth supervision  | 16.63 | 21.32 | 13.98 | 46.19 | 60.42 | 41.88 |\n| Ours  | 18.47 | 24.31 | 15.76 | 49.35 | 65.69 | 43.49 |\n\n**Besides, these results are included in Appendix A6 in the revised version.**\n\n**Q3: other categories**\n\nAs you said, we also observed the performance variance.\nTo get a reliable conclusion, we conduct another two rounds of experiments with different random seeds, and the results are summarized in the following table ($\\pm$ captures the standard deviation over random seeds):\n\nWe can see that, compared with the baseline model, the proposed method can get better performances in all experiments, which confirms the effectiveness of the proposed method for cyclists and pedestrians.\n\n|    |    |   | Easy 3D@IoU=0.25  | Mod. 3D@IoU=0.25  | Hard 3D@IoU=0.25  | Easy 3D@IoU=0.5  | Mod. 3D@IoU=0.5  | Hard 3D@IoU=0.5  |\n|  ----  |  ----  | ----  | ----  | ----  | ----  | ----  | ----  | ----  |\n| Exp1   | Pedestrian  | Baseline | 28.91 | 23.64 | 19.69 | 6.75 | 5.23 | 4.27 |\n| Exp2   | Pedestrian  | Baseline | 28.93 | 23.69 | 19.81 | 6.48 | 5.24 | 4.27 |\n| Exp3  | Pedestrian  | Baseline | 29.37 | 23.99 | 20.05 | 7.17 | 5.05 | 4.59 |\n|  Mean | Pedestrian  | Baseline | 29.07$\\pm$0.21| 23.77$\\pm$0.15 | 19.85$\\pm$0.14 | 6.8$\\pm$0.28 | 5.17$\\pm$0.08 | 4.37$\\pm$0.15 |\n| Exp1  | Pedestrian  | Ours | 31.81 | 24.84 | 20.65 | 8.54 | 6.91 | 5.08 |\n| Exp2 | Pedestrian  | Ours | 33.06 | 26.19 | 22.26 | 10.65 | 7.80 | 6.34 |\n| Exp3  | Pedestrian  | Ours | 31.40 | 25.55 | 20.53 | 7.65 | 5.82 | 4.55 |\n|  Mean | Pedestrian  | Ours | 32.09$\\pm$0.71| 25.53$\\pm$0.55 | 21.15$\\pm$0.79 | 8.95$\\pm$1.26 | 6.84$\\pm$0.81 | 5.32$\\pm$0.75 |\n\n|    |    |   | Easy 3D@IoU=0.25  | Mod. 3D@IoU=0.25  | Hard 3D@IoU=0.25  | Easy 3D@IoU=0.5  | Mod. 3D@IoU=0.5  | Hard 3D@IoU=0.5  |\n|  ----  |  ----  | ----  | ----  | ----  | ----  | ----  | ----  | ----  |\n| Exp1 | Cyclist  | Baseline | 20.65 | 11.72 | 10.78 | 3.44 | 1.66 | 1.60 |\n| Exp2 | Cyclist  | Baseline | 20.82 | 11.74 | 10.79 | 3.29 | 1.77 | 1.71 |\n| Exp3 | Cyclist  | Baseline | 21.72 | 12.15 | 10.74 | 4.40 | 2.12 | 1.61 |\n| Mean | Cyclist  | Baseline | 21.06$\\pm$0.46 | 11.87$\\pm$0.19 | 10.77$\\pm$0.02 | 3.71$\\pm$0.49 | 1.88$\\pm$0.23 | 1.64$\\pm$0.04 |\n| Exp1  | Cyclist  | Ours | 25.03 | 12.90 | 12.41 | 5.04 | 2.38 | 2.23 |\n| Exp2 | Cyclist  | Ours | 25.31 | 13.64 | 12.70 | 4.48 | 2.40 | 2.30 |\n| Exp3  | Cyclist  | Ours | 22.45 | 12.58 | 11.14 | 6.62 | 3.23 | 3.06 |\n| Mean | Cyclist  | Ours | 24.26$\\pm$1.29 | 13.04$\\pm$0.44 | 12.08$\\pm$0.68 | 5.38$\\pm$0.91 | 2.67$\\pm$0.40 | 2.53$\\pm$0.38 |\n\n**Besides, these results are included in Appendix A2 in the revised version.**"
        },
        "signatures": [
          "ICLR.cc/2022/Conference/Paper2328/Authors"
        ],
        "readers": [
          "everyone"
        ],
        "nonreaders": [],
        "writers": [
          "ICLR.cc/2022/Conference",
          "ICLR.cc/2022/Conference/Paper2328/Authors"
        ]
      },
      {
        "id": "H9Clqnq1GQQ",
        "original": null,
        "number": 9,
        "cdate": 1637581299667,
        "mdate": null,
        "ddate": null,
        "tcdate": 1637581299667,
        "tmdate": 1637581344997,
        "tddate": null,
        "forum": "C54V-xTWfi",
        "replyto": "gwXeG3w7THB",
        "invitation": "ICLR.cc/2022/Conference/Paper2328/-/Official_Comment",
        "content": {
          "title": "Authors Response to Reviewer mGRP",
          "comment": "Thanks for the suggestion, and we had indicated the revised parts for each reviewer's main concerns. The technical details are answered in this rebuttal window, and the minor issues like typos are fixed accordiningly. \n"
        },
        "signatures": [
          "ICLR.cc/2022/Conference/Paper2328/Authors"
        ],
        "readers": [
          "everyone"
        ],
        "nonreaders": [],
        "writers": [
          "ICLR.cc/2022/Conference",
          "ICLR.cc/2022/Conference/Paper2328/Authors"
        ]
      },
      {
        "id": "Jv_8iF_7_UM",
        "original": null,
        "number": 10,
        "cdate": 1638170403166,
        "mdate": null,
        "ddate": null,
        "tcdate": 1638170403166,
        "tmdate": 1638170531742,
        "tddate": null,
        "forum": "C54V-xTWfi",
        "replyto": "8N0YYM6dhTg",
        "invitation": "ICLR.cc/2022/Conference/Paper2328/-/Official_Comment",
        "content": {
          "title": "Final Rating",
          "comment": "Thanks for all the insightful ideas from other reviewers and the response of the authors. From my point of view, the author provides more extensive experimental results and addresses most concerns. I would raise my rating to accept.\n\nI would strongly recommend the authors also include the baseline KD results in the final version (as given in the response to Reviewer ZFtD) and make a more detailed discussion about the comparison details and technical contributions thereon."
        },
        "signatures": [
          "ICLR.cc/2022/Conference/Paper2328/Reviewer_mGRP"
        ],
        "readers": [
          "everyone"
        ],
        "nonreaders": [],
        "writers": [
          "ICLR.cc/2022/Conference",
          "ICLR.cc/2022/Conference/Paper2328/Reviewer_mGRP"
        ]
      },
      {
        "id": "HiZiA_xDzHV",
        "original": null,
        "number": 11,
        "cdate": 1638193723221,
        "mdate": null,
        "ddate": null,
        "tcdate": 1638193723221,
        "tmdate": 1638193747599,
        "tddate": null,
        "forum": "C54V-xTWfi",
        "replyto": "cvZzyqU9_6q",
        "invitation": "ICLR.cc/2022/Conference/Paper2328/-/Official_Comment",
        "content": {
          "title": "Final Rating",
          "comment": "Thank You for providing extensive response. After reading through this response and others responses, I believe this paper is fit to be presented at ICLR'22. The extra experimental results are extensive and make paper a good submission. My ratings will remain at 8- good accept."
        },
        "signatures": [
          "ICLR.cc/2022/Conference/Paper2328/Reviewer_2Mbm"
        ],
        "readers": [
          "everyone"
        ],
        "nonreaders": [],
        "writers": [
          "ICLR.cc/2022/Conference",
          "ICLR.cc/2022/Conference/Paper2328/Reviewer_2Mbm"
        ]
      },
      {
        "id": "rlPPU1B4oSt",
        "original": null,
        "number": 13,
        "cdate": 1638202902834,
        "mdate": null,
        "ddate": null,
        "tcdate": 1638202902834,
        "tmdate": 1638203027271,
        "tddate": null,
        "forum": "C54V-xTWfi",
        "replyto": "X8uf4CdSgmh",
        "invitation": "ICLR.cc/2022/Conference/Paper2328/-/Official_Comment",
        "content": {
          "title": "Thanks for the supplementary experiments.",
          "comment": "The supplementary experiments have resolved some of my concerns. The paper demonstrates a successful application of cross-modal KD but the technical contribution for monocular 3D detection is still limited. Discussion about the comparison and differences with some background cross-modal KD and KD for 2D detection can make the paper stronger. I tend to raise the score to 6."
        },
        "signatures": [
          "ICLR.cc/2022/Conference/Paper2328/Reviewer_ZFtD"
        ],
        "readers": [
          "everyone"
        ],
        "nonreaders": [],
        "writers": [
          "ICLR.cc/2022/Conference",
          "ICLR.cc/2022/Conference/Paper2328/Reviewer_ZFtD"
        ]
      },
      {
        "id": "DadmUi3X28H",
        "original": null,
        "number": 1,
        "cdate": 1642696999906,
        "mdate": null,
        "ddate": null,
        "tcdate": 1642696999906,
        "tmdate": 1642696999906,
        "tddate": null,
        "forum": "C54V-xTWfi",
        "replyto": "C54V-xTWfi",
        "invitation": "ICLR.cc/2022/Conference/Paper2328/-/Decision",
        "content": {
          "title": "Paper Decision",
          "decision": "Accept (Poster)",
          "comment": "This paper received 5 quality reviews, with 3 of them rated 8, 1 rated 6, and 1 rated 5. In general, while there are minor concerns, the reviewers acknowledge the contribution of applying Knowledge distillation to the problem of monocular 3D object detection, and appreciate the SOTA performance on the KITTI validation and test sets. The AC concurs with these important contributions and recommends acceptance."
        },
        "signatures": [
          "ICLR.cc/2022/Conference/Program_Chairs"
        ],
        "readers": [
          "everyone"
        ],
        "nonreaders": [],
        "writers": [
          "ICLR.cc/2022/Conference/Program_Chairs"
        ]
      }
    ],
    "directReplies": [
      {
        "id": "ewRp3EtoxVX",
        "original": null,
        "number": 1,
        "cdate": 1634561813322,
        "mdate": null,
        "ddate": null,
        "tcdate": 1634561813322,
        "tmdate": 1634561813322,
        "tddate": null,
        "forum": "C54V-xTWfi",
        "replyto": "C54V-xTWfi",
        "invitation": "ICLR.cc/2022/Conference/Paper2328/-/Official_Review",
        "content": {
          "summary_of_the_paper": " Aiming at accurately detecting objects in the 3D space from a single image, this paper proposes a new method. Experiments on KITTI dataset seems to show promising results.",
          "main_review": "1. This paper claims to be a mono-based 3D object detection method. Although only RGB image data is needed in the test process, point cloud data is actually used in the training process. From this point of view, this claim is not appropriate.\n\n2. Figure 3 is very confusing, please redraw it according to the actual process in order to show the actual process more clearly.\n\n3. This paper claims in many places that the method based on monocular image is more valuable in application than the method based on pure point cloud, but it has to be admitted in the detection result that the result of 3D object detection based on image is far inferior to that based on pure point. So from this point of view, do the above remarks lack the measurement dimension of detection accuracy?\n\n4. On the experimental results. (1) This paper choses this KITTI to conduct experiments. Although the good results are shown in Table 3, the method of this paper (anonymous) is not seen on KITTI's official website. The results on the KITTI test set should be submitted to the KITTI official website, so please submit your results anonymously on the KITTI official website, otherwise the authenticity of the experimental results in this article will be seriously questioned. (2) In the 3D object detection task, more data sets have emerged, such as Waymo, nuScences, etc. This article should try on more data sets.\n\n5. The writings should be checked carefully. There are many singular and plural problems, symbol problems, tense problems and so on. Such as need->needs in Section 2, two repeated symbols f_j below formula 1.",
          "summary_of_the_review": "This paper has many problems in experiments, especially the authenticity of the experimental results, and the completeness and richness of the experiments. And there are many writing errors in this paper.",
          "correctness": "3: Some of the paper’s claims have minor issues. A few statements are not well-supported, or require small changes to be made correct.",
          "technical_novelty_and_significance": "3: The contributions are significant and somewhat new. Aspects of the contributions exist in prior work.",
          "empirical_novelty_and_significance": "3: The contributions are significant and somewhat new. Aspects of the contributions exist in prior work.",
          "flag_for_ethics_review": [
            "NO."
          ],
          "recommendation": "5: marginally below the acceptance threshold",
          "confidence": "5: You are absolutely certain about your assessment. You are very familiar with the related work and checked the math/other details carefully."
        },
        "signatures": [
          "ICLR.cc/2022/Conference/Paper2328/Reviewer_J4VF"
        ],
        "readers": [
          "everyone"
        ],
        "nonreaders": [],
        "writers": [
          "ICLR.cc/2022/Conference",
          "ICLR.cc/2022/Conference/Paper2328/Reviewer_J4VF"
        ]
      },
      {
        "id": "t4XHWyEViLK",
        "original": null,
        "number": 2,
        "cdate": 1635584762649,
        "mdate": null,
        "ddate": null,
        "tcdate": 1635584762649,
        "tmdate": 1638170501535,
        "tddate": null,
        "forum": "C54V-xTWfi",
        "replyto": "C54V-xTWfi",
        "invitation": "ICLR.cc/2022/Conference/Paper2328/-/Official_Review",
        "content": {
          "summary_of_the_paper": "This paper proposes an approach to leveraging knowledge distillation (KD) for training image-based monocular 3D detectors. Different from the ways to incorporate the LiDAR signal in prior works, this paper takes it as the input of a teacher network and further supplements the image-based student network in terms of spatial information. Three levels of distillation, scene-level, object-level in the feature space, and object-level in the result space, are devised. Experimental results show that this method can effectively boost the performance of image-based monocular 3D detection while still maintaining outstanding efficiency.",
          "main_review": "Strengths:\n- The basic idea of this paper is easy to follow.\n- The motivation and core contributions are clearly presented.\n- The methodology is simple yet effective.\n- Some experimental designs are novel and convincing. For instance, Table 5 for cross-model evaluation can validate that the localization accuracy has indeed improved a lot, and Table 6 provides a counterintuitive conclusion that the performance of the teacher model is not directly related to the performance improvement.\n- The overall model achieves state-of-the-art on the KITTI benchmark while maintaining impressive efficiency.\n\nWeaknesses:\n- The main concern is that the technical novelty is limited. This paper is basically an application of knowledge distillation on monocular 3D detection while only different in terms of specific designs and conclusions due to different tasks.\n- The generalization ability of this method is not discussed. For example, if the settings of LiDARs or cameras are changed, can the student network generalize to other scenarios well? If the consistency of these intrinsic and extrinsic settings is quite necessary, the application of this kind of method will also be much more limited.\n- A minor problem is that the size of the KITTI dataset seems too small for now. It would be more convincing if the method can be validated on large-scale datasets, such as nuScenes and Waymo.\n\nMinor comments:\n- There are some small grammatical typos, such as “thus no extra computational cost is introduced” needs an “and” in front, and “Existing LiDAR-based models based on” needs an “are”. Please double-check, fix them and also polish the writing.\n- Figure 4: The Gaussian-like mask means Gaussian weights in Eqn. (4) or only center-sampling regions with equal weights? Here it also lacks reference to FCOS [1] for 2D detection and FCOS3D [2] for monocular 3D detection.\n- “Do we need depth estimation as an intermediate task”: This claim is closely related to another missing reference (it does not matter because it is really recently published), DD3D [3]. The difference in terms of method design is clear but it can be useful if an empirical comparison can be conducted.\n- Table 7: It is not clearly presented the source of training data for DORN. Is it from KITTI-Depth or other datasets? Is there any data-leakage problem? Does it influence the result or conclusion in this part?\n- Appendix A.3: How was the depth error computed? Is it done for top-k detection predictions or in other ways?\n\nReferences:\n\n[1] FCOS: Fully Convolutional One-Stage Object Detection. ICCV 2019\n\n[2] FCOS3D: Fully Convolutional One-Stage Monocular 3D Object Detection. ICCVW 2021\n\n[3] Is Pseudo-Lidar needed for Monocular 3D Object detection? ICCV 2021",
          "summary_of_the_review": "This paper applies knowledge distillation to image-based monocular 3D detection and achieves state-of-the-art results. It can provide a potential path to better leverage LiDAR signals to boost the image-based 3D detectors while not much influencing the original design and efficiency. However, there are some concerns in terms of novelty and generalization ability. So I would vote for borderline accept temporarily.",
          "correctness": "3: Some of the paper’s claims have minor issues. A few statements are not well-supported, or require small changes to be made correct.",
          "technical_novelty_and_significance": "2: The contributions are only marginally significant or novel.",
          "empirical_novelty_and_significance": "3: The contributions are significant and somewhat new. Aspects of the contributions exist in prior work.",
          "flag_for_ethics_review": [
            "NO."
          ],
          "recommendation": "8: accept, good paper",
          "confidence": "4: You are confident in your assessment, but not absolutely certain. It is unlikely, but not impossible, that you did not understand some parts of the submission or that you are unfamiliar with some pieces of related work."
        },
        "signatures": [
          "ICLR.cc/2022/Conference/Paper2328/Reviewer_mGRP"
        ],
        "readers": [
          "everyone"
        ],
        "nonreaders": [],
        "writers": [
          "ICLR.cc/2022/Conference",
          "ICLR.cc/2022/Conference/Paper2328/Reviewer_mGRP"
        ]
      },
      {
        "id": "tbMWftPItmr",
        "original": null,
        "number": 3,
        "cdate": 1635682748008,
        "mdate": null,
        "ddate": null,
        "tcdate": 1635682748008,
        "tmdate": 1635682748008,
        "tddate": null,
        "forum": "C54V-xTWfi",
        "replyto": "C54V-xTWfi",
        "invitation": "ICLR.cc/2022/Conference/Paper2328/-/Official_Review",
        "content": {
          "summary_of_the_paper": "The paper presents MonoDistill, a way to enhance RGB-based 3D object detection through knowledge distillation from a LiDAR-based teacher.\nA 3D detection pipeline (built around MonoDLE) is trained both on RGB images and densified LiDAR input. Three main mechanism enable teacher-student transfer: On feature level, scene-level distillation aligns affinity maps between teacher and student while masked features are trained on object-level, additional masked pseudo labels are leveraged around the teacher centre predictions.\nEach component is carefully ablated and experiments are conducted on the KITTI benchmark.\n",
          "main_review": "In the following, strengths (S1-4) and weaknesses (W1-3) are detailed.\n\nS1. Distillation pipeline. The way in which the student is trained through scene-level and object-level distillation together with the extended pseudo labels is an interesting approach to leverage the LiDAR input at training time which does not require architectural changes between student and teacher.\n\nS2. Comparison to intermediate depth estimation tasks. Ablation experiments are conducted to question the usage of the additional task of depth estimation often used for 3D detection (also from stereo in the supplementary material). They give insight that this direction might be less effective. This might affect future network design choices.\n\nS3. Results. The experimental evaluation of all involved components (loss functions, but also the densification) justifies their contributions. The overall accuracy of the pipeline is favourable over many state-of-the art approaches.\n\nS4. Paper presentation. The paper is clearly motivated and easy to understand.\n\nW1. Fair comparison. In the comparison (Tab. 3): The presented method should also get a \"*\" as the LiDAR signal is implicitly used for training.\n\nW2. Minor notation information: In eqn. (3) information is missing on the index k.\n\nW3. Some typos, grammar mistakes and minor issues make some sections of the paper hard to read. These are (in order of appearance):\n\"v.s.\"\n\"geometric constrain\"\n\"then use LiDAR-based model\"\n\"lots works\"\n\"monocular v.s. stereo\"\n\"results shows\"\n\"baseline model adopt\"\n\"and use several\"\n\"this model achieve\"\n\"models [are] mainly based on\"\n\"the 2D bounding box are used\"\n\"we can found that\"\n\"our full model improve\"\n\"can only takes\"\npoint before Table 3\n\"Table 7 show\"\n\"23,488 v.s. 3,712\"\n\"depth maps v.s. noisy depth\"",
          "summary_of_the_review": "While the paper has minor weaknesses, I believe that they can be corrected in the course of the review process.\nThe strenghts (in particulat S1-3) make this work worth sharing.\n",
          "correctness": "3: Some of the paper’s claims have minor issues. A few statements are not well-supported, or require small changes to be made correct.",
          "technical_novelty_and_significance": "2: The contributions are only marginally significant or novel.",
          "empirical_novelty_and_significance": "3: The contributions are significant and somewhat new. Aspects of the contributions exist in prior work.",
          "flag_for_ethics_review": [
            "NO."
          ],
          "recommendation": "8: accept, good paper",
          "confidence": "4: You are confident in your assessment, but not absolutely certain. It is unlikely, but not impossible, that you did not understand some parts of the submission or that you are unfamiliar with some pieces of related work."
        },
        "signatures": [
          "ICLR.cc/2022/Conference/Paper2328/Reviewer_nFhM"
        ],
        "readers": [
          "everyone"
        ],
        "nonreaders": [],
        "writers": [
          "ICLR.cc/2022/Conference",
          "ICLR.cc/2022/Conference/Paper2328/Reviewer_nFhM"
        ]
      },
      {
        "id": "2FgkBgSZQ2P",
        "original": null,
        "number": 4,
        "cdate": 1635840628013,
        "mdate": null,
        "ddate": null,
        "tcdate": 1635840628013,
        "tmdate": 1638203045330,
        "tddate": null,
        "forum": "C54V-xTWfi",
        "replyto": "C54V-xTWfi",
        "invitation": "ICLR.cc/2022/Conference/Paper2328/-/Official_Review",
        "content": {
          "summary_of_the_paper": "This paper proposes to distill the features from a LiDAR teacher model to a monocular-based student model. To align the feature maps between the teacher and student model, the teacher model uses the same networks as the student and the only difference is that the teacher model takes the sparse/dense depth map as input. Several techniques include scene-level distillation, object-level distillation in feature/outputs, feature fusion. In the experimental part, this paper extensively ablates several key analyses including cross-modal evaluation between baseline model and full model, depth estimation. ",
          "main_review": "Pros:\n1.\tThe paper is well written. The overall pipeline is simple and the key factor of KD is well illustrated. \n2.\tThe motivation and experiments look reasonable to me. I think this is the first paper that distills the features from the LiDAR model to the monocular model to learn depth cues, which gets good results and improvement. Experiments demonstrate the student model learns to predict better 3D location. Without inference cost, the improvement is indeed impressive despite KD being a well-known approach to improve model performance.\n\nCons:\n1.\tThe main concern is about the technical improvement for distillation. As there are some papers [1] that demonstrates the effectiveness of cross-modal distillation, I think the paper should at least be compared with the baseline KD approaches and demonstrate the superiority of the proposed modules such as ``scene/object-level distillation'', whether to distill affinity map and discuss why the proposed methods work better than simple KD for monocular 3D object detection, or particularly depth estimation. Otherwise, the contribution is not enough as it cannot provide any new information for cross-modal KD. Also, the related works about KD for 2D object detection (e.g. [2]) as the main point of this paper can be used as the baseline and should be included at least. \n2.\tFrom the ablation studies, it seems that the depth cues are the key factor to affect the learning of the model. Is it possible due to the teacher network interpolates the sparse depth map and thus the network transfers better the depth supervision? I think an ablation study of dense depth map supervision can help the analysis.\n3.\tThe performance improvement for Pedestrian and Cyclist is not so obvious. The comparison with the baseline model in KITTI validation is missed and should be supplemented. \n\n[1] Cross Modal Distillation for Supervision Transfer. Gupta S, et al. CVPR 2016\n[2] Learning Efficient Object Detection Models with Knowledge Distillation, Chen et.al. NeurIPS 2017\n\n",
          "summary_of_the_review": "The basic motivation is quite good and is worth studying. The current ablation studies also demonstrate the good point of cross-modal distillation. The performance seems good enough in the related works. But it’s known that cross-modal KD is helpful as shown in the Main Review (1), which is not a new enough idea. And the technical improvement of the proposed KD method over the baseline KD approach should be strengthened more. Overall, I would like to give the rating of borderline reject.",
          "correctness": "4: All of the claims and statements are well-supported and correct.",
          "technical_novelty_and_significance": "3: The contributions are significant and somewhat new. Aspects of the contributions exist in prior work.",
          "empirical_novelty_and_significance": "3: The contributions are significant and somewhat new. Aspects of the contributions exist in prior work.",
          "flag_for_ethics_review": [
            "NO."
          ],
          "recommendation": "6: marginally above the acceptance threshold",
          "confidence": "5: You are absolutely certain about your assessment. You are very familiar with the related work and checked the math/other details carefully."
        },
        "signatures": [
          "ICLR.cc/2022/Conference/Paper2328/Reviewer_ZFtD"
        ],
        "readers": [
          "everyone"
        ],
        "nonreaders": [],
        "writers": [
          "ICLR.cc/2022/Conference",
          "ICLR.cc/2022/Conference/Paper2328/Reviewer_ZFtD"
        ]
      },
      {
        "id": "T5PDlTNNkZO",
        "original": null,
        "number": 5,
        "cdate": 1635848100505,
        "mdate": null,
        "ddate": null,
        "tcdate": 1635848100505,
        "tmdate": 1635848100505,
        "tddate": null,
        "forum": "C54V-xTWfi",
        "replyto": "C54V-xTWfi",
        "invitation": "ICLR.cc/2022/Conference/Paper2328/-/Official_Review",
        "content": {
          "summary_of_the_paper": "In this paper, authors propose a monocular image-based 3D object detection method based on knowledge distillation. Specifically, the monocular image-based 3D object detector [Ma et al 2019] is infused with the depth cues via distilling knowledge from LiDAR-based teacher model. At the test-time, the model detects 3D objects without any intermediate depth prediction and ranks 1st on the KITTI benchmark dataset. Hence, the proposed monocular-based 3D detector is end-to-end and more accurate than the other methods in this category, without adding extra depth-estimation overhead in between. ",
          "main_review": "Strengths:\n\n(1) The end-to-end monocular 3D detection without intermediate depth estimation, which integrates depth cues relevant for 3D detection. Intermediate depth-estimation is a real bottleneck in monocular 3D object detection as shown in multiple previous work: [Ma et al 2021, Reading et al 2021, Lu et al 2021]. Hence, this contribution to infuse depth-cues directly to the monocular network via distillation is an important contribution.  \n\n(2) The method proposed to infuse depth via distillation across structured-scene space, object feature-space, and object result-space. Through ablation study it allows to deduce that the design components are important for the 3D object detection. Furthermore, during distillation, authors mainly focus on the object-features that allow the network to focus on them and this argument is also supported by the ablation study. \n\n(3) Paper shows that the accuracy improvement compared to the baseline model mainly comes through improvement  in depth and dimension prediction of the objects. This has been shown via a valid cross-model experiment design. \n\nWeakness:\n\n(1) The main claim of the paper is that the depth-cues can help in 3D object detection from monocular images. However, the results are only shown for only one teacher model [Ma et al, 2019]. This puts the generality of depth-cue based distillation in question. Also, from the section “3.2 Student Model” -- the choice of Ma et al. as a baseline is not clear. Can authors please explain what would happen with the other monocular-based methods as a teacher? Can you please show a small experiment?\n\n(2) The motivation for the scene level distillation is not clear. The first line of Sec 3.3 “First, we believe that scene information is beneficial for our task” -- However, it is not clear why? A very similar method to the proposed scene level distillation via affinity map has already been proposed and used for semantic segmentation in the past [Hou et al 2020]. Can authors please explain why this would be beneficial for the 3D detection task? Also, please cite the relevant work. \n\n(3) “Besides, we further normalize the confidence of each predicted object using the estimated depth uncertainty (see Appendix A.1 for more details), which brings about 1 AP improvement.” -- while it is completely fine using the tricks that bring the accuracy up, this needs to be clearly stated in the results. It is not clear if the baseline model uses such normalization. If not, the comparison with the baseline model is not an egg-to-egg comparison. This needs to be clearly stated in the paper by adding accuracy of the current method without such normalization in table 3, table 4. And mentioning the accuracy improvement by infusing depth cues and confidence normalization separately Section 4.2 “Comparison with state-of-the-art methods”\n\n\nOther minor points:\n\n(1) Usually the projected LiDAR images will have empty regions (e.g. Fig. 2 have empty black regions on the top). How is this handled during training? Since, the LiDAR image in Fig.3 shows a complete image without any empty region. Also, do we need to do any pre-processing of the camera images at the inference time which requires the use of LiDAR information?\n\n(2) Sec 4.2 Ablation Studies “3D detection performance by 3.34, 5.02, 2.98 and improve BEV performance by 5.16, 6.62, 3.87” -- here authors should compare their numbers with the confidence normalized baseline numbers, and not the raw baseline because improvements by confidence normalization are significant in this context.\n\n(3) Sec 4.2 detailed design choice “which improves the accuracy by 0.7” → 0.7 in what? I think this number is only valid for 3D@IOU=0.7 moderate benchmark. Authors should mention that in the text.\n\n(4) Sec 4.2 Comparison with State-of-the-art “By contrast, our method only takes 25ms to process a KITTI Image”. However, in Table 3, the runtimes show 40ms. Why this difference? I believe 40ms is the valid number since baseline (MonoDLE)  also reports 40ms runtime. \n\n(5) Table 3. → Authors should also put “*” superscript for their own method since it requires LiDAR data while training.\n\nTypos:\n\n4.2 Ablation Studies: “Specifically, we can found” →  “Specifically, we found” \n\n4.2 Comparison with state-of-the-art methods: “our method can only takes” → “our method only takes” \n\n4.3 What the model has learned “improvement of dimension part is also considerable (e → f)” → I think authors mean (c → f) ?\n\n4.3 Do we need depth estimation “Here we qualitatively show the information loss” → I think it is “quantitatively”, since the table-7 are just accuracy numbers? \n\nReferences:\nHou, Yuenan, et al. \"Inter-region affinity distillation for road marking segmentation.\" Proceedings of the IEEE/CVF Conference on Computer Vision and Pattern Recognition. 2020.\n",
          "summary_of_the_review": "I recommend this paper to be accepted for the ICLR conference (score: 8 good paper). Overall, the paper is well written and does extensive ablation studies for their design choices. In this paper authors proposed a monocular Image-based 3D object detection method that distills the knowledge from the LiDAR-based teacher. At the inference time  this method predicts at 25 FPS on GPU without any intermediate depth-prediction, which is critical for the real-time application such as autonomous driving. \n\nHowever, there are some minor issues in some of the claims (please see above). I would like to see the authors addressing “Weaknesses” in the rebuttal. \n",
          "correctness": "3: Some of the paper’s claims have minor issues. A few statements are not well-supported, or require small changes to be made correct.",
          "technical_novelty_and_significance": "2: The contributions are only marginally significant or novel.",
          "empirical_novelty_and_significance": "3: The contributions are significant and somewhat new. Aspects of the contributions exist in prior work.",
          "flag_for_ethics_review": [
            "NO."
          ],
          "recommendation": "8: accept, good paper",
          "confidence": "3: You are fairly confident in your assessment. It is possible that you did not understand some parts of the submission or that you are unfamiliar with some pieces of related work. Math/other details were not carefully checked."
        },
        "signatures": [
          "ICLR.cc/2022/Conference/Paper2328/Reviewer_2Mbm"
        ],
        "readers": [
          "everyone"
        ],
        "nonreaders": [],
        "writers": [
          "ICLR.cc/2022/Conference",
          "ICLR.cc/2022/Conference/Paper2328/Reviewer_2Mbm"
        ]
      },
      {
        "id": "DadmUi3X28H",
        "original": null,
        "number": 1,
        "cdate": 1642696999906,
        "mdate": null,
        "ddate": null,
        "tcdate": 1642696999906,
        "tmdate": 1642696999906,
        "tddate": null,
        "forum": "C54V-xTWfi",
        "replyto": "C54V-xTWfi",
        "invitation": "ICLR.cc/2022/Conference/Paper2328/-/Decision",
        "content": {
          "title": "Paper Decision",
          "decision": "Accept (Poster)",
          "comment": "This paper received 5 quality reviews, with 3 of them rated 8, 1 rated 6, and 1 rated 5. In general, while there are minor concerns, the reviewers acknowledge the contribution of applying Knowledge distillation to the problem of monocular 3D object detection, and appreciate the SOTA performance on the KITTI validation and test sets. The AC concurs with these important contributions and recommends acceptance."
        },
        "signatures": [
          "ICLR.cc/2022/Conference/Program_Chairs"
        ],
        "readers": [
          "everyone"
        ],
        "nonreaders": [],
        "writers": [
          "ICLR.cc/2022/Conference/Program_Chairs"
        ]
      }
    ]
  }
}