{
  "id": "FlwzVjfMryn",
  "original": "JBWHne7KGrd",
  "number": 3304,
  "cdate": 1632875678627,
  "mdate": null,
  "ddate": null,
  "tcdate": 1632875678627,
  "tmdate": 1676330511800,
  "tddate": null,
  "forum": "FlwzVjfMryn",
  "replyto": null,
  "invitation": "ICLR.cc/2022/Conference/-/Blind_Submission",
  "content": {
    "title": "Multi-objective Optimization by Learning Space Partition",
    "authorids": [
      "~Yiyang_Zhao1",
      "~Linnan_Wang2",
      "~Kevin_Yang2",
      "~Tianjun_Zhang1",
      "~Tian_Guo3",
      "~Yuandong_Tian1"
    ],
    "authors": [
      "Yiyang Zhao",
      "Linnan Wang",
      "Kevin Yang",
      "Tianjun Zhang",
      "Tian Guo",
      "Yuandong Tian"
    ],
    "keywords": [
      "Optimization",
      "Machine Learning"
    ],
    "abstract": "In contrast to single-objective optimization (SOO), multi-objective optimization (MOO) requires an optimizer to find the Pareto frontier, a subset of feasible solutions that are not dominated by other feasible solutions. In this paper, we propose LaMOO, a novel multi-objective optimizer that learns a model from observed samples to partition the search space and then focus on promising regions that are likely to contain a subset of the Pareto frontier. The partitioning is based on the dominance number, which measures \"how close'' a data point is to the Pareto frontier among existing samples. To account for possible partition errors due to limited samples and model mismatch, we leverage Monte Carlo Tree Search (MCTS) to exploit promising regions while exploring suboptimal regions that may turn out to contain good solutions later. Theoretically, we prove the efficacy of learning space partitioning via LaMOO under certain assumptions. Empirically, on the HyperVolume (HV) benchmark, a popular MOO metric, LaMOO substantially outperforms strong baselines on multiple real-world MOO tasks, by up to 225% in sample efficiency for neural architecture search on Nasbench201, and up to 10% for molecular design.",
    "one-sentence_summary": "Multi-objective Optimization by Learning Space Partition",
    "code_of_ethics": "",
    "submission_guidelines": "",
    "resubmission": "",
    "student_author": "",
    "serve_as_reviewer": "",
    "paperhash": "zhao|multiobjective_optimization_by_learning_space_partition",
    "pdf": "/pdf/9de2fff362decf573ae08e0c8975856a05f47a3d.pdf",
    "supplementary_material": "/attachment/33d50adbebba7e7d1f11bb94dadbff6bcb243266.zip",
    "data": "",
    "_bibtex": "@inproceedings{\nzhao2022multiobjective,\ntitle={Multi-objective Optimization by Learning Space Partition},\nauthor={Yiyang Zhao and Linnan Wang and Kevin Yang and Tianjun Zhang and Tian Guo and Yuandong Tian},\nbooktitle={International Conference on Learning Representations},\nyear={2022},\nurl={https://openreview.net/forum?id=FlwzVjfMryn}\n}",
    "venue": "ICLR 2022 Poster",
    "venueid": "ICLR.cc/2022/Conference"
  },
  "signatures": [
    "ICLR.cc/2022/Conference"
  ],
  "readers": [
    "everyone"
  ],
  "nonreaders": [],
  "writers": [
    "ICLR.cc/2022/Conference"
  ],
  "tauthor": "OpenReview.net",
  "pdate": 1643407560000,
  "odate": 1633539600000,
  "details": {
    "overwriting": [],
    "tags": [],
    "writable": false,
    "replyCount": 18,
    "directReplyCount": 6,
    "revisions": true,
    "replies": [
      {
        "id": "aQsYZ4xdqzm",
        "original": null,
        "number": 1,
        "cdate": 1635823129131,
        "mdate": null,
        "ddate": null,
        "tcdate": 1635823129131,
        "tmdate": 1635823129131,
        "tddate": null,
        "forum": "FlwzVjfMryn",
        "replyto": "FlwzVjfMryn",
        "invitation": "ICLR.cc/2022/Conference/Paper3304/-/Official_Review",
        "content": {
          "summary_of_the_paper": "This paper presents a learning space partitions-based multi-objective optimization framework by using Monte Carlo tree search and an innovatively proposed metric, i.e., dominance number. Solid theoretical analysis on single-objective optimization (SOO) and some observation on multi-objective optimization (MOO) for the space partitions are given. Extensive experiments are conducted based on synthetic functions, vehicle safety problem, Nasbench201 neural architecture search problem, and molecular design. Comparative results with other baselines show the superiority and effectiveness of the proposed LaMOO.",
          "main_review": "This paper seems to be the first work by extending the space-partition approach for SOO to MOO. The metric of dominance number is reasonable and easy-to-follow. This paper is well organized, with good background understanding and proper motivations. Sufficient theoretical analysis and experimental demonstration are provided.\nHowever, this paper still suffers from the issue of insufficient presentation. Some revisions are need to further improve the quality of the paper, listed as:\n1.\tThe full name of UCT should be given.\n2.\tIn Algorithm 1, the sample budget T is used as the termination condition. But it is unclear how to set it in the experiments.\n3.\tThe computational overhead of LaMOO is not very clear. It is better to give a time complexity analysis for LaMOO.\n4.\tIn LaMOO with CMA-ES, the generated solution is constrained to be within the leaf region, but how? In addition, if such a constrain is frequently implemented, does it deteriorate the search efficiency?\n5.\tIt is unclear why the optimization dimension of Nasbench201 is 6. More interpretations are needed.\n6.\tIn page 8, the authors said there are 1000 samples given for three different tasks. But in Fig. 4, only 200 samples are shown. Why?\n7.\tHow to set Cp when HV_max is unknown?\n8.\tPlease have your submission proof-read for English style and grammar issues. For example, there are syntax errors in “LaMOO+qEHVI achieve”, “Thanks to MCTS, LaMOO also considers …are given 1000 samples”, “LaMOO help”, “to performs”, just mention a few. \n9.\tThe paper “Learning space partitions for path planning” was cited twice. \n",
          "summary_of_the_review": "A good paper with clear motivation, interesting idea, solid theoretical and experimental demonstration, but some presentations are not very clear. ",
          "correctness": "3: Some of the paper’s claims have minor issues. A few statements are not well-supported, or require small changes to be made correct.",
          "technical_novelty_and_significance": "3: The contributions are significant and somewhat new. Aspects of the contributions exist in prior work.",
          "empirical_novelty_and_significance": "3: The contributions are significant and somewhat new. Aspects of the contributions exist in prior work.",
          "flag_for_ethics_review": [
            "NO."
          ],
          "recommendation": "6: marginally above the acceptance threshold",
          "confidence": "4: You are confident in your assessment, but not absolutely certain. It is unlikely, but not impossible, that you did not understand some parts of the submission or that you are unfamiliar with some pieces of related work."
        },
        "signatures": [
          "ICLR.cc/2022/Conference/Paper3304/Reviewer_Vetj"
        ],
        "readers": [
          "everyone"
        ],
        "nonreaders": [],
        "writers": [
          "ICLR.cc/2022/Conference",
          "ICLR.cc/2022/Conference/Paper3304/Reviewer_Vetj"
        ]
      },
      {
        "id": "NIs_QrJ3lA",
        "original": null,
        "number": 2,
        "cdate": 1635863773166,
        "mdate": null,
        "ddate": null,
        "tcdate": 1635863773166,
        "tmdate": 1637675795890,
        "tddate": null,
        "forum": "FlwzVjfMryn",
        "replyto": "FlwzVjfMryn",
        "invitation": "ICLR.cc/2022/Conference/Paper3304/-/Official_Review",
        "content": {
          "summary_of_the_paper": "This work proposes a novel learning-based method called  LaMOO to partition the search space for the multi-objective optimization problem. With the learned partition, the computational budget can be allocated to the small promising regions (e.g., the region close to the Pareto frontier) rather than the whole search space. It is a direct generalization from the closely related works (e.g., LaNAS, LaMCTS, and LaP^3) to multi-objective optimization. The proposed LaMOO has promising experimental results on both synthetic functions and real-world optimization problems.",
          "main_review": "**Strengths:**\n\n+ This work is well-organized and generally well-written.\n\n+ The studied problem, multi-objective optimization, is important and could be useful for many real-world applications. \n\n+ The proposed LaMOO method is a reasonable generalization from LaMCTS to multi-objective optimization.\n\n**Weakness:**\n\n*Method:*\n\n**1. Novelty:** \n\n- **Incremental Contribution:** The proposed LaMOO is a direct generalization from the LaMCTS method to multi-objective optimization (MOO). The novel part is to use dominance number as criteria for search space partition and hypervolume for promising region selection. These are all straightforward generalizations for MOO. The contribution of this work is somewhat incremental along the line of LaNAS, LaMCTS, and LaP^3. \n\n- **Missing Closely Related Approaches:** This work claims the proposed approach to learn the promising region is *fundamentally different* from the previous works. However, many classification-based search space partition methods have been proposed in the machine learning community, see [1][2][3] (classification + random sampling). (Tree-based) space partition methods have been widely used for black-box optimization [4][5][6]. In addition, there are also different works on classification-based MOO [7] (SVM + NSGA-II/MO-CMA-ES) [8] (Ordinal SVM + NSGA-II) [9]. \n\n\n**2. Theoretical Analysis:**\n\nA large part of this work is on the theoretical understanding for space partition and LaMCTS. However, the analysis is mostly for single-objective optimization, and the extension to multi-objective optimization is much less promising.\n\n**3. Why LaMOO Works:** \n\nFurther discussions are needed to clearly clarify the properties of LaMOO.\n\n- **Dominance-based Approach for Many Objective Optimization:** LaMOO uses the dominance number as the split criteria to train the SVM models and partition the search space. However, the dominance-based method is typically not good for many objective optimization due to the lack of dominance pressure (e.g., all solutions are non-dominated with each other, and all have the same dominated number). Why is LaMOO still good for many objective optimization? \n\n- **Combination with Multi-Objective Bayesian Optimization (MOBO):** It is straightforward to see the benefit of using LaMOO with model-free optimization (e.g., NSGA-II and MO-CMA-ES). However, it is not so clear to understand why it also works for MOBO (e.g., qEHVI). The qEHVI approach already builds (global) Gaussian process models to approximate each objective function, and uses hypervolume-based criteria to select the most promising solution(s) (e.g., maximizing the expected hypervolume improvement) for evaluation. Therefore, its selected solution(s) should be already on the approximate Pareto front without the LaMOO approach.  Is the good performance due to only use solutions in the promising region to build the models (but I think GP would work well with all data as in the setting considered in this work)? Or because LaMOO restricts the search in the region close to the current best non-dominated solutions (then what is the relation to the trust-region approach [10])?\n \n- **Exploitation v.s. Exploration:** With LaMOO, the solutions can only be selected from the most promising region (e.g., around the current Pareto front), which is good for exploitation. However, will this approach lead to worse overall performance due to the lack of exploration (e.g., cannot find more diverse Pareto solutions far from the current Pareto front)?\n\n**4. Time Complexity:**\n\nWhat is the time complexity of the proposed algorithm? In each step of LaMOO, it has to repeatedly calculate the hypervolume of different regions for promising region selection. However, the computation of hypervolume could be time-consuming, especially for problems with many objectives (e.g., >3). Would it make LaMOO impractical for those problems?\n\n**5. Inaccurate Description for MOO Methods:**\n\n- **CMA-ES:** CMA-ES is a widely-used single objective optimization algorithm [11]. The multi-objective version proposed in (Igel et al., 2007a) is usually called MO-CMA-ES. It is also confusing why most citation for the MO-CMA-ES (in the main paper and Table 1) is for the steady-state updated version (Igel et al., 2007b) but not for the original paper (Igel et al., 2007a).\n\n- **ParEGO:** The seminal algorithm proposed in Knowles (2006) is called ParEGO and the qParEGO is a parallel extension recently proposed in Daulton et al. (2020). It is not suitable to refer the algorithm in Knowles (2006) as qParEGO in Table 1 and the main text.\n\n- **MOEA/D:** In my understanding, MOEA/D is suitable for many objective optimization (objectives > 3), see its performance in the NSGA-III paper (Deb & Jain, 2014), while the main challenge is how to specify the weight vector for a new problem with unknown Pareto front as correctly pointed out in this work. \n\n- **Hypervolume-based Method:** This work indicates the indicator-based method is better for many objective optimization. However, the time complexity and expensive calculation could make the hypervolume-based method impractical for many-objective optimization.\n\n*Experiment:*\n\n**6. Missing Experimental Setting:** \n\nMany important experiment settings are missing in this work, such as the number of initial solutions for MOBO (and its generation method), the number of batched solutions for MOBO (e.g., q), the reference point for hypervolume (during the optimization, and for the final evaluation), the ground truth Pareto front used for calculating the log hypervolume difference for real-world problems (e.g., Nasbench 201).\n\n**7. Comparison to Model-Free Evolutionary Algorithm:**\n\nIt is reasonable that LaMOO can improve the MO-CMA-ES performance since it builds extra models to allocate computation to the most promising region. However, in my understanding, the model-free evolutionary algorithms are not designed for expensive optimization, and their typical use case is with a large number of cheap evaluations with a fast run time. It is more interesting to directly compare LaMOO with other model-based methods (e.g., MO-CMA-ES with GP models).  \n\n**8. MOBO Performance:** \n\nWhat are the hyperparameters for qEHVI? It seems its performance on VehicleSafty problem is worse than those reported in the original paper Daulton et al. (2020). \n\n**9. Wall Clock Run Time:** \n\nPlease report the wall clock run time for both LaMOO and other model-free/model-based algorithms, as in Daulton et al. (2020). \n\n\n**Minor Issues:**\n\nWhen citing multiple works, please put them in chronological order.\n\n**Reference:**\n\n[1] Hashimoto, Tatsunori, Steve Yadlowsky, and John Duchi. Derivative free optimization via repeated classification. AISTATS 2018.\n\n[2] Kumar, Manoj, George E. Dahl, Vijay Vasudevan, and Mohammad Norouzi. Parallel architecture and hyperparameter search via successive halving and classification. arXiv:1805.10255.\n\n[3] Yu, Yang, Hong Qian, and Yi-Qi Hu. Derivative-free optimization via classification. AAAI 2016.\n\n[4] Munos, Rémi. Optimistic optimization of a deterministic function without the knowledge of its smoothness. NeurIPS 2011.\n\n[5] Ziyu Wang, Babak Shakibi, Lin Jin, and Nando de Freitas. Bayesian multi-scale optimistic optimization. AISTATS 2014.\n\n[6] Kenji Kawaguchi, Leslie Pack Kaelbling, and Tomas Lozano-Perez. Bayesian optimization with exponential convergence. NeurIPS 2015.\n\n[7] Loshchilov, Ilya, Marc Schoenauer, and Michèle Sebag. A mono surrogate for multiobjective optimization. In Proceedings of the 12th annual conference on Genetic and evolutionary computation, 2010.\n\n[8] Seah, Chun-Wei, Yew-Soon Ong, Ivor W. Tsang, and Siwei Jiang. Pareto rank learning in multi-objective evolutionary algorithms. In 2012 IEEE Congress on Evolutionary Computation, 2012.\n\n[9] Pan, Linqiang, Cheng He, Ye Tian, Handing Wang, Xingyi Zhang, and Yaochu Jin. A classification-based surrogate-assisted evolutionary algorithm for expensive many-objective optimization. IEEE Transactions on Evolutionary Computation 2018.\n\n[10] Daulton, Samuel, David Eriksson, Maximilian Balandat, and Eytan Bakshy. Multi-Objective Bayesian Optimization over High-Dimensional Search Spaces. arXiv:2109.10964, 2021.\n\n[11] Hansen, Nikolaus, and Andreas Ostermeier. Completely derandomized self-adaptation in evolution strategies. Evolutionary Computation 2001.\n\n[12] Ishibuchi, Hisao, Yu Setoguchi, Hiroyuki Masuda, and Yusuke Nojima. Performance of decomposition-based many-objective algorithms strongly depends on Pareto front shapes. IEEE Transactions on Evolutionary Computation 21, no. 2 (2016): 169-190.\n\n\n\n",
          "summary_of_the_review": "This work tackles an important research problem that could be useful for different partitioners in the community (e.g., multi-objective optimization, Bayesian optimization, and NAS). The proposed method is a reasonable generalization from the LaMCTS method. However, due to the concerns listed above on both the method and the experimental results, I cannot give a clear acceptance to the current manuscript.\n",
          "correctness": "3: Some of the paper’s claims have minor issues. A few statements are not well-supported, or require small changes to be made correct.",
          "technical_novelty_and_significance": "3: The contributions are significant and somewhat new. Aspects of the contributions exist in prior work.",
          "empirical_novelty_and_significance": "3: The contributions are significant and somewhat new. Aspects of the contributions exist in prior work.",
          "flag_for_ethics_review": [
            "NO."
          ],
          "recommendation": "6: marginally above the acceptance threshold",
          "confidence": "4: You are confident in your assessment, but not absolutely certain. It is unlikely, but not impossible, that you did not understand some parts of the submission or that you are unfamiliar with some pieces of related work."
        },
        "signatures": [
          "ICLR.cc/2022/Conference/Paper3304/Reviewer_2MfT"
        ],
        "readers": [
          "everyone"
        ],
        "nonreaders": [],
        "writers": [
          "ICLR.cc/2022/Conference",
          "ICLR.cc/2022/Conference/Paper3304/Reviewer_2MfT"
        ]
      },
      {
        "id": "-V7pAyCx62o",
        "original": null,
        "number": 3,
        "cdate": 1635870469202,
        "mdate": null,
        "ddate": null,
        "tcdate": 1635870469202,
        "tmdate": 1635870469202,
        "tddate": null,
        "forum": "FlwzVjfMryn",
        "replyto": "FlwzVjfMryn",
        "invitation": "ICLR.cc/2022/Conference/Paper3304/-/Official_Review",
        "content": {
          "summary_of_the_paper": "The paper develops an enhancement to multiobjective solvers so to find better Pareto solutions. The idea is to learn a proxy of the distance of samples to the Pareto frontier, and leverage such information to split the search space via a tree structure, Samples can then be extracted from promising nodes of the tree from other multiobjective algorithms. Numerical results investigate the performance of the method for both synthetic and practical benchmarks.\n\n",
          "main_review": "The paper is well-written and, in my view, it offers a simple but effective \"meta\" perspective for multiobjective programming. In particular, it resembles many criterion-search space techniques that split the objective space for strategic exploration. However, here authors use the dominance metric to partition the primal space, which leads to interesting properties and a tree encoding.\n\nI also appreciate the theoretical aspects investigated by the authors, which are sound to the best of my analysis and give a more concrete justification to the results we observe in the numerical setting. \n\nMy major concern, however, is that it is somewhat unclear when the proposed meta-algorithm is applicable or more beneficial. In particular:\n\n(a) Are there (combinatorial) problems where the tree would need to be significantly large to ensure high-quality points are actually found? I was somewhat confused as to how the tree may grow depending on the underlying structure of the problem.\n\n(b) What are the properties that a multiobjective algorithm would need to satisfy to apply the split partition? For example, suppose one is using a multiobjective mixed-integer linear program to enumerate the frontier. Is it possible to represent complex splits in a way that they encode true partitions? It seems that broader split definitions, for instance in larger-dimension criteria space, could be high non-linear (or perhaps I misunderstood some concept?).\n\n(c) What are the guidelines to set the exploration factor C_p empirically? It seems that it is highly optimized for the numerical experiments that were performed in the paper",
          "summary_of_the_review": "A well-written paper that provides an interesting and relevant contribution to multiobjective optimization. One of the key benefits of the method is its generality, in that it can be incorporated into existing multiobjective solvers, and simple implementation. Numerical results suggest significant improvements with little implementation work. ",
          "correctness": "4: All of the claims and statements are well-supported and correct.",
          "technical_novelty_and_significance": "3: The contributions are significant and somewhat new. Aspects of the contributions exist in prior work.",
          "empirical_novelty_and_significance": "3: The contributions are significant and somewhat new. Aspects of the contributions exist in prior work.",
          "flag_for_ethics_review": [
            "NO."
          ],
          "recommendation": "8: accept, good paper",
          "confidence": "4: You are confident in your assessment, but not absolutely certain. It is unlikely, but not impossible, that you did not understand some parts of the submission or that you are unfamiliar with some pieces of related work."
        },
        "signatures": [
          "ICLR.cc/2022/Conference/Paper3304/Reviewer_xfNd"
        ],
        "readers": [
          "everyone"
        ],
        "nonreaders": [],
        "writers": [
          "ICLR.cc/2022/Conference",
          "ICLR.cc/2022/Conference/Paper3304/Reviewer_xfNd"
        ]
      },
      {
        "id": "x2975YHbTqk",
        "original": null,
        "number": 4,
        "cdate": 1636364032683,
        "mdate": null,
        "ddate": null,
        "tcdate": 1636364032683,
        "tmdate": 1636364032683,
        "tddate": null,
        "forum": "FlwzVjfMryn",
        "replyto": "FlwzVjfMryn",
        "invitation": "ICLR.cc/2022/Conference/Paper3304/-/Official_Review",
        "content": {
          "summary_of_the_paper": "This paper proposes to use MCTS to enhance existing algorithms for Multi-Objective Optimization problems.\nExperimental results on a wide range of benchmark problems show the improving performance of the proposed method, LaMOO.\n",
          "main_review": "Strengths.\n- The proposed method uses an interesting combination of algorithms.\n- The results are compelling.\n- The paper is well written. It is easy to understand, well-organized, and the illustrations help understand the behavior of the algorithm.\n\nWeaknesses.\n- It is possible to criticize that it is a combination of existing techniques\n(which is not a serious issue, in my opinion).\n- Some papers propose Multi-Objective optimization using A* search.\nI think the related work section should mention these.\nThe following short paper covers some of such papers as of 2011.\nhttps://www.ijcai.org/Proceedings/11/Papers/483.pdf\n- A part of the algorithm that \"updating all previous samples\" may take a long time for larger-scale problems because the time will be O(N^2) to the sample size N.",
          "summary_of_the_review": "In my opinion, the significant improvement in performance with a simple method is highly valuable.\nThe idea is simple, well-explained, and the results are promising.\nThis paper should be valuable for many applications.\n\n",
          "correctness": "4: All of the claims and statements are well-supported and correct.",
          "technical_novelty_and_significance": "3: The contributions are significant and somewhat new. Aspects of the contributions exist in prior work.",
          "empirical_novelty_and_significance": "4: The contributions are significant, and do not exist in prior works.",
          "flag_for_ethics_review": [
            "NO."
          ],
          "details_of_ethics_concerns": "I did not find any ethical concerns.",
          "recommendation": "8: accept, good paper",
          "confidence": "4: You are confident in your assessment, but not absolutely certain. It is unlikely, but not impossible, that you did not understand some parts of the submission or that you are unfamiliar with some pieces of related work."
        },
        "signatures": [
          "ICLR.cc/2022/Conference/Paper3304/Reviewer_vdwH"
        ],
        "readers": [
          "everyone"
        ],
        "nonreaders": [],
        "writers": [
          "ICLR.cc/2022/Conference",
          "ICLR.cc/2022/Conference/Paper3304/Reviewer_vdwH"
        ]
      },
      {
        "id": "ugR8G9rDzH6",
        "original": null,
        "number": 1,
        "cdate": 1637293273935,
        "mdate": null,
        "ddate": null,
        "tcdate": 1637293273935,
        "tmdate": 1637367756182,
        "tddate": null,
        "forum": "FlwzVjfMryn",
        "replyto": "x2975YHbTqk",
        "invitation": "ICLR.cc/2022/Conference/Paper3304/-/Official_Comment",
        "content": {
          "title": "Response to Reviewer vdwH ",
          "comment": "We sincerely thank the reviewer for your insightful comments, please check our answers below.\n\n---\n**Add A\\* search to related works**\n\nThanks for pointing out the missing related works. We added them in our revision. \n\n---\n**O(N^2) time complexity to update all samples**\n\nWe only consider updating all samples in a selected leaf. The number of samples(N) in a leaf is not very large(typically from 10 - 30). \n\n\n\n"
        },
        "signatures": [
          "ICLR.cc/2022/Conference/Paper3304/Authors"
        ],
        "readers": [
          "everyone"
        ],
        "nonreaders": [],
        "writers": [
          "ICLR.cc/2022/Conference",
          "ICLR.cc/2022/Conference/Paper3304/Authors"
        ]
      },
      {
        "id": "Q3r2wNH7fGA",
        "original": null,
        "number": 2,
        "cdate": 1637294734884,
        "mdate": null,
        "ddate": null,
        "tcdate": 1637294734884,
        "tmdate": 1637304343169,
        "tddate": null,
        "forum": "FlwzVjfMryn",
        "replyto": "aQsYZ4xdqzm",
        "invitation": "ICLR.cc/2022/Conference/Paper3304/-/Official_Comment",
        "content": {
          "title": "Response to Reviewer Vetj ",
          "comment": "We sincerely thank the reviewer for your insightful comments and suggestions, please check our answers below.\n\n---\n**The full name of UCT should be given**\n\nWe added the full name of UCT in our next revision. \n\n---\n**how to set T in the experiments**\n\nIn practice, if the hypervolume of searched samples is not increased in several iterations, the search would be terminated. \n\n---\n**Time complexity analysis for LaMOO**\n\nPlease check the answers to common questions(**Computational complexity & computational overhead of LaMOO**). Thank you.\n\n---\n**Search efficiency of LaMOO with CMA-ES**\n\nThe system would rule out the generated solutions that are beyond the selected region and re-generate new samples until they satisfy the constraints. Yes, it is indeed frequently encountered but generating new solutions by CMA-ES is very cheap, so it does not significantly deteriorate the search efficiency. We have reported the wall clock time for each search algorithm in **figure.10 in Appendix. E**, from the figure, while LAMOO with CMA-ES costs more time compared to original CMA-ES in the same sample budget, LAMOO with CMA-ES outperforms original CMA-ES by using the same search time.  Also, if a function evaluation takes a long time (as is often the case for multi-objective optimization), then this overhead will be relatively minor. \n\n---\n**Unclear definition of optimization dimension of Nasbench201**\n\nWe added the description of the optimization dimension of Nasbench201 in **Appendix.F1**. I would also support a description here. In Nasbench201, the architectures are made by stacking the cells together. The difference among architectures in Nasbench201 is the design of the cells. Specifically, each cell contains 4 nodes, and there is a particular operation connecting to two nodes including zeroize, skip-connect, 1x1 convolution, 3x3 convolution, and 3x3 average pooling. Therefore, there are $C_{4}^{2}$ = **6** edges in a cell and $5^{6}$ =15625 unique architectures in Nasbench201. According to this background, Each architecture can be encoded into a 6-dimensional vector with 5 discrete numbers (i.e., 0, 1, 2, 3, 4 that corresponds to zeroize, skip-connect, 1x1 convolution, 3x3 convolution, and 3x3 average pooling). \n\n---\n**In page 8, the authors said there are 1000 samples given for three different tasks. But in Fig. 4, only 200 samples are shown. Why?**\n\nSorry for this confusion, we searched 1000 samples by evolutionary-based algorithms for small-scale tasks **(Branin-Currin, VehicleSafety, and  Nasbench201)** as shown in **Fig.3**. For many-objective optimization problems, it is hard to calculate hypervolume with a large size of samples. Therefore, we only search the many-objective optimization problem in 200 samples in **Fig.4**. \n\n---\n\n**How to set Cp when HV_max is unknown?**\n\nPlease check the answers to common questions(**Guidelines to set the exploration factor C_p**). Thanks. \n\n---\n**Grammar issues.**\n\nThanks for pointing the grammar issues in the paper. We have fixed all the issues from you and fully polished our paper. \n\n---\n**Twice cited \"Learning space partitions for path planning”**\n\nThank you for pointing it out. It has been fixed.\n\n"
        },
        "signatures": [
          "ICLR.cc/2022/Conference/Paper3304/Authors"
        ],
        "readers": [
          "everyone"
        ],
        "nonreaders": [],
        "writers": [
          "ICLR.cc/2022/Conference",
          "ICLR.cc/2022/Conference/Paper3304/Authors"
        ]
      },
      {
        "id": "bC4mim1i19a",
        "original": null,
        "number": 3,
        "cdate": 1637295106451,
        "mdate": null,
        "ddate": null,
        "tcdate": 1637295106451,
        "tmdate": 1637547309860,
        "tddate": null,
        "forum": "FlwzVjfMryn",
        "replyto": "FlwzVjfMryn",
        "invitation": "ICLR.cc/2022/Conference/Paper3304/-/Official_Comment",
        "content": {
          "title": "Answer to the common questions from all reviewers",
          "comment": "We are glad to see most of the reviewers are positive with the paper and sincerely thank reviewers for their insightful comments, please check our answers to the common questions below.  We also colored the new contents in the paper to purple.\n\n---\n**Computational complexity & computational overhead of LaMOO**\n\nThanks to the reviewers for raising this important question. \n\nFirst, we want to emphasize that in real-world applications in which it takes hours, days, or even weeks to evaluate one data point to retrieve the values of M objectives, the overhead given limited samples becomes less important. That’s why we choose to use sample efficiency to evaluate our proposed algorithm. \n\nIn our algorithm (**Alg. 1**), in each node, the hypervolume over all samples need to be computed, which is O(n log n) for M <= 3 (See [r-2]) and O(n^(M/2) + n log n) if M > 3 (See [r-1]), where n is the number of samples in each node and M is the number of objectives. At the root node, n can be as large as the total number of samples. Note that it takes O(n^2) to train a nonlinear SVM classifier in each node, therefore HV computation is likely to be the dominating factor when there are many objectives. \n\nThe detailed breakdown of the computational complexity is now listed in Appendix I. \n\nThat being said, while the computational complexity is high, in practice, LaMOO+qEHVI is often faster than qEHVI as shown in **figure.10** in the **appendix.E**. We suspect that these qEHVI multi-objective optimizers also suffer similar issues. \n\n**A cheaper variation with comparable performance**. Furthermore, we also present a variation of our Alg. 1, with similar sample complexity to achieve the same HV but much cheaper computational cost. In **appendix.J**, we have already shown that it has similar performance as Alg. 1 given the same function evaluations, in small-scale problems(see figure.15 and figure.16), and we are currently evaluating it on large-scale problems. The intuition here is to directly search over the leaves of the tree and pick the one with the best UCB score. Then we avoid HV computations at intermediate nodes and only need to compute HV at each leaf node, which typically contains much fewer samples (e.g., 10-30) than the root node. Still, nonlinear SVM classifiers need to be trained at each intermediate node, yielding quadratic computational complexity. \n\nNote that computing hypervolume is a hard problem (#P-hard, see [here](https://arxiv.org/pdf/0812.2636.pdf)) and all multiple-objective optimization techniques that compute hypervolume algorithmically would meet with the same issue. To improve on HV computation is beyond the scope of this paper. We acknowledge this is a limitation and will mention it explicitly in the next revision.\n\n---\n**Guidelines to set the exploration factor C_p**  \n\nAs we mentioned in **Sec.5.3**, a \"rule of thumb\" is to set the Cp to be roughly 10% of the maximum hypervolume HVmax. If HVmax is $\\textbf{unknown}$, Cp can be dynamically set to 10% of the hypervolume of current samples in each search iteration. The **figure.9** in **Appendix.D** demonstrates the difference between 10% HVmax and 10 % HVcur in three problems(Branin-Currin, VehicleSafety, and  Nasbench201). The final performances by using 10% HVmax and 10 % HVcur are similar.\n\n---\n**Reference** \n\n[r-1]Nicola Beume. 2009. S-metric calculation by considering dominated hypervolume as klee's measure problem. Evol. Comput. 17, 4 (Winter 2009), 477–492. DOI:https://doi.org/10.1162/evco.2009.17.4.17402\n\n[r-2]N. Beume, C. M. Fonseca, M. Lopez-Ibanez, L. Paquete and J. Vahrenhold, \"On the Complexity of Computing the Hypervolume Indicator,\" in IEEE Transactions on Evolutionary Computation, vol. 13, no. 5, pp. 1075-1082, Oct. 2009, doi: 10.1109/TEVC.2009.2015575.\n"
        },
        "signatures": [
          "ICLR.cc/2022/Conference/Paper3304/Authors"
        ],
        "readers": [
          "everyone"
        ],
        "nonreaders": [],
        "writers": [
          "ICLR.cc/2022/Conference",
          "ICLR.cc/2022/Conference/Paper3304/Authors"
        ]
      },
      {
        "id": "cxp_98vU9OM",
        "original": null,
        "number": 4,
        "cdate": 1637300242854,
        "mdate": null,
        "ddate": null,
        "tcdate": 1637300242854,
        "tmdate": 1637304384038,
        "tddate": null,
        "forum": "FlwzVjfMryn",
        "replyto": "-V7pAyCx62o",
        "invitation": "ICLR.cc/2022/Conference/Paper3304/-/Official_Comment",
        "content": {
          "title": "Response to Reviewer xfNd",
          "comment": "We sincerely thank the reviewer for your insightful comments and suggestions, please check our answers below.\n\n---\n**Are there (combinatorial) problems where the tree would need to be significantly large to ensure high-quality points are actually found?**\n\nWe acknowledge that there exist hard pathological combinatorial problems where the tree size needs to be exponential in order to ensure high-quality points to be found in each leaf. For example, consider the function f = $x_{1}$ xor $x_{2}$ xor $x_{3}$… xor $x_{n}$ + eps * I($x_{1}$ =1, $x_{2}$ =0, …, $x_{n}$ =1). In this case, SVM classifiers with smooth decision boundaries won’t be able to distinguish good from bad regions, until we cut the regions into very fine-grained levels. In this case, the number of tree nodes has to be exponential to really find the right corner that contains the optimal solution. \n\nHowever, in general when the optimization problem has regularity (e.g., most of the regions are not good at all), then LaMOO would work well. This is characterized by our theoretical analysis, as well as empirically verified in our experiment section. \n\n---\n**What are the properties that a multiobjective algorithm would need to satisfy to apply the split partition?**\n\nAs shown in our **Observation 1 & 2 (Sec. 3.3)**, in the multi-objective optimization, if the Pareto optimal set lies in a small region in the search space, and/or the optimal set can be well-separated from non-dominant regions, then learning a partition definitely helps remove bad regions and improves the sample efficiency. \n\nWhether the complex splits can be represented heavily depends on whether its boundary can be learned efficiently and effectively given the previous observations of the function. For example, if we have prior knowledge that good/bad regions are split by a sinusoidal decision boundary and we fit it with a sinusoidal function, then with very few samples, the boundary can be well predicted. \n\nOverall, the reviewer exactly demonstrates the situation where the traditional (not learning-based) space partition approach fails: the required splits are too complicated and cannot be characterized by simple constraints (like linear or quadratic). In such situations, our approach can be advantageous since its partition is learned from previous data points and can be adaptive to the specific properties of multi-objective functions.\n\n---\n**What are the guidelines to set the exploration factor C_p empirically?**\n\nPlease check the answers to common questions(**Guidelines to set the exploration factor C_p**). Thanks. \n\n"
        },
        "signatures": [
          "ICLR.cc/2022/Conference/Paper3304/Authors"
        ],
        "readers": [
          "everyone"
        ],
        "nonreaders": [],
        "writers": [
          "ICLR.cc/2022/Conference",
          "ICLR.cc/2022/Conference/Paper3304/Authors"
        ]
      },
      {
        "id": "adOlQ0IKUio",
        "original": null,
        "number": 5,
        "cdate": 1637302944360,
        "mdate": null,
        "ddate": null,
        "tcdate": 1637302944360,
        "tmdate": 1637385320602,
        "tddate": null,
        "forum": "FlwzVjfMryn",
        "replyto": "NIs_QrJ3lA",
        "invitation": "ICLR.cc/2022/Conference/Paper3304/-/Official_Comment",
        "content": {
          "title": "Response to Reviewer 2MfT (1/3)",
          "comment": "We sincerely thank the reviewer for your insightful comments and suggestions, please check our answers below.\n\n---\n**1. Novelty:**\n\nThe reviewer claims that the paper has **incremental contribution**.\n\nWe kindly disagree with the reviewer's claim and emphasize that LaMOO proposes a nontrivial contribution compared to existing works (LaMCTS/LaNAS/LaP^3). While LaMOO leverages a similar idea (which is \"learn to partition\"), it addresses multi-objective optimization (MOO), a very different research problem than single-objective optimization (SOO). None of LaMCTS/LaNAS/LaP^3 have addressed MOO yet. \n\nIt would be awkward to say that approaches for MOO is an \"simple* extension of approaches for SOO, given that there is already a community working on MOO for decades. In particular, the reviewer has already listed a few MOO papers and emphasized their difference compared to their SOO counterpart (e.g., CMA-ES versus MO-CMA-ES). \n\nBesides, LaMOO contains important difference shown below:\n\n**LaMOO V.S. LaMCTS/LaNAS**: First, the mechanism of the partitioning of the search space is different. LaMOO uses dominance rank  to separate good from bad regions, while LaMCTS uses a k-mean for region separation. LaNAS is even more simple: it uses the median from the single objectives of currently collected samples and a linear classifier to separate regions. \n\n**LaMOO V.S. LaP^3**: LAP^3 is a planning algorithm tailored to RL with a single objective function. LAP^3 also utilizes the representation learning for the partition space and planning space, while our LaMOO doesn't. \n\n---\n**Missing Closely Related Works**\n\n[1][2][3] indeed leverage classifiers to partition search space and draw the new samples from the good region. However, [1][2][3] randomly sampled in selected regions without integrating existing optimizers (e.g. Bayesian optimization, evolutionary algorithms). In addition, they progressively select the good regions without a trade-off of exploration and exploitation as we did by leveraging Monte Carlo Tree Search (MCTS). [4][5][6]can be seen as the first work to use MCTS to build hierarchical space partitions. But their partitions are predefined (e.g., Voronoi graph, axis-aligned partition, etc) without learning (or adapting to) observed samples so far, except for LA-MCTS / LaNAS / LaP^3, which are learning extensions coupled with MCTS. However, they all deal with single-objective optimization. \n\nFor multi-objective optimization, [7][8][9] learns to predict the dominance rank of samples, without computing them algorithmically, a slow process with many previous samples, in order to speed up the MOEAs algorithms. Unlike our paper, they do not partition the search space into good/bad regions. In contrast, LaMOO computes the rank algorithmically. Therefore, our contributions are complementary to theirs. We leave a combination of both as one of the future works. \n\nWhile LaMOO shows that learning-to-partition empirically works well in multi-objective optimization, we acknowledge that our work is built on top of many existing works and will tune down our claim a bit. For example, we will remove the word “fundamental” in the introduction add these related works in our next revision(appendix.K).  \n\n---\n**2.Theoretical Analysis**\n\nWhile we acknowledge that our theoretical analysis (Sec. 3) is mainly on single-objective optimization, we indeed have a section (**Sec. 3.3**) that demonstrates that in certain multi-objective optimization problems, Pareto optimal sets can be separated from nonoptimal sets by linear boundaries, which demonstrates that our technique should work in these cases. We leave a formal theoretical analysis on multi-objective optimization as the future work. \n\n\n\n\n\n\n\n\n\n\n\n\n\n\n\n\n"
        },
        "signatures": [
          "ICLR.cc/2022/Conference/Paper3304/Authors"
        ],
        "readers": [
          "everyone"
        ],
        "nonreaders": [],
        "writers": [
          "ICLR.cc/2022/Conference",
          "ICLR.cc/2022/Conference/Paper3304/Authors"
        ]
      },
      {
        "id": "HwU2tmWpT08",
        "original": null,
        "number": 7,
        "cdate": 1637303818533,
        "mdate": null,
        "ddate": null,
        "tcdate": 1637303818533,
        "tmdate": 1637385301806,
        "tddate": null,
        "forum": "FlwzVjfMryn",
        "replyto": "NIs_QrJ3lA",
        "invitation": "ICLR.cc/2022/Conference/Paper3304/-/Official_Comment",
        "content": {
          "title": "Response to Reviewer 2MfT (2/3)",
          "comment": "---\n**3. Why LaMOO Works**\n\n**Dominance-based Approach for Many Objective Optimization**\n\nThanks for pointing out this potential limitation of LaMOO. Multi-objective optimization with many objectives is typically hard, as shown in many[r-1][r-2][r-3]. We agree that there exist situations where the samples are scattered around in multiple directions and all of them can be part of the frontier, and space partitions may not work. \n\nHowever, in practice, for many real-world problems, good/bad regions can be immediately clear after a decent amount of samples are collected, and good regions (i.e., good in many/most objectives) often reside in a small place. \n\nWe added a section in **appendix.H** to show how LaMOO works on this many-objective problem. We would also write down my reasons below. \n\nGiven the problem(DTLZ2 with 10 objectives) shown in our paper, we randomly generate 50 samples in the search space and draw the dominance distribution of them(see **Figure.13 in appendix H**). We did this experiment 5 times. \n\nThe **figure.13** shows that 50 samples can still be split into ‘good’ and ‘bad’ in 10 objective problems. We then partition the search space by an SVM classifier based on the labeled samples into “good” and “bad” and randomly generate 50 samples in \"good region\", “bad region”, and whole space, respectively. We did this process 5 times for each classifier with different initial samples. **Figure.14** shows the range of hypervolumes of the samples generated from the good region, the whole space, and the bad region.  From the figure, we can see that the hypervolume of samples generated from good regions is significantly higher than others. \n\n---\n**Combination with Multi-Objective Bayesian Optimization (MOBO)**\n\nSolving the problem on a search space partition is simpler than solving the entire search space using MOBO. For example, solving the acquisition in MOBO is a lot easier with LaMOO for only the selected partition. But the regular MOBO needs to solve the acquisition on the entire search space, which is the main bottleneck in practice.\n\n---\n**Exploitation v.s. Exploration**\n\nThe reviewer may have misunderstood our algorithm (**Alg. 1**). LaMOO keeps both the most promising and less promising regions and strikes a balance among them, by plugging in MCTS (and UCB score) to balance exploitation and exploration. Setting a good exploration factor(C_P) can control the importance of exploration. Please check “**the exploration factor Cp**” in Ablation of Design Choices to get more details. While our theoretical analysis indeed only considers greedy cases, our empirical algorithm (Alg. 1) takes this trade-off into consideration. \n\n---\n**4. Time Complexity**\n\nPlease check the answer to common questions(**Computational complexity & computational overhead of LaMOO**). Thanks. \n\n\n---\n**5. Inaccurate Description for MOO Methods**\n\nWe thank the reviewer for the detailed comments and revised the paper accordingly. \n\n---\n**6. Missing Experimental Setting**\n\nThanks for the useful suggestion. \n\nWe added the description of problems and experiment setup in **appendix.F** and **appendix.G**. \n\n---\n**7. Comparison to Model-Free Evolutionary Algorithm**\n\nThe reviewer might misunderstand our proposed algorithm, we have compared both model-free and model-based baselines. We have integrated Bayesian Optimization and EA under the LaMOO framework to show that our method works with both model-free (and cheap evaluations) and model-based (expensive evaluations). These should cover two very different scenarios. This integration has demonstrated LaMOO is an effective meta-algorithm, and the integration of MO-CMA-ES can be a good future work. \n\nNote that the key is not whether a model has been built or not for the function to be optimized (or so-called model-based vs model-free from the reviewer's point of view), but whether the built model is efficient in capturing the essence of the function. In our work, we choose to build classifiers to quickly get rid of bad regions and only build local models to focus on important regions. This is typically more efficient than a global GP model for the entire search space.\n\n---\n**8. MOBO Performance**\n\nWe provided the experiment setting in **appendix.G** and note that we decrease the raw sample(Daulton et al. (2020)) from 1024 to 256 to match the sample budget of all methods for comparison, which speeds up the search but may lead to lower performance. However, LAMOO+qEHVI with 256 raw samples still have better results than the original qEHVI results reported in Daulton et al. (2020)."
        },
        "signatures": [
          "ICLR.cc/2022/Conference/Paper3304/Authors"
        ],
        "readers": [
          "everyone"
        ],
        "nonreaders": [],
        "writers": [
          "ICLR.cc/2022/Conference",
          "ICLR.cc/2022/Conference/Paper3304/Authors"
        ]
      },
      {
        "id": "5iPvo4X90kq",
        "original": null,
        "number": 8,
        "cdate": 1637304239050,
        "mdate": null,
        "ddate": null,
        "tcdate": 1637304239050,
        "tmdate": 1637385275713,
        "tddate": null,
        "forum": "FlwzVjfMryn",
        "replyto": "NIs_QrJ3lA",
        "invitation": "ICLR.cc/2022/Conference/Paper3304/-/Official_Comment",
        "content": {
          "title": "Response to Reviewer 2MfT (3/3)",
          "comment": "---\n**9.Wall Clock Run Time**\n\nWe reported the wall clock run time in **appendix.E**. \n\nWe would like to stress that for qEHVI, LAMOO as a meta-algorithm slightly accelerates the original algorithm, that is because by reducing the size of search space, the optimization of the acquisition function is easier. However, LAMOO plugging in CMA-ES costs significantly higher times compared to its vanilla version. That is because we searched 1000 points for CMA-ES, with an increasing number of samples generated, the training times of SVM in each node are increased accordingly. However, in many real-world tasks, the most time-consuming part of the search is the evaluation time of the searched time (e.g. Neural architecture search[r-4][4-5]), in which one function evaluation can take hours or days. Therefore, we view sample efficiency as more important in practice. \n\n---\n**Minor Issues**\n\nThank you for your suggestion. We have changed the citations of multiple works in chronological order. \n\n---\n**Reference**\n\n[r-1] Q. Xu, Z. Xu and T. Ma, \"A Survey of Multiobjective Evolutionary Algorithms Based on Decomposition: Variants, Challenges and Future Directions,\" in IEEE Access, vol. 8, pp. 41588-41614, 2020, doi: 10.1109/ACCESS.2020.2973670.\n\n[r-2] R. C. Purshouse and P. J. Fleming, \"Evolutionary many-objective optimisation: an exploratory analysis,\" The 2003 Congress on Evolutionary Computation, 2003. CEC '03., 2003, pp. 2066-2073 Vol.3, doi: 10.1109/CEC.2003.1299927.\n\n[r-3] Hisao Ishibuchi, Takashi Matsumoto, Naoki Masuyama, and Yusuke Nojima. 2020. Effects of dominance resistant solutions on the performance of evolutionary multi-objective and many-objective algorithms. In Proceedings of the 2020 Genetic and Evolutionary Computation Conference (GECCO '20). Association for Computing Machinery, New York, NY, USA, 507–515. DOI:https://doi.org/10.1145/3377930.3390166\n\n[r-4] Zoph, Barret, et al. \"Learning transferable architectures for scalable image recognition.\" Proceedings of the IEEE conference on computer vision and pattern recognition. 2018.\n\n[r-5] Real, Esteban, et al. \"Regularized evolution for image classifier architecture search.\" Proceedings of the aaai conference on artificial intelligence. Vol. 33. No. 01. 2019.\n\n\n\n"
        },
        "signatures": [
          "ICLR.cc/2022/Conference/Paper3304/Authors"
        ],
        "readers": [
          "everyone"
        ],
        "nonreaders": [],
        "writers": [
          "ICLR.cc/2022/Conference",
          "ICLR.cc/2022/Conference/Paper3304/Authors"
        ]
      },
      {
        "id": "U0YLFAO9eW_",
        "original": null,
        "number": 9,
        "cdate": 1637616038814,
        "mdate": 1637616038814,
        "ddate": null,
        "tcdate": 1637616038814,
        "tmdate": 1637616038814,
        "tddate": null,
        "forum": "FlwzVjfMryn",
        "replyto": "cxp_98vU9OM",
        "invitation": "ICLR.cc/2022/Conference/Paper3304/-/Official_Comment",
        "content": {
          "title": "Acknowledgement",
          "comment": "Thank you for addressing my questions, I appreciate it."
        },
        "signatures": [
          "ICLR.cc/2022/Conference/Paper3304/Reviewer_xfNd"
        ],
        "readers": [
          "everyone"
        ],
        "nonreaders": [],
        "writers": [
          "ICLR.cc/2022/Conference",
          "ICLR.cc/2022/Conference/Paper3304/Reviewer_xfNd"
        ]
      },
      {
        "id": "zgq4Oq0usWP",
        "original": null,
        "number": 10,
        "cdate": 1637675712330,
        "mdate": 1637675712330,
        "ddate": null,
        "tcdate": 1637675712330,
        "tmdate": 1637675712330,
        "tddate": null,
        "forum": "FlwzVjfMryn",
        "replyto": "5iPvo4X90kq",
        "invitation": "ICLR.cc/2022/Conference/Paper3304/-/Official_Comment",
        "content": {
          "title": "Follow-up Comments",
          "comment": "Thank you for your detailed response. Many of my concerns have been properly addressed, so I raise my score to 6. Here are my follow-up comments and concerns:\n\n**1. Novelty and Contribution**\n\nIn my understanding, the crucial idea (\"learn to partition\") along this research line was first proposed and significantly developed in LaNAS and LaMCTS. While LaP^3 and LaMOO are two reasonable extensions (e.g., LaMCTS + X) to tackle planning and multi-objective optimization problems, respectively. \n\nI do aware of the decades-long research on MOO. However, the idea to use dominance relationship or indicator (e.g., hypervolume) to generalize SOO to its MOO counterpart in many different ways for different algorithms is now well-known and widely used in the MOO community. The example of CMA-ES v.s. MO-CMA-ES is one of the early attempts that was proposed 15 years ago. In addition, different classification/partition based methods have been proposed for SOO and MOO as listed in the related work [1-9] (which were not included in the original submission).\n\nThat is why I think the proposed LaMOO method is a \"novel\", \"reasonable\", \"direct\" and \"incremental\" generalization from single-objective LaMCTS to LaMOO. Indeed I have listed the generalization as one of the strengths for this work, with the concerns in the weaknesses. It is a bit unfair to claim I have said LaMOO is \"simple\" or even \"trivial\" (which I never said) and use the term \"awkward\". \n\n**Related Work**\n\nThanks for the proper discussion. (Some of) these related works might deserve to be discussed in the main paper.\n\n**2/3. Theoretical Analysis and Exploitation v.s. Exploration**\n\nThanks for the clarification and the discussion on setting C_p. Is it possible to consider the exploitation v.s. exploration trade-off in the theoretical analysis? It seems that the exploration ability with MCTS is the crucial component that distinguishes LaMCTS from other classification-based methods (e.g., [1-3]).\n\n**7/9. \"Model-Free Algorithm\", Time Complexity, and Wall Clock Run Time**\n\nThank you for the clarification. I totally agree with the authors that the evaluation for real-world optimization problems could be extremely time-consuming (e.g., it can take hours or days), so the sampling efficiency (e.g., number of evaluations) is more important in practice. In this case, the time complexity of LaMOO could be trivial compared with the expensive evaluation. This is also the default assumption for Bayesian optimization.\n\nBut, what is the scenario we should actually need LaMOO + MO-CMA-ES (or NSGA-III)?\n\nIf sampling efficiency is the crucial concern, the original qEHVI and LaMOO + qEHVI are much better than LaMOO + MO-CMA-ES. That is why I think global GP models could be more efficient than the classification model in LaMOO in this case (though we can combine them as in LaMOO + qEHVI). If the actual wall clock time is crucial (with cheap evaluations), the vanilla MO-CMA-ES and NSGA-III would be much faster than the LaMOO+ version with high time complexity. It seems LaMOO + MO-CMA-ES could be suitable for the application with \"not so expensive while not so cheap evaluation\" which could be vague to identify in practice.  \n\n**3 - 6, 8:**\nThank you for the new experiments, analyses, and discussions. \n"
        },
        "signatures": [
          "ICLR.cc/2022/Conference/Paper3304/Reviewer_2MfT"
        ],
        "readers": [
          "everyone"
        ],
        "nonreaders": [],
        "writers": [
          "ICLR.cc/2022/Conference",
          "ICLR.cc/2022/Conference/Paper3304/Reviewer_2MfT"
        ]
      },
      {
        "id": "p5pK2jFQLbf",
        "original": null,
        "number": 11,
        "cdate": 1637727178916,
        "mdate": null,
        "ddate": null,
        "tcdate": 1637727178916,
        "tmdate": 1637727879178,
        "tddate": null,
        "forum": "FlwzVjfMryn",
        "replyto": "zgq4Oq0usWP",
        "invitation": "ICLR.cc/2022/Conference/Paper3304/-/Official_Comment",
        "content": {
          "title": "Response to the follow-up questions",
          "comment": "Thanks for the insightful comments. \n\n**1. Novelty**\n\nWe totally agree that the idea of learning-to-optimize has been leveraged in the previous works (e.g., LaMCTS, LaNAS, LaP^3) for single-objective optimization, and in LaMOO, we leverage this idea for multi-objective optimization. We have acknowledged it in our current version of the paper. We will add more explanations to clarify our contribution in the next revision. \n\nWe are sorry to use the word “awkward” in our rebuttal. We now understand your motivation to reference CMA-ES and MO-CMA-ES separately. Thanks for the clarification. \n\n---\n\n**2. Related work** \n\nWe will incorporate them in the main text in the next revision. \n\n---\n\n**3.Theoretical analysis**\n\nWe have to admit that it is quite non-trivial to incorporate the exploration-exploitation trade-off into our analysis. This key difficulty lies in how to model the process of re-picking the optimal solution with the help of exploration after the initial bad assignment, and how such a re-picking changes the partition learning and future exploration. \n\nWith MCTS, such a learning-to-optimize algorithm will eventually pick the correct solution, since each leaf will be visited infinitely many times. The key is its sample complexity. The intuition here is that as long as the optimal solution is being visited once, it will be “dragged” to the updated good partition once the partition is re-learned with new data points. Therefore the sample complexity is likely to be low. \n\nWhile we will continue working on this part, due to its technical complexity, we may likely leave it to future work. \n\n---\n**4. \"Model-Free Algorithm\", Time Complexity, and Wall Clock Run Time**\n\nWe kindly disagree that a global GP model is able to model the entire landscape of the function well if sample complexity is the critical part to consider. While a global GP model carries the promise to be adaptive to any function, it also needs to model every corner of the function. If initially, GP is too optimistic in one region but too pessimistic in other regions, then it may trap the search to local minima. The same situation may also happen for EA, which lacks a global mechanism to explore.  \n\nOn the other hand, classification-based methods may avoid modeling a region with a complicated landscape altogether and leave its job to local models that focus on local regions. MCTS could ensure bad regions are still frequently explored in case there are any good solutions hiding. Therefore, LaMOO may have an advantage.\n\n\n"
        },
        "signatures": [
          "ICLR.cc/2022/Conference/Paper3304/Authors"
        ],
        "readers": [
          "everyone"
        ],
        "nonreaders": [],
        "writers": [
          "ICLR.cc/2022/Conference",
          "ICLR.cc/2022/Conference/Paper3304/Authors"
        ]
      },
      {
        "id": "OojDY-ucTlC",
        "original": null,
        "number": 12,
        "cdate": 1637914927157,
        "mdate": 1637914927157,
        "ddate": null,
        "tcdate": 1637914927157,
        "tmdate": 1637914927157,
        "tddate": null,
        "forum": "FlwzVjfMryn",
        "replyto": "Q3r2wNH7fGA",
        "invitation": "ICLR.cc/2022/Conference/Paper3304/-/Official_Comment",
        "content": {
          "title": "Comments Added After Reading Author Response",
          "comment": "Authors have addressed all the issues according to my previous comments."
        },
        "signatures": [
          "ICLR.cc/2022/Conference/Paper3304/Reviewer_Vetj"
        ],
        "readers": [
          "everyone"
        ],
        "nonreaders": [],
        "writers": [
          "ICLR.cc/2022/Conference",
          "ICLR.cc/2022/Conference/Paper3304/Reviewer_Vetj"
        ]
      },
      {
        "id": "z80mtefYqJ",
        "original": null,
        "number": 13,
        "cdate": 1638163513555,
        "mdate": 1638163513555,
        "ddate": null,
        "tcdate": 1638163513555,
        "tmdate": 1638163513555,
        "tddate": null,
        "forum": "FlwzVjfMryn",
        "replyto": "ugR8G9rDzH6",
        "invitation": "ICLR.cc/2022/Conference/Paper3304/-/Official_Comment",
        "content": {
          "title": "Response to the response",
          "comment": "Thank you for the reply. It resolved my concerns."
        },
        "signatures": [
          "ICLR.cc/2022/Conference/Paper3304/Reviewer_vdwH"
        ],
        "readers": [
          "everyone"
        ],
        "nonreaders": [],
        "writers": [
          "ICLR.cc/2022/Conference",
          "ICLR.cc/2022/Conference/Paper3304/Reviewer_vdwH"
        ]
      },
      {
        "id": "fSSnf416GR4",
        "original": null,
        "number": 14,
        "cdate": 1638164796863,
        "mdate": 1638164796863,
        "ddate": null,
        "tcdate": 1638164796863,
        "tmdate": 1638164796863,
        "tddate": null,
        "forum": "FlwzVjfMryn",
        "replyto": "p5pK2jFQLbf",
        "invitation": "ICLR.cc/2022/Conference/Paper3304/-/Official_Comment",
        "content": {
          "title": "Thank you for the further response",
          "comment": "Thank you for the further response. I keep the positive score to this work."
        },
        "signatures": [
          "ICLR.cc/2022/Conference/Paper3304/Reviewer_2MfT"
        ],
        "readers": [
          "everyone"
        ],
        "nonreaders": [],
        "writers": [
          "ICLR.cc/2022/Conference",
          "ICLR.cc/2022/Conference/Paper3304/Reviewer_2MfT"
        ]
      },
      {
        "id": "NJtPq9Wr-yG",
        "original": null,
        "number": 1,
        "cdate": 1642697064896,
        "mdate": null,
        "ddate": null,
        "tcdate": 1642697064896,
        "tmdate": 1642697064896,
        "tddate": null,
        "forum": "FlwzVjfMryn",
        "replyto": "FlwzVjfMryn",
        "invitation": "ICLR.cc/2022/Conference/Paper3304/-/Decision",
        "content": {
          "title": "Paper Decision",
          "decision": "Accept (Poster)",
          "comment": "Multi-objective learning is an increasingly important topic. This paper presents a method for better finding parts of the Pareto frontier through a new method to estimate the distance to the frontier and use this proxy to refine the state space partition.  The reviewers found this paper interesting and compelling and generally well written. The reviewers also thought the work could be further improved by better clarifying in the text where the proposed approach might fail, and what properties of the domain are needed, and also to better situate this paper within the related work, potentially including additional experimental comparisons. The authors provided detailed responses to the proposed questions and the authors are encouraged to ensure that these suggestions and discussions are well represented in the revised version."
        },
        "signatures": [
          "ICLR.cc/2022/Conference/Program_Chairs"
        ],
        "readers": [
          "everyone"
        ],
        "nonreaders": [],
        "writers": [
          "ICLR.cc/2022/Conference/Program_Chairs"
        ]
      }
    ],
    "directReplies": [
      {
        "id": "aQsYZ4xdqzm",
        "original": null,
        "number": 1,
        "cdate": 1635823129131,
        "mdate": null,
        "ddate": null,
        "tcdate": 1635823129131,
        "tmdate": 1635823129131,
        "tddate": null,
        "forum": "FlwzVjfMryn",
        "replyto": "FlwzVjfMryn",
        "invitation": "ICLR.cc/2022/Conference/Paper3304/-/Official_Review",
        "content": {
          "summary_of_the_paper": "This paper presents a learning space partitions-based multi-objective optimization framework by using Monte Carlo tree search and an innovatively proposed metric, i.e., dominance number. Solid theoretical analysis on single-objective optimization (SOO) and some observation on multi-objective optimization (MOO) for the space partitions are given. Extensive experiments are conducted based on synthetic functions, vehicle safety problem, Nasbench201 neural architecture search problem, and molecular design. Comparative results with other baselines show the superiority and effectiveness of the proposed LaMOO.",
          "main_review": "This paper seems to be the first work by extending the space-partition approach for SOO to MOO. The metric of dominance number is reasonable and easy-to-follow. This paper is well organized, with good background understanding and proper motivations. Sufficient theoretical analysis and experimental demonstration are provided.\nHowever, this paper still suffers from the issue of insufficient presentation. Some revisions are need to further improve the quality of the paper, listed as:\n1.\tThe full name of UCT should be given.\n2.\tIn Algorithm 1, the sample budget T is used as the termination condition. But it is unclear how to set it in the experiments.\n3.\tThe computational overhead of LaMOO is not very clear. It is better to give a time complexity analysis for LaMOO.\n4.\tIn LaMOO with CMA-ES, the generated solution is constrained to be within the leaf region, but how? In addition, if such a constrain is frequently implemented, does it deteriorate the search efficiency?\n5.\tIt is unclear why the optimization dimension of Nasbench201 is 6. More interpretations are needed.\n6.\tIn page 8, the authors said there are 1000 samples given for three different tasks. But in Fig. 4, only 200 samples are shown. Why?\n7.\tHow to set Cp when HV_max is unknown?\n8.\tPlease have your submission proof-read for English style and grammar issues. For example, there are syntax errors in “LaMOO+qEHVI achieve”, “Thanks to MCTS, LaMOO also considers …are given 1000 samples”, “LaMOO help”, “to performs”, just mention a few. \n9.\tThe paper “Learning space partitions for path planning” was cited twice. \n",
          "summary_of_the_review": "A good paper with clear motivation, interesting idea, solid theoretical and experimental demonstration, but some presentations are not very clear. ",
          "correctness": "3: Some of the paper’s claims have minor issues. A few statements are not well-supported, or require small changes to be made correct.",
          "technical_novelty_and_significance": "3: The contributions are significant and somewhat new. Aspects of the contributions exist in prior work.",
          "empirical_novelty_and_significance": "3: The contributions are significant and somewhat new. Aspects of the contributions exist in prior work.",
          "flag_for_ethics_review": [
            "NO."
          ],
          "recommendation": "6: marginally above the acceptance threshold",
          "confidence": "4: You are confident in your assessment, but not absolutely certain. It is unlikely, but not impossible, that you did not understand some parts of the submission or that you are unfamiliar with some pieces of related work."
        },
        "signatures": [
          "ICLR.cc/2022/Conference/Paper3304/Reviewer_Vetj"
        ],
        "readers": [
          "everyone"
        ],
        "nonreaders": [],
        "writers": [
          "ICLR.cc/2022/Conference",
          "ICLR.cc/2022/Conference/Paper3304/Reviewer_Vetj"
        ]
      },
      {
        "id": "NIs_QrJ3lA",
        "original": null,
        "number": 2,
        "cdate": 1635863773166,
        "mdate": null,
        "ddate": null,
        "tcdate": 1635863773166,
        "tmdate": 1637675795890,
        "tddate": null,
        "forum": "FlwzVjfMryn",
        "replyto": "FlwzVjfMryn",
        "invitation": "ICLR.cc/2022/Conference/Paper3304/-/Official_Review",
        "content": {
          "summary_of_the_paper": "This work proposes a novel learning-based method called  LaMOO to partition the search space for the multi-objective optimization problem. With the learned partition, the computational budget can be allocated to the small promising regions (e.g., the region close to the Pareto frontier) rather than the whole search space. It is a direct generalization from the closely related works (e.g., LaNAS, LaMCTS, and LaP^3) to multi-objective optimization. The proposed LaMOO has promising experimental results on both synthetic functions and real-world optimization problems.",
          "main_review": "**Strengths:**\n\n+ This work is well-organized and generally well-written.\n\n+ The studied problem, multi-objective optimization, is important and could be useful for many real-world applications. \n\n+ The proposed LaMOO method is a reasonable generalization from LaMCTS to multi-objective optimization.\n\n**Weakness:**\n\n*Method:*\n\n**1. Novelty:** \n\n- **Incremental Contribution:** The proposed LaMOO is a direct generalization from the LaMCTS method to multi-objective optimization (MOO). The novel part is to use dominance number as criteria for search space partition and hypervolume for promising region selection. These are all straightforward generalizations for MOO. The contribution of this work is somewhat incremental along the line of LaNAS, LaMCTS, and LaP^3. \n\n- **Missing Closely Related Approaches:** This work claims the proposed approach to learn the promising region is *fundamentally different* from the previous works. However, many classification-based search space partition methods have been proposed in the machine learning community, see [1][2][3] (classification + random sampling). (Tree-based) space partition methods have been widely used for black-box optimization [4][5][6]. In addition, there are also different works on classification-based MOO [7] (SVM + NSGA-II/MO-CMA-ES) [8] (Ordinal SVM + NSGA-II) [9]. \n\n\n**2. Theoretical Analysis:**\n\nA large part of this work is on the theoretical understanding for space partition and LaMCTS. However, the analysis is mostly for single-objective optimization, and the extension to multi-objective optimization is much less promising.\n\n**3. Why LaMOO Works:** \n\nFurther discussions are needed to clearly clarify the properties of LaMOO.\n\n- **Dominance-based Approach for Many Objective Optimization:** LaMOO uses the dominance number as the split criteria to train the SVM models and partition the search space. However, the dominance-based method is typically not good for many objective optimization due to the lack of dominance pressure (e.g., all solutions are non-dominated with each other, and all have the same dominated number). Why is LaMOO still good for many objective optimization? \n\n- **Combination with Multi-Objective Bayesian Optimization (MOBO):** It is straightforward to see the benefit of using LaMOO with model-free optimization (e.g., NSGA-II and MO-CMA-ES). However, it is not so clear to understand why it also works for MOBO (e.g., qEHVI). The qEHVI approach already builds (global) Gaussian process models to approximate each objective function, and uses hypervolume-based criteria to select the most promising solution(s) (e.g., maximizing the expected hypervolume improvement) for evaluation. Therefore, its selected solution(s) should be already on the approximate Pareto front without the LaMOO approach.  Is the good performance due to only use solutions in the promising region to build the models (but I think GP would work well with all data as in the setting considered in this work)? Or because LaMOO restricts the search in the region close to the current best non-dominated solutions (then what is the relation to the trust-region approach [10])?\n \n- **Exploitation v.s. Exploration:** With LaMOO, the solutions can only be selected from the most promising region (e.g., around the current Pareto front), which is good for exploitation. However, will this approach lead to worse overall performance due to the lack of exploration (e.g., cannot find more diverse Pareto solutions far from the current Pareto front)?\n\n**4. Time Complexity:**\n\nWhat is the time complexity of the proposed algorithm? In each step of LaMOO, it has to repeatedly calculate the hypervolume of different regions for promising region selection. However, the computation of hypervolume could be time-consuming, especially for problems with many objectives (e.g., >3). Would it make LaMOO impractical for those problems?\n\n**5. Inaccurate Description for MOO Methods:**\n\n- **CMA-ES:** CMA-ES is a widely-used single objective optimization algorithm [11]. The multi-objective version proposed in (Igel et al., 2007a) is usually called MO-CMA-ES. It is also confusing why most citation for the MO-CMA-ES (in the main paper and Table 1) is for the steady-state updated version (Igel et al., 2007b) but not for the original paper (Igel et al., 2007a).\n\n- **ParEGO:** The seminal algorithm proposed in Knowles (2006) is called ParEGO and the qParEGO is a parallel extension recently proposed in Daulton et al. (2020). It is not suitable to refer the algorithm in Knowles (2006) as qParEGO in Table 1 and the main text.\n\n- **MOEA/D:** In my understanding, MOEA/D is suitable for many objective optimization (objectives > 3), see its performance in the NSGA-III paper (Deb & Jain, 2014), while the main challenge is how to specify the weight vector for a new problem with unknown Pareto front as correctly pointed out in this work. \n\n- **Hypervolume-based Method:** This work indicates the indicator-based method is better for many objective optimization. However, the time complexity and expensive calculation could make the hypervolume-based method impractical for many-objective optimization.\n\n*Experiment:*\n\n**6. Missing Experimental Setting:** \n\nMany important experiment settings are missing in this work, such as the number of initial solutions for MOBO (and its generation method), the number of batched solutions for MOBO (e.g., q), the reference point for hypervolume (during the optimization, and for the final evaluation), the ground truth Pareto front used for calculating the log hypervolume difference for real-world problems (e.g., Nasbench 201).\n\n**7. Comparison to Model-Free Evolutionary Algorithm:**\n\nIt is reasonable that LaMOO can improve the MO-CMA-ES performance since it builds extra models to allocate computation to the most promising region. However, in my understanding, the model-free evolutionary algorithms are not designed for expensive optimization, and their typical use case is with a large number of cheap evaluations with a fast run time. It is more interesting to directly compare LaMOO with other model-based methods (e.g., MO-CMA-ES with GP models).  \n\n**8. MOBO Performance:** \n\nWhat are the hyperparameters for qEHVI? It seems its performance on VehicleSafty problem is worse than those reported in the original paper Daulton et al. (2020). \n\n**9. Wall Clock Run Time:** \n\nPlease report the wall clock run time for both LaMOO and other model-free/model-based algorithms, as in Daulton et al. (2020). \n\n\n**Minor Issues:**\n\nWhen citing multiple works, please put them in chronological order.\n\n**Reference:**\n\n[1] Hashimoto, Tatsunori, Steve Yadlowsky, and John Duchi. Derivative free optimization via repeated classification. AISTATS 2018.\n\n[2] Kumar, Manoj, George E. Dahl, Vijay Vasudevan, and Mohammad Norouzi. Parallel architecture and hyperparameter search via successive halving and classification. arXiv:1805.10255.\n\n[3] Yu, Yang, Hong Qian, and Yi-Qi Hu. Derivative-free optimization via classification. AAAI 2016.\n\n[4] Munos, Rémi. Optimistic optimization of a deterministic function without the knowledge of its smoothness. NeurIPS 2011.\n\n[5] Ziyu Wang, Babak Shakibi, Lin Jin, and Nando de Freitas. Bayesian multi-scale optimistic optimization. AISTATS 2014.\n\n[6] Kenji Kawaguchi, Leslie Pack Kaelbling, and Tomas Lozano-Perez. Bayesian optimization with exponential convergence. NeurIPS 2015.\n\n[7] Loshchilov, Ilya, Marc Schoenauer, and Michèle Sebag. A mono surrogate for multiobjective optimization. In Proceedings of the 12th annual conference on Genetic and evolutionary computation, 2010.\n\n[8] Seah, Chun-Wei, Yew-Soon Ong, Ivor W. Tsang, and Siwei Jiang. Pareto rank learning in multi-objective evolutionary algorithms. In 2012 IEEE Congress on Evolutionary Computation, 2012.\n\n[9] Pan, Linqiang, Cheng He, Ye Tian, Handing Wang, Xingyi Zhang, and Yaochu Jin. A classification-based surrogate-assisted evolutionary algorithm for expensive many-objective optimization. IEEE Transactions on Evolutionary Computation 2018.\n\n[10] Daulton, Samuel, David Eriksson, Maximilian Balandat, and Eytan Bakshy. Multi-Objective Bayesian Optimization over High-Dimensional Search Spaces. arXiv:2109.10964, 2021.\n\n[11] Hansen, Nikolaus, and Andreas Ostermeier. Completely derandomized self-adaptation in evolution strategies. Evolutionary Computation 2001.\n\n[12] Ishibuchi, Hisao, Yu Setoguchi, Hiroyuki Masuda, and Yusuke Nojima. Performance of decomposition-based many-objective algorithms strongly depends on Pareto front shapes. IEEE Transactions on Evolutionary Computation 21, no. 2 (2016): 169-190.\n\n\n\n",
          "summary_of_the_review": "This work tackles an important research problem that could be useful for different partitioners in the community (e.g., multi-objective optimization, Bayesian optimization, and NAS). The proposed method is a reasonable generalization from the LaMCTS method. However, due to the concerns listed above on both the method and the experimental results, I cannot give a clear acceptance to the current manuscript.\n",
          "correctness": "3: Some of the paper’s claims have minor issues. A few statements are not well-supported, or require small changes to be made correct.",
          "technical_novelty_and_significance": "3: The contributions are significant and somewhat new. Aspects of the contributions exist in prior work.",
          "empirical_novelty_and_significance": "3: The contributions are significant and somewhat new. Aspects of the contributions exist in prior work.",
          "flag_for_ethics_review": [
            "NO."
          ],
          "recommendation": "6: marginally above the acceptance threshold",
          "confidence": "4: You are confident in your assessment, but not absolutely certain. It is unlikely, but not impossible, that you did not understand some parts of the submission or that you are unfamiliar with some pieces of related work."
        },
        "signatures": [
          "ICLR.cc/2022/Conference/Paper3304/Reviewer_2MfT"
        ],
        "readers": [
          "everyone"
        ],
        "nonreaders": [],
        "writers": [
          "ICLR.cc/2022/Conference",
          "ICLR.cc/2022/Conference/Paper3304/Reviewer_2MfT"
        ]
      },
      {
        "id": "-V7pAyCx62o",
        "original": null,
        "number": 3,
        "cdate": 1635870469202,
        "mdate": null,
        "ddate": null,
        "tcdate": 1635870469202,
        "tmdate": 1635870469202,
        "tddate": null,
        "forum": "FlwzVjfMryn",
        "replyto": "FlwzVjfMryn",
        "invitation": "ICLR.cc/2022/Conference/Paper3304/-/Official_Review",
        "content": {
          "summary_of_the_paper": "The paper develops an enhancement to multiobjective solvers so to find better Pareto solutions. The idea is to learn a proxy of the distance of samples to the Pareto frontier, and leverage such information to split the search space via a tree structure, Samples can then be extracted from promising nodes of the tree from other multiobjective algorithms. Numerical results investigate the performance of the method for both synthetic and practical benchmarks.\n\n",
          "main_review": "The paper is well-written and, in my view, it offers a simple but effective \"meta\" perspective for multiobjective programming. In particular, it resembles many criterion-search space techniques that split the objective space for strategic exploration. However, here authors use the dominance metric to partition the primal space, which leads to interesting properties and a tree encoding.\n\nI also appreciate the theoretical aspects investigated by the authors, which are sound to the best of my analysis and give a more concrete justification to the results we observe in the numerical setting. \n\nMy major concern, however, is that it is somewhat unclear when the proposed meta-algorithm is applicable or more beneficial. In particular:\n\n(a) Are there (combinatorial) problems where the tree would need to be significantly large to ensure high-quality points are actually found? I was somewhat confused as to how the tree may grow depending on the underlying structure of the problem.\n\n(b) What are the properties that a multiobjective algorithm would need to satisfy to apply the split partition? For example, suppose one is using a multiobjective mixed-integer linear program to enumerate the frontier. Is it possible to represent complex splits in a way that they encode true partitions? It seems that broader split definitions, for instance in larger-dimension criteria space, could be high non-linear (or perhaps I misunderstood some concept?).\n\n(c) What are the guidelines to set the exploration factor C_p empirically? It seems that it is highly optimized for the numerical experiments that were performed in the paper",
          "summary_of_the_review": "A well-written paper that provides an interesting and relevant contribution to multiobjective optimization. One of the key benefits of the method is its generality, in that it can be incorporated into existing multiobjective solvers, and simple implementation. Numerical results suggest significant improvements with little implementation work. ",
          "correctness": "4: All of the claims and statements are well-supported and correct.",
          "technical_novelty_and_significance": "3: The contributions are significant and somewhat new. Aspects of the contributions exist in prior work.",
          "empirical_novelty_and_significance": "3: The contributions are significant and somewhat new. Aspects of the contributions exist in prior work.",
          "flag_for_ethics_review": [
            "NO."
          ],
          "recommendation": "8: accept, good paper",
          "confidence": "4: You are confident in your assessment, but not absolutely certain. It is unlikely, but not impossible, that you did not understand some parts of the submission or that you are unfamiliar with some pieces of related work."
        },
        "signatures": [
          "ICLR.cc/2022/Conference/Paper3304/Reviewer_xfNd"
        ],
        "readers": [
          "everyone"
        ],
        "nonreaders": [],
        "writers": [
          "ICLR.cc/2022/Conference",
          "ICLR.cc/2022/Conference/Paper3304/Reviewer_xfNd"
        ]
      },
      {
        "id": "x2975YHbTqk",
        "original": null,
        "number": 4,
        "cdate": 1636364032683,
        "mdate": null,
        "ddate": null,
        "tcdate": 1636364032683,
        "tmdate": 1636364032683,
        "tddate": null,
        "forum": "FlwzVjfMryn",
        "replyto": "FlwzVjfMryn",
        "invitation": "ICLR.cc/2022/Conference/Paper3304/-/Official_Review",
        "content": {
          "summary_of_the_paper": "This paper proposes to use MCTS to enhance existing algorithms for Multi-Objective Optimization problems.\nExperimental results on a wide range of benchmark problems show the improving performance of the proposed method, LaMOO.\n",
          "main_review": "Strengths.\n- The proposed method uses an interesting combination of algorithms.\n- The results are compelling.\n- The paper is well written. It is easy to understand, well-organized, and the illustrations help understand the behavior of the algorithm.\n\nWeaknesses.\n- It is possible to criticize that it is a combination of existing techniques\n(which is not a serious issue, in my opinion).\n- Some papers propose Multi-Objective optimization using A* search.\nI think the related work section should mention these.\nThe following short paper covers some of such papers as of 2011.\nhttps://www.ijcai.org/Proceedings/11/Papers/483.pdf\n- A part of the algorithm that \"updating all previous samples\" may take a long time for larger-scale problems because the time will be O(N^2) to the sample size N.",
          "summary_of_the_review": "In my opinion, the significant improvement in performance with a simple method is highly valuable.\nThe idea is simple, well-explained, and the results are promising.\nThis paper should be valuable for many applications.\n\n",
          "correctness": "4: All of the claims and statements are well-supported and correct.",
          "technical_novelty_and_significance": "3: The contributions are significant and somewhat new. Aspects of the contributions exist in prior work.",
          "empirical_novelty_and_significance": "4: The contributions are significant, and do not exist in prior works.",
          "flag_for_ethics_review": [
            "NO."
          ],
          "details_of_ethics_concerns": "I did not find any ethical concerns.",
          "recommendation": "8: accept, good paper",
          "confidence": "4: You are confident in your assessment, but not absolutely certain. It is unlikely, but not impossible, that you did not understand some parts of the submission or that you are unfamiliar with some pieces of related work."
        },
        "signatures": [
          "ICLR.cc/2022/Conference/Paper3304/Reviewer_vdwH"
        ],
        "readers": [
          "everyone"
        ],
        "nonreaders": [],
        "writers": [
          "ICLR.cc/2022/Conference",
          "ICLR.cc/2022/Conference/Paper3304/Reviewer_vdwH"
        ]
      },
      {
        "id": "bC4mim1i19a",
        "original": null,
        "number": 3,
        "cdate": 1637295106451,
        "mdate": null,
        "ddate": null,
        "tcdate": 1637295106451,
        "tmdate": 1637547309860,
        "tddate": null,
        "forum": "FlwzVjfMryn",
        "replyto": "FlwzVjfMryn",
        "invitation": "ICLR.cc/2022/Conference/Paper3304/-/Official_Comment",
        "content": {
          "title": "Answer to the common questions from all reviewers",
          "comment": "We are glad to see most of the reviewers are positive with the paper and sincerely thank reviewers for their insightful comments, please check our answers to the common questions below.  We also colored the new contents in the paper to purple.\n\n---\n**Computational complexity & computational overhead of LaMOO**\n\nThanks to the reviewers for raising this important question. \n\nFirst, we want to emphasize that in real-world applications in which it takes hours, days, or even weeks to evaluate one data point to retrieve the values of M objectives, the overhead given limited samples becomes less important. That’s why we choose to use sample efficiency to evaluate our proposed algorithm. \n\nIn our algorithm (**Alg. 1**), in each node, the hypervolume over all samples need to be computed, which is O(n log n) for M <= 3 (See [r-2]) and O(n^(M/2) + n log n) if M > 3 (See [r-1]), where n is the number of samples in each node and M is the number of objectives. At the root node, n can be as large as the total number of samples. Note that it takes O(n^2) to train a nonlinear SVM classifier in each node, therefore HV computation is likely to be the dominating factor when there are many objectives. \n\nThe detailed breakdown of the computational complexity is now listed in Appendix I. \n\nThat being said, while the computational complexity is high, in practice, LaMOO+qEHVI is often faster than qEHVI as shown in **figure.10** in the **appendix.E**. We suspect that these qEHVI multi-objective optimizers also suffer similar issues. \n\n**A cheaper variation with comparable performance**. Furthermore, we also present a variation of our Alg. 1, with similar sample complexity to achieve the same HV but much cheaper computational cost. In **appendix.J**, we have already shown that it has similar performance as Alg. 1 given the same function evaluations, in small-scale problems(see figure.15 and figure.16), and we are currently evaluating it on large-scale problems. The intuition here is to directly search over the leaves of the tree and pick the one with the best UCB score. Then we avoid HV computations at intermediate nodes and only need to compute HV at each leaf node, which typically contains much fewer samples (e.g., 10-30) than the root node. Still, nonlinear SVM classifiers need to be trained at each intermediate node, yielding quadratic computational complexity. \n\nNote that computing hypervolume is a hard problem (#P-hard, see [here](https://arxiv.org/pdf/0812.2636.pdf)) and all multiple-objective optimization techniques that compute hypervolume algorithmically would meet with the same issue. To improve on HV computation is beyond the scope of this paper. We acknowledge this is a limitation and will mention it explicitly in the next revision.\n\n---\n**Guidelines to set the exploration factor C_p**  \n\nAs we mentioned in **Sec.5.3**, a \"rule of thumb\" is to set the Cp to be roughly 10% of the maximum hypervolume HVmax. If HVmax is $\\textbf{unknown}$, Cp can be dynamically set to 10% of the hypervolume of current samples in each search iteration. The **figure.9** in **Appendix.D** demonstrates the difference between 10% HVmax and 10 % HVcur in three problems(Branin-Currin, VehicleSafety, and  Nasbench201). The final performances by using 10% HVmax and 10 % HVcur are similar.\n\n---\n**Reference** \n\n[r-1]Nicola Beume. 2009. S-metric calculation by considering dominated hypervolume as klee's measure problem. Evol. Comput. 17, 4 (Winter 2009), 477–492. DOI:https://doi.org/10.1162/evco.2009.17.4.17402\n\n[r-2]N. Beume, C. M. Fonseca, M. Lopez-Ibanez, L. Paquete and J. Vahrenhold, \"On the Complexity of Computing the Hypervolume Indicator,\" in IEEE Transactions on Evolutionary Computation, vol. 13, no. 5, pp. 1075-1082, Oct. 2009, doi: 10.1109/TEVC.2009.2015575.\n"
        },
        "signatures": [
          "ICLR.cc/2022/Conference/Paper3304/Authors"
        ],
        "readers": [
          "everyone"
        ],
        "nonreaders": [],
        "writers": [
          "ICLR.cc/2022/Conference",
          "ICLR.cc/2022/Conference/Paper3304/Authors"
        ]
      },
      {
        "id": "NJtPq9Wr-yG",
        "original": null,
        "number": 1,
        "cdate": 1642697064896,
        "mdate": null,
        "ddate": null,
        "tcdate": 1642697064896,
        "tmdate": 1642697064896,
        "tddate": null,
        "forum": "FlwzVjfMryn",
        "replyto": "FlwzVjfMryn",
        "invitation": "ICLR.cc/2022/Conference/Paper3304/-/Decision",
        "content": {
          "title": "Paper Decision",
          "decision": "Accept (Poster)",
          "comment": "Multi-objective learning is an increasingly important topic. This paper presents a method for better finding parts of the Pareto frontier through a new method to estimate the distance to the frontier and use this proxy to refine the state space partition.  The reviewers found this paper interesting and compelling and generally well written. The reviewers also thought the work could be further improved by better clarifying in the text where the proposed approach might fail, and what properties of the domain are needed, and also to better situate this paper within the related work, potentially including additional experimental comparisons. The authors provided detailed responses to the proposed questions and the authors are encouraged to ensure that these suggestions and discussions are well represented in the revised version."
        },
        "signatures": [
          "ICLR.cc/2022/Conference/Program_Chairs"
        ],
        "readers": [
          "everyone"
        ],
        "nonreaders": [],
        "writers": [
          "ICLR.cc/2022/Conference/Program_Chairs"
        ]
      }
    ]
  }
}