{
  "id": "HBsJNesj2S",
  "original": "mv3iNx4TJDz",
  "number": 466,
  "cdate": 1632875454466,
  "mdate": null,
  "ddate": null,
  "tcdate": 1632875454466,
  "tmdate": 1676330669883,
  "tddate": null,
  "forum": "HBsJNesj2S",
  "replyto": null,
  "invitation": "ICLR.cc/2022/Conference/-/Blind_Submission",
  "content": {
    "title": "Neural Relational Inference with Node-Specific Information ",
    "authorids": [
      "~Ershad_Banijamali2"
    ],
    "authors": [
      "Ershad Banijamali"
    ],
    "keywords": [
      "Graph Neural Networks",
      "Variational Inference",
      "Trajectory Prediction"
    ],
    "abstract": "Inferring interactions among entities is an important problem in studying dynamical systems, which greatly impacts the performance of downstream tasks, such as prediction. In this paper, we tackle the relational inference problem in a setting where each entity can potentially have a set of individualized information that other entities cannot have access to. Specifically, we represent the system using a graph in which the individualized information become node-specific information (NSI). We build our model in the framework of Neural Relation Inference (NRI), where the interaction among entities are uncovered using variational inference. We adopt NRI model to incorporate the individualized information by introducing private nodes in the graph that represent NSI. Such representation enables us to uncover more accurate relations among the agents and therefore leads to better performance on the downstream tasks. Our experiment results over real-world datasets validate the merit of our proposed algorithm. ",
    "one-sentence_summary": "We use variational inference to uncover relations among agents in a multi-agent system, given that the agents can have access to some private information",
    "code_of_ethics": "",
    "submission_guidelines": "",
    "resubmission": "",
    "student_author": "",
    "serve_as_reviewer": "",
    "paperhash": "banijamali|neural_relational_inference_with_nodespecific_information",
    "pdf": "/pdf/96c13a371051c12e097a483a7c11e21162aa63da.pdf",
    "data": "",
    "_bibtex": "@inproceedings{\nbanijamali2022neural,\ntitle={Neural Relational Inference with Node-Specific Information },\nauthor={Ershad Banijamali},\nbooktitle={International Conference on Learning Representations},\nyear={2022},\nurl={https://openreview.net/forum?id=HBsJNesj2S}\n}",
    "venue": "ICLR 2022 Poster",
    "venueid": "ICLR.cc/2022/Conference"
  },
  "signatures": [
    "ICLR.cc/2022/Conference"
  ],
  "readers": [
    "everyone"
  ],
  "nonreaders": [],
  "writers": [
    "ICLR.cc/2022/Conference"
  ],
  "tauthor": "OpenReview.net",
  "pdate": 1643407560000,
  "odate": 1633539600000,
  "details": {
    "overwriting": [],
    "tags": [],
    "writable": false,
    "replyCount": 9,
    "directReplyCount": 4,
    "revisions": true,
    "replies": [
      {
        "id": "tPI8qOst7Fs",
        "original": null,
        "number": 1,
        "cdate": 1634716025523,
        "mdate": null,
        "ddate": null,
        "tcdate": 1634716025523,
        "tmdate": 1635575920559,
        "tddate": null,
        "forum": "HBsJNesj2S",
        "replyto": "HBsJNesj2S",
        "invitation": "ICLR.cc/2022/Conference/Paper466/-/Official_Review",
        "content": {
          "summary_of_the_paper": "This paper presents a neural relational inference model with node-specific information. Experiments on real-world datasets validate the merit of the proposed method.",
          "main_review": "This paper presents a neural relational inference model with node-specific information. Experiments on real-world datasets validate the merit of the proposed method. \n\nStengths:\n1. This paper is well written and the idea is clear. \n2. The results are promising compared to various baslines. \n\nWeaknesses:\n1. The codes are not availabel, it is difficut for others to re-produce the results. ",
          "summary_of_the_review": "This paper presents a neural relational inference model with node-specific information. Experiments on real-world datasets validate the merit of the proposed method. \n\nStengths:\n1. This paper is well written and the idea is clear. \n2. The results are promising compared to various baslines. \n\nWeaknesses:\n1. The codes are not availabel, it is difficut for others to re-produce the results. ",
          "correctness": "3: Some of the paper’s claims have minor issues. A few statements are not well-supported, or require small changes to be made correct.",
          "technical_novelty_and_significance": "3: The contributions are significant and somewhat new. Aspects of the contributions exist in prior work.",
          "empirical_novelty_and_significance": "3: The contributions are significant and somewhat new. Aspects of the contributions exist in prior work.",
          "flag_for_ethics_review": [
            "NO."
          ],
          "details_of_ethics_concerns": "NO",
          "recommendation": "8: accept, good paper",
          "confidence": "3: You are fairly confident in your assessment. It is possible that you did not understand some parts of the submission or that you are unfamiliar with some pieces of related work. Math/other details were not carefully checked."
        },
        "signatures": [
          "ICLR.cc/2022/Conference/Paper466/Reviewer_NM6N"
        ],
        "readers": [
          "everyone"
        ],
        "nonreaders": [],
        "writers": [
          "ICLR.cc/2022/Conference",
          "ICLR.cc/2022/Conference/Paper466/Reviewer_NM6N"
        ]
      },
      {
        "id": "yhX4Kdzel-x",
        "original": null,
        "number": 2,
        "cdate": 1635911776050,
        "mdate": null,
        "ddate": null,
        "tcdate": 1635911776050,
        "tmdate": 1635911776050,
        "tddate": null,
        "forum": "HBsJNesj2S",
        "replyto": "HBsJNesj2S",
        "invitation": "ICLR.cc/2022/Conference/Paper466/-/Official_Review",
        "content": {
          "summary_of_the_paper": "**Summary**: This paper introduces a neural relational inference model that makes use of the hidden features of each node in a variational inference framework. Specifically, the hidden/individual information is modeled as private node in the graph. Importantly, the task assumption made by the authors is that these individualized features cannot be observed by other entities. \n\n**Contributions**: \n1. The authors claim be to the first to study the use of individualized information for each entity in this direction.\n2. The proposed approach achieve state-of-the-art results while only introducing minimum additional computational complexity. ",
          "main_review": "## Weaknesses\n* The task assumption of the paper does not look straightforward to me. I am doubtful about the practical value of the task setting: \"the individualized information cannot be accessed by other entities but its effect will be observed in the future\". Is this a well-recognized setting? Are there practical scenarios of this assumption?\n* Given the existing work of NRI and the variational inference framework, the paper is not clear about the contributions. For instance, what are the new challenges that need to be solved after introducing the private entities? Besides the model architectures, what are the key innovations? \n\n## Strengths\n* The experimental results look strong and thorough. Different datasets are considered and the improvements are significant. ",
          "summary_of_the_review": "Overall, this paper has demonstrated strong results on neural relational inference tasks. The concerns I have are about the assumption of the approach and unclear novelty points. ",
          "correctness": "4: All of the claims and statements are well-supported and correct.",
          "technical_novelty_and_significance": "2: The contributions are only marginally significant or novel.",
          "empirical_novelty_and_significance": "2: The contributions are only marginally significant or novel.",
          "flag_for_ethics_review": [
            "NO."
          ],
          "recommendation": "5: marginally below the acceptance threshold",
          "confidence": "2: You are willing to defend your assessment, but it is quite likely that you did not understand the central parts of the submission or that you are unfamiliar with some pieces of related work. Math/other details were not carefully checked."
        },
        "signatures": [
          "ICLR.cc/2022/Conference/Paper466/Reviewer_hKEW"
        ],
        "readers": [
          "everyone"
        ],
        "nonreaders": [],
        "writers": [
          "ICLR.cc/2022/Conference",
          "ICLR.cc/2022/Conference/Paper466/Reviewer_hKEW"
        ]
      },
      {
        "id": "QNo0EW2Eadx",
        "original": null,
        "number": 3,
        "cdate": 1635932606304,
        "mdate": null,
        "ddate": null,
        "tcdate": 1635932606304,
        "tmdate": 1637945309680,
        "tddate": null,
        "forum": "HBsJNesj2S",
        "replyto": "HBsJNesj2S",
        "invitation": "ICLR.cc/2022/Conference/Paper466/-/Official_Review",
        "content": {
          "summary_of_the_paper": "The paper introduces the concept of node-specific information (NSI) to model that nodes in a graph may have private information that other nodes cannot have access to. The paper uses Neural Relation Inference (NRI), a framework published in 2018 based on variational inference, to uncover the hidden relations of nodes in the graph. For instance, in a driving scenario, different cars can be nodes in a graph with their publicly visible trajectory and their private information about the intention (e.g. desired destination), which is not shared with other nodes. The encoder and decoder in NRI are modified such that NSI stays private and is not shared with other nodes. The paper considers problems that require uncovering the interactions of entities in a multi-agent dynamical system. The evaluation is based on the accuracy of future trajectory prediction. The paper demonstrates the effectiveness of the idea on three different datasets, one action-conditional dataset and two goal-conditional datasets.",
          "main_review": "Strengths:\n- The concept of node-specific information (NSI) seems to be novel and is interesting.\n- The paper is well-written. All components are explained in detail.\n- The paper demonstrate the effectiveness of the idea. The proposed approach performs better than reference systems that use the private information only at the decoder. Hence, I agree with the conclusion that the approach helps to form better interaction graphs.\n- The distinction to prior works, especially NRI, is clear. It is easy for the reader to understand what the contributions of the paper are.\n\nWeaknesses:\n- The paper argues that in many real-world examples, \"there is a set of hidden features that affect the way entities interact with each other.\" However, I am not sure how reasonable this is. For instance, in autonomous driving, it seems reasonable that considering the intention of individual entities can help to generate an interaction graph. However, it is not the hidden features that affect the interaction of the entities, but only the public nodes, which are affected by the hidden features.\n- The paper uses autonomous driving as an example. However, in autonomous driving, the intention of a car can be shared with other cars via car2car communication. However, sharing this information is limited to system that are capable of this form of communication. Pedestrians, for instance, also have private intentions that cannot be shared easily.\n- I am missing an analysis of the learned graphs, since the paper states that their method is better able to learn interaction graphs. Now I am wondering if this difference can be visualized in an example from one of datasets, or even better analyzed in a systematic way.\n\n\nQuestions:\n- Question 1: One perhaps crucial part is not yet entirely clear to me: Since the public nodes are connected, and each public node is connected to its private node, isn't it possible that the private information flows to the other nodes in only 2 hops, especially in the decoder? Then, the private information can be shared with other public nodes. The paper states that \"... however its [the private node's] effect might be observed in the future times steps ...\". But as far as I understand, it is not only the effect of the private information but the private information itself that can be shared. It would be great if the authors or other reviewers could clarify this point.\n- Question 2: Furthermore, I am wondering if the approach can actually be used in real-world situations, for instance for autonomous driving. In a real-world setting, each car, and therefore each model, has its own set of hidden information that is not shared with other cars, which means that each model only has access to the private information of a single car. However, the model assumes to have  access to all the private nodes (i.e. it has a global view of the problem, not only a local view), which seems to not fit to the envisioned application setup.",
          "summary_of_the_review": "To summarize, the idea of introducing node-specific, private information into a graph of multiple interactive systems seems to be novel and interesting and improves the prediction performance. However, it is not entirely clear to me if the private information can be propagated to other nodes (question 1) and if the model can even be applied in the envisioned scenario (question 2). I think the answers to both questions are important to make a reasonable assessment of the paper. Hence, my recommendation is rather tentative and I will update it as soon as the application setup becomes more clear to me.\n\nAfter rebuttal:\nThanks a lot for the author's replies. I still think the applicability of the idea may be problematic, but I think the idea of NSI is sufficently interesting and novel to be accepted to this conference. Hence, I raise my score to accept.",
          "correctness": "3: Some of the paper’s claims have minor issues. A few statements are not well-supported, or require small changes to be made correct.",
          "technical_novelty_and_significance": "4: The contributions are significant, and do not exist in prior works.",
          "empirical_novelty_and_significance": "3: The contributions are significant and somewhat new. Aspects of the contributions exist in prior work.",
          "flag_for_ethics_review": [
            "NO."
          ],
          "recommendation": "8: accept, good paper",
          "confidence": "2: You are willing to defend your assessment, but it is quite likely that you did not understand the central parts of the submission or that you are unfamiliar with some pieces of related work. Math/other details were not carefully checked."
        },
        "signatures": [
          "ICLR.cc/2022/Conference/Paper466/Reviewer_SFbP"
        ],
        "readers": [
          "everyone"
        ],
        "nonreaders": [],
        "writers": [
          "ICLR.cc/2022/Conference",
          "ICLR.cc/2022/Conference/Paper466/Reviewer_SFbP"
        ]
      },
      {
        "id": "UhbMoXUj2lq",
        "original": null,
        "number": 2,
        "cdate": 1637073297365,
        "mdate": 1637073297365,
        "ddate": null,
        "tcdate": 1637073297365,
        "tmdate": 1637073297365,
        "tddate": null,
        "forum": "HBsJNesj2S",
        "replyto": "tPI8qOst7Fs",
        "invitation": "ICLR.cc/2022/Conference/Paper466/-/Official_Comment",
        "content": {
          "title": "Response to Reviewer NM6N",
          "comment": "We thank the reviewer for their valuable time and their feedback. We are happy to see their approval but also would like to elaborate on the issue about the code.\n\nThe code for the submission will be available as soon as possible but the implementation of the model should be straightforward given the details in Appendix A.\n"
        },
        "signatures": [
          "ICLR.cc/2022/Conference/Paper466/Authors"
        ],
        "readers": [
          "everyone"
        ],
        "nonreaders": [],
        "writers": [
          "ICLR.cc/2022/Conference",
          "ICLR.cc/2022/Conference/Paper466/Authors"
        ]
      },
      {
        "id": "_rcifcEpKKL",
        "original": null,
        "number": 3,
        "cdate": 1637074459956,
        "mdate": null,
        "ddate": null,
        "tcdate": 1637074459956,
        "tmdate": 1637074534926,
        "tddate": null,
        "forum": "HBsJNesj2S",
        "replyto": "yhX4Kdzel-x",
        "invitation": "ICLR.cc/2022/Conference/Paper466/-/Official_Comment",
        "content": {
          "title": "Response to Reviewer hKEW",
          "comment": "We thank the reviewer for their valuable time and feedback. We hope to be able to address the raised concerns here and improve your final rating. \n\nWeaknesses: \n\n* The exact quote from the paper reads “ $\\mathbf{c}_i^t$ cannot be observed by other entities, however its effect $\\textit{might be}$ observed in the future time steps through $\\mathbf{x}^{t+k}_i (k > 0)$.” To better present this setting, consider a car whose intention is to change lanes in a highway. This intention is never known to the other cars. However, the intention is reflected in the future trajectory of the car in the next time steps and the other cars can also observe this trajectory. In this example the intention is NSI ($\\mathbf{c}_i^t$) and the future trajectory is the effect of this NSI and represented as $\\mathbf{x}^{t+k}_i $. This is in fact a practical setting in real-world.  \nPlease note that there are other forms of NSI that other agents cannot observe their effect, e.g. POV sensory data. \n\n    Our goal in this paper is to best exploit the NSI to form better interactions among the agents so that we can succeed in the downstream tasks. Whether the NSI’s effect can be observed in the future or not, does not affect our proposed model or its performance. \n\n* There are multiple novel points in our work compared to NRI: \n\n   * First of all, the introduction of NSI in this framework is novel. NSI can represent various types of private information that affect the interaction modelling. Relational inference is a crucial problem in the domain of multi-agent systems and the introduction of NSI opens up a new set of challenges and opportunities in this direction. We investigated the effect of two important types of NSI that are of great interest in the autonomous driving community, i.e. actions and goals of agents. \n\n   * Secondly, we presented a novel way to represent the NSI by introducing the private nodes in the graph structure. This also includes defining new types of edges among the nodes.\n  \n   * The other important and novel point in our model is in designing the edge uncovering process (encoder) and the node update process (decoder) in the presence of private information. We designed our model in a way that the private information is never leaked from one node to other ones. \n"
        },
        "signatures": [
          "ICLR.cc/2022/Conference/Paper466/Authors"
        ],
        "readers": [
          "everyone"
        ],
        "nonreaders": [],
        "writers": [
          "ICLR.cc/2022/Conference",
          "ICLR.cc/2022/Conference/Paper466/Authors"
        ]
      },
      {
        "id": "gFCx7BpIguY",
        "original": null,
        "number": 4,
        "cdate": 1637077743435,
        "mdate": 1637077743435,
        "ddate": null,
        "tcdate": 1637077743435,
        "tmdate": 1637077743435,
        "tddate": null,
        "forum": "HBsJNesj2S",
        "replyto": "QNo0EW2Eadx",
        "invitation": "ICLR.cc/2022/Conference/Paper466/-/Official_Comment",
        "content": {
          "title": "Response to Reviewer SFbP",
          "comment": "Thank you very much for your valuable time and detailed comments. We hope that we can resolve the raised issues in a constructive discussion.\n\nFirst of all, thank you for highlighting the positive points about the paper and finding the idea interesting.  \n\n\nWeaknesses:\n\n* Regarding the importance of NSI in multi-agent systems: In multi-agent systems the hidden features (NSI) can be seen in different forms. NSI can be as basic and ubiquitous as the POV observations from the environment for each agent. That is, each agent has its own sensory data received from the environment, which differs from other agents and is not shared among agents. In our paper we considered a more complicated form of NSI, i.e. intention. In our experiments we studied the effect of intention on relational inference in two cases: action-conditional and goal-conditional prediction. Both of these problems are important problems in multi-agent systems, especially in autonomous driving. \n\n   Regarding the role of NSI in relational inference: Additionally we believe that both hidden features and observable features heavily affect the type of relations that an agent should make with other agents. For example, consider a scenario in which a car arrives at an intersection. Let’s think of two cases. In the first case the car’s intention is to turn left. It’s important for this car to make relations with the other cars that are coming from the opposite direction. In the second case the car’s intention is to turn right at the intersection. Although the past trajectories (observable features) are the same as case 1, there are other types of relations with another set of cars that should be inferred. Therefore, the intention plays a role in defining the type of relations a car should make with other cars.\n\n\n* This is a very interesting point. As you mentioned, sharing NSI in autonomous driving is a problem, which is far from being solved. In the current state of autonomous driving, it is still very reasonable and realistic to consider intention as some private information. However, given that there is a capability among the agents in the system to share their NSIs, the problem formulation should change. This seems to be an interesting direction for research, which is out of scope of current submission.\n\n\n* In the appendix B.2 of the paper, we provided evidence about the capability of our model in terms of relational inference. Using two experiments on real-world and synthetic data, we showed our model outperforms the base models in terms of accuracy of predicting relations among different agents. \n\n\n\nQuestions:\n\n1- This is an important question. Based on eq. 8-19, at each time step, the NSI is never shared among the agents in the encoder or the decoder: To form the edge $\\mathbf{z}^t_{ij}$ ,  only the private information of node $j$ is used. Also, when we predict   $\\mathbf{x}^{t+1}_{j}$  from the constructed graph, only $\\mathbf{c}_j^{1:t}$ are used and not others' NSI. For the next time step, we form a “new” graph for the system using the updated observations and NSI. From the new graph we predict a new set of observations and so on. Therefore, NSI is never shared among the agents from one time step to the next one. However, the effect of NSI might be reflected in the predicted observations. For example, if at time t, the intention of car $j$ ($\\mathbf{c}_j^t$) is to turn left in an intersection, the other cars can see the effect of this intention at future time steps through $\\mathbf{x}_j^{t+1:t+k}$. This is a practical assumption in the real world: we do not observe other cars’ intentions but we observe the effect of their intentions in their future trajectories. \n \n\n\n\n2- Regarding the second question there are two points that we should mention here:\n   * The proposed model supports both presence and absence of NSI for the agents. However, during the training, random assignment of the NSI (e.g. goal) to agents provides more robustness for the model. During the test we can assign the goal to a single car (local view) or multiple cars (global view) and our model can handle both.\n\n\n   * In some applications, e.g. building a driving simulator, we use the global view to predict/control the cars’ movements. Therefore we can assign the NSI to multiple agents.  \n\nWe really enjoyed reading the comments of the reviewer and hope to be able to answer their questions and improve their final rating."
        },
        "signatures": [
          "ICLR.cc/2022/Conference/Paper466/Authors"
        ],
        "readers": [
          "everyone"
        ],
        "nonreaders": [],
        "writers": [
          "ICLR.cc/2022/Conference",
          "ICLR.cc/2022/Conference/Paper466/Authors"
        ]
      },
      {
        "id": "YcPFNfkWbq",
        "original": null,
        "number": 9,
        "cdate": 1638035818848,
        "mdate": 1638035818848,
        "ddate": null,
        "tcdate": 1638035818848,
        "tmdate": 1638035818848,
        "tddate": null,
        "forum": "HBsJNesj2S",
        "replyto": "QNo0EW2Eadx",
        "invitation": "ICLR.cc/2022/Conference/Paper466/-/Official_Comment",
        "content": {
          "title": "Thank you for raising your score",
          "comment": "Thank you very much again for your insightful comments about the paper. It is great to see that your initial concerns are mostly addressed and you raised the score."
        },
        "signatures": [
          "ICLR.cc/2022/Conference/Paper466/Authors"
        ],
        "readers": [
          "everyone"
        ],
        "nonreaders": [],
        "writers": [
          "ICLR.cc/2022/Conference",
          "ICLR.cc/2022/Conference/Paper466/Authors"
        ]
      },
      {
        "id": "uIRAB_Tk5Kr",
        "original": null,
        "number": 11,
        "cdate": 1638858690212,
        "mdate": 1638858690212,
        "ddate": null,
        "tcdate": 1638858690212,
        "tmdate": 1638858690212,
        "tddate": null,
        "forum": "HBsJNesj2S",
        "replyto": "yhX4Kdzel-x",
        "invitation": "ICLR.cc/2022/Conference/Paper466/-/Official_Comment",
        "content": {
          "title": "Response to Reviewer hKEW",
          "comment": "We would really appreciate it if the reviewer could let us know whether their concerns regarding the paper have been resolved or not. We would be happy to continue this discussion if there is any further questions.\n\nThank you again for your valuable time and feedbacks.\n\n"
        },
        "signatures": [
          "ICLR.cc/2022/Conference/Paper466/Authors"
        ],
        "readers": [
          "everyone"
        ],
        "nonreaders": [],
        "writers": [
          "ICLR.cc/2022/Conference",
          "ICLR.cc/2022/Conference/Paper466/Authors"
        ]
      },
      {
        "id": "wsAdI8tPRZm",
        "original": null,
        "number": 1,
        "cdate": 1642696862264,
        "mdate": null,
        "ddate": null,
        "tcdate": 1642696862264,
        "tmdate": 1642696862264,
        "tddate": null,
        "forum": "HBsJNesj2S",
        "replyto": "HBsJNesj2S",
        "invitation": "ICLR.cc/2022/Conference/Paper466/-/Decision",
        "content": {
          "title": "Paper Decision",
          "decision": "Accept (Poster)",
          "comment": "This paper extends the Neural Relational Inference framework for probabilistic inference of interaction relations between entities, to a scenario where entities may have private features, which requires modifications of the standard graph encoders and decoders in NRI.\n\nReviewers appreciated both the model and the overall execution of the paper: the building blocks are clear, the evaluation does its job well. The main doubts are about the applicability of the setting, for which the authors don't provide too many examples. However, the construction is somewhat intuitive, and even in cases where private attributes aren't explicit, it may be valuable to disentangle the shareable attributes this way. We encourage the reviewers to discuss the applicability a bit further.\n\nTypos: (not exhaustive, please doublecheck with a spell checker)\n - multiple occurrences of Gumble instead of Gumbel\n - bottom of pg 4, factorzied -> factorized"
        },
        "signatures": [
          "ICLR.cc/2022/Conference/Program_Chairs"
        ],
        "readers": [
          "everyone"
        ],
        "nonreaders": [],
        "writers": [
          "ICLR.cc/2022/Conference/Program_Chairs"
        ]
      }
    ],
    "directReplies": [
      {
        "id": "tPI8qOst7Fs",
        "original": null,
        "number": 1,
        "cdate": 1634716025523,
        "mdate": null,
        "ddate": null,
        "tcdate": 1634716025523,
        "tmdate": 1635575920559,
        "tddate": null,
        "forum": "HBsJNesj2S",
        "replyto": "HBsJNesj2S",
        "invitation": "ICLR.cc/2022/Conference/Paper466/-/Official_Review",
        "content": {
          "summary_of_the_paper": "This paper presents a neural relational inference model with node-specific information. Experiments on real-world datasets validate the merit of the proposed method.",
          "main_review": "This paper presents a neural relational inference model with node-specific information. Experiments on real-world datasets validate the merit of the proposed method. \n\nStengths:\n1. This paper is well written and the idea is clear. \n2. The results are promising compared to various baslines. \n\nWeaknesses:\n1. The codes are not availabel, it is difficut for others to re-produce the results. ",
          "summary_of_the_review": "This paper presents a neural relational inference model with node-specific information. Experiments on real-world datasets validate the merit of the proposed method. \n\nStengths:\n1. This paper is well written and the idea is clear. \n2. The results are promising compared to various baslines. \n\nWeaknesses:\n1. The codes are not availabel, it is difficut for others to re-produce the results. ",
          "correctness": "3: Some of the paper’s claims have minor issues. A few statements are not well-supported, or require small changes to be made correct.",
          "technical_novelty_and_significance": "3: The contributions are significant and somewhat new. Aspects of the contributions exist in prior work.",
          "empirical_novelty_and_significance": "3: The contributions are significant and somewhat new. Aspects of the contributions exist in prior work.",
          "flag_for_ethics_review": [
            "NO."
          ],
          "details_of_ethics_concerns": "NO",
          "recommendation": "8: accept, good paper",
          "confidence": "3: You are fairly confident in your assessment. It is possible that you did not understand some parts of the submission or that you are unfamiliar with some pieces of related work. Math/other details were not carefully checked."
        },
        "signatures": [
          "ICLR.cc/2022/Conference/Paper466/Reviewer_NM6N"
        ],
        "readers": [
          "everyone"
        ],
        "nonreaders": [],
        "writers": [
          "ICLR.cc/2022/Conference",
          "ICLR.cc/2022/Conference/Paper466/Reviewer_NM6N"
        ]
      },
      {
        "id": "yhX4Kdzel-x",
        "original": null,
        "number": 2,
        "cdate": 1635911776050,
        "mdate": null,
        "ddate": null,
        "tcdate": 1635911776050,
        "tmdate": 1635911776050,
        "tddate": null,
        "forum": "HBsJNesj2S",
        "replyto": "HBsJNesj2S",
        "invitation": "ICLR.cc/2022/Conference/Paper466/-/Official_Review",
        "content": {
          "summary_of_the_paper": "**Summary**: This paper introduces a neural relational inference model that makes use of the hidden features of each node in a variational inference framework. Specifically, the hidden/individual information is modeled as private node in the graph. Importantly, the task assumption made by the authors is that these individualized features cannot be observed by other entities. \n\n**Contributions**: \n1. The authors claim be to the first to study the use of individualized information for each entity in this direction.\n2. The proposed approach achieve state-of-the-art results while only introducing minimum additional computational complexity. ",
          "main_review": "## Weaknesses\n* The task assumption of the paper does not look straightforward to me. I am doubtful about the practical value of the task setting: \"the individualized information cannot be accessed by other entities but its effect will be observed in the future\". Is this a well-recognized setting? Are there practical scenarios of this assumption?\n* Given the existing work of NRI and the variational inference framework, the paper is not clear about the contributions. For instance, what are the new challenges that need to be solved after introducing the private entities? Besides the model architectures, what are the key innovations? \n\n## Strengths\n* The experimental results look strong and thorough. Different datasets are considered and the improvements are significant. ",
          "summary_of_the_review": "Overall, this paper has demonstrated strong results on neural relational inference tasks. The concerns I have are about the assumption of the approach and unclear novelty points. ",
          "correctness": "4: All of the claims and statements are well-supported and correct.",
          "technical_novelty_and_significance": "2: The contributions are only marginally significant or novel.",
          "empirical_novelty_and_significance": "2: The contributions are only marginally significant or novel.",
          "flag_for_ethics_review": [
            "NO."
          ],
          "recommendation": "5: marginally below the acceptance threshold",
          "confidence": "2: You are willing to defend your assessment, but it is quite likely that you did not understand the central parts of the submission or that you are unfamiliar with some pieces of related work. Math/other details were not carefully checked."
        },
        "signatures": [
          "ICLR.cc/2022/Conference/Paper466/Reviewer_hKEW"
        ],
        "readers": [
          "everyone"
        ],
        "nonreaders": [],
        "writers": [
          "ICLR.cc/2022/Conference",
          "ICLR.cc/2022/Conference/Paper466/Reviewer_hKEW"
        ]
      },
      {
        "id": "QNo0EW2Eadx",
        "original": null,
        "number": 3,
        "cdate": 1635932606304,
        "mdate": null,
        "ddate": null,
        "tcdate": 1635932606304,
        "tmdate": 1637945309680,
        "tddate": null,
        "forum": "HBsJNesj2S",
        "replyto": "HBsJNesj2S",
        "invitation": "ICLR.cc/2022/Conference/Paper466/-/Official_Review",
        "content": {
          "summary_of_the_paper": "The paper introduces the concept of node-specific information (NSI) to model that nodes in a graph may have private information that other nodes cannot have access to. The paper uses Neural Relation Inference (NRI), a framework published in 2018 based on variational inference, to uncover the hidden relations of nodes in the graph. For instance, in a driving scenario, different cars can be nodes in a graph with their publicly visible trajectory and their private information about the intention (e.g. desired destination), which is not shared with other nodes. The encoder and decoder in NRI are modified such that NSI stays private and is not shared with other nodes. The paper considers problems that require uncovering the interactions of entities in a multi-agent dynamical system. The evaluation is based on the accuracy of future trajectory prediction. The paper demonstrates the effectiveness of the idea on three different datasets, one action-conditional dataset and two goal-conditional datasets.",
          "main_review": "Strengths:\n- The concept of node-specific information (NSI) seems to be novel and is interesting.\n- The paper is well-written. All components are explained in detail.\n- The paper demonstrate the effectiveness of the idea. The proposed approach performs better than reference systems that use the private information only at the decoder. Hence, I agree with the conclusion that the approach helps to form better interaction graphs.\n- The distinction to prior works, especially NRI, is clear. It is easy for the reader to understand what the contributions of the paper are.\n\nWeaknesses:\n- The paper argues that in many real-world examples, \"there is a set of hidden features that affect the way entities interact with each other.\" However, I am not sure how reasonable this is. For instance, in autonomous driving, it seems reasonable that considering the intention of individual entities can help to generate an interaction graph. However, it is not the hidden features that affect the interaction of the entities, but only the public nodes, which are affected by the hidden features.\n- The paper uses autonomous driving as an example. However, in autonomous driving, the intention of a car can be shared with other cars via car2car communication. However, sharing this information is limited to system that are capable of this form of communication. Pedestrians, for instance, also have private intentions that cannot be shared easily.\n- I am missing an analysis of the learned graphs, since the paper states that their method is better able to learn interaction graphs. Now I am wondering if this difference can be visualized in an example from one of datasets, or even better analyzed in a systematic way.\n\n\nQuestions:\n- Question 1: One perhaps crucial part is not yet entirely clear to me: Since the public nodes are connected, and each public node is connected to its private node, isn't it possible that the private information flows to the other nodes in only 2 hops, especially in the decoder? Then, the private information can be shared with other public nodes. The paper states that \"... however its [the private node's] effect might be observed in the future times steps ...\". But as far as I understand, it is not only the effect of the private information but the private information itself that can be shared. It would be great if the authors or other reviewers could clarify this point.\n- Question 2: Furthermore, I am wondering if the approach can actually be used in real-world situations, for instance for autonomous driving. In a real-world setting, each car, and therefore each model, has its own set of hidden information that is not shared with other cars, which means that each model only has access to the private information of a single car. However, the model assumes to have  access to all the private nodes (i.e. it has a global view of the problem, not only a local view), which seems to not fit to the envisioned application setup.",
          "summary_of_the_review": "To summarize, the idea of introducing node-specific, private information into a graph of multiple interactive systems seems to be novel and interesting and improves the prediction performance. However, it is not entirely clear to me if the private information can be propagated to other nodes (question 1) and if the model can even be applied in the envisioned scenario (question 2). I think the answers to both questions are important to make a reasonable assessment of the paper. Hence, my recommendation is rather tentative and I will update it as soon as the application setup becomes more clear to me.\n\nAfter rebuttal:\nThanks a lot for the author's replies. I still think the applicability of the idea may be problematic, but I think the idea of NSI is sufficently interesting and novel to be accepted to this conference. Hence, I raise my score to accept.",
          "correctness": "3: Some of the paper’s claims have minor issues. A few statements are not well-supported, or require small changes to be made correct.",
          "technical_novelty_and_significance": "4: The contributions are significant, and do not exist in prior works.",
          "empirical_novelty_and_significance": "3: The contributions are significant and somewhat new. Aspects of the contributions exist in prior work.",
          "flag_for_ethics_review": [
            "NO."
          ],
          "recommendation": "8: accept, good paper",
          "confidence": "2: You are willing to defend your assessment, but it is quite likely that you did not understand the central parts of the submission or that you are unfamiliar with some pieces of related work. Math/other details were not carefully checked."
        },
        "signatures": [
          "ICLR.cc/2022/Conference/Paper466/Reviewer_SFbP"
        ],
        "readers": [
          "everyone"
        ],
        "nonreaders": [],
        "writers": [
          "ICLR.cc/2022/Conference",
          "ICLR.cc/2022/Conference/Paper466/Reviewer_SFbP"
        ]
      },
      {
        "id": "wsAdI8tPRZm",
        "original": null,
        "number": 1,
        "cdate": 1642696862264,
        "mdate": null,
        "ddate": null,
        "tcdate": 1642696862264,
        "tmdate": 1642696862264,
        "tddate": null,
        "forum": "HBsJNesj2S",
        "replyto": "HBsJNesj2S",
        "invitation": "ICLR.cc/2022/Conference/Paper466/-/Decision",
        "content": {
          "title": "Paper Decision",
          "decision": "Accept (Poster)",
          "comment": "This paper extends the Neural Relational Inference framework for probabilistic inference of interaction relations between entities, to a scenario where entities may have private features, which requires modifications of the standard graph encoders and decoders in NRI.\n\nReviewers appreciated both the model and the overall execution of the paper: the building blocks are clear, the evaluation does its job well. The main doubts are about the applicability of the setting, for which the authors don't provide too many examples. However, the construction is somewhat intuitive, and even in cases where private attributes aren't explicit, it may be valuable to disentangle the shareable attributes this way. We encourage the reviewers to discuss the applicability a bit further.\n\nTypos: (not exhaustive, please doublecheck with a spell checker)\n - multiple occurrences of Gumble instead of Gumbel\n - bottom of pg 4, factorzied -> factorized"
        },
        "signatures": [
          "ICLR.cc/2022/Conference/Program_Chairs"
        ],
        "readers": [
          "everyone"
        ],
        "nonreaders": [],
        "writers": [
          "ICLR.cc/2022/Conference/Program_Chairs"
        ]
      }
    ]
  }
}