{
  "id": "hGXij5rfiHw",
  "original": "EBzd9mcEfpy",
  "number": 792,
  "cdate": 1632875476416,
  "mdate": null,
  "ddate": null,
  "tcdate": 1632875476416,
  "tmdate": 1697934890374,
  "tddate": null,
  "forum": "hGXij5rfiHw",
  "replyto": null,
  "invitation": "ICLR.cc/2022/Conference/-/Blind_Submission",
  "content": {
    "title": "Discovering Invariant Rationales for Graph Neural Networks",
    "authorids": [
      "~Yingxin_Wu1",
      "~Xiang_Wang6",
      "~An_Zhang2",
      "~Xiangnan_He1",
      "~Tat-Seng_Chua2"
    ],
    "authors": [
      "Yingxin Wu",
      "Xiang Wang",
      "An Zhang",
      "Xiangnan He",
      "Tat-Seng Chua"
    ],
    "keywords": [
      "Interpretability",
      "Graph Neural Networks",
      "Causal Discovery",
      "Invariant Learning"
    ],
    "abstract": "Intrinsic interpretability of graph neural networks (GNNs) is to find a small subset of the input graph's features --- rationale --- which guides the model prediction. Unfortunately, the leading rationalization models often rely on data biases, especially shortcut features, to compose rationales and make predictions without probing the critical and causal patterns. Moreover, such data biases easily change outside the training distribution. As a result, these models suffer from a huge drop in interpretability and predictive performance on out-of-distribution data. In this work, we propose a new strategy of discovering invariant rationale (DIR) to construct intrinsically interpretable GNNs. It conducts interventions on the training distribution to create multiple interventional distributions. Then it approaches the causal rationales that are invariant across different distributions while filtering out the spurious patterns that are unstable. Experiments on both synthetic and real-world datasets validate the superiority of our DIR in terms of interpretability and generalization ability on graph classification over the leading baselines. Code and datasets are available at https://github.com/Wuyxin/DIR-GNN.",
    "one-sentence_summary": "We propose a novel invariant learning algorithm, Discovering Invariant Rationale (DIR), for intrinsically interpretable models.",
    "code_of_ethics": "",
    "submission_guidelines": "",
    "resubmission": "",
    "student_author": "",
    "serve_as_reviewer": "",
    "paperhash": "wu|discovering_invariant_rationales_for_graph_neural_networks",
    "pdf": "/pdf/52dbe9ae47ee8b2442aae9863d89049938a772ba.pdf",
    "community_implementations": "[![CatalyzeX](/images/catalyzex_icon.svg) 1 code implementation](https://www.catalyzex.com/paper/arxiv:2201.12872/code)",
    "_bibtex": "@inproceedings{\nwu2022discovering,\ntitle={Discovering Invariant Rationales for Graph Neural Networks},\nauthor={Yingxin Wu and Xiang Wang and An Zhang and Xiangnan He and Tat-Seng Chua},\nbooktitle={International Conference on Learning Representations},\nyear={2022},\nurl={https://openreview.net/forum?id=hGXij5rfiHw}\n}",
    "venue": "ICLR 2022 Poster",
    "venueid": "ICLR.cc/2022/Conference"
  },
  "signatures": [
    "ICLR.cc/2022/Conference"
  ],
  "readers": [
    "everyone"
  ],
  "nonreaders": [],
  "writers": [
    "ICLR.cc/2022/Conference"
  ],
  "tauthor": "OpenReview.net",
  "pdate": 1643407560000,
  "odate": 1633539600000,
  "details": {
    "overwriting": [],
    "tags": [],
    "writable": false,
    "replyCount": 16,
    "directReplyCount": 6,
    "revisions": true,
    "replies": [
      {
        "id": "T9D1-cwGT4A",
        "original": null,
        "number": 1,
        "cdate": 1634550959247,
        "mdate": null,
        "ddate": null,
        "tcdate": 1634550959247,
        "tmdate": 1637327119486,
        "tddate": null,
        "forum": "hGXij5rfiHw",
        "replyto": "hGXij5rfiHw",
        "invitation": "ICLR.cc/2022/Conference/Paper792/-/Official_Review",
        "content": {
          "summary_of_the_paper": "This paper proposes a novel algorithm DIR that allows the learned GNN model to make predictions based on causal patterns. The whole framework consists of four components where (1) the rationale generator splits the input into causal and spurious parts; (2) the distribution intervener replaces the spurious part; (3) the graph encoder embeds the graph based on the spurious and causal parts, respectively; (4) the shortcut and causal classifiers are applied to the spurious and causal embeddings, respectively. This algorithm is highlighted by its objective which encourages the predictions accurate while invariant to the spurious part. On both synthetic and real-world datasets, DIR outperforms the related baselines consistently. As a novel end2end rationalization method, As a novel end2end rationalization method, the underlying DIR principle is proved to be sufficient and necessary for satisfying the oracle function.",
          "main_review": "Strengths:\n1. DIR is end2end and novel to me.\n2. The DIR principle is intuitive and theoretically justified.\n3. The empirical results look good, namely, DIR consistently excels.\n4. The observations about how the variance changes during the training course are interesting and provide help for understanding other invariant learning methods.\n\nWeaknesses:\n1. What's the motivation behind the element-wise multiplication between causal predictions and spurious predictions? It has not been explained in the paper.\n2. With this multiplication and the various sampled spurious subgraphs, it seems that the spurious classifier should output constant vector 1 consistently, so that the causal predictions would not be modulated a lot, right? It would be better to provide more observations in the experiments about the predictions of the learned spurious classifier.",
          "summary_of_the_review": "This paper is well written. It proposes a novel end2end algorithm DIR towards causality-based graph representation learning. The algorithm is based on an intuitive principle that is theoretically justified by the authors in this paper. Meanwhile, the extensive experiments also confirm the effectiveness of DIR.",
          "correctness": "3: Some of the paper’s claims have minor issues. A few statements are not well-supported, or require small changes to be made correct.",
          "technical_novelty_and_significance": "3: The contributions are significant and somewhat new. Aspects of the contributions exist in prior work.",
          "empirical_novelty_and_significance": "3: The contributions are significant and somewhat new. Aspects of the contributions exist in prior work.",
          "flag_for_ethics_review": [
            "NO."
          ],
          "recommendation": "8: accept, good paper",
          "confidence": "3: You are fairly confident in your assessment. It is possible that you did not understand some parts of the submission or that you are unfamiliar with some pieces of related work. Math/other details were not carefully checked."
        },
        "signatures": [
          "ICLR.cc/2022/Conference/Paper792/Reviewer_derN"
        ],
        "readers": [
          "everyone"
        ],
        "nonreaders": [],
        "writers": [
          "ICLR.cc/2022/Conference",
          "ICLR.cc/2022/Conference/Paper792/Reviewer_derN"
        ]
      },
      {
        "id": "lY-c1uzPKCu",
        "original": null,
        "number": 2,
        "cdate": 1635921941319,
        "mdate": null,
        "ddate": null,
        "tcdate": 1635921941319,
        "tmdate": 1635921941319,
        "tddate": null,
        "forum": "hGXij5rfiHw",
        "replyto": "hGXij5rfiHw",
        "invitation": "ICLR.cc/2022/Conference/Paper792/-/Official_Review",
        "content": {
          "summary_of_the_paper": "This paper proposes to address the limitation of current interpretable graph neural networks over out-of-distribution data. In this work, the intrinsically interpretable GNN is investigated by identifying the invariant rationales corresponding to environment-invariant causal patterns. The proposed model is evaluated on the graph classification task to demonstrate its effectiveness as compared to state-of-the-arts.",
          "main_review": "Strengths:\nThe tackled problem of identifying the environment-invariant causal patterns for improving the interpretability of graph neural networks is interesting and important for many graph-structured data representation tasks.\n\nThe proposed DIR model is technically sound with the construction of interventional distributions and discover the salient features from different environments. In addition, the theoretical discussion is provided to analyze the proposed DIR method.\n\nIn the evaluation section, the effectiveness of the new DIR model is analyzed from different aspects: model generalization ability, performance with different bias degrees, as well as the intrinsic interpretability. Furthermore, the identified rationale has been visualized under interventional distributions.\n\nWeaknesses:\n\nIt would be better to summarize the key notations used throughout this paper in a table, for easy reference when reviewer go through the solution details.\n\nThe detailed configurations of the compared baselines could be described in the evaluation so as to provide a more comprehensive performance comparison.",
          "summary_of_the_review": "The studied problem is important and beneficial for many graph-learning tasks. The proposed method is rationale and technically sound. More details about the experimental settings could be clarified in the evaluation section.",
          "correctness": "4: All of the claims and statements are well-supported and correct.",
          "technical_novelty_and_significance": "3: The contributions are significant and somewhat new. Aspects of the contributions exist in prior work.",
          "empirical_novelty_and_significance": "4: The contributions are significant, and do not exist in prior works.",
          "flag_for_ethics_review": [
            "NO."
          ],
          "recommendation": "8: accept, good paper",
          "confidence": "4: You are confident in your assessment, but not absolutely certain. It is unlikely, but not impossible, that you did not understand some parts of the submission or that you are unfamiliar with some pieces of related work."
        },
        "signatures": [
          "ICLR.cc/2022/Conference/Paper792/Reviewer_qBQC"
        ],
        "readers": [
          "everyone"
        ],
        "nonreaders": [],
        "writers": [
          "ICLR.cc/2022/Conference",
          "ICLR.cc/2022/Conference/Paper792/Reviewer_qBQC"
        ]
      },
      {
        "id": "8znCbRieb3",
        "original": null,
        "number": 3,
        "cdate": 1636330086485,
        "mdate": null,
        "ddate": null,
        "tcdate": 1636330086485,
        "tmdate": 1637419990703,
        "tddate": null,
        "forum": "hGXij5rfiHw",
        "replyto": "hGXij5rfiHw",
        "invitation": "ICLR.cc/2022/Conference/Paper792/-/Official_Review",
        "content": {
          "summary_of_the_paper": "The authors propose to improve generalization ability of GNN's for the task of graph classification via a causal theoretic analysis - under the assumption that only a subgraph of the graph is responsible for its label (and everything else are just spurious correlations). To this effect, they use a rationale generator and distribution intervener to test their model on a few synthetic datasets and a real world dataset.",
          "main_review": "*This is an emergency review*\n\nUpdate Nov 20, 2021:\n\nRecommendation: Weak Accept\n\nIncreasing my score to 6 after some discussions with the authors.\n\n***************************************\nInitial Recommendation: Weak Reject\n\nI have tried to reason my recommendation below:\n\nStrengths:\n1. The idea to use a causal graph and the accompanying theory to explain the label associated with the graph is interesting. \n2. The paper is well written and easy to understand.\n\nWeaknesses\n1. Via the top-K approach, it appears like the authors make an implicit assumption about what fraction of edges is important in the graph (a fixed fraction, can't be lower or higher) - in my opinion, this certainly limits the wide applicability of the method. Alternatively, in GNN Explainer [1], they allow up to K edges to explain the label.\n2. The applicability of the method is limited by the graph encoder used (here GNN). 1-WL GNN's are known to be unable to predict links or identify and distinguish certain classes of subgraphs [2][3][4] i.e. GNN's are not well suited for Eq. 5 \n3. The work appears to miss relevant baselines like GNN Explainer[1] / CF-GNN Explainer [5]. Moreover the authors ideally should compare with baselines, which enrich GNN's with structural features [6][7][8] (As they are explainable to a certain extent as well).\n\nMinor:\n1. The separability of a graph into two subgraphs the causal and non causal might not always be possible? (would this need an encoder which is able to accurately capture the discrete topology over graphs of all orders and sizes - if not I can just make a house into a clique and the label would be incorrectly assigned as 1 because the edges required for the house are present) Please elaborate on this. \n2. The set  {s} employed in the test are limited to the ones seen in train.\n3. Moreover, consider a graph with say 20 nodes, and the case where the causal part for instance consists of a house motif and a tree base and the label assigned is 1 or 0 based on the output of House Motif XOR Tree Base - would this be captured by the proposed method (appears like it wont)?\n\n\n\nReferences:\n\n1.Ying, Rex, et al. \"Gnn explainer: A tool for post-hoc explanation of graph neural networks.\" arXiv preprint arXiv:1903.03894 (2019).\n\n2.Srinivasan, Balasubramaniam, and Bruno Ribeiro. \"On the equivalence between positional node embeddings and structural graph representations.\" arXiv preprint arXiv:1910.00452 (2019).\n\n3.Dwivedi, Vijay Prakash, et al. \"Benchmarking graph neural networks.\" arXiv preprint arXiv:2003.00982 (2020).\n\n4.Chen, Zhengdao, et al. \"Can graph neural networks count substructures?.\" arXiv preprint arXiv:2002.04025 (2020).\n\n5.Lucic, Ana, et al. \"CF-GNNExplainer: Counterfactual Explanations for Graph Neural Networks.\" arXiv preprint arXiv:2102.03322 (2021).\n\n6.Bouritsas, Giorgos, et al. \"Improving graph neural network expressivity via subgraph isomorphism counting.\" arXiv preprint arXiv:2006.09252 (2020).\n\n7.Bodnar, Cristian, et al. \"Weisfeiler and lehman go topological: Message passing simplicial networks.\" arXiv preprint arXiv:2103.03212 (2021).\n\n8.Bodnar, Cristian, et al. \"Weisfeiler and lehman go cellular: Cw networks.\" arXiv preprint arXiv:2106.12575 (2021).",
          "summary_of_the_review": "The paper is well written and the proposed solution is simple but there are still concerns about the wide applicability of the method, and also lacks comparisons with very related baselines.\n\n",
          "correctness": "3: Some of the paper’s claims have minor issues. A few statements are not well-supported, or require small changes to be made correct.",
          "technical_novelty_and_significance": "2: The contributions are only marginally significant or novel.",
          "empirical_novelty_and_significance": "2: The contributions are only marginally significant or novel.",
          "flag_for_ethics_review": [
            "NO."
          ],
          "recommendation": "6: marginally above the acceptance threshold",
          "confidence": "4: You are confident in your assessment, but not absolutely certain. It is unlikely, but not impossible, that you did not understand some parts of the submission or that you are unfamiliar with some pieces of related work."
        },
        "signatures": [
          "ICLR.cc/2022/Conference/Paper792/Reviewer_F9KM"
        ],
        "readers": [
          "everyone"
        ],
        "nonreaders": [],
        "writers": [
          "ICLR.cc/2022/Conference",
          "ICLR.cc/2022/Conference/Paper792/Reviewer_F9KM"
        ]
      },
      {
        "id": "D78HXtO71HV",
        "original": null,
        "number": 1,
        "cdate": 1637210019472,
        "mdate": 1637210019472,
        "ddate": null,
        "tcdate": 1637210019472,
        "tmdate": 1637210019472,
        "tddate": null,
        "forum": "hGXij5rfiHw",
        "replyto": "hGXij5rfiHw",
        "invitation": "ICLR.cc/2022/Conference/Paper792/-/Official_Comment",
        "content": {
          "title": "General response",
          "comment": "We sincerely appreciate all reviewers' time and efforts in reviewing our paper. We are glad that most reviewers have a positive impression of our work. We would like to thank all reviewers for providing many insightful and valuable suggestions. Here is a summary of our updates:\n1. Clarification: We justify the technical detail (derN) and the applicability underlying our assumption (F9KM), and add key notations for better clarity (qBQC).\n2. More Experiments: We offer empirical observation for the spurious predictions (derN) to better understand the model component. Also, we improve the expressiveness of the graph encoders, provide a comparison for post-hoc explanations and intrinsic rationals, and add the relevant baseline (F9KM). \n\nWe've highlighted the updates in the revision. We hope our responses can clarify all your confusion and alleviate all concerns. We thank all reviewers' time again. Looking forward to your reply!\n"
        },
        "signatures": [
          "ICLR.cc/2022/Conference/Paper792/Authors"
        ],
        "readers": [
          "everyone"
        ],
        "nonreaders": [],
        "writers": [
          "ICLR.cc/2022/Conference",
          "ICLR.cc/2022/Conference/Paper792/Authors"
        ]
      },
      {
        "id": "uodrDBrwMpB",
        "original": null,
        "number": 2,
        "cdate": 1637210814040,
        "mdate": null,
        "ddate": null,
        "tcdate": 1637210814040,
        "tmdate": 1637221408867,
        "tddate": null,
        "forum": "hGXij5rfiHw",
        "replyto": "8znCbRieb3",
        "invitation": "ICLR.cc/2022/Conference/Paper792/-/Official_Comment",
        "content": {
          "title": "Response to Reviewer F9KM",
          "comment": "We appreciate your comments! To address your concerns, below we prudently justify the applicability of our proposed method, clarify the misunderstandings, and conduct more experiments.\n\n**1. The implicit assumption about the fraction of causal edges.**\n\nThanks for your valuable comments. This concern may be raised by the misunderstanding of Eq. (6). Note the hard selection of causal edges does not eliminate the soft masks on them. And the soft mask value on an edge directly controls the strength of the message-passing between the end nodes (it can be very low, which means the edge barely passes any message). In other words, a fine-grained edge fraction is available within the hard selection ratio. \n\nOn another hand, following previous methods [1,2,3,4,5], $r$ can be regarded as an additional hyper-parameter in our framework. As stated in Appendix D, we adopted grid search for the best ratios in the validation datasets. Thus, it does not require pre-knowledge to determine $r$, and can be widely applied.\n\nMoreover, inspired by your concern, we tried another implementation that allows various causal ratios for graphs, where the generator outputs the vector $\\mathbf{M}' \\in \\mathbb{R}^{|\\mathcal{E}|\\times 2}$. Each row of $\\mathbf{M}' $ conforms to a gumbel-softmax distribution and indicates the probability for the edge to be included in the causal or spurious part. We assign each edge to the part with maximum probability, making the causal ratio automatically adjust for each graph. In training, we additionally include the $L_1$ penalty on the rationale size to avoid a naive solution (i.e., assign all edges to the causal part). \n\nHowever, we found the model trained under the dynamic causal ratio consistently underperforms the previous one. The model only achieves an accuracy of 34% in Spurious-Motif (b=0.9), while the original model gains 40%. \n\nThis empirical result is consistent with the conclusion of the two-stage training dynamics proposed in Section 3.3, where we found an adaption-fitting pattern in the learning process of DIR. Specifically, we found the rationales are exhibited early in the training stage; then, the model mainly learns a good prediction function from the rationales to the labels. We believe that the dynamic ratio disrupts the balance of such two-stage learning since the ratio constantly changes during training, which results in unstable and poor outcomes.\n\n**2. The applicability of the method is limited by the graph encoder.**\n\nThanks for your insightful suggestions. In our experiments, we used k-GNNs [7] as the encoder for MNIST-75sp, which are strictly more powerful than1-WL GNNs [7,8]. \n\nMoreover, following your suggestions, we use additional techniques and potential solutions to improve the expressiveness of the graph encoder and include this part in Appendix E.2.\n\nWe use k-GNNs [7] as the graph encoders in all datasets and provide distance encoding (DE) measures [9] like shortest-path distances as the extra node features (optional) for better structural representation learning. The results are shown as follows, where we find some improvements on Spurious-Motif and GraphSST2. We also update the code accordingly for reference.\n\n| |Spurious-Motif (Blance)| Spurious-Motif ($b$=0.5)| Spurious-Motif ($b$=0.7)| Spurious-Motif ($b$=0.9)|MNIST-75sp |GraphSST2 |Molhiv|\n|:---------:|:--------|:--------|:--------|:--------|:--------|:--------|:--------|\n|DIR|47.03 $\\pm$ 2.46|45.50 $\\pm$ 2.15|43.36 $\\pm$ 1.64|39.87 $\\pm$ 0.56|20.36 $\\pm$ 1.78|83.29 $\\pm$ 0.53|77.05 $\\pm$ 0.57|\n|DIR+DE|47.31 $\\pm$ 2.01|46.45 $\\pm$ 1.52|43.25 $\\pm$ 0.98|40.11 $\\pm$ 1.03|18.65 $\\pm$ 1.33|83.57 $\\pm$ 0.21|76.83 $\\pm$ 0.88|\n\nAlso, more powerful graph encoders like RingGNN [10] and 3WLGNN [11] can be used as graph encoders in our future work.\n\n\n"
        },
        "signatures": [
          "ICLR.cc/2022/Conference/Paper792/Authors"
        ],
        "readers": [
          "everyone"
        ],
        "nonreaders": [],
        "writers": [
          "ICLR.cc/2022/Conference",
          "ICLR.cc/2022/Conference/Paper792/Authors"
        ]
      },
      {
        "id": "COdOeKKCgwI",
        "original": null,
        "number": 3,
        "cdate": 1637210944180,
        "mdate": null,
        "ddate": null,
        "tcdate": 1637210944180,
        "tmdate": 1637330598804,
        "tddate": null,
        "forum": "hGXij5rfiHw",
        "replyto": "uodrDBrwMpB",
        "invitation": "ICLR.cc/2022/Conference/Paper792/-/Official_Comment",
        "content": {
          "title": "Response to Reviewer F9KM (cont.)",
          "comment": "**3. Missing relevant baselines.**\n\nThanks for your suggestions. However, the post-hoc explainability is different from the intrinsic interpretability, hence the post-hoc explainer (e.g., GNNExplainer, CF-GNNExplainer) is out of the scope of our work, since they neither offer interpretations/rationales along with the prediction nor directly improve the generalization ability of GNN models. But we find it might be a good idea to compare the post-hoc explanations and intrinsic rationales.\n\nSpecifically, we generate post-hoc explanations from GNNExplainer for Spurious-Motif, where we use the models trained under ERM as the models to explain. We compute the precision of the explanations as follows.\n\n|Model|Balance| $b$ = 0.5| $b$ = 0.7| $b$ = 0.9|\n|:----------------:|:--------------|:-------------|:------------|:------------|\n|GNNExplainer |0.249 $\\pm$ 0.011| 0.203 $\\pm$ 0.019 |0.167 $\\pm$ 0.039| 0.066 $\\pm$ 0.007|\n|DIR |0.257 $\\pm$ 0.014| 0.255 $\\pm$ 0.016| 0.247 $\\pm$ 0.012 |0.192 $\\pm$ 0.044|\n\nAs the explanations generated by GNNExplainer reflect the models' inner mechanism, the results support that deep models easily learn from data bias (when $b$ is large), being at odds with the true reasoning process that underlies the task. Moreover, even when spurious correlations do not exist, the precisions of rationales generated by DIR still outperform the precisions of the post-hoc explanations, showing the effectiveness of DIR when identifying causal features. We have included the results and analysis in Appendix F.\nFor CF-GNNExplainer, it seems inapplicable under our setting as the CF examples can't be evaluated by precision.\n\nAlso, thank you for bringing the other baselines to us. We run additional experiments on GSN [6] for five times, where the models are under the same parameter sizes as those in our paper, and report the results as follows\n\n| |Spurious-Motif (Blance)| Spurious-Motif ($b$=0.5)| Spurious-Motif ($b$=0.7)| Spurious-Motif ($b$=0.9)|MNIST-75sp |GraphSST2 |Molhiv|\n|:---------:|:--------|:--------|:--------|:--------|:--------|:--------|:--------|\n|GSN [6]|43.18 $\\pm$ 5.65|34.67 $\\pm$ 1.21|34.03 $\\pm$ 1.69|32.60 $\\pm$ 1.75|19.03$\\pm$ 2.39|82.54 $\\pm$ 1.16|74.53 $\\pm$ 1.90|\n|DIR|47.03 $\\pm$ 2.46|45.50 $\\pm$ 2.15|43.36 $\\pm$ 1.64|39.87 $\\pm$ 0.56|20.36 $\\pm$ 1.78|83.29 $\\pm$ 0.53|77.05 $\\pm$ 0.57|\n\nSpecifically, in MNIST-75sp, although structure features are shown to be helpful in mitigating feature distribution shift, DIR still performs better than GSN. And we have updated our paper accordingly.\n\n\n**4. Separability of a graph.**\n\nWe have discussed this problem in Appendix C.1 towards the plausibility and limitations of our assumptions. We moved the discussions here for your convenience.\n\nWe argue that the assumption (c.f. Assumption 1) is commonly satisfied. For example, for sentences labeled by sentiment, $C$ can represent the positive/negative words that cause the sentiment, while $S$ includes the prepositions and linking words. For molecule graphs labeled by specific properties, $C$ and $S$ can represent the functional groups and carbon structures, respectively. Note that IR assumption enables and calls the introduction of interpretability, highlighting salient features and exhibiting human accessible checks. More importantly, it guarantees the model performance under possible feature reduction, i. e., $C\\subset G$.\n\nSurely there are cases going beyond the IR Assumption. For example, $G$ could be a generic function of $S$ and $C$, instead of a simple joint. Thus, individual $S$ and $C$ may be intractable individually in the feature level. In such a scenario, the separation of the features could degrade model performance due to information loss.\n\n**5. The set ${s}$ employed in the testing is limited to the ones seen in the training.**\n\nNo. We don't use $s$ in the testing. As stated at the bottom of page 5, in the inference phase, we yield $\\tilde{c}$ and $\\hat{y}_{\\tilde{c}}$ as the causal rationale and the causal prediction of a testing graph $g$, which exclude the influence of the non-causal part $\\tilde{s}$. \n\n**6. The case where graphs are labeled as House Motif XOR Tree Base.**\n\nGood catch. In your case, the causal part $C$ includes the full graph, and the non-causal part $S$ is an empty set. Thus, there is no spurious correlation between $S$ and $Y$, and the distribution shift can only happen inside $C$. \nAnd this is out of the scope of our data-generating process (Figure 2). Although this is not the focus of our work, we believe it will be great to explore more complicated data-generating processes in future work."
        },
        "signatures": [
          "ICLR.cc/2022/Conference/Paper792/Authors"
        ],
        "readers": [
          "everyone"
        ],
        "nonreaders": [],
        "writers": [
          "ICLR.cc/2022/Conference",
          "ICLR.cc/2022/Conference/Paper792/Authors"
        ]
      },
      {
        "id": "jPG9UHg525F",
        "original": null,
        "number": 4,
        "cdate": 1637211002237,
        "mdate": null,
        "ddate": null,
        "tcdate": 1637211002237,
        "tmdate": 1637221350821,
        "tddate": null,
        "forum": "hGXij5rfiHw",
        "replyto": "COdOeKKCgwI",
        "invitation": "ICLR.cc/2022/Conference/Paper792/-/Official_Comment",
        "content": {
          "title": "Reference",
          "comment": "\n[1] Hongyang Gao, Shuiwang Ji. Graph U-Nets. ICML 2019.\n\n[2] Cangea et al. Towards Sparse Hierarchical Graph Classifiers. NIPS 2018 workshop.\n\n[3] Lee et al. Self-Attention Graph Pooling. ICML 2019.\n\n[4] Knyazev et al. Understanding Attention and Generalization in Graph Neural Networks. NeurIPS 2019.\n\n[5] Ranjan et al. ASAP: Adaptive Structure Aware Pooling for Learning Hierarchical Graph Representations. AAAI 2020.\n\n[6] Bouritsas, Giorgos, et al. \"Improving graph neural network expressivity via subgraph isomorphism counting.\" arXiv preprint arXiv:2006.09252 (2020).\n\n[7] Morris et al. Weisfeiler and Leman Go Neural: Higher-order Graph Neural Networks. AAAI 2019.\n\n[8] Dwivedi et al. Benchmarking graph neural networks. arXiv:2003.00982.\n\n[9] Li et al. Distance Encoding: Design Provably More Powerful Neural Networks for Graph Representation Learning. NeurIPS 2020.\n\n[10] Chen et al. On the equivalence between graph isomorphism testing and function approximation with gnns. NeurIPS 2019.\n\n[11] Maron et al. Provably powerful graph networks. NeurIPS 2019."
        },
        "signatures": [
          "ICLR.cc/2022/Conference/Paper792/Authors"
        ],
        "readers": [
          "everyone"
        ],
        "nonreaders": [],
        "writers": [
          "ICLR.cc/2022/Conference",
          "ICLR.cc/2022/Conference/Paper792/Authors"
        ]
      },
      {
        "id": "z601u6_2KAa",
        "original": null,
        "number": 5,
        "cdate": 1637211070335,
        "mdate": 1637211070335,
        "ddate": null,
        "tcdate": 1637211070335,
        "tmdate": 1637211070335,
        "tddate": null,
        "forum": "hGXij5rfiHw",
        "replyto": "lY-c1uzPKCu",
        "invitation": "ICLR.cc/2022/Conference/Paper792/-/Official_Comment",
        "content": {
          "title": "Response to Reviewer qBQC ",
          "comment": "We are grateful for your approval. Please find the responses to the specific comments.\n\n**1. Summarize the key notations.**\n\nThanks. We followed your suggestion to provide a table of notations in Appendix A due to the current space limitation of the main paper. \n\n**2. Detailed configurations of the compared baselines.**\n\nWe have stated the detailed experimental setting in Appendix D, including the backbone models, training details, and model selection methods, which are the same for the baseline methods and DIR. We also include the hyper-parameter settings for all methods in our code for reproducibility.\n"
        },
        "signatures": [
          "ICLR.cc/2022/Conference/Paper792/Authors"
        ],
        "readers": [
          "everyone"
        ],
        "nonreaders": [],
        "writers": [
          "ICLR.cc/2022/Conference",
          "ICLR.cc/2022/Conference/Paper792/Authors"
        ]
      },
      {
        "id": "L7p8ux5mu26",
        "original": null,
        "number": 6,
        "cdate": 1637211413964,
        "mdate": null,
        "ddate": null,
        "tcdate": 1637211413964,
        "tmdate": 1637211514954,
        "tddate": null,
        "forum": "hGXij5rfiHw",
        "replyto": "T9D1-cwGT4A",
        "invitation": "ICLR.cc/2022/Conference/Paper792/-/Official_Comment",
        "content": {
          "title": "Response to Reviewer derN",
          "comment": "Thank you for your time and insightful suggestions! We are very glad that you have a positive impression on our work. According to your comments, we conduct additional experiments and provide the responses as follows:\n\n**1. The motivation of the element-wise multiplication between causal predictions and spurious predictions.**\n\nWe have explained it in Appendix E.1 due to the space limitation (mentioned in the sentence below Eq. (8). Briefly put, the spurious prediction reweights the causal prediction, which dynamically adjusts the loss $l(\\hat{y}, y)$ to compensate for biases [1]. Furthermore, we offer the causal- and information-theoretical justifications: (1) From the perspective of causal theory [2,3], the element-wise multiplication enforces the spurious prediction to estimate the pure indirect effect (PIE) of the shortcut features, while the causal prediction captures the natural direct effect (NDE) of the causal patterns [4]; (2) From the perspective of information theory [5], the element-wise multiplication makes the causal prediction reflect the conditional mutual information between the causal patterns and ground-truths, conditioning on the complement patterns.\n\n**2. Observations about the spurious predictions.**\n\nWe respectfully argue that the spurious classifiers are not expected to output constant vectors, as the spurious branch is only optimized via the empirical risk (Eq. 9). Instead, the spurious-classifier will capture the bias introduced by non-causal features, which outputs confident predictions with obvious tendencies.\n\nWe have followed your suggestions to conduct new experiments \\textit{w.r.t.} the spurious classifiers, in which we first define indifference of classifier as\n\n$$\\nu:=\\mathbb{E}_{(g, y)\\in\\mathcal{O},\\tilde{s}=g/h _{\\tilde{c}} (g)}H\\left(\\text{Softmax}(\\hat{y} _{\\tilde{s}})\\right)$$\n\n\nwhere $H$ is the entropy function, and a lower $\\nu$ indicates higher confidence. And we include Uniform as the constant prediction and report the results for the trained spurious classifiers in all datasets as follows.  \n\n| | Spmotif (b=0.9)|MNIST75sp |GraphSST2 | Molhiv \n|:----------------:|:----|:----|:--------|:--------|\n|Suprious Predictions |0.529|1.93|0.265|0.187|\n| Uniform|1.10|2.30|0.693|0.693|\n\nThus, the results validate the marked prediction tendency of spurious classifiers. Further, we show that spurious classifiers are over-confident and potentially overfitting to spurious features, which fails to generalize out-of-distribution. Specifically, we evaluate the spurious classifiers (when taking non-causal features as inputs) on the testing sets as follows\n\n| | Spmotif (b=0.9)|MNIST75sp |GraphSST2 | Molhiv |\n|:---------:|:----|:--------|:--------|:--------|\n|Spurious Classifiers|33.43 $\\pm$ 0.22|17.09 $\\pm$ 0.44|81.14 $\\pm$ 1.35|51.13 $\\pm$ 1.29|\n|$\\Delta\\downarrow$|6.44|3.27|2.15|25.92|\n\nwhere $\\Delta\\downarrow$ indicates the performance gap of the spurious classifiers and the corresponding causal classifiers. We argue that the performance degradation is caused by (i) feature-level problem: it could be theoretically inadequate to infer the label given the non-causal features, and (ii) paradigm-level problem: minimizing the empirical risk only can hardly exhibit stable relations between the features and labels.\n\nWe thank the reviewer for this comment, and we have included this part in Appendix F.3 to give a more in-depth understanding of the spurious classifiers. \n\nReference:\n\n[1] Remi Cadene, Corentin Dancette, Hedi Ben-younes, Matthieu Cord, and Devi Parikh. Rubi: Reducing unimodal biases for visual question answering. NeurIPS,2019.\n\n[2] Judea Pearl. Causality: Models, Reasoning, and Inference. 2000.\n\n[3] Judea Pearl, Madelyn Glymour, and Nicholas P Jewell. Causal inference in statistics: A primer. John Wiley & Sons, 2016.\n\n[4] Tyler J VanderWeele. A three-way decomposition of a total effect into direct, indirect, and interactive effects. Epidemiology (Cambridge, Mass.), 24(2):224, 2013.\n\n[5] Solomon Kullback. Information theory and statistics. Courier Corporation, 1997.\n"
        },
        "signatures": [
          "ICLR.cc/2022/Conference/Paper792/Authors"
        ],
        "readers": [
          "everyone"
        ],
        "nonreaders": [],
        "writers": [
          "ICLR.cc/2022/Conference",
          "ICLR.cc/2022/Conference/Paper792/Authors"
        ]
      },
      {
        "id": "H2gPdMMP8-4",
        "original": null,
        "number": 7,
        "cdate": 1637327074395,
        "mdate": 1637327074395,
        "ddate": null,
        "tcdate": 1637327074395,
        "tmdate": 1637327074395,
        "tddate": null,
        "forum": "hGXij5rfiHw",
        "replyto": "L7p8ux5mu26",
        "invitation": "ICLR.cc/2022/Conference/Paper792/-/Official_Comment",
        "content": {
          "title": "Discussion",
          "comment": "Thanks for your reminder. I carefully read E.1 and found that it is very intuitive. With the element-wise multiplication, the minority of spurious patterns tends to produce a significant change for the causal branch, which pushes the model to rely on the causal pattern more heavily. I also noticed the concerns and corner cases mentioned in reviewer1's comments. They are very insightful, from which I learn a lot. Moreover, I appreciate your discussions and believe some interesting questions deserve to be addressed in the future. As for now, I think the presented progress are helpful enough for the community."
        },
        "signatures": [
          "ICLR.cc/2022/Conference/Paper792/Reviewer_derN"
        ],
        "readers": [
          "everyone",
          "ICLR.cc/2022/Conference/Paper792/Authors",
          "ICLR.cc/2022/Conference/Program_Chairs",
          "ICLR.cc/2022/Conference/Paper792/Reviewers",
          "ICLR.cc/2022/Conference/Paper792/Area_Chairs",
          "ICLR.cc/2022/Conference/Paper792/Senior_Area_Chairs"
        ],
        "nonreaders": [],
        "writers": [
          "ICLR.cc/2022/Conference",
          "ICLR.cc/2022/Conference/Paper792/Reviewer_derN"
        ]
      },
      {
        "id": "t-bBJMCKHO3",
        "original": null,
        "number": 8,
        "cdate": 1637337630006,
        "mdate": 1637337630006,
        "ddate": null,
        "tcdate": 1637337630006,
        "tmdate": 1637337630006,
        "tddate": null,
        "forum": "hGXij5rfiHw",
        "replyto": "jPG9UHg525F",
        "invitation": "ICLR.cc/2022/Conference/Paper792/-/Official_Comment",
        "content": {
          "title": "Reply to the authors",
          "comment": "Thank you very much for the reply.\n\nI still have some questions, this is with regard to 4 and 5 in your responses.\n\nWith respect to 5 - I believe there is some misunderstanding between my question and the answer. What I had meant is that, the set of interventions (based on distribution intervener, Pg 5) is based on the spurious $s$ seen before (\"all the instances computed previously into a memory bank\"). From my understanding, the procedure is not going to recognize spurious $s$  in test if they are unseen in train, and thus can yield an incorrect $c$\n\nWith respect 4 - I am sorry, I don't understand. Can you please be more precise - a specific example would be very helpful (the house to clique, for example)."
        },
        "signatures": [
          "ICLR.cc/2022/Conference/Paper792/Reviewer_F9KM"
        ],
        "readers": [
          "everyone"
        ],
        "nonreaders": [],
        "writers": [
          "ICLR.cc/2022/Conference",
          "ICLR.cc/2022/Conference/Paper792/Reviewer_F9KM"
        ]
      },
      {
        "id": "4Kn37TwxLCE",
        "original": null,
        "number": 10,
        "cdate": 1637416922397,
        "mdate": null,
        "ddate": null,
        "tcdate": 1637416922397,
        "tmdate": 1637420231077,
        "tddate": null,
        "forum": "hGXij5rfiHw",
        "replyto": "t-bBJMCKHO3",
        "invitation": "ICLR.cc/2022/Conference/Paper792/-/Official_Comment",
        "content": {
          "title": "Further Response",
          "comment": "Thank you for letting us know! Please see the following discussions for the answers. \n\n**(cont.) 4. Separability of a graph.**\n\nThanks! Yes, the generator is required to learn the discrete topology of graphs, so that it can distinguish the \"house in the clique\" and the \"single house motif\". More precisely, for a well-trained generator, its message-passing scheme of the \"house in the clique\" is different from that of the \"single house motif\", since the \"house in the clique\" is denser and featured differently. As such, the generator is able to separate a graph into the causal and non-causal parts.\n\nAbout the statement we made in the last response (\"Surely there are cases going beyond the IR Assumption...\"), we meant to answer your first question (\"The separability of a graph into the causal and non-causal subgraphs might not always be possible?\"). And the answer is: **yes, it is not always possible**. There do exist cases where the graph can not be separated, even with a strong generator. Here we construct a toy example for better clarification.\n\nFor example, assume each graph has multiple motifs (house, cycle, crane) with only one type and is labeled by the motif type. Thus, the causal feature $C$ will be the motifs. Let the spurious feature $S$ be \"the way we connect the motifs\". For example, we can place the house motifs in a queue sequence (say, from left to right) and connect the adjacent motifs, thus forming the graph in a \"line\" shape. Or we can place the houses in a cycle order and connect them into a ring. We further let such graph structures be strongly correlated with the motif type. Clearly, we can not separate the graphs. For example, if we separate the cycle-shaped houses into two lines, the spurious pattern could be broken while the part of the causal feature would be lost. In other words, $S$ and $C$ are dependent variables (we referred to such cases as \"$G$ is a generic function of $S$ and $C$\" in our last response). Thus, they can't be extracted and modeled separately, even with a generator that can capture the discrete topology well. \n\n\n**(cont.) 5. Generalization to unseen spurious patterns**\n\nThank you for re-explaining your question! In this sense, yes, the memory bank only contains the spurious patterns seen in the training set, while our DIR framework possibly fails to unseen spurious patterns. To solve this limitation, We list several solutions as follows.\n\n1. **By attribute level perturbation.** When the spurious patterns in the testing are different from those in training set only on the attribute level (node attributes or edge attributes), we can perturb the node/edge attributes of the subgraphs before intervention. Such perturbation can improve the model's robustness when inference. \n\n2. **By an external knowledge base.** When the spurious patterns also change on the structure level, for example, a star-shaped unseen base graph appears in the testing set, one potential solution is to resort to prior knowledge. We can enrich the memory bank with potential spurious patterns, e.g., tree (seen) and star (unseen) base graphs. With the external knowledge base, the model can be trained to recognize these possible spurious patterns and be well generalized to the testing dataset.\n\n3. **By subgraph matching.** In a more tricky scenario when the external knowledge base is not available, we can integrate our model with subgraph matching algorithms in the inference. For example, we can extract the training rationales into another bank and use them to query the testing graphs (see if similar patterns exist in the testing graphs). The match results may assist the rationale generator in highlighting the causal features and avoiding unseen spurious features. \n\nFeel free to let us know if you have more questions!"
        },
        "signatures": [
          "ICLR.cc/2022/Conference/Paper792/Authors"
        ],
        "readers": [
          "everyone"
        ],
        "nonreaders": [],
        "writers": [
          "ICLR.cc/2022/Conference",
          "ICLR.cc/2022/Conference/Paper792/Authors"
        ]
      },
      {
        "id": "rFboZ-SX8Gj",
        "original": null,
        "number": 11,
        "cdate": 1637417311713,
        "mdate": 1637417311713,
        "ddate": null,
        "tcdate": 1637417311713,
        "tmdate": 1637417311713,
        "tddate": null,
        "forum": "hGXij5rfiHw",
        "replyto": "H2gPdMMP8-4",
        "invitation": "ICLR.cc/2022/Conference/Paper792/-/Official_Comment",
        "content": {
          "title": "Thank you",
          "comment": "Thank you! We are very grateful for your approval. And we will continue to refine our work and develop more solid extensions based on these insightful comments."
        },
        "signatures": [
          "ICLR.cc/2022/Conference/Paper792/Authors"
        ],
        "readers": [
          "everyone"
        ],
        "nonreaders": [],
        "writers": [
          "ICLR.cc/2022/Conference",
          "ICLR.cc/2022/Conference/Paper792/Authors"
        ]
      },
      {
        "id": "cGPi8KK3Ngo",
        "original": null,
        "number": 12,
        "cdate": 1637419829700,
        "mdate": 1637419829700,
        "ddate": null,
        "tcdate": 1637419829700,
        "tmdate": 1637419829700,
        "tddate": null,
        "forum": "hGXij5rfiHw",
        "replyto": "4Kn37TwxLCE",
        "invitation": "ICLR.cc/2022/Conference/Paper792/-/Official_Comment",
        "content": {
          "title": "Reply to the authors",
          "comment": "Thank you very much for the reply.\nAt this moment, I do not have any more questions (which would need you to update the pdf) - but will discuss further with the AC and other reviewers as well."
        },
        "signatures": [
          "ICLR.cc/2022/Conference/Paper792/Reviewer_F9KM"
        ],
        "readers": [
          "everyone"
        ],
        "nonreaders": [],
        "writers": [
          "ICLR.cc/2022/Conference",
          "ICLR.cc/2022/Conference/Paper792/Reviewer_F9KM"
        ]
      },
      {
        "id": "u-5MPyeb8UV",
        "original": null,
        "number": 13,
        "cdate": 1637661299715,
        "mdate": 1637661299715,
        "ddate": null,
        "tcdate": 1637661299715,
        "tmdate": 1637661299715,
        "tddate": null,
        "forum": "hGXij5rfiHw",
        "replyto": "hGXij5rfiHw",
        "invitation": "ICLR.cc/2022/Conference/Paper792/-/Official_Comment",
        "content": {
          "title": "Paper Updating",
          "comment": "We again appreciate all reviewers’ approval and replies. We further update our paper by adding an **Open Discussions** section in Appendix G, which presents some promising future directions to further enhance our DIR framework. We sincerely hope this can make our work more sound and offer more inspiration for the community.\n"
        },
        "signatures": [
          "ICLR.cc/2022/Conference/Paper792/Authors"
        ],
        "readers": [
          "everyone"
        ],
        "nonreaders": [],
        "writers": [
          "ICLR.cc/2022/Conference",
          "ICLR.cc/2022/Conference/Paper792/Authors"
        ]
      },
      {
        "id": "2qEiqrFpouv",
        "original": null,
        "number": 1,
        "cdate": 1642696886448,
        "mdate": null,
        "ddate": null,
        "tcdate": 1642696886448,
        "tmdate": 1642696886448,
        "tddate": null,
        "forum": "hGXij5rfiHw",
        "replyto": "hGXij5rfiHw",
        "invitation": "ICLR.cc/2022/Conference/Paper792/-/Decision",
        "content": {
          "title": "Paper Decision",
          "decision": "Accept (Poster)",
          "comment": "The work proposes a method to learn graph representations based on subgraphs that are invariant to spurious subgraphs. The reviewers found the paper easy to read and the theory interesting, well explained and justified. The reviewers seem happy with the existing and new experiments that came during the rebuttal phase. I too found the paper interesting and mostly well-written. \n\nBesides the corrections done during the rebuttal, in further discussion with the authors, I raised a concern that the work must make additional assumptions about the support of the induced subgraph distributions that were not clearly stated in the paper: The work makes the assumption that there is enough training data such that all spurious induced subgraph patterns $S$ that are smaller than the truly correlated induced subgraph $C$ can be identified as spurious. The authors promised to make this into a clearly demarcated assumption since it a key requirement for the method to work."
        },
        "signatures": [
          "ICLR.cc/2022/Conference/Program_Chairs"
        ],
        "readers": [
          "everyone"
        ],
        "nonreaders": [],
        "writers": [
          "ICLR.cc/2022/Conference/Program_Chairs"
        ]
      }
    ],
    "directReplies": [
      {
        "id": "T9D1-cwGT4A",
        "original": null,
        "number": 1,
        "cdate": 1634550959247,
        "mdate": null,
        "ddate": null,
        "tcdate": 1634550959247,
        "tmdate": 1637327119486,
        "tddate": null,
        "forum": "hGXij5rfiHw",
        "replyto": "hGXij5rfiHw",
        "invitation": "ICLR.cc/2022/Conference/Paper792/-/Official_Review",
        "content": {
          "summary_of_the_paper": "This paper proposes a novel algorithm DIR that allows the learned GNN model to make predictions based on causal patterns. The whole framework consists of four components where (1) the rationale generator splits the input into causal and spurious parts; (2) the distribution intervener replaces the spurious part; (3) the graph encoder embeds the graph based on the spurious and causal parts, respectively; (4) the shortcut and causal classifiers are applied to the spurious and causal embeddings, respectively. This algorithm is highlighted by its objective which encourages the predictions accurate while invariant to the spurious part. On both synthetic and real-world datasets, DIR outperforms the related baselines consistently. As a novel end2end rationalization method, As a novel end2end rationalization method, the underlying DIR principle is proved to be sufficient and necessary for satisfying the oracle function.",
          "main_review": "Strengths:\n1. DIR is end2end and novel to me.\n2. The DIR principle is intuitive and theoretically justified.\n3. The empirical results look good, namely, DIR consistently excels.\n4. The observations about how the variance changes during the training course are interesting and provide help for understanding other invariant learning methods.\n\nWeaknesses:\n1. What's the motivation behind the element-wise multiplication between causal predictions and spurious predictions? It has not been explained in the paper.\n2. With this multiplication and the various sampled spurious subgraphs, it seems that the spurious classifier should output constant vector 1 consistently, so that the causal predictions would not be modulated a lot, right? It would be better to provide more observations in the experiments about the predictions of the learned spurious classifier.",
          "summary_of_the_review": "This paper is well written. It proposes a novel end2end algorithm DIR towards causality-based graph representation learning. The algorithm is based on an intuitive principle that is theoretically justified by the authors in this paper. Meanwhile, the extensive experiments also confirm the effectiveness of DIR.",
          "correctness": "3: Some of the paper’s claims have minor issues. A few statements are not well-supported, or require small changes to be made correct.",
          "technical_novelty_and_significance": "3: The contributions are significant and somewhat new. Aspects of the contributions exist in prior work.",
          "empirical_novelty_and_significance": "3: The contributions are significant and somewhat new. Aspects of the contributions exist in prior work.",
          "flag_for_ethics_review": [
            "NO."
          ],
          "recommendation": "8: accept, good paper",
          "confidence": "3: You are fairly confident in your assessment. It is possible that you did not understand some parts of the submission or that you are unfamiliar with some pieces of related work. Math/other details were not carefully checked."
        },
        "signatures": [
          "ICLR.cc/2022/Conference/Paper792/Reviewer_derN"
        ],
        "readers": [
          "everyone"
        ],
        "nonreaders": [],
        "writers": [
          "ICLR.cc/2022/Conference",
          "ICLR.cc/2022/Conference/Paper792/Reviewer_derN"
        ]
      },
      {
        "id": "lY-c1uzPKCu",
        "original": null,
        "number": 2,
        "cdate": 1635921941319,
        "mdate": null,
        "ddate": null,
        "tcdate": 1635921941319,
        "tmdate": 1635921941319,
        "tddate": null,
        "forum": "hGXij5rfiHw",
        "replyto": "hGXij5rfiHw",
        "invitation": "ICLR.cc/2022/Conference/Paper792/-/Official_Review",
        "content": {
          "summary_of_the_paper": "This paper proposes to address the limitation of current interpretable graph neural networks over out-of-distribution data. In this work, the intrinsically interpretable GNN is investigated by identifying the invariant rationales corresponding to environment-invariant causal patterns. The proposed model is evaluated on the graph classification task to demonstrate its effectiveness as compared to state-of-the-arts.",
          "main_review": "Strengths:\nThe tackled problem of identifying the environment-invariant causal patterns for improving the interpretability of graph neural networks is interesting and important for many graph-structured data representation tasks.\n\nThe proposed DIR model is technically sound with the construction of interventional distributions and discover the salient features from different environments. In addition, the theoretical discussion is provided to analyze the proposed DIR method.\n\nIn the evaluation section, the effectiveness of the new DIR model is analyzed from different aspects: model generalization ability, performance with different bias degrees, as well as the intrinsic interpretability. Furthermore, the identified rationale has been visualized under interventional distributions.\n\nWeaknesses:\n\nIt would be better to summarize the key notations used throughout this paper in a table, for easy reference when reviewer go through the solution details.\n\nThe detailed configurations of the compared baselines could be described in the evaluation so as to provide a more comprehensive performance comparison.",
          "summary_of_the_review": "The studied problem is important and beneficial for many graph-learning tasks. The proposed method is rationale and technically sound. More details about the experimental settings could be clarified in the evaluation section.",
          "correctness": "4: All of the claims and statements are well-supported and correct.",
          "technical_novelty_and_significance": "3: The contributions are significant and somewhat new. Aspects of the contributions exist in prior work.",
          "empirical_novelty_and_significance": "4: The contributions are significant, and do not exist in prior works.",
          "flag_for_ethics_review": [
            "NO."
          ],
          "recommendation": "8: accept, good paper",
          "confidence": "4: You are confident in your assessment, but not absolutely certain. It is unlikely, but not impossible, that you did not understand some parts of the submission or that you are unfamiliar with some pieces of related work."
        },
        "signatures": [
          "ICLR.cc/2022/Conference/Paper792/Reviewer_qBQC"
        ],
        "readers": [
          "everyone"
        ],
        "nonreaders": [],
        "writers": [
          "ICLR.cc/2022/Conference",
          "ICLR.cc/2022/Conference/Paper792/Reviewer_qBQC"
        ]
      },
      {
        "id": "8znCbRieb3",
        "original": null,
        "number": 3,
        "cdate": 1636330086485,
        "mdate": null,
        "ddate": null,
        "tcdate": 1636330086485,
        "tmdate": 1637419990703,
        "tddate": null,
        "forum": "hGXij5rfiHw",
        "replyto": "hGXij5rfiHw",
        "invitation": "ICLR.cc/2022/Conference/Paper792/-/Official_Review",
        "content": {
          "summary_of_the_paper": "The authors propose to improve generalization ability of GNN's for the task of graph classification via a causal theoretic analysis - under the assumption that only a subgraph of the graph is responsible for its label (and everything else are just spurious correlations). To this effect, they use a rationale generator and distribution intervener to test their model on a few synthetic datasets and a real world dataset.",
          "main_review": "*This is an emergency review*\n\nUpdate Nov 20, 2021:\n\nRecommendation: Weak Accept\n\nIncreasing my score to 6 after some discussions with the authors.\n\n***************************************\nInitial Recommendation: Weak Reject\n\nI have tried to reason my recommendation below:\n\nStrengths:\n1. The idea to use a causal graph and the accompanying theory to explain the label associated with the graph is interesting. \n2. The paper is well written and easy to understand.\n\nWeaknesses\n1. Via the top-K approach, it appears like the authors make an implicit assumption about what fraction of edges is important in the graph (a fixed fraction, can't be lower or higher) - in my opinion, this certainly limits the wide applicability of the method. Alternatively, in GNN Explainer [1], they allow up to K edges to explain the label.\n2. The applicability of the method is limited by the graph encoder used (here GNN). 1-WL GNN's are known to be unable to predict links or identify and distinguish certain classes of subgraphs [2][3][4] i.e. GNN's are not well suited for Eq. 5 \n3. The work appears to miss relevant baselines like GNN Explainer[1] / CF-GNN Explainer [5]. Moreover the authors ideally should compare with baselines, which enrich GNN's with structural features [6][7][8] (As they are explainable to a certain extent as well).\n\nMinor:\n1. The separability of a graph into two subgraphs the causal and non causal might not always be possible? (would this need an encoder which is able to accurately capture the discrete topology over graphs of all orders and sizes - if not I can just make a house into a clique and the label would be incorrectly assigned as 1 because the edges required for the house are present) Please elaborate on this. \n2. The set  {s} employed in the test are limited to the ones seen in train.\n3. Moreover, consider a graph with say 20 nodes, and the case where the causal part for instance consists of a house motif and a tree base and the label assigned is 1 or 0 based on the output of House Motif XOR Tree Base - would this be captured by the proposed method (appears like it wont)?\n\n\n\nReferences:\n\n1.Ying, Rex, et al. \"Gnn explainer: A tool for post-hoc explanation of graph neural networks.\" arXiv preprint arXiv:1903.03894 (2019).\n\n2.Srinivasan, Balasubramaniam, and Bruno Ribeiro. \"On the equivalence between positional node embeddings and structural graph representations.\" arXiv preprint arXiv:1910.00452 (2019).\n\n3.Dwivedi, Vijay Prakash, et al. \"Benchmarking graph neural networks.\" arXiv preprint arXiv:2003.00982 (2020).\n\n4.Chen, Zhengdao, et al. \"Can graph neural networks count substructures?.\" arXiv preprint arXiv:2002.04025 (2020).\n\n5.Lucic, Ana, et al. \"CF-GNNExplainer: Counterfactual Explanations for Graph Neural Networks.\" arXiv preprint arXiv:2102.03322 (2021).\n\n6.Bouritsas, Giorgos, et al. \"Improving graph neural network expressivity via subgraph isomorphism counting.\" arXiv preprint arXiv:2006.09252 (2020).\n\n7.Bodnar, Cristian, et al. \"Weisfeiler and lehman go topological: Message passing simplicial networks.\" arXiv preprint arXiv:2103.03212 (2021).\n\n8.Bodnar, Cristian, et al. \"Weisfeiler and lehman go cellular: Cw networks.\" arXiv preprint arXiv:2106.12575 (2021).",
          "summary_of_the_review": "The paper is well written and the proposed solution is simple but there are still concerns about the wide applicability of the method, and also lacks comparisons with very related baselines.\n\n",
          "correctness": "3: Some of the paper’s claims have minor issues. A few statements are not well-supported, or require small changes to be made correct.",
          "technical_novelty_and_significance": "2: The contributions are only marginally significant or novel.",
          "empirical_novelty_and_significance": "2: The contributions are only marginally significant or novel.",
          "flag_for_ethics_review": [
            "NO."
          ],
          "recommendation": "6: marginally above the acceptance threshold",
          "confidence": "4: You are confident in your assessment, but not absolutely certain. It is unlikely, but not impossible, that you did not understand some parts of the submission or that you are unfamiliar with some pieces of related work."
        },
        "signatures": [
          "ICLR.cc/2022/Conference/Paper792/Reviewer_F9KM"
        ],
        "readers": [
          "everyone"
        ],
        "nonreaders": [],
        "writers": [
          "ICLR.cc/2022/Conference",
          "ICLR.cc/2022/Conference/Paper792/Reviewer_F9KM"
        ]
      },
      {
        "id": "D78HXtO71HV",
        "original": null,
        "number": 1,
        "cdate": 1637210019472,
        "mdate": 1637210019472,
        "ddate": null,
        "tcdate": 1637210019472,
        "tmdate": 1637210019472,
        "tddate": null,
        "forum": "hGXij5rfiHw",
        "replyto": "hGXij5rfiHw",
        "invitation": "ICLR.cc/2022/Conference/Paper792/-/Official_Comment",
        "content": {
          "title": "General response",
          "comment": "We sincerely appreciate all reviewers' time and efforts in reviewing our paper. We are glad that most reviewers have a positive impression of our work. We would like to thank all reviewers for providing many insightful and valuable suggestions. Here is a summary of our updates:\n1. Clarification: We justify the technical detail (derN) and the applicability underlying our assumption (F9KM), and add key notations for better clarity (qBQC).\n2. More Experiments: We offer empirical observation for the spurious predictions (derN) to better understand the model component. Also, we improve the expressiveness of the graph encoders, provide a comparison for post-hoc explanations and intrinsic rationals, and add the relevant baseline (F9KM). \n\nWe've highlighted the updates in the revision. We hope our responses can clarify all your confusion and alleviate all concerns. We thank all reviewers' time again. Looking forward to your reply!\n"
        },
        "signatures": [
          "ICLR.cc/2022/Conference/Paper792/Authors"
        ],
        "readers": [
          "everyone"
        ],
        "nonreaders": [],
        "writers": [
          "ICLR.cc/2022/Conference",
          "ICLR.cc/2022/Conference/Paper792/Authors"
        ]
      },
      {
        "id": "u-5MPyeb8UV",
        "original": null,
        "number": 13,
        "cdate": 1637661299715,
        "mdate": 1637661299715,
        "ddate": null,
        "tcdate": 1637661299715,
        "tmdate": 1637661299715,
        "tddate": null,
        "forum": "hGXij5rfiHw",
        "replyto": "hGXij5rfiHw",
        "invitation": "ICLR.cc/2022/Conference/Paper792/-/Official_Comment",
        "content": {
          "title": "Paper Updating",
          "comment": "We again appreciate all reviewers’ approval and replies. We further update our paper by adding an **Open Discussions** section in Appendix G, which presents some promising future directions to further enhance our DIR framework. We sincerely hope this can make our work more sound and offer more inspiration for the community.\n"
        },
        "signatures": [
          "ICLR.cc/2022/Conference/Paper792/Authors"
        ],
        "readers": [
          "everyone"
        ],
        "nonreaders": [],
        "writers": [
          "ICLR.cc/2022/Conference",
          "ICLR.cc/2022/Conference/Paper792/Authors"
        ]
      },
      {
        "id": "2qEiqrFpouv",
        "original": null,
        "number": 1,
        "cdate": 1642696886448,
        "mdate": null,
        "ddate": null,
        "tcdate": 1642696886448,
        "tmdate": 1642696886448,
        "tddate": null,
        "forum": "hGXij5rfiHw",
        "replyto": "hGXij5rfiHw",
        "invitation": "ICLR.cc/2022/Conference/Paper792/-/Decision",
        "content": {
          "title": "Paper Decision",
          "decision": "Accept (Poster)",
          "comment": "The work proposes a method to learn graph representations based on subgraphs that are invariant to spurious subgraphs. The reviewers found the paper easy to read and the theory interesting, well explained and justified. The reviewers seem happy with the existing and new experiments that came during the rebuttal phase. I too found the paper interesting and mostly well-written. \n\nBesides the corrections done during the rebuttal, in further discussion with the authors, I raised a concern that the work must make additional assumptions about the support of the induced subgraph distributions that were not clearly stated in the paper: The work makes the assumption that there is enough training data such that all spurious induced subgraph patterns $S$ that are smaller than the truly correlated induced subgraph $C$ can be identified as spurious. The authors promised to make this into a clearly demarcated assumption since it a key requirement for the method to work."
        },
        "signatures": [
          "ICLR.cc/2022/Conference/Program_Chairs"
        ],
        "readers": [
          "everyone"
        ],
        "nonreaders": [],
        "writers": [
          "ICLR.cc/2022/Conference/Program_Chairs"
        ]
      }
    ]
  }
}