{
  "id": "J7b4BCtDm4",
  "original": "EU8Uqz6VX0",
  "number": 1281,
  "cdate": 1632875508348,
  "mdate": null,
  "ddate": null,
  "tcdate": 1632875508348,
  "tmdate": 1676330623019,
  "tddate": null,
  "forum": "J7b4BCtDm4",
  "replyto": null,
  "invitation": "ICLR.cc/2022/Conference/-/Blind_Submission",
  "content": {
    "title": "How to deal with missing data in supervised deep learning?",
    "authorids": [
      "~Niels_Bruun_Ipsen1",
      "~Pierre-Alexandre_Mattei3",
      "~Jes_Frellsen1"
    ],
    "authors": [
      "Niels Bruun Ipsen",
      "Pierre-Alexandre Mattei",
      "Jes Frellsen"
    ],
    "keywords": [],
    "abstract": "The issue of missing data in supervised learning has been largely overlooked, especially in the deep learning community. We investigate strategies to adapt neural architectures for handling missing values. Here, we focus on regression and classification problems where the features are assumed to be missing at random. Of particular interest are schemes that allow reusing as-is a neural discriminative architecture. To address supervised deep learning with missing values, we propose to marginalize over missing values in a joint model of covariates and outcomes. Thereby, we leverage both the flexibility of deep generative models to describe the distribution of the covariates and the power of purely discriminative models to make predictions. More precisely, a deep latent variable model can be learned jointly with the discriminative model, using importance-weighted variational inference, essentially using importance sampling to mimick averaging over multiple imputations. In low-capacity regimes, or when the discriminative model has a strong inductive bias, we find that our hybrid generative/discriminative approach generally outperforms single imputations methods.",
    "code_of_ethics": "",
    "submission_guidelines": "",
    "resubmission": "",
    "student_author": "",
    "serve_as_reviewer": "",
    "paperhash": "ipsen|how_to_deal_with_missing_data_in_supervised_deep_learning",
    "pdf": "/pdf/7b8b526fb7f29d7a4173ec3ad4d7c9cd67e17a63.pdf",
    "one-sentence_summary": "Marginalize over missing values in supervised learning using deep latent variable models.",
    "data": "",
    "_bibtex": "@inproceedings{\nipsen2022how,\ntitle={How to deal with missing data in supervised deep learning?},\nauthor={Niels Bruun Ipsen and Pierre-Alexandre Mattei and Jes Frellsen},\nbooktitle={International Conference on Learning Representations},\nyear={2022},\nurl={https://openreview.net/forum?id=J7b4BCtDm4}\n}",
    "venue": "ICLR 2022 Poster",
    "venueid": "ICLR.cc/2022/Conference"
  },
  "signatures": [
    "ICLR.cc/2022/Conference"
  ],
  "readers": [
    "everyone"
  ],
  "nonreaders": [],
  "writers": [
    "ICLR.cc/2022/Conference"
  ],
  "tauthor": "OpenReview.net",
  "pdate": 1643407560000,
  "odate": 1633539600000,
  "details": {
    "overwriting": [],
    "tags": [],
    "writable": false,
    "replyCount": 11,
    "directReplyCount": 6,
    "revisions": true,
    "replies": [
      {
        "id": "dRybc9SzXzj",
        "original": null,
        "number": 1,
        "cdate": 1634753918457,
        "mdate": null,
        "ddate": null,
        "tcdate": 1634753918457,
        "tmdate": 1634753918457,
        "tddate": null,
        "forum": "J7b4BCtDm4",
        "replyto": "J7b4BCtDm4",
        "invitation": "ICLR.cc/2022/Conference/Paper1281/-/Official_Review",
        "content": {
          "summary_of_the_paper": "This paper approaches the problem of supervised learning with missing data. The authors propose a probabilistic approach by jointly modeling the observed data, missing data and outcomes. The main contribution of this model is that they rely on deep generative models which seems to be an improvement from previous methods based on simpler generative models like mixture of Gaussians, for example. With the proposed model, the authors derive an optimization problem that consists in optimizing the discriminative model (classifier) and the generative model simultaneously. For the training and testing phases, the proposed algorithm considers multiple imputations of missing data, which is demonstrated to be superior to single imputation methods. Experimental results on small and simple datasets (2D datasets, MNIST digits-Fashion and regression) are nicely presented and analyzed.",
          "main_review": "Strenghts:\n- Strong theoretical foundations\n- Clearly written with nice illustrations of the used principles.\n- Good review of previous approaches to the supervise learning with missing data problem\n\nWeakness:\n- While the authors claim that their method is for deep learning, the provided examples are given on small datasets and used neural networks are not very deep. For example, a 4-layer CNN is used for MNIST datasets. It is not clear if the proposed method could be used on bigger datasets and deeper architectures.\n- A comparison of computational time with respect to other methods is missing, which makes to think that maybe this method is too expensive to implement for big datasets and deep learning architectures.\n- Experiments do not contain comparison with previous methods other than imputation based ones. There are recently published methods cited by the authors that provided implementation code for learning classifiers and missing data at the same time, i.e. avoiding the imputation followed by classification approach.\n",
          "summary_of_the_review": "A good paper including very clear and technically sound principles for solving the problem of supervised learning with missing data. Experiments are illustrative although it would be needed to implement them on bigger datasets and deeper neural network architectures as well as to compare to other methods in the literature.",
          "correctness": "4: All of the claims and statements are well-supported and correct.",
          "technical_novelty_and_significance": "3: The contributions are significant and somewhat new. Aspects of the contributions exist in prior work.",
          "empirical_novelty_and_significance": "3: The contributions are significant and somewhat new. Aspects of the contributions exist in prior work.",
          "flag_for_ethics_review": [
            "NO."
          ],
          "recommendation": "8: accept, good paper",
          "confidence": "4: You are confident in your assessment, but not absolutely certain. It is unlikely, but not impossible, that you did not understand some parts of the submission or that you are unfamiliar with some pieces of related work."
        },
        "signatures": [
          "ICLR.cc/2022/Conference/Paper1281/Reviewer_w981"
        ],
        "readers": [
          "everyone"
        ],
        "nonreaders": [],
        "writers": [
          "ICLR.cc/2022/Conference",
          "ICLR.cc/2022/Conference/Paper1281/Reviewer_w981"
        ]
      },
      {
        "id": "cLqiZ3bif1Q",
        "original": null,
        "number": 2,
        "cdate": 1635636320080,
        "mdate": null,
        "ddate": null,
        "tcdate": 1635636320080,
        "tmdate": 1635636320080,
        "tddate": null,
        "forum": "J7b4BCtDm4",
        "replyto": "J7b4BCtDm4",
        "invitation": "ICLR.cc/2022/Conference/Paper1281/-/Official_Review",
        "content": {
          "summary_of_the_paper": "The paper handles the issue of missing values in supervised deep learning settings. The fig.1 describes their method aptly. Their method (supMIWAE) is a combination of a VAE with a neural network classifier. Given the task to predict p(Y|x_{obs}, x_{miss}), the authors view it as a joint model of covariates and outcomes. Their model takes in x_{obs} and first fits a distribution to get x_{miss} and then models them as a joint distribution to predict outcome Y|(x_{obs}, x_{miss}). They use importance sampling technique to get multiple samples from the generative model. ",
          "main_review": "Pros:\n1. The authors do a good job of explaining the challenges of training discriminative models with missing data as well as going over the related works.\n2. Their approach is modular and extendable to many different choices of neural network architectures. \n3. The paper is well written and easy to follow. Good work there!\n\nConcerns and questions:\n1. Are eq. 13, 14 novel contributions of this work? Or these were previously derived and new to the proposed missing value handling settings?\n2. The novelty of the work is marginal. The multiple imputation idea, viewing the imputation problem as joint distributions (eq. 1,2) and also going through a few of the related works mentioned in this paper, I feel that most of the ideas proposed in this work are already out there. This work finds a combination of them which works well but the experiments are not extensive. \n3. The experiments are restricted to very small datasets. Would definitely like to see how this method performs on scale. As, I can foresee some issues with the training as it uses sampling. \n",
          "summary_of_the_review": "The work is good but not novel enough. Need to show results on larger datasets. Please also highlight the fail cases in the paper. ",
          "correctness": "3: Some of the paper’s claims have minor issues. A few statements are not well-supported, or require small changes to be made correct.",
          "technical_novelty_and_significance": "2: The contributions are only marginally significant or novel.",
          "empirical_novelty_and_significance": "2: The contributions are only marginally significant or novel.",
          "flag_for_ethics_review": [
            "NO."
          ],
          "recommendation": "5: marginally below the acceptance threshold",
          "confidence": "4: You are confident in your assessment, but not absolutely certain. It is unlikely, but not impossible, that you did not understand some parts of the submission or that you are unfamiliar with some pieces of related work."
        },
        "signatures": [
          "ICLR.cc/2022/Conference/Paper1281/Reviewer_FaAu"
        ],
        "readers": [
          "everyone"
        ],
        "nonreaders": [],
        "writers": [
          "ICLR.cc/2022/Conference",
          "ICLR.cc/2022/Conference/Paper1281/Reviewer_FaAu"
        ]
      },
      {
        "id": "S6iMzJ0XlM",
        "original": null,
        "number": 3,
        "cdate": 1635639228708,
        "mdate": null,
        "ddate": null,
        "tcdate": 1635639228708,
        "tmdate": 1635639228708,
        "tddate": null,
        "forum": "J7b4BCtDm4",
        "replyto": "J7b4BCtDm4",
        "invitation": "ICLR.cc/2022/Conference/Paper1281/-/Official_Review",
        "content": {
          "summary_of_the_paper": "The authors propose supMIWAE, a supervised missing data importance-weighted autoencoder, to address the challenges of training with missing data. They claim that the new approach, a VAE combined with a discriminator, jointly trained, is more scalable, and performs better than existing data imputation methods, in particular MIWAE (Mattei & Frellsen, 2019) ",
          "main_review": "Strengths:\n+\tThe proposed method offers end to end training, which is useful for scalability and transferability. They claim that such a method can be applied to discriminators. \n+\tauthors have both visually and empirically shown improvements in data imputation for MNIST and Fashion-MNIST\n+\tIt is shown to perform better than MIWAE, (Mattei & Frellsen, 2019), the main baseline for this works\n\nWeaknesses:\n-\tWhile there are some gains in performance, it feels incremental both in % increase and scale. MNIST and FMNIST are very similar small, almost binary valued datasets, and weakly supports the claim of scalability.\n-\tIn UCI datasets, where features are real numbers, and probably contain more information per feature, supMIWAE performs at par with MIWAE.\n-\tMost aspects of the technique are leveraged from the prior works. \n\nGeneral comments:\n●\tHow does the supervision and joint training impact the training complexity of the system?\n●\tInterestingly, supMIWAE performs definitely better than MIWAE for MNIST, and FMNIST, however such gains are no longer visible for UCI datasets. The gains of joint training seem to be limited to a certain type of data. \n●\tIn terms of practical applications, where do the authors see their method bring the most gains? Image, language, or statistical datasets. \n\n",
          "summary_of_the_review": "The addition of supervision and joint training to MIWAE seems novel, and while the work improves upon the prior methods of using DLVM for missing data, it falls short in the claim of scalability and overall gains in performance across different types of datasets. ",
          "correctness": "3: Some of the paper’s claims have minor issues. A few statements are not well-supported, or require small changes to be made correct.",
          "technical_novelty_and_significance": "2: The contributions are only marginally significant or novel.",
          "empirical_novelty_and_significance": "2: The contributions are only marginally significant or novel.",
          "flag_for_ethics_review": [
            "NO."
          ],
          "recommendation": "5: marginally below the acceptance threshold",
          "confidence": "3: You are fairly confident in your assessment. It is possible that you did not understand some parts of the submission or that you are unfamiliar with some pieces of related work. Math/other details were not carefully checked."
        },
        "signatures": [
          "ICLR.cc/2022/Conference/Paper1281/Reviewer_U6yy"
        ],
        "readers": [
          "everyone"
        ],
        "nonreaders": [],
        "writers": [
          "ICLR.cc/2022/Conference",
          "ICLR.cc/2022/Conference/Paper1281/Reviewer_U6yy"
        ]
      },
      {
        "id": "TS-kVuewlKQ",
        "original": null,
        "number": 4,
        "cdate": 1636097644401,
        "mdate": null,
        "ddate": null,
        "tcdate": 1636097644401,
        "tmdate": 1636097644401,
        "tddate": null,
        "forum": "J7b4BCtDm4",
        "replyto": "J7b4BCtDm4",
        "invitation": "ICLR.cc/2022/Conference/Paper1281/-/Official_Review",
        "content": {
          "summary_of_the_paper": "The paper presents a method to more optimally learn deep learning classifiers in the presence of missing values. More specifically, the authors present the approach called supervised missing data importance-weighted autoencoder (supMIWAE) bound which allows them to train a joint model of covariates and outcomes by marginalizing over the missing values. ",
          "main_review": "The paper is written clearly and there are no obvious errors I can see in the theory or the experiments presented in this paper. However, I have not checked some of the derivations in detail. The method presented in the paper is largely based on previous work on variational inference, but it is otherwise novel and noteworthy theoretical contribution. Their application to train a joint model of covariates and outcomes with DLVMs and neural classifier in the presence of missing data is a fairly novel approach to my knowledge. The claims made in the paper are well backed by experiments and therefore the results are quite solid. In terms of impact, the problem of missing values is a very ubiquitous one and therefore the potential impact of the paper is significant. Moreover, the results presented by the authors indicate that their method outperforms other relevant approaches (single imputations methods) in a restricted number of scenarios: low-capacity regimes, or when the discriminative model has a strong inductive bias.  ",
          "summary_of_the_review": "Noteworthy application of variational auto-encoders to improve classification in the presence of missing data. Overall a solid paper, I recommend accepting the paper in the conference.  ",
          "correctness": "4: All of the claims and statements are well-supported and correct.",
          "technical_novelty_and_significance": "3: The contributions are significant and somewhat new. Aspects of the contributions exist in prior work.",
          "empirical_novelty_and_significance": "3: The contributions are significant and somewhat new. Aspects of the contributions exist in prior work.",
          "flag_for_ethics_review": [
            "NO."
          ],
          "recommendation": "8: accept, good paper",
          "confidence": "3: You are fairly confident in your assessment. It is possible that you did not understand some parts of the submission or that you are unfamiliar with some pieces of related work. Math/other details were not carefully checked."
        },
        "signatures": [
          "ICLR.cc/2022/Conference/Paper1281/Reviewer_zqzK"
        ],
        "readers": [
          "everyone"
        ],
        "nonreaders": [],
        "writers": [
          "ICLR.cc/2022/Conference",
          "ICLR.cc/2022/Conference/Paper1281/Reviewer_zqzK"
        ]
      },
      {
        "id": "L4bKSciRuQ0",
        "original": null,
        "number": 2,
        "cdate": 1637619612091,
        "mdate": 1637619612091,
        "ddate": null,
        "tcdate": 1637619612091,
        "tmdate": 1637619612091,
        "tddate": null,
        "forum": "J7b4BCtDm4",
        "replyto": "J7b4BCtDm4",
        "invitation": "ICLR.cc/2022/Conference/Paper1281/-/Official_Comment",
        "content": {
          "title": "General response",
          "comment": "We would like to thank the reviewers for their valuable feedback and very useful suggestions. We appreciate the reviewers assessments that “the results are quite solid”, “the potential impact of the paper is significant”, “the paper is well written and easy to follow”, that we provided a “[g]ood review of previous approaches to the supervised learning with missing data problem” and that our technique has “[s]trong theoretical foundations”.\n\nA common remark by the reviewers regards the scalability of the method to larger datasets and results on these with deeper architectures. We want to emphasise that we do experiments on 17 different datasets, which have various missing patterns and missing rates for the UCI datasets and Image datasets, and varying model capacity for the 2D datasets. We do these experiments to evaluate our proposed model. However, the experiments also bring new insights about the character of the decision surface. For instance, we empirically reveal the imputation manifold that was theoretically designed by Le Morvan et al. (2021). We also provide new insight on the low-capacity behaviour of the outcome model with constant imputations.\n\nTo address the reviewers’ comments about deeper architectures and larger datasets, we evaluate our method on the SVHN natural image dataset (~500.000 color images), with a low capacity (4-layers) and high capacity (8-layers) CNN discriminator. The missing mechanism “observed squares” is applied to SVHN as described in section F.2. The results are shown in table 6 of the revised manuscript and more details are given in the added section F.2. The results are also shown in the table below:\n\n| Model   | 4-layers (test acc) | 8-layers (test acc) | 8-layers (test acc, fully obs)|\n|---------|---------------------|---------------------|-------------------------------|\n|supMIWAE | 0.8264              | 0.8829              | 0.9281                        |\n|MIWAE    | 0.8233              | 0.8666              | 0.9143                        |\n|0-impute | 0.8155              | 0.8818              | 0.8967                        |\n|learnable| 0.8139              | 0.8839              | 0.9012                        |\n\nIn the low capacity regime, the supMIWAE outperforms the two single imputation methods and performs on par with MIWAE. As expected and in line with the other results in our paper, when we move to the high capacity discriminator with 8-layers, supMIWAE performs on par with the single imputation methods and outperforms the MIWAE. We observe that despite CNN’s built-in inductive bias, it can still undo single imputations when the network has a high enough capacity, which is not surprising. The last column of the table shows the test accuracy on the fully observed test set for the high capacity models trained on the training set with only observed squares. Here the supMIWAE outperforms the other models, despite it was never trained on fully observed data.\n\nFor the camera-ready version, we will for both the low- and high-capacity discriminator complete experiments for two other missing mechanisms (“missing squares” and “dropout” over a range of missing rates) and do repeated experiments to produce a figure similar to figure 6 for SVHN."
        },
        "signatures": [
          "ICLR.cc/2022/Conference/Paper1281/Authors"
        ],
        "readers": [
          "everyone"
        ],
        "nonreaders": [],
        "writers": [
          "ICLR.cc/2022/Conference",
          "ICLR.cc/2022/Conference/Paper1281/Authors"
        ]
      },
      {
        "id": "6WLC62DuQN",
        "original": null,
        "number": 3,
        "cdate": 1637619742578,
        "mdate": 1637619742578,
        "ddate": null,
        "tcdate": 1637619742578,
        "tmdate": 1637619742578,
        "tddate": null,
        "forum": "J7b4BCtDm4",
        "replyto": "TS-kVuewlKQ",
        "invitation": "ICLR.cc/2022/Conference/Paper1281/-/Official_Comment",
        "content": {
          "title": "Response to reviewer zqzK",
          "comment": "Thank you for your review and feedback. We are very pleased that you find that the paper is clearly written and that the potential impact of the paper is significant!"
        },
        "signatures": [
          "ICLR.cc/2022/Conference/Paper1281/Authors"
        ],
        "readers": [
          "everyone"
        ],
        "nonreaders": [],
        "writers": [
          "ICLR.cc/2022/Conference",
          "ICLR.cc/2022/Conference/Paper1281/Authors"
        ]
      },
      {
        "id": "yjUmzTLXA_",
        "original": null,
        "number": 4,
        "cdate": 1637620052902,
        "mdate": 1637620052902,
        "ddate": null,
        "tcdate": 1637620052902,
        "tmdate": 1637620052902,
        "tddate": null,
        "forum": "J7b4BCtDm4",
        "replyto": "S6iMzJ0XlM",
        "invitation": "ICLR.cc/2022/Conference/Paper1281/-/Official_Comment",
        "content": {
          "title": "Response to reviewer U6yy",
          "comment": "Thank you for your comments and assessment of our paper. We address your individual comments below.\n\n> “While there are some gains in performance, it feels incremental both in % increase and scale. MNIST and FMNIST are very similar small, almost binary valued datasets, and weakly supports the claim of scalability.”\n\nThank you for this question. In response, we have provided additional experiments on the SVHN dataset. See general response.\n\n> “In UCI datasets, where features are real numbers, and probably contain more information per feature, supMIWAE performs at par with MIWAE.”\n> “Interestingly, supMIWAE performs definitely better than MIWAE for MNIST, and FMNIST, however such gains are no longer visible for UCI datasets. The gains of joint training seem to be limited to a certain type of data.”\n\nThe results from Le Morvan et al. (2021) and our experiments on toy datasets show that in the large capacity domain the classifier can undo any imputation and this leads to similar performance across imputation methods. The similar performance across methods on the UCI datasets is probably more related to this phenomenon than to the type of data, i.e. the characteristics of the data together with the characteristics of the classifier determines whether the supMIWAE can improve performance or not.\n\n> “Most aspects of the technique are leveraged from the prior works.”\n\nWhile marginalizing over missing values in a joint model of covariates and labels has indeed been approximated before (e.g. by Gharamani & Jordan, 1995), we show how to do this with highly flexible density models instead of mixtures of Gaussians. Our proposed framework could in principle also be applied to a mixture of Gaussian, so in that sense our work could be viewed as a generalization of previous methods. Similarly, our proposed importance sampling technique is general in the sense that any density model which can provide an approximation to $p(x^\\text{miss} | x^{\\text{obs}})$ can be plugged in as the covariate model combined with any neural classifier. Thus this approach is a generalization of previous methods (see citations at the end of section 1.1), which rely on specific density models, radial basis functions or average neuron activations for specific nonlinearities.\n\n> “How does the supervision and joint training impact the training complexity of the system? ”\n\nThe training complexity of the supMIWAE is, of course, higher then just training the discriminator without missing data or with 0-imputation. In terms of training time, the dominating factor is the number of samples $K$ used in the ELBO of equation (15) and the overhead scales linearly with $K$ as compared to 0-imputation.\n\n> “In terms of practical applications, where do the authors see their method bring the most gains? Image, language, or statistical datasets.”\n\nThank you for this interesting question. From our experiments it seems that in domains where low capacity models and inductive biases are needed for performance, the same inductive biases that are needed to improve performance in the no-missing case reduce the possibility of undoing simple imputations in the missing case, thus leaving a need for better imputation methods, such as the supMIWAE. We touch upon this in the conclusion, but we will clarify it further."
        },
        "signatures": [
          "ICLR.cc/2022/Conference/Paper1281/Authors"
        ],
        "readers": [
          "everyone"
        ],
        "nonreaders": [],
        "writers": [
          "ICLR.cc/2022/Conference",
          "ICLR.cc/2022/Conference/Paper1281/Authors"
        ]
      },
      {
        "id": "STW5G73V0xN",
        "original": null,
        "number": 5,
        "cdate": 1637620167590,
        "mdate": 1637620167590,
        "ddate": null,
        "tcdate": 1637620167590,
        "tmdate": 1637620167590,
        "tddate": null,
        "forum": "J7b4BCtDm4",
        "replyto": "cLqiZ3bif1Q",
        "invitation": "ICLR.cc/2022/Conference/Paper1281/-/Official_Comment",
        "content": {
          "title": "Response to reviewer FaAu",
          "comment": "Thank you for your review and for appreciating that the approach is modular and extendable to many different choices of neural discriminators. We address your remarks below.\n\n> “Are eq. 13, 14 novel contributions of this work? Or these were previously derived and new to the proposed missing value handling settings?”\n\nIn the form, where $x^{\\text{obs}}$ is the observed covariates and $y$ is the observed outcome/label, the equation is, to the best of our knowledge, new. However, we note that equations (13) and (14) are just an IWAE bound (Burda et al., 2016), where both latent and observed spaces are extended. The observed space is extended to include also the label. The latent space is extended to include $x^{\\text{miss}}$ and the encoder is extended with $p(x^{\\text{miss}}|z)$. Ipsen et al. (2021) have also considered an IWAE bound with an extended latent and observed space for handling MNAR values in unsupervised learning. See appendix D for more details.\n\n> “The novelty of the work is marginal. The multiple imputation idea, viewing the imputation problem as joint distributions (eq. 1,2) and also going through a few of the related works mentioned in this paper, I feel that most of the ideas proposed in this work are already out there. This work finds a combination of them which works well but the experiments are not extensive.”\n\nThe idea of using multiple imputations is indeed not novel (see e.g. Rubin, 1996), and we also do not claim this. What is novel is that we jointly learn the covariate model and the outcome model, where the covariate model is a highly flexible DLVM, which, to the best of our knowledge, has not been done before. Furthermore, we also empirically illustrate the behaviour of the decision surface of the outcome model with constant imputations, which is also, to the best of our knowledge, novel.\n\nRegarding the difference with multiple imputation, we discuss it in Appendix C. Notably, a very practical difference between traditional multiple imputation and our approach, is that multiple imputation uses a uniform weight $1/K$ for each imputation, while we use importance weights that will treat each imputation based on its likelihood.\n\nIn terms of extensiveness of the experiments, we would like to emphasize that we do experiments on 17 different datasets, which have various missing patterns and missing rates (UCI datasets and Image datasets), and varying model capacity (2D datasets). We have also added experiments on the SVHN dataset (see general response).\n\n> “The experiments are restricted to very small datasets. Would definitely like to see how this method performs on scale. As, I can foresee some issues with the training as it uses sampling.”\n\nThank you for this comment. To address this, we have provided additional experiments on the larger  (~500.000 natural color images) SVHN dataset (see general response)."
        },
        "signatures": [
          "ICLR.cc/2022/Conference/Paper1281/Authors"
        ],
        "readers": [
          "everyone"
        ],
        "nonreaders": [],
        "writers": [
          "ICLR.cc/2022/Conference",
          "ICLR.cc/2022/Conference/Paper1281/Authors"
        ]
      },
      {
        "id": "d-R8feuJ1Jh",
        "original": null,
        "number": 6,
        "cdate": 1637620257194,
        "mdate": 1637620257194,
        "ddate": null,
        "tcdate": 1637620257194,
        "tmdate": 1637620257194,
        "tddate": null,
        "forum": "J7b4BCtDm4",
        "replyto": "dRybc9SzXzj",
        "invitation": "ICLR.cc/2022/Conference/Paper1281/-/Official_Comment",
        "content": {
          "title": "Response to reviewer w981",
          "comment": "Thank you for your review; we appreciate that you find the paper well written with nice illustrations. We will address your concerns below:\n\n> “While the authors claim that their method is for deep learning, the provided examples are given on small datasets and used neural networks are not very deep. For example, a 4-layer CNN is used for MNIST datasets. It is not clear if the proposed method could be used on bigger datasets and deeper architectures.”\n\nThank you for this comment. To address this, we have added additional experiments on the larger  (~500.000 natural color images) SVHN dataset and with a deeper architecture. See general response.\n\n> “A comparison of computational time with respect to other methods is missing, which makes to think that maybe this method is too expensive to implement for big datasets and deep learning architectures.”\n\nThe dominating computational overhead of training is the number of importance samples $K$ used in the ELBO of equation (15), and the overhead scales linearly with the number of samples. This is also what we see empirically, where one training iteration takes about 7ms for 0-imputation and learning-imputation, and about 22ms for supMIWAE with five importance samples. We have added a comment about this at the end of the introduction to section 4 (Experiment).\n\n> “Experiments do not contain comparison with previous methods other than imputation based ones. There are recently published methods cited by the authors that provided implementation code for learning classifiers and missing data at the same time, i.e. avoiding the imputation followed by classification approach.”\n\nThis is a good idea, and we will add a comparison with the work by Śmieja et al (2018) in the final version of the manuscript."
        },
        "signatures": [
          "ICLR.cc/2022/Conference/Paper1281/Authors"
        ],
        "readers": [
          "everyone"
        ],
        "nonreaders": [],
        "writers": [
          "ICLR.cc/2022/Conference",
          "ICLR.cc/2022/Conference/Paper1281/Authors"
        ]
      },
      {
        "id": "bDZWVQuTo6y",
        "original": null,
        "number": 7,
        "cdate": 1637820478044,
        "mdate": 1637820478044,
        "ddate": null,
        "tcdate": 1637820478044,
        "tmdate": 1637820478044,
        "tddate": null,
        "forum": "J7b4BCtDm4",
        "replyto": "STW5G73V0xN",
        "invitation": "ICLR.cc/2022/Conference/Paper1281/-/Official_Comment",
        "content": {
          "title": "Follow up on the novelty of the work",
          "comment": "I thank the authors for their detailed response. I followed up on the related papers pointed out and again weighed the novelty of this work. I still feel that the work is good but not novel enough and stand by my ratings. I appreciate the addition of the SVNH experiments which shows marginal improvement over other methods. "
        },
        "signatures": [
          "ICLR.cc/2022/Conference/Paper1281/Reviewer_FaAu"
        ],
        "readers": [
          "everyone"
        ],
        "nonreaders": [],
        "writers": [
          "ICLR.cc/2022/Conference",
          "ICLR.cc/2022/Conference/Paper1281/Reviewer_FaAu"
        ]
      },
      {
        "id": "9e4xI0sH4hv",
        "original": null,
        "number": 1,
        "cdate": 1642696923921,
        "mdate": null,
        "ddate": null,
        "tcdate": 1642696923921,
        "tmdate": 1642696923921,
        "tddate": null,
        "forum": "J7b4BCtDm4",
        "replyto": "J7b4BCtDm4",
        "invitation": "ICLR.cc/2022/Conference/Paper1281/-/Decision",
        "content": {
          "title": "Paper Decision",
          "decision": "Accept (Poster)",
          "comment": "This paper addresses features that are missing at random in deep supervised learning, especially regression and classification. A deep latent generative model is trained in conjunction with a discriminative model, so that the distribution of the covariates is properly modeled and allows efficient variational inference for imputation.  Superior performance is achieved in low-capacity domain or when strong inductive bias is present in the discriminative model.\n\nThe paper is well written, with solid empirical support.  The approach is also generic.  Although there is some concern on novelty, overall this paper appears a solid contribution and is a good addition to the proceedings."
        },
        "signatures": [
          "ICLR.cc/2022/Conference/Program_Chairs"
        ],
        "readers": [
          "everyone"
        ],
        "nonreaders": [],
        "writers": [
          "ICLR.cc/2022/Conference/Program_Chairs"
        ]
      }
    ],
    "directReplies": [
      {
        "id": "dRybc9SzXzj",
        "original": null,
        "number": 1,
        "cdate": 1634753918457,
        "mdate": null,
        "ddate": null,
        "tcdate": 1634753918457,
        "tmdate": 1634753918457,
        "tddate": null,
        "forum": "J7b4BCtDm4",
        "replyto": "J7b4BCtDm4",
        "invitation": "ICLR.cc/2022/Conference/Paper1281/-/Official_Review",
        "content": {
          "summary_of_the_paper": "This paper approaches the problem of supervised learning with missing data. The authors propose a probabilistic approach by jointly modeling the observed data, missing data and outcomes. The main contribution of this model is that they rely on deep generative models which seems to be an improvement from previous methods based on simpler generative models like mixture of Gaussians, for example. With the proposed model, the authors derive an optimization problem that consists in optimizing the discriminative model (classifier) and the generative model simultaneously. For the training and testing phases, the proposed algorithm considers multiple imputations of missing data, which is demonstrated to be superior to single imputation methods. Experimental results on small and simple datasets (2D datasets, MNIST digits-Fashion and regression) are nicely presented and analyzed.",
          "main_review": "Strenghts:\n- Strong theoretical foundations\n- Clearly written with nice illustrations of the used principles.\n- Good review of previous approaches to the supervise learning with missing data problem\n\nWeakness:\n- While the authors claim that their method is for deep learning, the provided examples are given on small datasets and used neural networks are not very deep. For example, a 4-layer CNN is used for MNIST datasets. It is not clear if the proposed method could be used on bigger datasets and deeper architectures.\n- A comparison of computational time with respect to other methods is missing, which makes to think that maybe this method is too expensive to implement for big datasets and deep learning architectures.\n- Experiments do not contain comparison with previous methods other than imputation based ones. There are recently published methods cited by the authors that provided implementation code for learning classifiers and missing data at the same time, i.e. avoiding the imputation followed by classification approach.\n",
          "summary_of_the_review": "A good paper including very clear and technically sound principles for solving the problem of supervised learning with missing data. Experiments are illustrative although it would be needed to implement them on bigger datasets and deeper neural network architectures as well as to compare to other methods in the literature.",
          "correctness": "4: All of the claims and statements are well-supported and correct.",
          "technical_novelty_and_significance": "3: The contributions are significant and somewhat new. Aspects of the contributions exist in prior work.",
          "empirical_novelty_and_significance": "3: The contributions are significant and somewhat new. Aspects of the contributions exist in prior work.",
          "flag_for_ethics_review": [
            "NO."
          ],
          "recommendation": "8: accept, good paper",
          "confidence": "4: You are confident in your assessment, but not absolutely certain. It is unlikely, but not impossible, that you did not understand some parts of the submission or that you are unfamiliar with some pieces of related work."
        },
        "signatures": [
          "ICLR.cc/2022/Conference/Paper1281/Reviewer_w981"
        ],
        "readers": [
          "everyone"
        ],
        "nonreaders": [],
        "writers": [
          "ICLR.cc/2022/Conference",
          "ICLR.cc/2022/Conference/Paper1281/Reviewer_w981"
        ]
      },
      {
        "id": "cLqiZ3bif1Q",
        "original": null,
        "number": 2,
        "cdate": 1635636320080,
        "mdate": null,
        "ddate": null,
        "tcdate": 1635636320080,
        "tmdate": 1635636320080,
        "tddate": null,
        "forum": "J7b4BCtDm4",
        "replyto": "J7b4BCtDm4",
        "invitation": "ICLR.cc/2022/Conference/Paper1281/-/Official_Review",
        "content": {
          "summary_of_the_paper": "The paper handles the issue of missing values in supervised deep learning settings. The fig.1 describes their method aptly. Their method (supMIWAE) is a combination of a VAE with a neural network classifier. Given the task to predict p(Y|x_{obs}, x_{miss}), the authors view it as a joint model of covariates and outcomes. Their model takes in x_{obs} and first fits a distribution to get x_{miss} and then models them as a joint distribution to predict outcome Y|(x_{obs}, x_{miss}). They use importance sampling technique to get multiple samples from the generative model. ",
          "main_review": "Pros:\n1. The authors do a good job of explaining the challenges of training discriminative models with missing data as well as going over the related works.\n2. Their approach is modular and extendable to many different choices of neural network architectures. \n3. The paper is well written and easy to follow. Good work there!\n\nConcerns and questions:\n1. Are eq. 13, 14 novel contributions of this work? Or these were previously derived and new to the proposed missing value handling settings?\n2. The novelty of the work is marginal. The multiple imputation idea, viewing the imputation problem as joint distributions (eq. 1,2) and also going through a few of the related works mentioned in this paper, I feel that most of the ideas proposed in this work are already out there. This work finds a combination of them which works well but the experiments are not extensive. \n3. The experiments are restricted to very small datasets. Would definitely like to see how this method performs on scale. As, I can foresee some issues with the training as it uses sampling. \n",
          "summary_of_the_review": "The work is good but not novel enough. Need to show results on larger datasets. Please also highlight the fail cases in the paper. ",
          "correctness": "3: Some of the paper’s claims have minor issues. A few statements are not well-supported, or require small changes to be made correct.",
          "technical_novelty_and_significance": "2: The contributions are only marginally significant or novel.",
          "empirical_novelty_and_significance": "2: The contributions are only marginally significant or novel.",
          "flag_for_ethics_review": [
            "NO."
          ],
          "recommendation": "5: marginally below the acceptance threshold",
          "confidence": "4: You are confident in your assessment, but not absolutely certain. It is unlikely, but not impossible, that you did not understand some parts of the submission or that you are unfamiliar with some pieces of related work."
        },
        "signatures": [
          "ICLR.cc/2022/Conference/Paper1281/Reviewer_FaAu"
        ],
        "readers": [
          "everyone"
        ],
        "nonreaders": [],
        "writers": [
          "ICLR.cc/2022/Conference",
          "ICLR.cc/2022/Conference/Paper1281/Reviewer_FaAu"
        ]
      },
      {
        "id": "S6iMzJ0XlM",
        "original": null,
        "number": 3,
        "cdate": 1635639228708,
        "mdate": null,
        "ddate": null,
        "tcdate": 1635639228708,
        "tmdate": 1635639228708,
        "tddate": null,
        "forum": "J7b4BCtDm4",
        "replyto": "J7b4BCtDm4",
        "invitation": "ICLR.cc/2022/Conference/Paper1281/-/Official_Review",
        "content": {
          "summary_of_the_paper": "The authors propose supMIWAE, a supervised missing data importance-weighted autoencoder, to address the challenges of training with missing data. They claim that the new approach, a VAE combined with a discriminator, jointly trained, is more scalable, and performs better than existing data imputation methods, in particular MIWAE (Mattei & Frellsen, 2019) ",
          "main_review": "Strengths:\n+\tThe proposed method offers end to end training, which is useful for scalability and transferability. They claim that such a method can be applied to discriminators. \n+\tauthors have both visually and empirically shown improvements in data imputation for MNIST and Fashion-MNIST\n+\tIt is shown to perform better than MIWAE, (Mattei & Frellsen, 2019), the main baseline for this works\n\nWeaknesses:\n-\tWhile there are some gains in performance, it feels incremental both in % increase and scale. MNIST and FMNIST are very similar small, almost binary valued datasets, and weakly supports the claim of scalability.\n-\tIn UCI datasets, where features are real numbers, and probably contain more information per feature, supMIWAE performs at par with MIWAE.\n-\tMost aspects of the technique are leveraged from the prior works. \n\nGeneral comments:\n●\tHow does the supervision and joint training impact the training complexity of the system?\n●\tInterestingly, supMIWAE performs definitely better than MIWAE for MNIST, and FMNIST, however such gains are no longer visible for UCI datasets. The gains of joint training seem to be limited to a certain type of data. \n●\tIn terms of practical applications, where do the authors see their method bring the most gains? Image, language, or statistical datasets. \n\n",
          "summary_of_the_review": "The addition of supervision and joint training to MIWAE seems novel, and while the work improves upon the prior methods of using DLVM for missing data, it falls short in the claim of scalability and overall gains in performance across different types of datasets. ",
          "correctness": "3: Some of the paper’s claims have minor issues. A few statements are not well-supported, or require small changes to be made correct.",
          "technical_novelty_and_significance": "2: The contributions are only marginally significant or novel.",
          "empirical_novelty_and_significance": "2: The contributions are only marginally significant or novel.",
          "flag_for_ethics_review": [
            "NO."
          ],
          "recommendation": "5: marginally below the acceptance threshold",
          "confidence": "3: You are fairly confident in your assessment. It is possible that you did not understand some parts of the submission or that you are unfamiliar with some pieces of related work. Math/other details were not carefully checked."
        },
        "signatures": [
          "ICLR.cc/2022/Conference/Paper1281/Reviewer_U6yy"
        ],
        "readers": [
          "everyone"
        ],
        "nonreaders": [],
        "writers": [
          "ICLR.cc/2022/Conference",
          "ICLR.cc/2022/Conference/Paper1281/Reviewer_U6yy"
        ]
      },
      {
        "id": "TS-kVuewlKQ",
        "original": null,
        "number": 4,
        "cdate": 1636097644401,
        "mdate": null,
        "ddate": null,
        "tcdate": 1636097644401,
        "tmdate": 1636097644401,
        "tddate": null,
        "forum": "J7b4BCtDm4",
        "replyto": "J7b4BCtDm4",
        "invitation": "ICLR.cc/2022/Conference/Paper1281/-/Official_Review",
        "content": {
          "summary_of_the_paper": "The paper presents a method to more optimally learn deep learning classifiers in the presence of missing values. More specifically, the authors present the approach called supervised missing data importance-weighted autoencoder (supMIWAE) bound which allows them to train a joint model of covariates and outcomes by marginalizing over the missing values. ",
          "main_review": "The paper is written clearly and there are no obvious errors I can see in the theory or the experiments presented in this paper. However, I have not checked some of the derivations in detail. The method presented in the paper is largely based on previous work on variational inference, but it is otherwise novel and noteworthy theoretical contribution. Their application to train a joint model of covariates and outcomes with DLVMs and neural classifier in the presence of missing data is a fairly novel approach to my knowledge. The claims made in the paper are well backed by experiments and therefore the results are quite solid. In terms of impact, the problem of missing values is a very ubiquitous one and therefore the potential impact of the paper is significant. Moreover, the results presented by the authors indicate that their method outperforms other relevant approaches (single imputations methods) in a restricted number of scenarios: low-capacity regimes, or when the discriminative model has a strong inductive bias.  ",
          "summary_of_the_review": "Noteworthy application of variational auto-encoders to improve classification in the presence of missing data. Overall a solid paper, I recommend accepting the paper in the conference.  ",
          "correctness": "4: All of the claims and statements are well-supported and correct.",
          "technical_novelty_and_significance": "3: The contributions are significant and somewhat new. Aspects of the contributions exist in prior work.",
          "empirical_novelty_and_significance": "3: The contributions are significant and somewhat new. Aspects of the contributions exist in prior work.",
          "flag_for_ethics_review": [
            "NO."
          ],
          "recommendation": "8: accept, good paper",
          "confidence": "3: You are fairly confident in your assessment. It is possible that you did not understand some parts of the submission or that you are unfamiliar with some pieces of related work. Math/other details were not carefully checked."
        },
        "signatures": [
          "ICLR.cc/2022/Conference/Paper1281/Reviewer_zqzK"
        ],
        "readers": [
          "everyone"
        ],
        "nonreaders": [],
        "writers": [
          "ICLR.cc/2022/Conference",
          "ICLR.cc/2022/Conference/Paper1281/Reviewer_zqzK"
        ]
      },
      {
        "id": "L4bKSciRuQ0",
        "original": null,
        "number": 2,
        "cdate": 1637619612091,
        "mdate": 1637619612091,
        "ddate": null,
        "tcdate": 1637619612091,
        "tmdate": 1637619612091,
        "tddate": null,
        "forum": "J7b4BCtDm4",
        "replyto": "J7b4BCtDm4",
        "invitation": "ICLR.cc/2022/Conference/Paper1281/-/Official_Comment",
        "content": {
          "title": "General response",
          "comment": "We would like to thank the reviewers for their valuable feedback and very useful suggestions. We appreciate the reviewers assessments that “the results are quite solid”, “the potential impact of the paper is significant”, “the paper is well written and easy to follow”, that we provided a “[g]ood review of previous approaches to the supervised learning with missing data problem” and that our technique has “[s]trong theoretical foundations”.\n\nA common remark by the reviewers regards the scalability of the method to larger datasets and results on these with deeper architectures. We want to emphasise that we do experiments on 17 different datasets, which have various missing patterns and missing rates for the UCI datasets and Image datasets, and varying model capacity for the 2D datasets. We do these experiments to evaluate our proposed model. However, the experiments also bring new insights about the character of the decision surface. For instance, we empirically reveal the imputation manifold that was theoretically designed by Le Morvan et al. (2021). We also provide new insight on the low-capacity behaviour of the outcome model with constant imputations.\n\nTo address the reviewers’ comments about deeper architectures and larger datasets, we evaluate our method on the SVHN natural image dataset (~500.000 color images), with a low capacity (4-layers) and high capacity (8-layers) CNN discriminator. The missing mechanism “observed squares” is applied to SVHN as described in section F.2. The results are shown in table 6 of the revised manuscript and more details are given in the added section F.2. The results are also shown in the table below:\n\n| Model   | 4-layers (test acc) | 8-layers (test acc) | 8-layers (test acc, fully obs)|\n|---------|---------------------|---------------------|-------------------------------|\n|supMIWAE | 0.8264              | 0.8829              | 0.9281                        |\n|MIWAE    | 0.8233              | 0.8666              | 0.9143                        |\n|0-impute | 0.8155              | 0.8818              | 0.8967                        |\n|learnable| 0.8139              | 0.8839              | 0.9012                        |\n\nIn the low capacity regime, the supMIWAE outperforms the two single imputation methods and performs on par with MIWAE. As expected and in line with the other results in our paper, when we move to the high capacity discriminator with 8-layers, supMIWAE performs on par with the single imputation methods and outperforms the MIWAE. We observe that despite CNN’s built-in inductive bias, it can still undo single imputations when the network has a high enough capacity, which is not surprising. The last column of the table shows the test accuracy on the fully observed test set for the high capacity models trained on the training set with only observed squares. Here the supMIWAE outperforms the other models, despite it was never trained on fully observed data.\n\nFor the camera-ready version, we will for both the low- and high-capacity discriminator complete experiments for two other missing mechanisms (“missing squares” and “dropout” over a range of missing rates) and do repeated experiments to produce a figure similar to figure 6 for SVHN."
        },
        "signatures": [
          "ICLR.cc/2022/Conference/Paper1281/Authors"
        ],
        "readers": [
          "everyone"
        ],
        "nonreaders": [],
        "writers": [
          "ICLR.cc/2022/Conference",
          "ICLR.cc/2022/Conference/Paper1281/Authors"
        ]
      },
      {
        "id": "9e4xI0sH4hv",
        "original": null,
        "number": 1,
        "cdate": 1642696923921,
        "mdate": null,
        "ddate": null,
        "tcdate": 1642696923921,
        "tmdate": 1642696923921,
        "tddate": null,
        "forum": "J7b4BCtDm4",
        "replyto": "J7b4BCtDm4",
        "invitation": "ICLR.cc/2022/Conference/Paper1281/-/Decision",
        "content": {
          "title": "Paper Decision",
          "decision": "Accept (Poster)",
          "comment": "This paper addresses features that are missing at random in deep supervised learning, especially regression and classification. A deep latent generative model is trained in conjunction with a discriminative model, so that the distribution of the covariates is properly modeled and allows efficient variational inference for imputation.  Superior performance is achieved in low-capacity domain or when strong inductive bias is present in the discriminative model.\n\nThe paper is well written, with solid empirical support.  The approach is also generic.  Although there is some concern on novelty, overall this paper appears a solid contribution and is a good addition to the proceedings."
        },
        "signatures": [
          "ICLR.cc/2022/Conference/Program_Chairs"
        ],
        "readers": [
          "everyone"
        ],
        "nonreaders": [],
        "writers": [
          "ICLR.cc/2022/Conference/Program_Chairs"
        ]
      }
    ]
  }
}