{
  "id": "-sQ1LLWIAAJ",
  "original": "L3IR9bBiXp9",
  "number": 2298,
  "cdate": 1621629792246,
  "ddate": null,
  "tcdate": 1621629792246,
  "tmdate": 1683307564814,
  "tddate": null,
  "forum": "-sQ1LLWIAAJ",
  "replyto": null,
  "invitation": "NeurIPS.cc/2021/Conference/-/Blind_Submission",
  "content": {
    "title": "A Gradient Method for Multilevel Optimization",
    "authorids": [
      "~Ryo_Sato1",
      "~Mirai_Tanaka1",
      "~Akiko_Takeda2"
    ],
    "authors": [
      "Ryo Sato",
      "Mirai Tanaka",
      "Akiko Takeda"
    ],
    "keywords": [
      "multilvel optimization",
      "hyperparameter optimization",
      "gradient method"
    ],
    "TL;DR": "A gradient method for multilevel optimization with theoretical guarantee is proposed.",
    "abstract": "Although application examples of multilevel optimization have already been discussed since the 1990s, the development of solution methods was almost limited to bilevel cases due to the difficulty of the problem. In recent years, in machine learning, Franceschi et al. have proposed a method for solving bilevel optimization problems by replacing their lower-level problems with the $T$ steepest descent update equations with some prechosen iteration number $T$. In this paper, we have developed a gradient-based algorithm for multilevel optimization with $n$ levels based on their idea and proved that our reformulation asymptotically converges to the original multilevel problem. As far as we know, this is one of the first algorithms with some theoretical guarantee for multilevel optimization. Numerical experiments show that a trilevel hyperparameter learning model considering data poisoning produces more stable prediction results than an existing bilevel hyperparameter learning model in noisy data settings.",
    "submission_history": "",
    "checklist": "",
    "code_of_conduct": "I certify that all co-authors of this work have read and commit to adhering to the NeurIPS Statement on Ethics, Fairness, Inclusivity, and Code of Conduct.",
    "paperhash": "sato|a_gradient_method_for_multilevel_optimization",
    "pdf": "/pdf/7f35f63b4a8a80220c94a9f844f55504861feb23.pdf",
    "supplementary_material": "/attachment/92d71f37cecf900d81722e84e34259a065ed71d9.pdf",
    "code": "/attachment/dada4451e0d24570e37e9a9154efaac62ba108d1.zip",
    "thumbnail": "",
    "submission_history_-_venue_and_year": "",
    "submission_history_-_improvements_made": "",
    "_bibtex": "@inproceedings{\nsato2021a,\ntitle={A Gradient Method for Multilevel Optimization},\nauthor={Ryo Sato and Mirai Tanaka and Akiko Takeda},\nbooktitle={Advances in Neural Information Processing Systems},\neditor={A. Beygelzimer and Y. Dauphin and P. Liang and J. Wortman Vaughan},\nyear={2021},\nurl={https://openreview.net/forum?id=-sQ1LLWIAAJ}\n}",
    "venue": "NeurIPS 2021 Poster",
    "venueid": "NeurIPS.cc/2021/Conference"
  },
  "signatures": [
    "NeurIPS.cc/2021/Conference"
  ],
  "readers": [
    "everyone"
  ],
  "nonreaders": [],
  "writers": [
    "NeurIPS.cc/2021/Conference"
  ],
  "mdate": null,
  "tauthor": "OpenReview.net",
  "pdate": 1636492733531,
  "odate": 1636492733531,
  "details": {
    "overwriting": [],
    "tags": [],
    "writable": false,
    "replyCount": 16,
    "directReplyCount": 4,
    "revisions": true,
    "replies": [
      {
        "id": "IAlu2cNZB6h",
        "original": null,
        "number": 1,
        "cdate": 1624747787757,
        "mdate": null,
        "ddate": null,
        "tcdate": 1624747787757,
        "tmdate": 1625336400190,
        "tddate": null,
        "forum": "-sQ1LLWIAAJ",
        "replyto": "-sQ1LLWIAAJ",
        "invitation": "NeurIPS.cc/2021/Conference/Paper2298/-/Official_Review",
        "content": {
          "rating": "7: Good paper, accept",
          "confidence": "4: You are confident in your assessment, but not absolutely certain. It is unlikely, but not impossible, that you did not understand some parts of the submission or that you are unfamiliar with some pieces of related work.",
          "summary": "A gradient method for multilevel optimization is proposed with convergence guarantee demonstrated by both theoretical analysis and numeric experiments. This is initial theoretical work in nonconvex multilevel optimization. ",
          "main_review": "Originality: This study focuses on theoretical study of multilevel optimization that has very few existing works. The advantage over these existing works is clear, i.e., this work has both nonconvex theoretical guarantee and experimental evidence. The extension from bilevel optimization methods and its convergence proof are non-trivial. Related work seems to be adequately cited. \n\nQuality: The proposed gradient method has convergence guarantee which is supported by both technically sound theorems and experiments. The weakness, i.e., large complexity under large n, is also supported by Theorem 6. The work is complete. However, it would be more convincing if you add analysis of convergence rate or computation complexity to achieve epsilon accuracy, and add numeric comparison with existing multilevel optimization algorithms (such as [19, 21]). \n\nClarity: This paper is clearly written and well organized. Some points may need more explanation which I will list later. \n\nSignificance: The results are important initial steps into the theoretical research of multilevel optimization, yet there are still many works for future research. I think the theoretical results are likely to be used and surpassed by future theoretical studies of multilevel optimization, and this gradient method could be applied to multilevel optimization applications of small n. (e.g. n=3). \n\nSome questions and advice:\n\n(1) You said your Assumption 1 is extended from [11], but I saw these assumptions in [12] not [11]. \n\n(2) In the equation right below eq. (5), I think $\\Phi_i^{t_i}$, $t_i$, $T_i$ should be $\\Phi_j^{t_j}$, $t_j$, $T_j$ respectively, yes? \n\n(3) At the end of your introduction, you said “For example, if it is extended recursively using T steepest-descent sequential updates at each level, the problem size can be increased with $T^n$ variables. On the other hand, our formulation has polynomial-size $nT$ variables. ” \nCould you explain how your method differs from “T steepest-descent sequential updates at each level” that uses $T^n$ variables? How did you decrease to $nT$ variables? \n\n(4) In Theorem 4, do you mean the “optimal function value”? \n\n(5) Typo: In line 2 of Algorithm 1: “for i:=2,…,n”.\n\n(6) In Theorem 6, how are p and q defined? What objective function-related variables or hyperparameters affect p and q. Also, do p and q<1 or >1? That I think makes much difference. \n\n(7) Since $\\widetilde{F}_1$ is $L$-smooth, convergence rate of $||\\widetilde{F}_1||$ (or maybe distance to a stationary point) is perhaps available, and the work can be more comprehensive if the overall complexity (defined as iteration complexity $\\times$ complexity per iteration in Theorem 6) to achieve $||\\widetilde{F}_1||<\\epsilon$ is provided. That might be added to supplementary due to the page limit.\n\n(8) In your first experiment, it converges significantly faster and in a more direct path to the optimal point with smaller T2 and T3, how to explain? How do T2 and T3 affect your second experiment? \n\n(9) In your first experiment, what is an update of $x_3$? Is it one implementation of line 5 of Algorithm 1 for i=3? Why do you use the number of updates of $x_3$? \n\n(10) In your second experiment, I think it better to define $||\\cdot||_{1^*}$ explicitly or cite the reference that has the definition. \n\n(11) In your second experiment, is this optimization problem borrowed from or inspired by any other references, or designed by yourself? If former, it is better to add citations. \n\n(12) It could be better to compare your gradient method with existing multilevel optimization algorithms in experiments, such as [19, 21]. ",
          "limitations_and_societal_impact": "Both the authors and I agree that the major limitation is large gradient computation complexity for large n, so the authors left cheaper approximate gradient computation for future research. \n\nAnother limitation I think is the lack of overall computation complexity required to achieve epsilon-accuracy, which looks not hard to derive from the theorems in this paper. \n\nBoth the authors and I do not think this theoretical work could have any potential negative societal impact. ",
          "ethical_concerns": "I think this work has no ethical concerns.\n",
          "needs_ethics_review": "No",
          "ethics_review_area": [],
          "time_spent_reviewing": "About 4 hours",
          "code_of_conduct": "While performing my duties as a reviewer (including writing reviews and participating in discussions), I have and will continue to abide by the NeurIPS code of conduct."
        },
        "signatures": [
          "NeurIPS.cc/2021/Conference/Paper2298/Reviewer_cJPD"
        ],
        "readers": [
          "everyone"
        ],
        "nonreaders": [],
        "writers": [
          "NeurIPS.cc/2021/Conference",
          "NeurIPS.cc/2021/Conference/Paper2298/Reviewer_cJPD"
        ]
      },
      {
        "id": "KLjmSABV0Ae",
        "original": null,
        "number": 2,
        "cdate": 1626448872656,
        "mdate": null,
        "ddate": null,
        "tcdate": 1626448872656,
        "tmdate": 1626448872656,
        "tddate": null,
        "forum": "-sQ1LLWIAAJ",
        "replyto": "-sQ1LLWIAAJ",
        "invitation": "NeurIPS.cc/2021/Conference/Paper2298/-/Official_Review",
        "content": {
          "rating": "5: Marginally below the acceptance threshold",
          "confidence": "3: You are fairly confident in your assessment. It is possible that you did not understand some parts of the submission or that you are unfamiliar with some pieces of related work. Math/other details were not carefully checked.",
          "summary": "The authors propose an approximate algorithm for multilevel optimization problems. The presented method can be considered an $n$-level extension of a related and previously published algorithm for bilevel optimization. It relies essentially on replacing optimal solutions in lower-level problems by respective $T$-step gradient descent approximations. That way, the original multilevel problem can be approximated in terms of an unconstrained problem depending only on top-level variables. After an an introduction and discussion of related work, the authors describe how the objective of the approximate problem can be differentiated with respect to the top-level variables. Moreover, assumptions are given under which the original problem admits an optimal solution. And it is shown that the optimal value of the approximate problem converges to a solution of the original problem in the limiting case $T\\rightarrow\\infty$. Finally, the authors report numerical results obtained through application of their method to two different trilevel optimization problems.",
          "main_review": "From my point of view, this is an interesting paper. The original problem formulation **(1)** is very general and should be applicable in many contexts. However, as the authors also state in their conclusion, their method does probably not scale well to multiple levels. Moreover, I think that the presented numerical examples are somehow narrow because not only the level is limited to $n=3$ but also the number of optimization variables is in both presented examples quite small.\n\n In a maybe different but related context, the technique of using algorithmic iterates to replace optimal solutions of lower-level problems has been applied frequently (see, e.g., **Algorithm unrolling: Interpretable, efficient deep learning for signal and image processing (Monga, Li, Eldar, 2021)** for a recent overview). I think, a few references to that body of work would have been appropriate.\n\nIn the numerical experiments section, the authors mention that they used automatic differentiation. I think it should be possible to minimize the approximate objective relying only on automatic differentiation. Maybe the authors could clarify whether they did so or used their own **Algorithm 1**, or a mixture of both.\n\nFinally, I have to say that I did not check the proofs in the supplementary material in detail. Apart from that, I would say that this is a borderline case where I tend to reject due to the mentioned limitations.\n\n",
          "limitations_and_societal_impact": "Yes.",
          "needs_ethics_review": "No",
          "ethics_review_area": [],
          "time_spent_reviewing": "5",
          "code_of_conduct": "While performing my duties as a reviewer (including writing reviews and participating in discussions), I have and will continue to abide by the NeurIPS code of conduct."
        },
        "signatures": [
          "NeurIPS.cc/2021/Conference/Paper2298/Reviewer_gn5o"
        ],
        "readers": [
          "everyone"
        ],
        "nonreaders": [],
        "writers": [
          "NeurIPS.cc/2021/Conference",
          "NeurIPS.cc/2021/Conference/Paper2298/Reviewer_gn5o"
        ]
      },
      {
        "id": "vz2L8byttrJ",
        "original": null,
        "number": 3,
        "cdate": 1626456441260,
        "mdate": null,
        "ddate": null,
        "tcdate": 1626456441260,
        "tmdate": 1629893676331,
        "tddate": null,
        "forum": "-sQ1LLWIAAJ",
        "replyto": "-sQ1LLWIAAJ",
        "invitation": "NeurIPS.cc/2021/Conference/Paper2298/-/Official_Review",
        "content": {
          "rating": "7: Good paper, accept",
          "confidence": "2: You are willing to defend your assessment, but it is quite likely that you did not understand central parts of the submission or that you are unfamiliar with some pieces of related work. Math/other details were not carefully checked.",
          "summary": "Authors propose a gradient based method to solve multilevel optimization problems. In addition , they propose an new estimator based on a tr-level optimization problem, which seems to perform statistical better than usual bilevel hyperparameter optimization.",
          "main_review": "The proposed estimator and algorithm seem very new to me. Theorems and experiments are convincing.\nThe main problem is the clarity of the paper: I spent quite a bit of time on the paper, and I did not understand the proposed algorithm.\nI would not be able to implement the algorithm myself.\n\nCould you instantiate the algorithm on a simple tri-level optimization example? (at least in appendix?) Maybe this would help to understand. (I spend some time on Figure 5 in appendix but it did not help me)\nIn particular I did not fully understand part 3.2 and part 4.1, I would recommend to try to smooth a little these parts\n\nIf authors manage to make the paper clearer, I will raise my score.\n\n--------------------------------------------------------------------------------------------------\n\nComments after author response.\n\nAuthors have answered my questions, I think the paper is interesting and significantly new.\nThus I will raise my score to 7.",
          "limitations_and_societal_impact": "NA",
          "ethical_concerns": "NA",
          "needs_ethics_review": "No",
          "ethics_review_area": [],
          "time_spent_reviewing": "8h",
          "code_of_conduct": "While performing my duties as a reviewer (including writing reviews and participating in discussions), I have and will continue to abide by the NeurIPS code of conduct."
        },
        "signatures": [
          "NeurIPS.cc/2021/Conference/Paper2298/Reviewer_RnFj"
        ],
        "readers": [
          "everyone"
        ],
        "nonreaders": [],
        "writers": [
          "NeurIPS.cc/2021/Conference",
          "NeurIPS.cc/2021/Conference/Paper2298/Reviewer_RnFj"
        ]
      },
      {
        "id": "J1K1I-WkdL",
        "original": null,
        "number": 3,
        "cdate": 1628594390858,
        "mdate": null,
        "ddate": null,
        "tcdate": 1628594390858,
        "tmdate": 1628594390858,
        "tddate": null,
        "forum": "-sQ1LLWIAAJ",
        "replyto": "vz2L8byttrJ",
        "invitation": "NeurIPS.cc/2021/Conference/Paper2298/-/Official_Comment",
        "content": {
          "title": "Thank you for suggesting to include a simple example of trilevel optimization into this paper. We address your detailed questions below.",
          "comment": "Q1: Could you instantiate the algorithm on a simple tri-level optimization example? (at least in appendix?)\nMaybe this would help to understand.\n(I spend some time on Figure 5 in appendix but it did not help me.)\nIn particular I did not fully understand part 3.2 and part 4.1,\nI would recommend to try to smooth a little these parts.\n\nA1: We will add an approximated problem to be solved by our algorithm (i.e., problem (5) for the trilevel case) by assuming a simple setting,\nwhere we apply the steepest descent method for the lower-level problems with the same iteration number $T$ and stepsize $\\alpha$\nfor all levels as follows:\n\\begin{equation}\n\\begin{alignedat}{2}\n\\min_{x_{1} \\in S_{1}, \\\\{x_{2}^{(t)}\\\\}, \\\\{x_{3}^{(t)}\\\\}}{}&\n\tf_{1}(x_{1}, x_{2}^{(T)}, x_{3}^{(T)})\\\\\\\\\n\\text{s.t. }&\n\tx_{2}^{(t)} = \\Phi_{2}^{(t)}(x_{1}, x_{2}^{(t - 1)})\n\t:= x_{2}^{(t - 1)} - \\alpha \\nabla_{x_{2}} \\tilde{F}\\_{2}(x_{1}, x_{2}^{(t - 1)}, x_{3}^{(T)}),&\n\t    \\quad& (t = 1, \\dots, T),\\\\\\\\\n& \tx_{3}^{(t)} = \\Phi_{2}^{(t)}(x_{1}, x_{2}^{(T)}, x_{3}^{(t - 1)})\n    := x_{3}^{(t - 1)} - \\alpha \\nabla_{x_{3}} \\tilde{F}\\_{3}(x_{1}, x_{2}^{(T)}, x_{3}^{(t - 1)})&\n        \\quad& (t = 1, \\dots, T).\n\\end{alignedat}\n\\end{equation}\nWe replace $x_{2}^{(T)}$ in the objective function by\n$x_{2}^{(T - 1)} - \\alpha \\nabla_{x_{2}} \\tilde{F}\\_{2}(x_{1}, x_{2}^{(T - 1)}, x_{3}^{(T)})$\nand then replace recursively $x_{2}^{(t)}$  using $\\\\{x_{2}^{(t)}\\\\}\\_{t = 0}^{T - 1}$.\nBy applying the same procedure for $x_{3}^{(T)}$,\nwe can reformulate the above problem to the one minimizing a function $\\tilde{F}\\_{1}(x_{1})$ under the constraint $x_{1} \\in S_{1}$.\nTheorem 4 proves that the problem, $\\min_{x_{1} \\in S_{1}} \\tilde{F}\\_{1}(x_{1})$,\nconverges to the trilevel optimization problem as $T \\rightarrow \\infty$.\nThe gradient of $\\tilde{F}\\_{1}(x_{1})$ can be calculated by applying Algorithm 1 to this problem.\nHere, $\\nabla_{x_{2}} \\tilde{F}\\_{2}(x_{1}, x_{2}^{(t - 1)}, x_{3}^{(T)})$ is the gradient of the objective function of\n$\\min_{x_{2} \\in \\mathbb{R}^{d_{2}}} \\tilde{F}\\_{2}(x_{1}, x_{2})$,\nwhich is equivalent to the bilevel optimization problem as follows:\n\\begin{equation}\n\\begin{alignedat}{2}\n\\min_{x_{2}^{(t)}, \\\\{x_{3}^{(t')}\\\\}}{}&\n\tf_{2}(x_{1}, x_{2}^{(t)}, x_{3}^{(T)})\\\\\\\\\n\\text{s.t. }&\n\tx_{3}^{(t')} = x_{3}^{(t' - 1)} - \\alpha \\nabla_{x_{3}} \\tilde{F}\\_{3}(x_{1}, x_{2}^{(t)}, x_{3}^{(t' - 1)})&\n        \\quad& (t' = 1, \\dots, T).\n\\end{alignedat}\n\\end{equation}\nThe explicit formula of $\\nabla_{x_{1}} \\tilde{F}\\_{1}(x_{1})$ is given in Theorem 5 and hence we can compute it by using Algorithm 1.\nIn Algorithm 1 to compute $\\nabla_{x_{1}} \\tilde{F}\\_{1}(x_{1})$,\nthe computation of $\\nabla_{x_{2}} \\tilde{F}\\_{2}(x_{1}, x_{2})$ is also required.\nIts explicit formula is also given in Theorem 5 and hence we can compute it by using Algorithm 1.\nIn Algorithm 1 to compute $\\nabla_{x_{2}} \\tilde{F}\\_{1}(x_{1}, x_{2})$,\nthe computation of $\\nabla_{x_{3}} \\tilde{F}\\_{3}(x_{1}, x_{2}, x_{3})$ is also required.\nSince the third level problem is the lowest level problem, $\\tilde{F}\\_{3} = f_{3}$ holds and hence the computation of its gradient is easy.\nWith these results, we can apply a gradient-based method (e.g., the projected gradient method) to minimize $\\tilde{F}\\_{1}(x_{1})$ using $\\nabla \\tilde{F}_{1}$.\nWe will explain this in the final version."
        },
        "signatures": [
          "NeurIPS.cc/2021/Conference/Paper2298/Authors"
        ],
        "readers": [
          "everyone"
        ],
        "nonreaders": [],
        "writers": [
          "NeurIPS.cc/2021/Conference",
          "NeurIPS.cc/2021/Conference/Paper2298/Authors"
        ]
      },
      {
        "id": "0lLe0qiITZ",
        "original": null,
        "number": 4,
        "cdate": 1628594533291,
        "mdate": null,
        "ddate": null,
        "tcdate": 1628594533291,
        "tmdate": 1628594533291,
        "tddate": null,
        "forum": "-sQ1LLWIAAJ",
        "replyto": "KLjmSABV0Ae",
        "invitation": "NeurIPS.cc/2021/Conference/Paper2298/-/Official_Comment",
        "content": {
          "title": "Thank you for providing comments that will refine our paper. We address your detailed questions below.",
          "comment": "Q1: From my point of view, this is an interesting paper.\nThe original problem formulation (1) is very general and should be applicable in many contexts.\nHowever, as the authors also state in their conclusion,\ntheir method does probably not scale well to multiple levels.\nMoreover, I think that the presented numerical examples are somehow narrow\nbecause not only the level is limited to $n = 3$\nbut also the number of optimization variables is in both presented examples quite small.\n\nA1: As you pointed out, our numerical experiments are for trilevel optimization and the sizes of datasets may be small.\nHowever, there is no algorithm with computational complexity analysis so far even for trilevel problems as far as we know, except for [19],\nwhich requires the convexity of $f_{i}$ for all $i = 1, \\dots, n$ and some more assumptions\nand hence is more restrictive than our proposed approach.\nWe think that larger-scaled multilevel problems may be solved\nby using a computer that has a large amount of memory and can perform linear algebra operations at high speed.\nAs the performance of computers is improving steadily with the progress of technology,\nwe believe that if a computer with better performance comes out in the future,\nit will be possible to handle $n \\ge 4$ or a larger number of optimization variables.\nWe also believe that this paper will lead to the development of more efficient algorithms for multilevel optimization in the future.\n\nQ2: In a maybe different but related context,\nthe technique of using algorithmic iterates to replace optimal solutions of lower-level problems has been applied frequently\n(see, e.g., Algorithm unrolling: Interpretable, efficient deep learning for signal and image processing (Monga, Li, Eldar, 2021) for a recent overview).\nI think, a few references to that body of work would have been appropriate.\n\nA2: We appreciate your information about algorithm unrolling.\nFigure 1 in that paper may seem similar to our Algorithm 1,\nbut we do not think that algorithm unrolling is a method to approximate the optimal solutions of the lower-level problems,\nas the method is learning a deep network corresponding to an iterative algorithm.\nAs of now, we have not found advantages of using a deep network like the one in Figure 1 for updating variables based on our update formula,\nbut we are willing to see if there is anything we can do in the future.\nIf you have noticed the relationship between our approximation and algorithm unrolling,\nwe would like to discuss about it here.\n\nQ3: In the numerical experiments section,\nthe authors mention that they used automatic differentiation.\nI think it should be possible to minimize the approximate objective relying only on automatic differentiation.\nMaybe the authors could clarify whether they did so or used their own Algorithm 1, or a mixture of both.\n\nA3: We used a mixture of both.\nWe used Algorithm 1 to calculate the gradient of $\\tilde{F}\\_{i}$,\nand used automatic differentiation to calculate the gradient of $\\Phi\\_{i}^{(t)}$.\nWe will clearly write this in the final version."
        },
        "signatures": [
          "NeurIPS.cc/2021/Conference/Paper2298/Authors"
        ],
        "readers": [
          "everyone"
        ],
        "nonreaders": [],
        "writers": [
          "NeurIPS.cc/2021/Conference",
          "NeurIPS.cc/2021/Conference/Paper2298/Authors"
        ]
      },
      {
        "id": "0-YK2ntk15i",
        "original": null,
        "number": 5,
        "cdate": 1628594959764,
        "mdate": null,
        "ddate": null,
        "tcdate": 1628594959764,
        "tmdate": 1629948368501,
        "tddate": null,
        "forum": "-sQ1LLWIAAJ",
        "replyto": "IAlu2cNZB6h",
        "invitation": "NeurIPS.cc/2021/Conference/Paper2298/-/Official_Comment",
        "content": {
          "title": "Thank you for supporting our paper and providing constructive comments. We answer your questions and comments below.",
          "comment": "Q1: You said your Assumption 1 is extended from [11],\nbut I saw these assumptions in [12] not [11].\n    \nA1: You are correct. We should cite not [11] but [12] here.\nWe will correct it in the next update.\n    \nQ2: In the equation right below eq. (5),\nI think $\\Phi_{i}^{t_{i}}$, $t_{i}$, $T_{i}$ should be $\\Phi_{j}^{t_{j}}$, $t_{j}$, $T_{j}$ respectively, yes?\n    \nA2: Yes. Thank you for pointing out our mistakes.\nWe will correct them to $\\Phi_{j}^{(t_{j})}$, $t_{j}$, and $T_{j}$.\n\nQ3: At the end of your introduction, you said\n\"For example, if it is extended recursively using $T$ steepest-descent sequential updates at each level,\nthe problem size can be increased with $T^{n}$ variables.\nOn the other hand, our formulation has polynomial-size $n T$ variables.\"\nCould you explain how your method differs from\n\"$T$ steepest-descent sequential updates at each level\"\nthat uses $T^{n}$ variables?\nHow did you decrease to $n T$ variables?\n    \nA3: Following the suggestion from Reviewer RnFj,\nwe will add some explanation on an approximated problem to be solved by our algorithm\n(i.e., Problem (5) for the trilevel case) by assuming a simple setting,\nwhere we apply the steepest descent method for the lower-level problems with the same iteration number $T$ and stepsize $\\alpha$ for all levels as follows:\n\\begin{equation}\n\\begin{alignedat}{2}\n\\min_{x_{1} \\in S_{1}, \\\\{x_{2}^{(t)}\\\\}, \\\\{x_{3}^{(t)}\\\\}}{}&\n\tf_{1}(x_{1}, x_{2}^{(T)}, x_{3}^{(T)})\\\\\\\\\n\\text{s.t. }&\n\tx_{2}^{(t)} = x_{2}^{(t - 1)} - \\alpha\n\t\\nabla_{x_{2}} \\tilde{F}\\_{2}(x_{1}, x_{2}^{(t - 1)}, x_{3}^{(T)})&\n\t    \\quad& (t = 1, \\dots, T),\\\\\\\\\n& \tx_{3}^{(t)} = x_{3}^{(t - 1)} - \\alpha\n\t\\nabla_{x_{3}} \\tilde{F}\\_{3}(x_{1}, x_{2}^{(T)}, x_{3}^{(t - 1)})&\n\t    \\quad& (t = 1, \\dots, T).\n\\end{alignedat}\n\\end{equation}\nWe will explain more on\n\"if  it  is  extended  recursively using $T$ steepest-descent sequential updates at each level,\nthe problem size can be increased with $T^{n}$ variables\"\nby showing the corresponding formulation:\n\\begin{equation}\n\\begin{alignedat}{2}\n\\min_{x_{1} \\in S_{1}, \\\\{x_{2}^{(t)}\\\\}, \\\\{x_{3}^{(t_{1}, t_{2})}\\\\}}{}&\n\tf_{1}(x_{1}, x_{2}^{(T)}, x_{3}^{(T, T)})\\\\\\\\\n\\text{s.t. }&\n\tx_{2}^{(t)} = x_{2}^{(t - 1)} - \\alpha \\nabla_{x_{2}} \\tilde{F}\\_{2}(x_{1}, x_{2}^{(t - 1)}, x_{3}^{(T)})&\n\t    \\quad& (t = 1, \\dots, T),\\\\\\\\\n&\tx_{3}^{(t_{1}, t_{2})} = x_{3}^{(t_{1}, t_{2} - 1)} - \\alpha \\nabla_{x_{3}} \\tilde{F}\\_{3}(x_{1}, x_{2}^{(t_{1})}, x_{3}^{(t_{1}, t_{2} - 1)})&\n        \\quad& (t_{1} = 1, \\dots, T; t_{2} = 1, \\dots, T).\n\\end{alignedat}\n\\end{equation}\n\nQ4: In Theorem 4, do you mean the \"optimal function value\"?\n    \nA4: Yes, \"optimal value\" in (a) means \"optimal function value.\"\n    \nQ5: Typo: In line 2 of Algorithm 1: \"for $i := 2, \\dots ,n$.\"\n    \nA5: Thank you. We will correct it.\n    \nQ6: In Theorem 6, how are $p$ and $q$ defined?\nWhat objective function-related variables or hyperparameters affect $p$ and $q$.\nAlso, do $p$ and $q < 1$ or $> 1$?\nThat I think makes much difference.\n    \nA6: The constants $p$ and $q$ are employed to simplify nested big O notation $\\mathrm{O}^{n}(\\cdot)$ and\nthey depend on the computational complexity of the gradient of the objective functions in each level.\nAlso, $p$ and $q$ should be greater than 1.\nSince the gradient of the objective function in the lower level is used to calculate the gradient of the objective function in the upper level,\nthe amount of calculation of the gradient at each level increases from the bottom to the top.\nFrom this, we can confirm $p, q > 1$. \n\nQ7: Since $\\tilde{F}\\_{1}$ is $L$-smooth, convergence rate of $\\\\|\\tilde{F}\\_{1}\\\\|$\n(or maybe distance to a stationary point) is perhaps available,\nand the work can be more comprehensive if the overall complexity\n(defined as iteration complexity * complexity per iteration in Theorem 6)\nto achieve $\\\\|\\tilde{F}_{1}\\\\| < \\epsilon$ is provided.\nThat might be added to supplementary due to the page limit.\n\nA7: We can easily derive iteration complexity to achieve an $\\epsilon$-stationary point.\nWe will add (more rigorous description of) the following into the update:\nLet $G\\colon \\mathrm{int}(\\mathrm{dom}(\\tilde{F}\\_{1})) \\to \\mathbb{R}^{d_{1}}$ be the gradient mapping [3, Definition 10.5]\ncorresponding to $\\tilde{F}\\_{1}$, (the indicator function of) $S_{1}$, and the constant step size.\nNote that $\\\\|G(x)\\\\| = 0$ if and only if $x$ is a stationary point [3, Theorem 10.7].\nWe have $\\min_{s = 0}^{t} \\\\|G(x^{(s)})\\\\| \\le O(1 / t)$ [3, Theorem 10.15 (c)].\nHence, if $t \\ge O(\\epsilon^{2})$, $\\\\|G(x^{(s)})\\\\| \\le \\epsilon$ is achieved for some $s \\le t$.\n    \nQ8: In your first experiment,\nit converges significantly faster and in a more direct path to the optimal point\nwith smaller $T_{2}$ and $T_{3}$, how to explain?\nHow do $T_{2}$ and $T_{3}$ affect your second experiment?\n    \nA8: In the first experiment, there is no complex relationship between variables at each level,\nand therefore, the objective function value at one level is not influenced significantly if variables at other levels is changed.\nIn such a problem setting, by setting $T_{2}$ and $T_{3}$ to small values,\nwe update $x_{1}$ many times and the generated sequence $\\{x_{1}^{(t)}\\}$ quickly converges to a stationary point.\nOn the other hand, for example, if we set $T_{3}$ to a large value,\n$x_{3}$ is well optimized for some fixed $x_{1}$ and $x_{2}$, and hence, our whole algorithm may need more computation time until convergence.\nIn the second experiment, the relationship between variables at each level is more complicated than in the first experiment.\nSetting $T_{2}$ or $T_{3}$ smaller in such a problem is not necessarily considered to be efficient\nbecause the optimization algorithm proceeds without fully approximating the optimality condition of $x_{i}$ at the $i$-th level.\nWe will add this observation in the final version.\n\nQ9: In your first experiment, what is an update of $x_{3}$?\nIs it one implementation of line 5 of Algorithm 1 for $i = 3$?\nWhy do you use the number of updates of $x_{3}$?\n    \nA9: Yes, an update of $x_{3}$ means an execution of line 5 of Algorithm 1 for $i = 3$.\nWe used the number of updates of $x_{3}$\nbecause updates of $x_{3}$ is the most inner iteration and the time required to update $x_{3}$ does not change when $T_{2}$ or $T_{3}$ changes\nand hence the number of updates of $x_{3}$ is proportional to the total computational time.\nBy focusing on the number of updates of $x_{3}$,\nwe can compare the time efficiency of the optimization algorithm. \nWe will emphasize this in the final version.\n\nQ10: In your second experiment,\nI think it better to define $\\\\|\\cdot\\\\|_{1^{\\ast}}$ explicitly\nor cite the reference that has the definition.\n    \nA10: We used $\\\\|x\\\\|\\_{1^{\\ast}} = \\sum_{i = 1}^{k} \\phi(x_{i}; \\mu)$ with $\\mu = 0.25$, where\n\\begin{equation}\n\\phi(x; \\mu) =\n\\begin{cases}\nx& (x > \\mu),\\\\\\\\\n-\\dfrac{x^{4}}{8 \\mu^{3}} + \\dfrac{3 x^{2}}{4 \\mu^{2}} + \\dfrac{3 \\mu}{8}& (-\\mu \\le x \\le \\mu),\\\\\\\\\n-x& (x < -\\mu)\n\\end{cases}\n\\end{equation}\nis a smoothed function of $|x|$ for $x \\in \\mathbb{R}$\n(Saheya et al.,\nNeural network based on systematically generated smoothing functions for absolute value equation,\nJ. Appl. Math. Comput. 61 (2019) 533--558).\nWe will add the reference in the update.\n\nQ11: In your second experiment,\nis this optimization problem borrowed from or inspired by any other references, or designed by yourself?\nIf former, it is better to add citations.\n    \nA11: It is inspired by (bilevel) hyperparameter optimization [12] and\na type of adversarial learning called poisoning\n(Jagielski et al.,\nManipulating machine learning: Poisoning attacks and countermeasures for regression learning,\nIEEE Symposium on Security and Privacy 2018, 19--35;\nLiu et al.,\nMin-max optimization without gradients: Convergence and applications to black-box evasion and poisoning attacks,\nICML 2020, 6282--6293).\nWe will cite these papers in the update.\n    \nQ12: It could be better to compare your gradient method\nwith existing multilevel optimization algorithms in experiments, such as [19, 21].\n    \nA12: We are now executing numerical experiments to compare our proposed approach and evolutionary strategy [21].\nWe will add results in the update.\nOn the other hand, the approach based on fixed-point theory for trilevel optimization [19]\nrequires the convexity of $f_{i}$ for all $i = 1, \\dots, n$ and some more assumptions,\nwhich is more restrictive than our proposed approach.\nTo numerically compare the two approach appropriately, we have to find instances\nthat satisfy the assumptions in our paper and those in [19] simultaneously.\nAfter finding such instances, we will numerically compare our approach and [19]."
        },
        "signatures": [
          "NeurIPS.cc/2021/Conference/Paper2298/Authors"
        ],
        "readers": [
          "everyone"
        ],
        "nonreaders": [],
        "writers": [
          "NeurIPS.cc/2021/Conference",
          "NeurIPS.cc/2021/Conference/Paper2298/Authors"
        ]
      },
      {
        "id": "GedTAKq2BCF",
        "original": null,
        "number": 7,
        "cdate": 1629684639833,
        "mdate": null,
        "ddate": null,
        "tcdate": 1629684639833,
        "tmdate": 1629684639833,
        "tddate": null,
        "forum": "-sQ1LLWIAAJ",
        "replyto": "0-YK2ntk15i",
        "invitation": "NeurIPS.cc/2021/Conference/Paper2298/-/Official_Comment",
        "content": {
          "title": "Reviewer cJPD's 2nd comments",
          "comment": "The authors well addresses my other questions except Q3. \n\nIn the first equation in your reply to my Q3, the computation of $x_2^{(t)}$ requires $x_3^{(T)}$ while the computation of $x_3^{(t)}$ requires $x_2^{(T)}$. It seems that we need to solve a complicated equation about {$x_2^{(t)}, x_3^{(t)}$}$_t$, which is much more difficult than simple iteration. Should we remove $x_3^{(T)}$ in the definition of $x_2^{(t)}$, since $\\widetilde{F}_i$ in your paper only takes inputs $x_1\\ldots x_i$? \n\nThank you for your response.\n\n\nAfter reading the other two reviewers' comments and the authors' reply to them, I would like to say that I finally understand the algorithm and boosted my understanding by checking the proof of Theorem 5 (Gradient formula). The proof looks correct to me. Also, even if there is no experiment, I think the novel theoretical finding is also enough to be a Neurips paper. **I keep my original rating=7.**\n\nHowever, I think the authors still need to slightly edit the paper to explain the unclear points we pointed out, such as adding a 3-level instantiation of the algorithm, which the authors have promised to do. \n"
        },
        "signatures": [
          "NeurIPS.cc/2021/Conference/Paper2298/Reviewer_cJPD"
        ],
        "readers": [
          "everyone"
        ],
        "nonreaders": [],
        "writers": [
          "NeurIPS.cc/2021/Conference",
          "NeurIPS.cc/2021/Conference/Paper2298/Reviewer_cJPD"
        ]
      },
      {
        "id": "INNHJ0gbPz",
        "original": null,
        "number": 8,
        "cdate": 1629881315603,
        "mdate": null,
        "ddate": null,
        "tcdate": 1629881315603,
        "tmdate": 1629881315603,
        "tddate": null,
        "forum": "-sQ1LLWIAAJ",
        "replyto": "J1K1I-WkdL",
        "invitation": "NeurIPS.cc/2021/Conference/Paper2298/-/Official_Comment",
        "content": {
          "title": "Question on Algorithm 1",
          "comment": "Thanks a lot for the detailed response.\nI am currently trying to see if I understand better the algorithm, in particular, I am looking at Algo 1 in the paper.\nAs mentioned by another reviewer, it seems there is a typo in Algo 1.\nShould all i from line 3 to 7 be k ? (if you remplace k by i in line 2 it seems that k is not defined then) "
        },
        "signatures": [
          "NeurIPS.cc/2021/Conference/Paper2298/Reviewer_RnFj"
        ],
        "readers": [
          "everyone"
        ],
        "nonreaders": [],
        "writers": [
          "NeurIPS.cc/2021/Conference",
          "NeurIPS.cc/2021/Conference/Paper2298/Reviewer_RnFj"
        ]
      },
      {
        "id": "5BuvduE2K7A",
        "original": null,
        "number": 9,
        "cdate": 1629882162951,
        "mdate": null,
        "ddate": null,
        "tcdate": 1629882162951,
        "tmdate": 1629882162951,
        "tddate": null,
        "forum": "-sQ1LLWIAAJ",
        "replyto": "INNHJ0gbPz",
        "invitation": "NeurIPS.cc/2021/Conference/Paper2298/-/Official_Comment",
        "content": {
          "title": "Other questions on Algorithm 1 ",
          "comment": "Do we agree that $\\Phi_i^{(t}$ do not only depend on $x_1, .., x_i$, but also on $x_{i+1}, ..., x_n$.\n\nFrom what I understand from Algorithm 1, you are solving the optimization \"from top to bottom\" from $2$ to $n$.\nDo you have any intuition on why we should do it in this sens? Not the other way around?"
        },
        "signatures": [
          "NeurIPS.cc/2021/Conference/Paper2298/Reviewer_RnFj"
        ],
        "readers": [
          "everyone"
        ],
        "nonreaders": [],
        "writers": [
          "NeurIPS.cc/2021/Conference",
          "NeurIPS.cc/2021/Conference/Paper2298/Reviewer_RnFj"
        ]
      },
      {
        "id": "GSjLknsNpRG",
        "original": null,
        "number": 10,
        "cdate": 1629889835526,
        "mdate": null,
        "ddate": null,
        "tcdate": 1629889835526,
        "tmdate": 1629894960410,
        "tddate": null,
        "forum": "-sQ1LLWIAAJ",
        "replyto": "GedTAKq2BCF",
        "invitation": "NeurIPS.cc/2021/Conference/Paper2298/-/Official_Comment",
        "content": {
          "title": "Additional descripition about the procedure of Algorithm 1 and the trilevel instantiation",
          "comment": "Thank you for asking the relation between updates of $x_{2}^{(t)}$ and $x_{3}^{(t)}$.\n\nFirst, in the definition of $x_{2}^{(t)}$, we need to include $x_{3}^{(T)}$\nbecause the objective value $f_{2}(x_{1}, x_{2}^{(t)}, x_{3})$ will change when $x_{3}$ changes.\n\nSecond, we do not need to solve such a complicated equation.\nThe problem we wrote as A3 in the above is equivalently written as Problem (6),\nwhich appears in the paper,\nminimizing the objective function $\\tilde{F}\\_{1}$.\nThe calculation of $\\nabla_{x_{1}} \\tilde{F}\\_{1}$ needs the evaluation of variables in a specific order as follows:\n$x_{3}^{(1)} \\rightarrow \\dots \\rightarrow x_{3}^{(T)} \\rightarrow x_{2}^{(1)}\n\\rightarrow x_{3}^{(1)} \\rightarrow \\dots \\rightarrow x_{3}^{(T)} \\rightarrow x_{2}^{(2)}\n\\rightarrow \\dots \\rightarrow x_{2}^{(T)}\n\\rightarrow x_{3}^{(1)} \\rightarrow \\dots \\rightarrow x_{3}^{(T)}$;\nthat is, after one loop of updates of $x_{3}$,\ni.e., \"$x_{3}^{(1)} \\rightarrow \\dots \\rightarrow x_{3}^{(T)}$\",\n$x_{2}$ is updated once and again we go back to the update loop of $x_{3}$.\nWhen the update loop of $x_{2}$ up to $x_{2}^{(T)}$ is over,\nwe next update $x_{3}$ for $T$ times.\nAt that point, the entire execution of Algorithm 1 is finished\nand we have $\\nabla_{x_{1}} \\tilde{F}\\_{1}(x_{1})$ to update $x_{1}$.\nTo find the optimal $x_{1}$,\nwe next update $x_{1}$ once using $\\nabla_{x_{1}} \\tilde{F}\\_{1}(x_{1})$,\ni.e., execute one iteration of a gradient-based algorithm,\ne.g., the projected gradient method, and then we go back to Algorithm 1.\nIn the definitions of $x_{2}^{(t)}$ and $x_{3}^{(t)}$,\nthe update process is not described entirely:\nonly $x_{2}^{(T)}$ and $x_{3}^{(T)}$ computed with $x_{2}^{(T)}$ are written for simplicity.\nOn the other hand, for each $t = 1, \\dots, T - 1$,\n$x_{3}^{(T)}$ given $x_{2}^{(t)}$ is also computed in the order above,\nbut that is not written explicitly in the definition of $x_{2}^{(t)}$.\nThat might make it difficult to understand the procedure of computation.\nWe will add these descriptions of trilevel instantiation of the algorithm in the final version."
        },
        "signatures": [
          "NeurIPS.cc/2021/Conference/Paper2298/Authors"
        ],
        "readers": [
          "everyone"
        ],
        "nonreaders": [],
        "writers": [
          "NeurIPS.cc/2021/Conference",
          "NeurIPS.cc/2021/Conference/Paper2298/Authors"
        ]
      },
      {
        "id": "JLbc6NDABri",
        "original": null,
        "number": 11,
        "cdate": 1629890596417,
        "mdate": null,
        "ddate": null,
        "tcdate": 1629890596417,
        "tmdate": 1629892721712,
        "tddate": null,
        "forum": "-sQ1LLWIAAJ",
        "replyto": "5BuvduE2K7A",
        "invitation": "NeurIPS.cc/2021/Conference/Paper2298/-/Official_Comment",
        "content": {
          "title": "Relationship between our Algorithm 1 and automatic differentiation; Algorithm 1 can be regarded as forward mode automatic differentiation",
          "comment": "Q2: Thanks a lot for the detailed response.\nI am currently trying to see if I understand better the algorithm,\nin particular, I am looking at Algo 1 in the paper.\nAs mentioned by another reviewer, it seems there is a typo in Algo 1.\nShould all $i$ from line 3 to 7 be $k$?\n(if you replace $k$ with $i$ in line 2 it seems that $k$ is not defined then.)\n\nA2: Yes, there are typos in Algorithm 1 as you and Reviewer cJPD pointed out.\nWe would like to change all $k$'s in lines 2 and 6 of Algorithm 1 to $i$'s\nbecause they correspond to the index of the levels that are denoted by $i$ throughout the paper.\n\nQ3: Do we agree that $\\Phi_{i}^{(t)}$ do not only depend on $x_{1}, \\dots, x_{i}$,\nbut also on $x_{i + 1}, \\dots, x_{n}$.\nFrom what I understand from Algorithm 1,\nyou are solving the optimization \"from top to bottom\" from $2$ to $n$.\nDo you have any intuition on why we should do it in this sense?\nNot the other way around?\n\nA3: Our approach would correspond to the forward mode automatic differentiation.\nThere are two modes of automatic differentiation:\none is the forward mode, which follows a computational graph from top to bottom;\nthe other is the reverse mode, which does from bottom to top.\nTherefore, to compute $\\nabla \\tilde{F}_{1}$,\nthere would be such two possible ways of automatic differentiation.\nOne method is our Algorithm 1 and it can be naturally regarded as the forward mode.\nMeanwhile, there would be a possibility of another algorithm corresponding to the reverse mode,\nand that is left for future work."
        },
        "signatures": [
          "NeurIPS.cc/2021/Conference/Paper2298/Authors"
        ],
        "readers": [
          "everyone"
        ],
        "nonreaders": [],
        "writers": [
          "NeurIPS.cc/2021/Conference",
          "NeurIPS.cc/2021/Conference/Paper2298/Authors"
        ]
      },
      {
        "id": "sq1FPNbnFuJ",
        "original": null,
        "number": 12,
        "cdate": 1629893439164,
        "mdate": null,
        "ddate": null,
        "tcdate": 1629893439164,
        "tmdate": 1629893439164,
        "tddate": null,
        "forum": "-sQ1LLWIAAJ",
        "replyto": "JLbc6NDABri",
        "invitation": "NeurIPS.cc/2021/Conference/Paper2298/-/Official_Comment",
        "content": {
          "title": "Algorithm 1",
          "comment": "Thanks a lot for the clarifications.\nMaybe it worth writing a remark to talk about the links with usual forward differentiation.\nIn particular, maybe you could write explicitely the cost of each step in the code between line 4 and 7 in Algorithm 1, and compare with the cost of the usual forward differentiation."
        },
        "signatures": [
          "NeurIPS.cc/2021/Conference/Paper2298/Reviewer_RnFj"
        ],
        "readers": [
          "everyone"
        ],
        "nonreaders": [],
        "writers": [
          "NeurIPS.cc/2021/Conference",
          "NeurIPS.cc/2021/Conference/Paper2298/Reviewer_RnFj"
        ]
      },
      {
        "id": "6dsFp0fYXz",
        "original": null,
        "number": 13,
        "cdate": 1629897572921,
        "mdate": null,
        "ddate": null,
        "tcdate": 1629897572921,
        "tmdate": 1629897572921,
        "tddate": null,
        "forum": "-sQ1LLWIAAJ",
        "replyto": "sq1FPNbnFuJ",
        "invitation": "NeurIPS.cc/2021/Conference/Paper2298/-/Official_Comment",
        "content": {
          "title": "Thank you for the suggestion.",
          "comment": "Thank you for the suggestion. According to your suggestion, we will discuss more on the links\nwith usual forward differentiation in the final version.\n\nRegarding the complexity (= cost) of Algorithm 1, we evaluated it in Theorem 6,\nand its proof is included in Supplementary material A.4."
        },
        "signatures": [
          "NeurIPS.cc/2021/Conference/Paper2298/Authors"
        ],
        "readers": [
          "everyone"
        ],
        "nonreaders": [],
        "writers": [
          "NeurIPS.cc/2021/Conference",
          "NeurIPS.cc/2021/Conference/Paper2298/Authors"
        ]
      },
      {
        "id": "nEm15xBDFz6",
        "original": null,
        "number": 14,
        "cdate": 1629900988727,
        "mdate": null,
        "ddate": null,
        "tcdate": 1629900988727,
        "tmdate": 1629900988727,
        "tddate": null,
        "forum": "-sQ1LLWIAAJ",
        "replyto": "GSjLknsNpRG",
        "invitation": "NeurIPS.cc/2021/Conference/Paper2298/-/Official_Comment",
        "content": {
          "title": "Reviewer cJPD's 3rd comments ",
          "comment": "Thank you for your response. \n\nWhat you described here looks more like the second equation in your A3 to my Q3, which has T^n variables and T^n gradient descent steps. Is that right? How to explain that?  \n\nMoreover, here you said the problem we wrote as A3 in the above is equivalently written as Problem (6), and your paper said Problem (6) is a reformulation of Problem (5), so I guess you mean the first equation in A3 is also equivalent to Problem (5), right? If so, in Problem (5), $x_j^{(t_i)}$ only relies on its higher-level variables $x_1, x_2^{T_i}, \\ldots, x_{i-1}^{T_{i-1}}, x_i^{(t_i-1)}$. In contrast, the first equation in A3 let $x_i^{(t)}$ relies on all the variables including also $x_{i+1}^{(T)}$, etc. There seems to be a contradiction. How to explain that?\n\nThank you.\n"
        },
        "signatures": [
          "NeurIPS.cc/2021/Conference/Paper2298/Reviewer_cJPD"
        ],
        "readers": [
          "everyone"
        ],
        "nonreaders": [],
        "writers": [
          "NeurIPS.cc/2021/Conference",
          "NeurIPS.cc/2021/Conference/Paper2298/Reviewer_cJPD"
        ]
      },
      {
        "id": "hnEgzKOmqg5",
        "original": null,
        "number": 15,
        "cdate": 1629985947431,
        "mdate": null,
        "ddate": null,
        "tcdate": 1629985947431,
        "tmdate": 1629986181832,
        "tddate": null,
        "forum": "-sQ1LLWIAAJ",
        "replyto": "nEm15xBDFz6",
        "invitation": "NeurIPS.cc/2021/Conference/Paper2298/-/Official_Comment",
        "content": {
          "title": "Thank you for your important comments. We have noticed our important future work.",
          "comment": "First, we have to say that there was confusion among the authors\ndue to the complicated structure of multilevel optimization.\nWe now have come to an agreement and we would like to share it to respond to your questions.\nIn this reply, we call the upper and lower problems in the above two problems (A3.1) and (A3.2), respectively.\n\nWe would like to answer your questions in a different order to make it easier to understand.\n\nQ13:\nHere you said the problem we wrote as A3 in the above is equivalently written as Problem (6),\nand your paper said Problem (6) is a reformulation of Problem (5),\nso I guess you mean the first equation in A3 is also equivalent to Problem (5), right?\nIf so, in Problem (5), $x_{j}^{(t_{i})}$ only relies on its higher-level variables\n$x_{1}, x_{2}^{(T_{2})}, \\dots, x_{i - 1}^{(T_{i - 1})}, x_{i}^{(t_{i} - 1)}$.\nIn contrast, the first equation in A3 let $x_{i}^{t}$ relies on all the variables\nincluding also $x_{i + 1}^{(T)}$, etc.\nThere seems to be a contradiction. How to explain that?\n\nA13:\nAs you pointed out before, we should not put $x_{3}^{(T)}$ in the equation of $x_{2}^{(t)}$\nbecause $x_{3}^{(t)}$ does not give any influence on the computation of $\\nabla_{x_{2}} \\tilde{F}\\_{2}$.\nHence, we should have written (A3.1) as\n\\begin{equation}\n\\begin{alignedat}{2}\n\\min_{x_{1} \\in S_{1}, \\\\{x_{2}^{(t)}\\\\}, \\\\{x_{3}^{(t)}\\\\}}{}&\n\tf_{1}(x_{1}, x_{2}^{(T)}, x_{3}^{(T)})\\\\\\\\\n\\text{s.t. }&\n\tx_{2}^{(t)}\n\t= x_{2}^{(t - 1)} - \\alpha \\nabla_{x_{2}} \\tilde{F}\\_{2}(x_{1}, x_{2}^{(t - 1)}),&\n\t    \\quad& (t = 1, \\dots, T),\\\\\\\\\n& \tx_{3}^{(t)}\n    = x_{3}^{(t - 1)} - \\alpha \\nabla_{x_{3}} \\tilde{F}\\_{3}(x_{1}, x_{2}^{(T)}, x_{3}^{(t - 1)})&\n        \\quad& (t = 1, \\dots, T)\n\\end{alignedat}\n\\end{equation}\nand (A3.2) as\n\\begin{equation}\n\\begin{alignedat}{2}\n\\min_{x_{1} \\in S_{1}, \\\\{x_{2}^{(t)}\\\\}, \\\\{x_{3}^{(t_{1}, t_{2})}\\\\}}{}&\n\tf_{1}(x_{1}, x_{2}^{(T)}, x_{3}^{(T, T)})\\\\\\\\\n\\text{s.t. }&\n\tx_{2}^{(t)}\n\t= x_{2}^{(t - 1)} - \\alpha \\nabla_{x_{2}} \\tilde{F}\\_{2}(x_{1}, x_{2}^{(t - 1)})&\n\t    \\quad& (t = 1, \\dots, T),\\\\\\\\\n&\tx_{3}^{(t_{1}, t_{2})}\n    = x_{3}^{(t_{1}, t_{2} - 1)}\n    - \\alpha \\nabla_{x_{3}} \\tilde{F}\\_{3}(x_{1}, x_{2}^{(t_{1})}, x_{3}^{(t_{1}, t_{2} - 1)})&\n        \\quad& (t_{1} = 1, \\dots, T; t_{2} = 1, \\dots, T).\n\\end{alignedat}\n\\end{equation}\nWe think there is no contradiction any more.\n\nIn the following, we call these corrected problems above (A13.1), (A13.2), respectively.\n\nQ14:\nWhat you described here looks more like the second equation in your A3 to my Q3,\nwhich has $T^{n}$ variables and $T^{n}$ gradient descent steps.\nIs that right? How to explain that?\n\nA14:\nBased on your comments, we examined how to solve Problem (A13.2).\nAs a result, we have noticed that our Algorithm 1 solves not only Problem (A13.1) but also (A13.2).\nParticularly, when we solve Problem (A13.1) using a gradient-based method based on Algorithm 1,\nby keeping the intermediate value of each variable, we can find a solution for Problem (A13.2).\nTherefore, we should not claim that we do not solve Problem (A13.2) but do (A13.1),\nand hence, we will remove the claim on the size of reformulation in Abstract and Section 1 in the update.\nInstead, we would like to include two reformulations,\nProblems (A13.1) and (A13.2) (or more rigorous descriptions),\nand discussion above into Supplementary materials.\nWe also noticed that the construction of an algorithm\nthat does not solve Problem (A13.2) but do only (A13.1)\nis left for our important future work.\nWe would like to mention this future work in the final version.\n\nAlthough the important future work still remains,\nas far as we know, our algorithm is the first algorithm\nwith theoretical guarantee and experimental verification\nfor solving multilevel optimization with $n$ ($\\ge 3$) level.\nWe believe that a more theoretically and practically fast algorithm will be developed based on our paper.\n\nThis discussion with you has significantly improved our paper.\nWe are grateful to you for your kindness in spending a lot of time for review and discussion."
        },
        "signatures": [
          "NeurIPS.cc/2021/Conference/Paper2298/Authors"
        ],
        "readers": [
          "everyone"
        ],
        "nonreaders": [],
        "writers": [
          "NeurIPS.cc/2021/Conference",
          "NeurIPS.cc/2021/Conference/Paper2298/Authors"
        ]
      },
      {
        "id": "S8O5gDRNnZ",
        "original": null,
        "number": 1,
        "cdate": 1632777147361,
        "mdate": null,
        "ddate": null,
        "tcdate": 1632777147361,
        "tmdate": 1632777147361,
        "tddate": null,
        "forum": "-sQ1LLWIAAJ",
        "replyto": "-sQ1LLWIAAJ",
        "invitation": "NeurIPS.cc/2021/Conference/Paper2298/-/Decision",
        "content": {
          "title": "Paper Decision",
          "decision": "Accept (Poster)",
          "comment": "Reviewer anonymously agree that this paper proposes a novel and non-trivial method for an important problem. Some reviewers have also raised concerns regarding clarity that have been addressed by the authors during the rebuttal phrase. I urge the authors to incorporate their feedback in the camera ready."
        },
        "signatures": [
          "NeurIPS.cc/2021/Conference/Program_Chairs"
        ],
        "readers": [
          "everyone"
        ],
        "nonreaders": [],
        "writers": [
          "NeurIPS.cc/2021/Conference/Program_Chairs"
        ]
      }
    ],
    "directReplies": [
      {
        "id": "IAlu2cNZB6h",
        "original": null,
        "number": 1,
        "cdate": 1624747787757,
        "mdate": null,
        "ddate": null,
        "tcdate": 1624747787757,
        "tmdate": 1625336400190,
        "tddate": null,
        "forum": "-sQ1LLWIAAJ",
        "replyto": "-sQ1LLWIAAJ",
        "invitation": "NeurIPS.cc/2021/Conference/Paper2298/-/Official_Review",
        "content": {
          "rating": "7: Good paper, accept",
          "confidence": "4: You are confident in your assessment, but not absolutely certain. It is unlikely, but not impossible, that you did not understand some parts of the submission or that you are unfamiliar with some pieces of related work.",
          "summary": "A gradient method for multilevel optimization is proposed with convergence guarantee demonstrated by both theoretical analysis and numeric experiments. This is initial theoretical work in nonconvex multilevel optimization. ",
          "main_review": "Originality: This study focuses on theoretical study of multilevel optimization that has very few existing works. The advantage over these existing works is clear, i.e., this work has both nonconvex theoretical guarantee and experimental evidence. The extension from bilevel optimization methods and its convergence proof are non-trivial. Related work seems to be adequately cited. \n\nQuality: The proposed gradient method has convergence guarantee which is supported by both technically sound theorems and experiments. The weakness, i.e., large complexity under large n, is also supported by Theorem 6. The work is complete. However, it would be more convincing if you add analysis of convergence rate or computation complexity to achieve epsilon accuracy, and add numeric comparison with existing multilevel optimization algorithms (such as [19, 21]). \n\nClarity: This paper is clearly written and well organized. Some points may need more explanation which I will list later. \n\nSignificance: The results are important initial steps into the theoretical research of multilevel optimization, yet there are still many works for future research. I think the theoretical results are likely to be used and surpassed by future theoretical studies of multilevel optimization, and this gradient method could be applied to multilevel optimization applications of small n. (e.g. n=3). \n\nSome questions and advice:\n\n(1) You said your Assumption 1 is extended from [11], but I saw these assumptions in [12] not [11]. \n\n(2) In the equation right below eq. (5), I think $\\Phi_i^{t_i}$, $t_i$, $T_i$ should be $\\Phi_j^{t_j}$, $t_j$, $T_j$ respectively, yes? \n\n(3) At the end of your introduction, you said “For example, if it is extended recursively using T steepest-descent sequential updates at each level, the problem size can be increased with $T^n$ variables. On the other hand, our formulation has polynomial-size $nT$ variables. ” \nCould you explain how your method differs from “T steepest-descent sequential updates at each level” that uses $T^n$ variables? How did you decrease to $nT$ variables? \n\n(4) In Theorem 4, do you mean the “optimal function value”? \n\n(5) Typo: In line 2 of Algorithm 1: “for i:=2,…,n”.\n\n(6) In Theorem 6, how are p and q defined? What objective function-related variables or hyperparameters affect p and q. Also, do p and q<1 or >1? That I think makes much difference. \n\n(7) Since $\\widetilde{F}_1$ is $L$-smooth, convergence rate of $||\\widetilde{F}_1||$ (or maybe distance to a stationary point) is perhaps available, and the work can be more comprehensive if the overall complexity (defined as iteration complexity $\\times$ complexity per iteration in Theorem 6) to achieve $||\\widetilde{F}_1||<\\epsilon$ is provided. That might be added to supplementary due to the page limit.\n\n(8) In your first experiment, it converges significantly faster and in a more direct path to the optimal point with smaller T2 and T3, how to explain? How do T2 and T3 affect your second experiment? \n\n(9) In your first experiment, what is an update of $x_3$? Is it one implementation of line 5 of Algorithm 1 for i=3? Why do you use the number of updates of $x_3$? \n\n(10) In your second experiment, I think it better to define $||\\cdot||_{1^*}$ explicitly or cite the reference that has the definition. \n\n(11) In your second experiment, is this optimization problem borrowed from or inspired by any other references, or designed by yourself? If former, it is better to add citations. \n\n(12) It could be better to compare your gradient method with existing multilevel optimization algorithms in experiments, such as [19, 21]. ",
          "limitations_and_societal_impact": "Both the authors and I agree that the major limitation is large gradient computation complexity for large n, so the authors left cheaper approximate gradient computation for future research. \n\nAnother limitation I think is the lack of overall computation complexity required to achieve epsilon-accuracy, which looks not hard to derive from the theorems in this paper. \n\nBoth the authors and I do not think this theoretical work could have any potential negative societal impact. ",
          "ethical_concerns": "I think this work has no ethical concerns.\n",
          "needs_ethics_review": "No",
          "ethics_review_area": [],
          "time_spent_reviewing": "About 4 hours",
          "code_of_conduct": "While performing my duties as a reviewer (including writing reviews and participating in discussions), I have and will continue to abide by the NeurIPS code of conduct."
        },
        "signatures": [
          "NeurIPS.cc/2021/Conference/Paper2298/Reviewer_cJPD"
        ],
        "readers": [
          "everyone"
        ],
        "nonreaders": [],
        "writers": [
          "NeurIPS.cc/2021/Conference",
          "NeurIPS.cc/2021/Conference/Paper2298/Reviewer_cJPD"
        ]
      },
      {
        "id": "KLjmSABV0Ae",
        "original": null,
        "number": 2,
        "cdate": 1626448872656,
        "mdate": null,
        "ddate": null,
        "tcdate": 1626448872656,
        "tmdate": 1626448872656,
        "tddate": null,
        "forum": "-sQ1LLWIAAJ",
        "replyto": "-sQ1LLWIAAJ",
        "invitation": "NeurIPS.cc/2021/Conference/Paper2298/-/Official_Review",
        "content": {
          "rating": "5: Marginally below the acceptance threshold",
          "confidence": "3: You are fairly confident in your assessment. It is possible that you did not understand some parts of the submission or that you are unfamiliar with some pieces of related work. Math/other details were not carefully checked.",
          "summary": "The authors propose an approximate algorithm for multilevel optimization problems. The presented method can be considered an $n$-level extension of a related and previously published algorithm for bilevel optimization. It relies essentially on replacing optimal solutions in lower-level problems by respective $T$-step gradient descent approximations. That way, the original multilevel problem can be approximated in terms of an unconstrained problem depending only on top-level variables. After an an introduction and discussion of related work, the authors describe how the objective of the approximate problem can be differentiated with respect to the top-level variables. Moreover, assumptions are given under which the original problem admits an optimal solution. And it is shown that the optimal value of the approximate problem converges to a solution of the original problem in the limiting case $T\\rightarrow\\infty$. Finally, the authors report numerical results obtained through application of their method to two different trilevel optimization problems.",
          "main_review": "From my point of view, this is an interesting paper. The original problem formulation **(1)** is very general and should be applicable in many contexts. However, as the authors also state in their conclusion, their method does probably not scale well to multiple levels. Moreover, I think that the presented numerical examples are somehow narrow because not only the level is limited to $n=3$ but also the number of optimization variables is in both presented examples quite small.\n\n In a maybe different but related context, the technique of using algorithmic iterates to replace optimal solutions of lower-level problems has been applied frequently (see, e.g., **Algorithm unrolling: Interpretable, efficient deep learning for signal and image processing (Monga, Li, Eldar, 2021)** for a recent overview). I think, a few references to that body of work would have been appropriate.\n\nIn the numerical experiments section, the authors mention that they used automatic differentiation. I think it should be possible to minimize the approximate objective relying only on automatic differentiation. Maybe the authors could clarify whether they did so or used their own **Algorithm 1**, or a mixture of both.\n\nFinally, I have to say that I did not check the proofs in the supplementary material in detail. Apart from that, I would say that this is a borderline case where I tend to reject due to the mentioned limitations.\n\n",
          "limitations_and_societal_impact": "Yes.",
          "needs_ethics_review": "No",
          "ethics_review_area": [],
          "time_spent_reviewing": "5",
          "code_of_conduct": "While performing my duties as a reviewer (including writing reviews and participating in discussions), I have and will continue to abide by the NeurIPS code of conduct."
        },
        "signatures": [
          "NeurIPS.cc/2021/Conference/Paper2298/Reviewer_gn5o"
        ],
        "readers": [
          "everyone"
        ],
        "nonreaders": [],
        "writers": [
          "NeurIPS.cc/2021/Conference",
          "NeurIPS.cc/2021/Conference/Paper2298/Reviewer_gn5o"
        ]
      },
      {
        "id": "vz2L8byttrJ",
        "original": null,
        "number": 3,
        "cdate": 1626456441260,
        "mdate": null,
        "ddate": null,
        "tcdate": 1626456441260,
        "tmdate": 1629893676331,
        "tddate": null,
        "forum": "-sQ1LLWIAAJ",
        "replyto": "-sQ1LLWIAAJ",
        "invitation": "NeurIPS.cc/2021/Conference/Paper2298/-/Official_Review",
        "content": {
          "rating": "7: Good paper, accept",
          "confidence": "2: You are willing to defend your assessment, but it is quite likely that you did not understand central parts of the submission or that you are unfamiliar with some pieces of related work. Math/other details were not carefully checked.",
          "summary": "Authors propose a gradient based method to solve multilevel optimization problems. In addition , they propose an new estimator based on a tr-level optimization problem, which seems to perform statistical better than usual bilevel hyperparameter optimization.",
          "main_review": "The proposed estimator and algorithm seem very new to me. Theorems and experiments are convincing.\nThe main problem is the clarity of the paper: I spent quite a bit of time on the paper, and I did not understand the proposed algorithm.\nI would not be able to implement the algorithm myself.\n\nCould you instantiate the algorithm on a simple tri-level optimization example? (at least in appendix?) Maybe this would help to understand. (I spend some time on Figure 5 in appendix but it did not help me)\nIn particular I did not fully understand part 3.2 and part 4.1, I would recommend to try to smooth a little these parts\n\nIf authors manage to make the paper clearer, I will raise my score.\n\n--------------------------------------------------------------------------------------------------\n\nComments after author response.\n\nAuthors have answered my questions, I think the paper is interesting and significantly new.\nThus I will raise my score to 7.",
          "limitations_and_societal_impact": "NA",
          "ethical_concerns": "NA",
          "needs_ethics_review": "No",
          "ethics_review_area": [],
          "time_spent_reviewing": "8h",
          "code_of_conduct": "While performing my duties as a reviewer (including writing reviews and participating in discussions), I have and will continue to abide by the NeurIPS code of conduct."
        },
        "signatures": [
          "NeurIPS.cc/2021/Conference/Paper2298/Reviewer_RnFj"
        ],
        "readers": [
          "everyone"
        ],
        "nonreaders": [],
        "writers": [
          "NeurIPS.cc/2021/Conference",
          "NeurIPS.cc/2021/Conference/Paper2298/Reviewer_RnFj"
        ]
      },
      {
        "id": "S8O5gDRNnZ",
        "original": null,
        "number": 1,
        "cdate": 1632777147361,
        "mdate": null,
        "ddate": null,
        "tcdate": 1632777147361,
        "tmdate": 1632777147361,
        "tddate": null,
        "forum": "-sQ1LLWIAAJ",
        "replyto": "-sQ1LLWIAAJ",
        "invitation": "NeurIPS.cc/2021/Conference/Paper2298/-/Decision",
        "content": {
          "title": "Paper Decision",
          "decision": "Accept (Poster)",
          "comment": "Reviewer anonymously agree that this paper proposes a novel and non-trivial method for an important problem. Some reviewers have also raised concerns regarding clarity that have been addressed by the authors during the rebuttal phrase. I urge the authors to incorporate their feedback in the camera ready."
        },
        "signatures": [
          "NeurIPS.cc/2021/Conference/Program_Chairs"
        ],
        "readers": [
          "everyone"
        ],
        "nonreaders": [],
        "writers": [
          "NeurIPS.cc/2021/Conference/Program_Chairs"
        ]
      }
    ]
  }
}