{
  "id": "-UpgTVU3vLE",
  "original": "RVJJK5EBUBH",
  "number": 10918,
  "cdate": 1621629974134,
  "mdate": null,
  "ddate": null,
  "tcdate": 1623678372889,
  "tmdate": 1683307640290,
  "tddate": null,
  "forum": "-UpgTVU3vLE",
  "replyto": null,
  "invitation": "NeurIPS.cc/2021/Conference/-/Blind_Submission",
  "content": {
    "title": "Permutation-Invariant Variational Autoencoder for Graph-Level Representation Learning",
    "authorids": [
      "~Robin_Winter1",
      "~Frank_Noe1",
      "~Djork-Arne_Clevert1"
    ],
    "authors": [
      "Robin Winter",
      "Frank Noe",
      "Djork-Arne Clevert"
    ],
    "keywords": [
      "variational autoencoder",
      "permutation invariance",
      "graph",
      "self-attention",
      "representation learning",
      "graph autoencoder"
    ],
    "abstract": "Recently, there has been great success in applying deep neural networks on graph structured data. Most work, however, focuses on either node- or graph-level supervised learning, such as node, link or graph classification or node-level unsupervised learning (e.g. node clustering). Despite its wide range of possible applications, graph-level unsupervised learning has not received much attention yet. This might be mainly attributed to the high representation complexity of graphs, which can be represented by $n!$ equivalent adjacency matrices, where $n$ is the number of nodes.\nIn this work we address this issue by proposing a permutation-invariant variational autoencoder for graph structured data. Our proposed model indirectly learns to match the node ordering of input and output graph, without imposing a particular node ordering or performing expensive graph matching. We demonstrate the effectiveness of our proposed model for graph reconstruction, generation and interpolation and evaluate the expressive power of extracted representations for downstream graph-level classification and regression. ",
    "submission_history": "",
    "code_of_conduct": "I certify that all co-authors of this work have read and commit to adhering to the NeurIPS Statement on Ethics, Fairness, Inclusivity, and Code of Conduct.",
    "paperhash": "winter|permutationinvariant_variational_autoencoder_for_graphlevel_representation_learning",
    "TL;DR": "We propose a variational autoencoder that encodes graphs in a fixed-size latent space that is invariant under permutation of the input graph.",
    "pdf": "/pdf/41c9ae7ced4cac18f1add7d45f5ec2008a960a05.pdf",
    "submission_history_-_venue_and_year": "",
    "submission_history_-_improvements_made": "",
    "checklist": "",
    "supplementary_material": "/attachment/40d7137a624f8ef78826cd33d4e939a57e5ca3a6.pdf",
    "code": "https://github.com/jrwnter/pigvae",
    "thumbnail": "",
    "_bibtex": "@inproceedings{\nwinter2021permutationinvariant,\ntitle={Permutation-Invariant Variational Autoencoder for Graph-Level Representation Learning},\nauthor={Robin Winter and Frank Noe and Djork-Arne Clevert},\nbooktitle={Advances in Neural Information Processing Systems},\neditor={A. Beygelzimer and Y. Dauphin and P. Liang and J. Wortman Vaughan},\nyear={2021},\nurl={https://openreview.net/forum?id=-UpgTVU3vLE}\n}",
    "venue": "NeurIPS 2021 Poster",
    "venueid": "NeurIPS.cc/2021/Conference"
  },
  "signatures": [
    "NeurIPS.cc/2021/Conference"
  ],
  "readers": [
    "everyone"
  ],
  "nonreaders": [],
  "writers": [
    "NeurIPS.cc/2021/Conference"
  ],
  "tauthor": "OpenReview.net",
  "pdate": 1636492711290,
  "odate": 1636492711248,
  "details": {
    "overwriting": [],
    "tags": [],
    "writable": false,
    "replyCount": 9,
    "directReplyCount": 5,
    "revisions": true,
    "replies": [
      {
        "id": "F7IuZqeDOaY",
        "original": null,
        "number": 1,
        "cdate": 1625592198067,
        "mdate": null,
        "ddate": null,
        "tcdate": 1625592198067,
        "tmdate": 1625592198067,
        "tddate": null,
        "forum": "-UpgTVU3vLE",
        "replyto": "-UpgTVU3vLE",
        "invitation": "NeurIPS.cc/2021/Conference/Paper10918/-/Official_Review",
        "content": {
          "rating": "6: Marginally above the acceptance threshold",
          "confidence": "2: You are willing to defend your assessment, but it is quite likely that you did not understand central parts of the submission or that you are unfamiliar with some pieces of related work. Math/other details were not carefully checked.",
          "summary": "The authors proposed a permutation-invariant VAE for graph-structured data. The proposed model indirectly learns to match the node ordering of the input/output graph. The authors demonstrated the effectiveness of the model on graph reconstruction/generation tasks.\n\nOverall, I found the paper both interesting and well-written. The contributions of this work are to show that The proposed work proposed permutation-invariant graph-level representation learning which can be used for graph generating modeling.",
          "main_review": "I have a few questions/concerns about the work that I would like clarity on:\n\nWhat is the computational limitation in the number of nodes in the graph? It would be interesting to add computational complexity with varying the number of nodes and comparison between the proposed model and other approaches.\n\nHerein the authors adopt the idea of MPNN and represent graphs by its messages between nodes. How does the proposed approach handle self-loop (i.e., an edge connects a vertex to itself).\n\nOne of the key properties of the proposed work is that the enoder self-attention layers are invariant to permutations of the input node order. As the decoder is also based on permutation equivalant self-attention layers, this canonical order is completely defined and thus correctly calculates the reconstruction loss. This might be related to improve training stability compared to the other approach. It would be helpful if the authors can address this. \n\nIn general, VAEs can suffer from an issue known as latent variable collapse (or KL loss vanishing), where the posterior\ncollapses to the prior, and the model will ignore the latent codes in generative tasks. In the graph-level representation learning task, does the proposed approach have any issue related to latent variable collapse?\n",
          "limitations_and_societal_impact": "N/A",
          "ethical_concerns": "N/A",
          "needs_ethics_review": "No",
          "ethics_review_area": [
            "I don’t know"
          ],
          "time_spent_reviewing": "3",
          "code_of_conduct": "While performing my duties as a reviewer (including writing reviews and participating in discussions), I have and will continue to abide by the NeurIPS code of conduct."
        },
        "signatures": [
          "NeurIPS.cc/2021/Conference/Paper10918/Reviewer_d88Y"
        ],
        "readers": [
          "everyone"
        ],
        "nonreaders": [],
        "writers": [
          "NeurIPS.cc/2021/Conference",
          "NeurIPS.cc/2021/Conference/Paper10918/Reviewer_d88Y"
        ]
      },
      {
        "id": "VJx7mtV3xlj",
        "original": null,
        "number": 2,
        "cdate": 1626191526815,
        "mdate": null,
        "ddate": null,
        "tcdate": 1626191526815,
        "tmdate": 1626191526815,
        "tddate": null,
        "forum": "-UpgTVU3vLE",
        "replyto": "-UpgTVU3vLE",
        "invitation": "NeurIPS.cc/2021/Conference/Paper10918/-/Official_Review",
        "content": {
          "rating": "4: Ok but not good enough - rejection",
          "confidence": "5: You are absolutely certain about your assessment. You are very familiar with the related work and checked the math/other details carefully.",
          "summary": "This paper proposes a new graph variational auto-encoder that is invariant to permutation of node orders. The authors design a permuter model that can predict a permutation of node orders in order to better measure the distance of reconstructed graph and input graph in a permutation-invariant manner. To verify the approach, extensive experiments are conducted on both synthetic and real-world molecular graph datasets.",
          "main_review": "The paper is well motivated. Endowing the representation/generative model for graph-structured data with permutation-invariant property is interesting and significant. However, the proposed method lacks enough novelty and theoretical soundness. \n\nFirst, the technical contribution of  this work is not clear. There are quite a few existing works having considered permutation-invariant property for graph/set representation learning and proposing effective solutions, e.g. [1-3]. Therefore, the authors' claim \"This is the first to consider permutation invariance in graph-level representation\" is not true. \n\nFurthermore, given this fact, the seemingly novel part of this work lies in the permuter model that is trained to predict a permutation of node orders. However, this method is quite straightforward but lacks enough theoretical justification. With the permuter output P, the orignal ELBO objective would be changed and it is not clear what distribution of P is considered in this work and how its variance of sampling would impact the output. Also, the learning objective cannot guarantee that the learned P is a desired one. Here are two concerns: 1) since the learning for P and learning for decoder are coupled and there are no ground-truth information for P, the learning of two modules would possibly interfered with each other and lead to undesirable solution; 2) the learned P would possibly degenerate to trivial solutions, e.g. P becomes an identity matrix which makes no difference for learning permutation invariance.  \n\nFinally, the comparison with existing models is not sufficient. There are quite a few existing works on graph edit distance and permutation-invariant representation learning and they are not discussed and compared by the authors. Also, the experiment on molecular property prediction is not convincing with no comparison with other GNN-based models. \n\n\n[1] An efficient algorithm for graph edit distance computation, Chen et. al, 2019\n[2] Generative Adversarial Set Transformers, Stelzner et. al, 2020\n[3] Deep Set Prediction Networks,  Zhang et. al, 2020",
          "limitations_and_societal_impact": "See my main review for limitations of this work.",
          "needs_ethics_review": "No",
          "ethics_review_area": [],
          "time_spent_reviewing": "5",
          "code_of_conduct": "While performing my duties as a reviewer (including writing reviews and participating in discussions), I have and will continue to abide by the NeurIPS code of conduct."
        },
        "signatures": [
          "NeurIPS.cc/2021/Conference/Paper10918/Reviewer_394F"
        ],
        "readers": [
          "everyone"
        ],
        "nonreaders": [],
        "writers": [
          "NeurIPS.cc/2021/Conference",
          "NeurIPS.cc/2021/Conference/Paper10918/Reviewer_394F"
        ]
      },
      {
        "id": "c-Nid4qaIXi",
        "original": null,
        "number": 3,
        "cdate": 1626368774506,
        "mdate": null,
        "ddate": null,
        "tcdate": 1626368774506,
        "tmdate": 1626368774506,
        "tddate": null,
        "forum": "-UpgTVU3vLE",
        "replyto": "-UpgTVU3vLE",
        "invitation": "NeurIPS.cc/2021/Conference/Paper10918/-/Official_Review",
        "content": {
          "rating": "5: Marginally below the acceptance threshold",
          "confidence": "2: You are willing to defend your assessment, but it is quite likely that you did not understand central parts of the submission or that you are unfamiliar with some pieces of related work. Math/other details were not carefully checked.",
          "summary": "This paper focuses on unsupervised learning of graph-level representations --- achieved here through a VAE. One of the main hurdles in this problem is to ensure the permutation invariance of the graph: the order in which the nodes appear in the network should not influence the graph embedding, which typically creates issues in minimizing a reconstruction loss between encoded and decoded graph. This paper tackles the problem by proposing a graph autoencoder architecture that is invariant to the ordering of nodes in a graph and that learns a permutation  along side the graph embedding --- thereby simplifying the problem of optimizing the reconstruction loss. The encoder/decoder parts of the algorithms use a message passing scheme to learn messages across each edge (concatenation of node features and edge features) with attention mechanisms. This is however quite an expensive procedure --- complexity of O(n^3).\n\nRelationship to other works: Other works have tried to use approximate graph matching technique using the permutation matrix that maximizes the similarity, with is O(n4) --- expensive. Previous approaches have also already tried to deploy generative models for graphs, but they only achieve permutation equivariance (and not permutation invariance). \n\nPotential Impact: This is an interesting problem, since, as the authors highlight, the main focus of the recent literature has been on supervised learning at the node or graph-level. Unsupervised methods for graphs and generative models have the potential to unlock many possibilities in generating new graph samples, new chemical compounds, etc.\n\nContribution:\nThe pipeline is a concatenation of tricks developed in other settings: VAE + permutation matrix + message passing with attention. The way the authors learn the permutation matrix is new though.",
          "main_review": "Pros:\n- This is an interesting and difficult problem, which hasn't been as much in the limelight of the community, and the authors do contribute to the discussion by proposing a new method --- although the main contribution here seems to be the learning of the permutation matrix.\n\nCons:\n- The method is extremely computationally expensive. That could be fine --- there is not so much done in the literature, so it is important to  start somewhere and the authors were indeed able to generate new molecules on 32 nodes or so.\n- I am more concerned in the potential of the experiments to show for the performance and relative superiority of the model over existing methods:\n      - It is important to sum up what the complexity of the method should be (total cost). It would have been interesting to also show the running time for all the experiments, (a) for comparison with other methods, and (b) because it is an expensive method and that any user trying their luck with it could really benefit from insights into how much time they should expect the computations to run.\n      - The complexity of the method is extremely high: the authors are fitting a learned encoder/decoder with attention (so many many parameters), a permutation method, and they are additionally learning how many nodes to generate. This creates concerns regarding the convergence of the method (this seems to be very highly non convex, so how sure are we that the convergence will be well behaved?) \n     - It would have been interesting to compare this set of methods against more classical alternatives; The classification task seems quite good to evaluate the performance of the method, so it might have been interesting (on top of methods looking at distances between original input graphs) to see what the other GAE+Graphite methods yield, as well as using more traditional statistical methods (ie, ERGMS) for completeness of comparison.\n     - Since the method is so complex, I am not sure that the negative log-likelihood is a fair comparison between all the different methods. Negative LL is typically used in a bayesian setting to compare models with the same complexity --- which is not the case here. What should perhaps be computed instead is either an DIC/AIC/BIC, or  better yet, since this is a non linear model, taking inspiration from the Bayesian literature, and computing  Posterior Predictive ordinates or Conditional Predictive Ordinates...\n\n\nTo sum up, this could be a potential interesting avenue of research, but considering the complexity of the method, I am not sure that the current experiments draw a convincing enough picture to show that the costs are worth the effort.\n    ",
          "limitations_and_societal_impact": "None --- except global warming because of potentially intensive computational costs.",
          "ethical_concerns": "None",
          "needs_ethics_review": "No",
          "ethics_review_area": [],
          "time_spent_reviewing": "2h30",
          "code_of_conduct": "While performing my duties as a reviewer (including writing reviews and participating in discussions), I have and will continue to abide by the NeurIPS code of conduct."
        },
        "signatures": [
          "NeurIPS.cc/2021/Conference/Paper10918/Reviewer_V8HM"
        ],
        "readers": [
          "everyone"
        ],
        "nonreaders": [],
        "writers": [
          "NeurIPS.cc/2021/Conference",
          "NeurIPS.cc/2021/Conference/Paper10918/Reviewer_V8HM"
        ]
      },
      {
        "id": "ofK3QHDt76Y",
        "original": null,
        "number": 4,
        "cdate": 1626464506426,
        "mdate": null,
        "ddate": null,
        "tcdate": 1626464506426,
        "tmdate": 1626464506426,
        "tddate": null,
        "forum": "-UpgTVU3vLE",
        "replyto": "-UpgTVU3vLE",
        "invitation": "NeurIPS.cc/2021/Conference/Paper10918/-/Official_Review",
        "content": {
          "rating": "6: Marginally above the acceptance threshold",
          "confidence": "4: You are confident in your assessment, but not absolutely certain. It is unlikely, but not impossible, that you did not understand some parts of the submission or that you are unfamiliar with some pieces of related work.",
          "summary": "This work proposes PIGAE, a graph-level VAE with a permutation-invariant reconstruction loss (expected likelihood). To achieve permutation-invariance, the authors propose learning a (relaxed) permutation as a function of the encoded (input) graph. The paper demonstrates the performance of PIGAE on synthetic benchmarks, and real-world molecular graphs. \n",
          "main_review": "In general, the reconstruction loss for graph-level VAEs is not invariant to permutations. As a consequence, the decoders can overfit to specific node orderings observed during training. Previous works end up using (sometimes costly) heuristics to tackle this issue. To overcome this limitation, the authors learn the permutation as a function of the encoded graph. Then, the authors use this learned permutation to make their loss permutation invariant. The results on graph reconstruction are particularly impressive. Overall, the authors touch on an important problem, and the work is novel. Notably, the authors fail to clearly flesh out the challenge in training graph-level VAEs (neither in the abstract nor introduction). As a result, the text may be difficult to follow for a general audience.\n\n**Comments and questions**\n\n* For any graph, the mean $\\mu$ and the variance $\\sigma$ of the latent $z$ are linear functions of $m_{0,0}$ (a scalar). This implies that the mean of $z$'s for all encoded graphs lies in the same line. The same applies to $\\sigma$'s. This seems to be a strong restriction.\n\n* To evaluate the generation of PIGAE, the authors perturb the latent of an existing graph and decode it back (Figure 3). This explores only a small part of the support of the prior. Consequently, I believe the experiment does properly evaluate the quality of PIGAE samples. To assess the generation quality of PIGAE, the authors should simply decode samples from the prior. Overall, the paper lacks examples of graphs generated by PIGAE for different problems/datasets.   \n\n* To sample from VAEs, we draw a sample from the prior and propagate it through the decoder. In this work, the decoder requires a permutation. How does PIGAE work during sampling? Is the permutation set to some default value?  \n \n* Proposition 1 seems equivalent to stating 'permutation matrices have columns and lines with entropy equal to zero'. This seems rather trivial, and I'm not sure if a proposition is needed here. \n\n* After proposition 1, the authors discuss graph isomorphism and state that PIGAE \"can solve the graph isomorphism problem at least for all graphs it can reconstruct\". Since there is no characterization of 'graphs it can reconstruct', this sentence looks vague.\n\n* Regarding literature coverage, the authors miss some works on normalizing flows for graphs (e.g., [1] and [2])\n\n[1]: Graph Normalizing Flows, NeurIPS 2019 \n\n[2]: MoFlow: An Invertible Flow Model for Generating Molecular Graphs, KDD 2020",
          "limitations_and_societal_impact": "The authors properly discuss the limitations and the societal impacts.",
          "needs_ethics_review": "No",
          "ethics_review_area": [],
          "time_spent_reviewing": "6",
          "code_of_conduct": "While performing my duties as a reviewer (including writing reviews and participating in discussions), I have and will continue to abide by the NeurIPS code of conduct."
        },
        "signatures": [
          "NeurIPS.cc/2021/Conference/Paper10918/Reviewer_1wGW"
        ],
        "readers": [
          "everyone"
        ],
        "nonreaders": [],
        "writers": [
          "NeurIPS.cc/2021/Conference",
          "NeurIPS.cc/2021/Conference/Paper10918/Reviewer_1wGW"
        ]
      },
      {
        "id": "1E9va90Z-_f",
        "original": null,
        "number": 1,
        "cdate": 1628529698545,
        "mdate": null,
        "ddate": null,
        "tcdate": 1628529698545,
        "tmdate": 1628529698545,
        "tddate": null,
        "forum": "-UpgTVU3vLE",
        "replyto": "ofK3QHDt76Y",
        "invitation": "NeurIPS.cc/2021/Conference/Paper10918/-/Official_Comment",
        "content": {
          "title": "Author Response",
          "comment": "We thank the reviewer for their comments. Below you will find our responses to your comments and proposed changes to our manuscript according to your valuable suggestions.\n\n### Comment 1:\n\n“For any graph, the mean μ and the variance σ of the latent z are linear functions of m0,0 (a scalar). This implies that the mean of z's for all encoded graphs lies in the same line. The same applies to σ's. This seems to be a strong restriction.\n\n#### Response:\n\nWe would like to clarify, that $m_{0,0}$ is not a scalar but a vector. The message matrix M is tensor with dimensions [n, n, d], with the number of nodes n and number of message features d (see line 127-136). We hope this addresses the reviewer’s concern sufficiently.\n\n### Comment2:\n\n“To evaluate the generation of PIGAE, the authors perturb the latent of an existing graph and decode it back (Figure 3). This explores only a small part of the support of the prior. Consequently, I believe the experiment does properly evaluate the quality of PIGAE samples. To assess the generation quality of PIGAE, the authors should simply decode samples from the prior. Overall, the paper lacks examples of graphs generated by PIGAE for different problems/datasets.“\n\n#### Response:\n\nThe reviewer correctly points out that we do not evaluate the generative properties of our method a lot in this work. We are aware of this and, as pointed out in the conclusion, leave a thorough evaluation of the generative performance for future work. However, we acknowledge that the generative performance could be interesting for the general audience, and we would like to add graphs (e.g. synthetic graphs) sampled from the prior to the supplementary. Since submission of the paper, we also investigated the ability to interpolate between graphs, by linearly interpolating their embeddings in the latent space. We think this could be interesting for the graph generation community, since e.g. in a classical autoencoder framework (without a permutation invariant embedding), there is no clear way how to interpolate between graphs, as graphs would need to be aligned first.\nSince we are not able to upload figures to open review, we uploaded a depiction of an example interpolation between two graphs with a description of the experiment on figshare (private anonymous link: https://figshare.com/s/ee86702825d67aa959c1). To the best of our knowledge, such a graph interpolation in the latent space has not been report in other work yet and might show similar impact in the graph generation community as interpolation of latent spaces did in the NLP or image filed. \n\n### Comment 3:\n\n“To sample from VAEs, we draw a sample from the prior and propagate it through the decoder. In this work, the decoder requires a permutation. How does PIGAE work during sampling? Is the permutation set to some default value?“\n\n### Reponse:\n\nThis is an interesting question, as it touches on a crucial part of our proposed model that (apparently) is probably not clearly enough explained in our current manuscript. We would like to emphasize that the decoder does not require a permutation to function. The decoder learns its own canonical ordering that is aligned to the position embeddings added to the initialized message matrix. We emphasize, that the permuter model (i.e. the permutation of the position embeddings) is not necessary for the decoding process in itself. We only need it to align input and output graphs to calculate the loss. During inference/sampling, i.e., using the trained decoder as generative model, we no longer need/use the permuter model (we do not permute the position embeddings).\nWe hope this answers the reviewer’s question and would like to add an additional explanation of this property to the method section. \n\n### Comment 4:\n\n“Proposition 1 seems equivalent to stating 'permutation matrices have columns and lines with entropy equal to zero'. This seems rather trivial, and I'm not sure if a proposition is needed here.“\n\n#### Response:\n\nThis is true and we were also not sure if we had to include this to properly justify the additional loss term to force the permutation matrices to be valid. If the reviewers agree, we are also happy to remove the Proposition or move it to the supplementary.\n\n### Comment 5:\n\n“After proposition 1, the authors discuss graph isomorphism and state that PIGAE \"can solve the graph isomorphism problem at least for all graphs it can reconstruct\". Since there is no characterization of 'graphs it can reconstruct', this sentence looks vague.\n\n#### Response:\n\nAs discussed in this paragraph, we argue that we can detect isomorphic graphs, as they will have the same embedding, since the encoder is permutation invariant. However, we must consider the possibility, that two non-isomorphic graphs could wrongly be encoded to the same embedding. Since, the decoder is a deterministic function, the same embedding will produce the same decoded graph up to a permutation as defined by the predicted permutation matrix. Thus, if both graphs have the same embedding z and can be perfectly reconstructed by the decoder, they must be isomorphic, as they can only differ in their node ordering. Consequently, if they can be perfectly reconstructed by the decoder but have a different embedding, they must be non-isomorphic.\nTherefore, we use the term “for all graphs it can reconstruct“, because we cannot be sure for the rest. “reconstruct” means in this context that input and output graph can be perfectly matched, i.e., zero reconstruction loss. We are happy to add an additional sentence is this line of argument to explain this more clearly. Thank you for pointing this out.\n\n### Comment 6:\n\n“Regarding literature coverage, the authors miss some works on normalizing flows for graphs (e.g., [1] and [2])\n[1]: Graph Normalizing Flows, NeurIPS 2019\n[2]: MoFlow: An Invertible Flow Model for Generating Molecular Graphs, KDD 2020“\n\n#### Repsonse:\n\nThis is correct and we thank the reviewer for these suggestions. We will add them into the related work discussion.\n"
        },
        "signatures": [
          "NeurIPS.cc/2021/Conference/Paper10918/Authors"
        ],
        "readers": [
          "everyone"
        ],
        "nonreaders": [],
        "writers": [
          "NeurIPS.cc/2021/Conference",
          "NeurIPS.cc/2021/Conference/Paper10918/Authors"
        ]
      },
      {
        "id": "rZw-kMIiIIZ",
        "original": null,
        "number": 2,
        "cdate": 1628530044361,
        "mdate": null,
        "ddate": null,
        "tcdate": 1628530044361,
        "tmdate": 1628530044361,
        "tddate": null,
        "forum": "-UpgTVU3vLE",
        "replyto": "c-Nid4qaIXi",
        "invitation": "NeurIPS.cc/2021/Conference/Paper10918/-/Official_Comment",
        "content": {
          "title": "Author Response",
          "comment": "We thank the reviewer for their comments. Below you will find our responses to your comments and proposed changes to our manuscript according to your valuable suggestions.\n\n### Comment 1:\n\n„The method is extremely computationally expensive. That could be fine --- there is not so much done in the literature, so it is important to start somewhere and the authors were indeed able to generate new molecules on 32 nodes or so.“\n\n### Reponse:\n\nThis is correct and we pointed out this limitation in the conclusion/limitations section. We believe, however, that with the recent surge of interest in the Transformer community to develop more efficient attention mechanisms we can utilize those results, making our proposed model more efficient and scaling it up to larger graphs. We share the reviewer’s assessment, that it is important to start somewhere, demonstrating the properties of our proposed framework and leave the optimization of the model for future work. \n\n### Comment 2:\n\n“I am more concerned in the potential of the experiments to show for the performance and relative superiority of the model over existing methods:\n- It is important to sum up what the complexity of the method should be (total cost). It would have been interesting to also show the running time for all the experiments, (a) for comparison with other methods, and (b) because it is an expensive method and that any user trying their luck with it could really benefit from insights into how much time they should expect the computations to run.\n- The complexity of the method is extremely high: the authors are fitting a learned encoder/decoder with attention (so many many parameters), a permutation method, and they are additionally learning how many nodes to generate. This creates concerns regarding the convergence of the method (this seems to be very highly non convex, so how sure are we that the convergence will be well behaved?)”\n\n#### Response:\n\nWe mention the training time and resources used in the supplementary. It is true, that the proposed model has extremely high complexity - as most transformer-like architectures have today. We saw training times of a few hours one a single GPU for small synthetic graph datasets up to weeks on multi-GPU machines for large molecular graphs. However, in our experiments we did not experience bad learning behavior. Moreover, as demonstrated in the field of NLP, it is often only required to pretrain such a huge model once on a large dataset (e.g. of molecules) and reuse its weights to finetune it to other specific tasks. Still, to make the comparison to other method possible, we will add a more detailed list of resource costs for each experiment to supplementary. Thank you for this suggestion.\n\n### Comment 3:\n\n“It would have been interesting to compare this set of methods against more classical alternatives; The classification task seems quite good to evaluate the performance of the method, so it might have been interesting (on top of methods looking at distances between original input graphs) to see what the other GAE+Graphite methods yield, as well as using more traditional statistical methods (ie, ERGMS) for completeness of comparison.“\n\n#### Response:\n\nThis is a very good point. We motivate our work by claiming that that pooled local node-level representations (e.g. as learned by a classical GAE/Graphite) are inferior to a global graph-level representation (as learned by our proposed model or contrastive learning approaches). Hence, we should include these methods in the graph classification tasks (Table 2). We repeated the experiment including embeddings extracted by a classical GAE model (averaged node representations) trained on the same dataset as our model (and InfoGraph) and trained a Support Vector Machine on predicting the different graph classes, following the same hyperparameter optimization scheme. This model achieved an average accuracy of 0.65 +/- 0.01, significant worse compared to our proposed model (0.83 ± 0.01). We think this experiment is an import addition to our manuscript, supporting our claims that pooled local node-level representations are inferior to a global graph-level representation for such tasks as discussed above. We would like to include these results and an additional discussion (of pooled local node-level vs global graph-level representations) to the manuscript and thank the reviewers for making us aware of this missing justification/discussion.\n\n### Comment 4:\n\n„Since the method is so complex, I am not sure that the negative log-likelihood is a fair comparison between all the different methods. Negative LL is typically used in a bayesian setting to compare models with the same complexity --- which is not the case here. What should perhaps be computed instead is either an DIC/AIC/BIC, or better yet, since this is a non linear model, taking inspiration from the Bayesian literature, and computing Posterior Predictive ordinates or Conditional Predictive Ordinates...“\n\n#### Response:\n\nIt is true, that our proposed model has much higher complexity (multi-layer self-attention) and we mainly choose NNL to compare to the results reported in the Graphite paper. If we consider number of parameters in the metric (DIC/AIC/BIC) the classical GAE would most likely come up at the top. However, increasing the number of parameters in the GAE did also not increase its performance. In this work we were mostly concerned with investigating if a single-vector permutation-invariant graph-level representation can be learned and not how efficient (in the number of parameters) we can make it. As mentioned in the conclusion, we will leave this for future work. Still, we acknowledge the reviewer’s concern and would like to mention the difference in model complexity in the discussion. We thank the reviewer for making us aware of this. \n"
        },
        "signatures": [
          "NeurIPS.cc/2021/Conference/Paper10918/Authors"
        ],
        "readers": [
          "everyone"
        ],
        "nonreaders": [],
        "writers": [
          "NeurIPS.cc/2021/Conference",
          "NeurIPS.cc/2021/Conference/Paper10918/Authors"
        ]
      },
      {
        "id": "gm4jw2b4eag",
        "original": null,
        "number": 3,
        "cdate": 1628530292038,
        "mdate": null,
        "ddate": null,
        "tcdate": 1628530292038,
        "tmdate": 1628530292038,
        "tddate": null,
        "forum": "-UpgTVU3vLE",
        "replyto": "F7IuZqeDOaY",
        "invitation": "NeurIPS.cc/2021/Conference/Paper10918/-/Official_Comment",
        "content": {
          "title": "Author Response",
          "comment": "We thank the reviewer for their comments and the encouraging assessment of our work. Below you will find our responses to your comments.\n\n### Comment 1:\n\n„What is the computational limitation in the number of nodes in the graph? It would be interesting to add computational complexity with varying the number of nodes and comparison between the proposed model and other approaches.“\n\n#### Response:\n\nIn section 2.3 (line 137-150) we mention the complexity with respect to the number of nodes, which is O(n^3). Currently, this is the main limitation of our proposed model as discussed in section 5. However, the aim of this work was to propose a model that, for the first time, can autoencode graphs to and from a single-vector permutation invariant graph-level representation and left optimization and scaling to larger graphs (in this work we only consider graphs up to 32 nodes) for future work. We believe that with the recent surge of interest in the Transformer community to develop more efficient attention mechanisms we can utilize those results, making our proposed model more efficient.\n\n### Comment 2:\n\n“Herein the authors adopt the idea of MPNN and represent graphs by its messages between nodes. How does the proposed approach handle self-loop (i.e., an edge connects a vertex to itself).“\n\n#### Response:\n\nIn our proposed message matrix representation self-loops are diagonal entries of the message matrix $m_{i,i}$ and are effectively representing the nodes itself. That way, we can represent the whole graph by one matrix, including both node and edge features. In this work we did not consider self-loops in the original graph, however, they could easily be integrated as additional node-features encoded in Equation (9).\n\n\n### Comment 3:\n\n“One of the key properties of the proposed work is that the enoder self-attention layers are invariant to permutations of the input node order. As the decoder is also based on permutation equivalant self-attention layers, this canonical order is completely defined and thus correctly calculates the reconstruction loss. This might be related to improve training stability compared to the other approach. It would be helpful if the authors can address this.“\n\n#### Response:\n\nIt is true that as a key aspect of our proposed model we exploit the invariant and equivariant property of the chosen encoder and decoder architecture. But the canonical order of the decoded graph is not defined because of that. It is learned by the decoder (without supervision) and aligned to the sequence of position embeddings. To correctly calculate the reconstruction loss we have to permute this canonical order to the present order of the input. This permutation operation is learned by the permuter model. As the decoder is permutation equivariant we can simply permute the position embeddings. We are not sure how this can be related to the training stability and compared to other approaches. We are sorry, but we think that we might not understand this comment correctly. Could the reviewer clarify if we did not answer sufficiently?\n\n### Comment 4:\n“In general, VAEs can suffer from an issue known as latent variable collapse (or KL loss vanishing), where the posterior collapses to the prior, and the model will ignore the latent codes in generative tasks. In the graph-level representation learning task, does the proposed approach have any issue related to latent variable collapse?”\n\n#### Response:\n\nIndeed, one has to careful in choose the right (weighted) combination of the different loss contributions (reconstruction, KLD, permutation matrix entropy). When we trained our proposed graph VAE and e.g. chose the kld loss contribution to outweigh the permutation matrix entropy loss (Equation (8)), the posterior can collapses to the prior and information is passed through the permutation matrix leading to bad performance during inference (where no permutation matrix is provided). If weighted correctly, the latent variable does not collapse, as information has to be passed through the latent code to minimize the reconstruction loss.\n"
        },
        "signatures": [
          "NeurIPS.cc/2021/Conference/Paper10918/Authors"
        ],
        "readers": [
          "everyone"
        ],
        "nonreaders": [],
        "writers": [
          "NeurIPS.cc/2021/Conference",
          "NeurIPS.cc/2021/Conference/Paper10918/Authors"
        ]
      },
      {
        "id": "EwqP3Psv7wg",
        "original": null,
        "number": 4,
        "cdate": 1628537701114,
        "mdate": null,
        "ddate": null,
        "tcdate": 1628537701114,
        "tmdate": 1628537701114,
        "tddate": null,
        "forum": "-UpgTVU3vLE",
        "replyto": "VJx7mtV3xlj",
        "invitation": "NeurIPS.cc/2021/Conference/Paper10918/-/Official_Comment",
        "content": {
          "title": "Author Response",
          "comment": "We thank the reviewer for their comments. Below you will find our responses to your comments.\n\n### Comment 1:\n\n“First, the technical contribution of this work is not clear. There are quite a few existing works having considered permutation-invariant property for graph/set representation learning and proposing effective solutions, e.g. [1-3]. Therefore, the authors' claim \"This is the first to consider permutation invariance in graph-level representation\" is not true.“\n\n#### Response:\n\nOur claim is more restricted as put by the reviewer. We claim: “To the best of our knowledge, our work proposes the first approach for non-contrastive permutation invariant graph-level representation learning, that can also be used for graph generative modeling“.\n\nThe works cited by the reviewer propose either \n-\tpermutation invariant graph-level representation encoder [1] or \n-\tpermutation invariant graph decoder [2]\n\nbut not the combination of both or work on sets [3]. Hence, we argue that our claim is true. Still, we would like to add the reference to the related work discussion and thank the reviewer for these suggestions.\n\n\n### Comment 2:\n\n“Furthermore, given this fact, the seemingly novel part of this work lies in the permuter model that is trained to predict a permutation of node orders. However, this method is quite straightforward but lacks enough theoretical justification. With the permuter output P, the orignal ELBO objective would be changed and it is not clear what distribution of P is considered in this work and how its variance of sampling would impact the output. Also, the learning objective cannot guarantee that the learned P is a desired one. Here are two concerns: 1) since the learning for P and learning for decoder are coupled and there are no ground-truth information for P, the learning of two modules would possibly interfered with each other and lead to undesirable solution; 2) the learned P would possibly degenerate to trivial solutions, e.g. P becomes an identity matrix which makes no difference for learning permutation invariance.\n„\n\n\n#### Response:\nIn section 2.1 we motivate and justify the use of the permuter model as an extension to the original ELBO objective in order to define a proper like likelihood for graphs that are permutation invariant. As the likelihood for non-trivial graphs can only be maximization if the right permutation matrix is predicted, the loss can only be minimized if desired permutation matrices P are learned. Regarding your concerns: 1) Of course, in practice it is always harder to jointly train multiple models compared to a single model with a single objective. But in this work, we motivate why it is necessary in order to train a permutation invariant graph autoencoder. The same argument could be made against other significant work too (e.g. GANs) and is misleading. 2) If P degenerate to a trivial solution the reconstruction loss could not be minimized, as the input and output graph (node features and adjacency matrix) would not match. From this concern it seems the reviewer might have misunderstood a crucial part of our proposed method: The decoder has only access to the permutation invariant graph-level embedding. It has no access to the node ordering of the input graph. Thus, a proper permutation matrix is needed to align input and output graph order to minimize the reconstruction loss.\n\n### Comment 3:\n\n„Finally, the comparison with existing models is not sufficient. There are quite a few existing works on graph edit distance and permutation-invariant representation learning and they are not discussed and compared by the authors. Also, the experiment on molecular property prediction is not convincing with no comparison with other GNN-based models.“\n\n#### Respond:\n\nIn the related work section, we discuss recent state-of-the art contrastive learning approaches and compare our method against InfoGraph in table 2. We agree that we should discuss works on graph edit distance as an alternative contrastive learning approach (i.e., SimGNN, Bai et al.) and would like to add this to our current manuscript. Thank you for this suggestion. We did not compare against supervised GNN models in the molecular property prediction experiment, as we are mainly concerned about unsupervised-learned representations in this work.\n"
        },
        "signatures": [
          "NeurIPS.cc/2021/Conference/Paper10918/Authors"
        ],
        "readers": [
          "everyone"
        ],
        "nonreaders": [],
        "writers": [
          "NeurIPS.cc/2021/Conference",
          "NeurIPS.cc/2021/Conference/Paper10918/Authors"
        ]
      },
      {
        "id": "crbgxRLnOnN",
        "original": null,
        "number": 1,
        "cdate": 1632838373833,
        "mdate": null,
        "ddate": null,
        "tcdate": 1632838373833,
        "tmdate": 1632838373833,
        "tddate": null,
        "forum": "-UpgTVU3vLE",
        "replyto": "-UpgTVU3vLE",
        "invitation": "NeurIPS.cc/2021/Conference/Paper10918/-/Decision",
        "content": {
          "title": "Paper Decision",
          "decision": "Accept (Poster)",
          "comment": "Two reviewers recommend rejecting the submission and two recommending accepting the submission. Reviewer 394F, who recommends rejecting the submission, appears to have misunderstood key aspects of the article (i.e., why the permutation matrix P will not become the identity). Therefore, I am not basing my recommendation of that reviewer’s rating. My main concern about this submission is the comprehensiveness of the experimental results. It’s not clear from them whether/when the proposed method will outperform similar methods like GAE and Graphite. In the authors’ response some additional comparisons to GAE have been provided, which seem encouraging, but are not comprehensive.",
          "consistency_experiment": "NeurIPS has a long history of experimentation. In 2014, NeurIPS ran an experiment in which 10% of submissions were reviewed by two independent committees to quantify the randomness in the review process. This year, we repeated a variant of this experiment to see how the quality of the review process has changed over time.  This paper was part of the experiment and was therefore assigned to two committees (consisting of reviewers, an Area Chair, and a Senior Area Chair) that reached independent decisions.  If both committees made the same recommendation, this recommendation was followed. If a single committee recommended acceptance, the paper was accepted (with the exception of a few cases in which the other committee identified what we considered a fatal flaw, e.g., an error in a key result).\n\nThis copy’s committee reached the following decision: **Reject**\n\nThe other committee assigned to the paper recommended **Accept (Poster)**.  You can find the other set of reviews, along with any follow up discussion with the authors here:\nhttps://openreview.net/forum?id=pTmYjQadg9"
        },
        "signatures": [
          "NeurIPS.cc/2021/Conference/Program_Chairs"
        ],
        "readers": [
          "everyone"
        ],
        "nonreaders": [],
        "writers": [
          "NeurIPS.cc/2021/Conference/Program_Chairs"
        ]
      }
    ],
    "directReplies": [
      {
        "id": "F7IuZqeDOaY",
        "original": null,
        "number": 1,
        "cdate": 1625592198067,
        "mdate": null,
        "ddate": null,
        "tcdate": 1625592198067,
        "tmdate": 1625592198067,
        "tddate": null,
        "forum": "-UpgTVU3vLE",
        "replyto": "-UpgTVU3vLE",
        "invitation": "NeurIPS.cc/2021/Conference/Paper10918/-/Official_Review",
        "content": {
          "rating": "6: Marginally above the acceptance threshold",
          "confidence": "2: You are willing to defend your assessment, but it is quite likely that you did not understand central parts of the submission or that you are unfamiliar with some pieces of related work. Math/other details were not carefully checked.",
          "summary": "The authors proposed a permutation-invariant VAE for graph-structured data. The proposed model indirectly learns to match the node ordering of the input/output graph. The authors demonstrated the effectiveness of the model on graph reconstruction/generation tasks.\n\nOverall, I found the paper both interesting and well-written. The contributions of this work are to show that The proposed work proposed permutation-invariant graph-level representation learning which can be used for graph generating modeling.",
          "main_review": "I have a few questions/concerns about the work that I would like clarity on:\n\nWhat is the computational limitation in the number of nodes in the graph? It would be interesting to add computational complexity with varying the number of nodes and comparison between the proposed model and other approaches.\n\nHerein the authors adopt the idea of MPNN and represent graphs by its messages between nodes. How does the proposed approach handle self-loop (i.e., an edge connects a vertex to itself).\n\nOne of the key properties of the proposed work is that the enoder self-attention layers are invariant to permutations of the input node order. As the decoder is also based on permutation equivalant self-attention layers, this canonical order is completely defined and thus correctly calculates the reconstruction loss. This might be related to improve training stability compared to the other approach. It would be helpful if the authors can address this. \n\nIn general, VAEs can suffer from an issue known as latent variable collapse (or KL loss vanishing), where the posterior\ncollapses to the prior, and the model will ignore the latent codes in generative tasks. In the graph-level representation learning task, does the proposed approach have any issue related to latent variable collapse?\n",
          "limitations_and_societal_impact": "N/A",
          "ethical_concerns": "N/A",
          "needs_ethics_review": "No",
          "ethics_review_area": [
            "I don’t know"
          ],
          "time_spent_reviewing": "3",
          "code_of_conduct": "While performing my duties as a reviewer (including writing reviews and participating in discussions), I have and will continue to abide by the NeurIPS code of conduct."
        },
        "signatures": [
          "NeurIPS.cc/2021/Conference/Paper10918/Reviewer_d88Y"
        ],
        "readers": [
          "everyone"
        ],
        "nonreaders": [],
        "writers": [
          "NeurIPS.cc/2021/Conference",
          "NeurIPS.cc/2021/Conference/Paper10918/Reviewer_d88Y"
        ]
      },
      {
        "id": "VJx7mtV3xlj",
        "original": null,
        "number": 2,
        "cdate": 1626191526815,
        "mdate": null,
        "ddate": null,
        "tcdate": 1626191526815,
        "tmdate": 1626191526815,
        "tddate": null,
        "forum": "-UpgTVU3vLE",
        "replyto": "-UpgTVU3vLE",
        "invitation": "NeurIPS.cc/2021/Conference/Paper10918/-/Official_Review",
        "content": {
          "rating": "4: Ok but not good enough - rejection",
          "confidence": "5: You are absolutely certain about your assessment. You are very familiar with the related work and checked the math/other details carefully.",
          "summary": "This paper proposes a new graph variational auto-encoder that is invariant to permutation of node orders. The authors design a permuter model that can predict a permutation of node orders in order to better measure the distance of reconstructed graph and input graph in a permutation-invariant manner. To verify the approach, extensive experiments are conducted on both synthetic and real-world molecular graph datasets.",
          "main_review": "The paper is well motivated. Endowing the representation/generative model for graph-structured data with permutation-invariant property is interesting and significant. However, the proposed method lacks enough novelty and theoretical soundness. \n\nFirst, the technical contribution of  this work is not clear. There are quite a few existing works having considered permutation-invariant property for graph/set representation learning and proposing effective solutions, e.g. [1-3]. Therefore, the authors' claim \"This is the first to consider permutation invariance in graph-level representation\" is not true. \n\nFurthermore, given this fact, the seemingly novel part of this work lies in the permuter model that is trained to predict a permutation of node orders. However, this method is quite straightforward but lacks enough theoretical justification. With the permuter output P, the orignal ELBO objective would be changed and it is not clear what distribution of P is considered in this work and how its variance of sampling would impact the output. Also, the learning objective cannot guarantee that the learned P is a desired one. Here are two concerns: 1) since the learning for P and learning for decoder are coupled and there are no ground-truth information for P, the learning of two modules would possibly interfered with each other and lead to undesirable solution; 2) the learned P would possibly degenerate to trivial solutions, e.g. P becomes an identity matrix which makes no difference for learning permutation invariance.  \n\nFinally, the comparison with existing models is not sufficient. There are quite a few existing works on graph edit distance and permutation-invariant representation learning and they are not discussed and compared by the authors. Also, the experiment on molecular property prediction is not convincing with no comparison with other GNN-based models. \n\n\n[1] An efficient algorithm for graph edit distance computation, Chen et. al, 2019\n[2] Generative Adversarial Set Transformers, Stelzner et. al, 2020\n[3] Deep Set Prediction Networks,  Zhang et. al, 2020",
          "limitations_and_societal_impact": "See my main review for limitations of this work.",
          "needs_ethics_review": "No",
          "ethics_review_area": [],
          "time_spent_reviewing": "5",
          "code_of_conduct": "While performing my duties as a reviewer (including writing reviews and participating in discussions), I have and will continue to abide by the NeurIPS code of conduct."
        },
        "signatures": [
          "NeurIPS.cc/2021/Conference/Paper10918/Reviewer_394F"
        ],
        "readers": [
          "everyone"
        ],
        "nonreaders": [],
        "writers": [
          "NeurIPS.cc/2021/Conference",
          "NeurIPS.cc/2021/Conference/Paper10918/Reviewer_394F"
        ]
      },
      {
        "id": "c-Nid4qaIXi",
        "original": null,
        "number": 3,
        "cdate": 1626368774506,
        "mdate": null,
        "ddate": null,
        "tcdate": 1626368774506,
        "tmdate": 1626368774506,
        "tddate": null,
        "forum": "-UpgTVU3vLE",
        "replyto": "-UpgTVU3vLE",
        "invitation": "NeurIPS.cc/2021/Conference/Paper10918/-/Official_Review",
        "content": {
          "rating": "5: Marginally below the acceptance threshold",
          "confidence": "2: You are willing to defend your assessment, but it is quite likely that you did not understand central parts of the submission or that you are unfamiliar with some pieces of related work. Math/other details were not carefully checked.",
          "summary": "This paper focuses on unsupervised learning of graph-level representations --- achieved here through a VAE. One of the main hurdles in this problem is to ensure the permutation invariance of the graph: the order in which the nodes appear in the network should not influence the graph embedding, which typically creates issues in minimizing a reconstruction loss between encoded and decoded graph. This paper tackles the problem by proposing a graph autoencoder architecture that is invariant to the ordering of nodes in a graph and that learns a permutation  along side the graph embedding --- thereby simplifying the problem of optimizing the reconstruction loss. The encoder/decoder parts of the algorithms use a message passing scheme to learn messages across each edge (concatenation of node features and edge features) with attention mechanisms. This is however quite an expensive procedure --- complexity of O(n^3).\n\nRelationship to other works: Other works have tried to use approximate graph matching technique using the permutation matrix that maximizes the similarity, with is O(n4) --- expensive. Previous approaches have also already tried to deploy generative models for graphs, but they only achieve permutation equivariance (and not permutation invariance). \n\nPotential Impact: This is an interesting problem, since, as the authors highlight, the main focus of the recent literature has been on supervised learning at the node or graph-level. Unsupervised methods for graphs and generative models have the potential to unlock many possibilities in generating new graph samples, new chemical compounds, etc.\n\nContribution:\nThe pipeline is a concatenation of tricks developed in other settings: VAE + permutation matrix + message passing with attention. The way the authors learn the permutation matrix is new though.",
          "main_review": "Pros:\n- This is an interesting and difficult problem, which hasn't been as much in the limelight of the community, and the authors do contribute to the discussion by proposing a new method --- although the main contribution here seems to be the learning of the permutation matrix.\n\nCons:\n- The method is extremely computationally expensive. That could be fine --- there is not so much done in the literature, so it is important to  start somewhere and the authors were indeed able to generate new molecules on 32 nodes or so.\n- I am more concerned in the potential of the experiments to show for the performance and relative superiority of the model over existing methods:\n      - It is important to sum up what the complexity of the method should be (total cost). It would have been interesting to also show the running time for all the experiments, (a) for comparison with other methods, and (b) because it is an expensive method and that any user trying their luck with it could really benefit from insights into how much time they should expect the computations to run.\n      - The complexity of the method is extremely high: the authors are fitting a learned encoder/decoder with attention (so many many parameters), a permutation method, and they are additionally learning how many nodes to generate. This creates concerns regarding the convergence of the method (this seems to be very highly non convex, so how sure are we that the convergence will be well behaved?) \n     - It would have been interesting to compare this set of methods against more classical alternatives; The classification task seems quite good to evaluate the performance of the method, so it might have been interesting (on top of methods looking at distances between original input graphs) to see what the other GAE+Graphite methods yield, as well as using more traditional statistical methods (ie, ERGMS) for completeness of comparison.\n     - Since the method is so complex, I am not sure that the negative log-likelihood is a fair comparison between all the different methods. Negative LL is typically used in a bayesian setting to compare models with the same complexity --- which is not the case here. What should perhaps be computed instead is either an DIC/AIC/BIC, or  better yet, since this is a non linear model, taking inspiration from the Bayesian literature, and computing  Posterior Predictive ordinates or Conditional Predictive Ordinates...\n\n\nTo sum up, this could be a potential interesting avenue of research, but considering the complexity of the method, I am not sure that the current experiments draw a convincing enough picture to show that the costs are worth the effort.\n    ",
          "limitations_and_societal_impact": "None --- except global warming because of potentially intensive computational costs.",
          "ethical_concerns": "None",
          "needs_ethics_review": "No",
          "ethics_review_area": [],
          "time_spent_reviewing": "2h30",
          "code_of_conduct": "While performing my duties as a reviewer (including writing reviews and participating in discussions), I have and will continue to abide by the NeurIPS code of conduct."
        },
        "signatures": [
          "NeurIPS.cc/2021/Conference/Paper10918/Reviewer_V8HM"
        ],
        "readers": [
          "everyone"
        ],
        "nonreaders": [],
        "writers": [
          "NeurIPS.cc/2021/Conference",
          "NeurIPS.cc/2021/Conference/Paper10918/Reviewer_V8HM"
        ]
      },
      {
        "id": "ofK3QHDt76Y",
        "original": null,
        "number": 4,
        "cdate": 1626464506426,
        "mdate": null,
        "ddate": null,
        "tcdate": 1626464506426,
        "tmdate": 1626464506426,
        "tddate": null,
        "forum": "-UpgTVU3vLE",
        "replyto": "-UpgTVU3vLE",
        "invitation": "NeurIPS.cc/2021/Conference/Paper10918/-/Official_Review",
        "content": {
          "rating": "6: Marginally above the acceptance threshold",
          "confidence": "4: You are confident in your assessment, but not absolutely certain. It is unlikely, but not impossible, that you did not understand some parts of the submission or that you are unfamiliar with some pieces of related work.",
          "summary": "This work proposes PIGAE, a graph-level VAE with a permutation-invariant reconstruction loss (expected likelihood). To achieve permutation-invariance, the authors propose learning a (relaxed) permutation as a function of the encoded (input) graph. The paper demonstrates the performance of PIGAE on synthetic benchmarks, and real-world molecular graphs. \n",
          "main_review": "In general, the reconstruction loss for graph-level VAEs is not invariant to permutations. As a consequence, the decoders can overfit to specific node orderings observed during training. Previous works end up using (sometimes costly) heuristics to tackle this issue. To overcome this limitation, the authors learn the permutation as a function of the encoded graph. Then, the authors use this learned permutation to make their loss permutation invariant. The results on graph reconstruction are particularly impressive. Overall, the authors touch on an important problem, and the work is novel. Notably, the authors fail to clearly flesh out the challenge in training graph-level VAEs (neither in the abstract nor introduction). As a result, the text may be difficult to follow for a general audience.\n\n**Comments and questions**\n\n* For any graph, the mean $\\mu$ and the variance $\\sigma$ of the latent $z$ are linear functions of $m_{0,0}$ (a scalar). This implies that the mean of $z$'s for all encoded graphs lies in the same line. The same applies to $\\sigma$'s. This seems to be a strong restriction.\n\n* To evaluate the generation of PIGAE, the authors perturb the latent of an existing graph and decode it back (Figure 3). This explores only a small part of the support of the prior. Consequently, I believe the experiment does properly evaluate the quality of PIGAE samples. To assess the generation quality of PIGAE, the authors should simply decode samples from the prior. Overall, the paper lacks examples of graphs generated by PIGAE for different problems/datasets.   \n\n* To sample from VAEs, we draw a sample from the prior and propagate it through the decoder. In this work, the decoder requires a permutation. How does PIGAE work during sampling? Is the permutation set to some default value?  \n \n* Proposition 1 seems equivalent to stating 'permutation matrices have columns and lines with entropy equal to zero'. This seems rather trivial, and I'm not sure if a proposition is needed here. \n\n* After proposition 1, the authors discuss graph isomorphism and state that PIGAE \"can solve the graph isomorphism problem at least for all graphs it can reconstruct\". Since there is no characterization of 'graphs it can reconstruct', this sentence looks vague.\n\n* Regarding literature coverage, the authors miss some works on normalizing flows for graphs (e.g., [1] and [2])\n\n[1]: Graph Normalizing Flows, NeurIPS 2019 \n\n[2]: MoFlow: An Invertible Flow Model for Generating Molecular Graphs, KDD 2020",
          "limitations_and_societal_impact": "The authors properly discuss the limitations and the societal impacts.",
          "needs_ethics_review": "No",
          "ethics_review_area": [],
          "time_spent_reviewing": "6",
          "code_of_conduct": "While performing my duties as a reviewer (including writing reviews and participating in discussions), I have and will continue to abide by the NeurIPS code of conduct."
        },
        "signatures": [
          "NeurIPS.cc/2021/Conference/Paper10918/Reviewer_1wGW"
        ],
        "readers": [
          "everyone"
        ],
        "nonreaders": [],
        "writers": [
          "NeurIPS.cc/2021/Conference",
          "NeurIPS.cc/2021/Conference/Paper10918/Reviewer_1wGW"
        ]
      },
      {
        "id": "crbgxRLnOnN",
        "original": null,
        "number": 1,
        "cdate": 1632838373833,
        "mdate": null,
        "ddate": null,
        "tcdate": 1632838373833,
        "tmdate": 1632838373833,
        "tddate": null,
        "forum": "-UpgTVU3vLE",
        "replyto": "-UpgTVU3vLE",
        "invitation": "NeurIPS.cc/2021/Conference/Paper10918/-/Decision",
        "content": {
          "title": "Paper Decision",
          "decision": "Accept (Poster)",
          "comment": "Two reviewers recommend rejecting the submission and two recommending accepting the submission. Reviewer 394F, who recommends rejecting the submission, appears to have misunderstood key aspects of the article (i.e., why the permutation matrix P will not become the identity). Therefore, I am not basing my recommendation of that reviewer’s rating. My main concern about this submission is the comprehensiveness of the experimental results. It’s not clear from them whether/when the proposed method will outperform similar methods like GAE and Graphite. In the authors’ response some additional comparisons to GAE have been provided, which seem encouraging, but are not comprehensive.",
          "consistency_experiment": "NeurIPS has a long history of experimentation. In 2014, NeurIPS ran an experiment in which 10% of submissions were reviewed by two independent committees to quantify the randomness in the review process. This year, we repeated a variant of this experiment to see how the quality of the review process has changed over time.  This paper was part of the experiment and was therefore assigned to two committees (consisting of reviewers, an Area Chair, and a Senior Area Chair) that reached independent decisions.  If both committees made the same recommendation, this recommendation was followed. If a single committee recommended acceptance, the paper was accepted (with the exception of a few cases in which the other committee identified what we considered a fatal flaw, e.g., an error in a key result).\n\nThis copy’s committee reached the following decision: **Reject**\n\nThe other committee assigned to the paper recommended **Accept (Poster)**.  You can find the other set of reviews, along with any follow up discussion with the authors here:\nhttps://openreview.net/forum?id=pTmYjQadg9"
        },
        "signatures": [
          "NeurIPS.cc/2021/Conference/Program_Chairs"
        ],
        "readers": [
          "everyone"
        ],
        "nonreaders": [],
        "writers": [
          "NeurIPS.cc/2021/Conference/Program_Chairs"
        ]
      }
    ]
  }
}