{
  "id": "5lko4-9cRAk",
  "original": "SwOLEnL5ODz",
  "number": 6334,
  "cdate": 1621629765336,
  "mdate": null,
  "ddate": null,
  "tcdate": 1623678007225,
  "tmdate": 1683307553244,
  "tddate": null,
  "forum": "5lko4-9cRAk",
  "replyto": null,
  "invitation": "NeurIPS.cc/2021/Conference/-/Blind_Submission",
  "content": {
    "title": "Gradient-based Hyperparameter Optimization Over Long Horizons",
    "authorids": [
      "~Paul_Micaelli1",
      "~Amos_Storkey1"
    ],
    "authors": [
      "Paul Micaelli",
      "Amos Storkey"
    ],
    "keywords": [
      "Meta-learning",
      "Hyperparameter Optimization",
      "Gradient-based",
      "Gradient Degradation",
      "Forward-mode differentiation",
      "AutoML"
    ],
    "TL;DR": "Hyperparameter sharing combined with forward mode differentiation enables effective HPO over long horizons",
    "abstract": "Gradient-based hyperparameter optimization has earned a widespread popularity in the context of few-shot meta-learning, but remains broadly impractical for tasks with long horizons (many gradient steps), due to memory scaling and gradient degradation issues. A common workaround is to learn hyperparameters online, but this introduces greediness which comes with a significant performance drop. We propose forward-mode differentiation with sharing (FDS), a simple and efficient algorithm which tackles memory scaling issues with forward-mode differentiation, and gradient degradation issues by sharing hyperparameters that are contiguous in time. We provide theoretical guarantees about the noise reduction properties of our algorithm, and demonstrate its efficiency empirically by differentiating through $\\sim 10^4$ gradient steps of unrolled optimization. We consider large hyperparameter search ranges on CIFAR-10 where we significantly outperform greedy gradient-based alternatives, while achieving $\\times 20$ speedups compared to the state-of-the-art black-box methods.",
    "pdf": "/pdf/958b72da9e208978bf90ee232c71c66dbfc39c86.pdf",
    "submission_history": "",
    "submission_history_-_venue_and_year": "",
    "submission_history_-_improvements_made": "",
    "checklist": "",
    "code_of_conduct": "I certify that all co-authors of this work have read and commit to adhering to the NeurIPS Statement on Ethics, Fairness, Inclusivity, and Code of Conduct.",
    "paperhash": "micaelli|gradientbased_hyperparameter_optimization_over_long_horizons",
    "supplementary_material": "/attachment/ae72e89ae72ec3fd7391723ed5058f9f9a0a12c9.pdf",
    "thumbnail": "",
    "_bibtex": "@inproceedings{\nmicaelli2021gradientbased,\ntitle={Gradient-based Hyperparameter Optimization Over Long Horizons},\nauthor={Paul Micaelli and Amos Storkey},\nbooktitle={Advances in Neural Information Processing Systems},\neditor={A. Beygelzimer and Y. Dauphin and P. Liang and J. Wortman Vaughan},\nyear={2021},\nurl={https://openreview.net/forum?id=5lko4-9cRAk}\n}",
    "venue": "NeurIPS 2021 Poster",
    "venueid": "NeurIPS.cc/2021/Conference"
  },
  "signatures": [
    "NeurIPS.cc/2021/Conference"
  ],
  "readers": [
    "everyone"
  ],
  "nonreaders": [],
  "writers": [
    "NeurIPS.cc/2021/Conference"
  ],
  "tauthor": "OpenReview.net",
  "pdate": 1636492763453,
  "odate": 1636492763412,
  "details": {
    "overwriting": [],
    "tags": [],
    "writable": false,
    "replyCount": 9,
    "directReplyCount": 4,
    "revisions": true,
    "replies": [
      {
        "id": "iiFrhCv-4Wy",
        "original": null,
        "number": 1,
        "cdate": 1626076696832,
        "mdate": null,
        "ddate": null,
        "tcdate": 1626076696832,
        "tmdate": 1626076696832,
        "tddate": null,
        "forum": "5lko4-9cRAk",
        "replyto": "5lko4-9cRAk",
        "invitation": "NeurIPS.cc/2021/Conference/Paper6334/-/Official_Review",
        "content": {
          "rating": "7: Good paper, accept",
          "confidence": "4: You are confident in your assessment, but not absolutely certain. It is unlikely, but not impossible, that you did not understand some parts of the submission or that you are unfamiliar with some pieces of related work.",
          "summary": "The authors propose a long-horizon hyperparameter-optimization through sharing hyperparameters in combination with forward-mode differentiation. ",
          "main_review": "The paper is nicely written, the results are well presented and thoroughly tested. \nThe novelty of the paper is limited, nevertheless, the overall presentation, as well as the theoretical insights, make the paper valuable to the community. \nI find it intriguing that hyperparameters, in this case, the learning rates, tend to follow commonly used hand-crafted schedules.\nIn general, but that also applies to related work, I am curious about the effect of the validation set size. \nCan you comment on that / provide numbers? It would be interesting to see the effects of that e.g. the changes of the presented learning rate curves. ",
          "limitations_and_societal_impact": "Have the authors adequately addressed the limitations and potential negative societal impact of their work? If not, please include constructive suggestions for improvement: Yes. ",
          "needs_ethics_review": "No",
          "ethics_review_area": [],
          "time_spent_reviewing": "4h",
          "code_of_conduct": "While performing my duties as a reviewer (including writing reviews and participating in discussions), I have and will continue to abide by the NeurIPS code of conduct."
        },
        "signatures": [
          "NeurIPS.cc/2021/Conference/Paper6334/Reviewer_3NBa"
        ],
        "readers": [
          "everyone"
        ],
        "nonreaders": [],
        "writers": [
          "NeurIPS.cc/2021/Conference",
          "NeurIPS.cc/2021/Conference/Paper6334/Reviewer_3NBa"
        ]
      },
      {
        "id": "UXAmsDg6p21",
        "original": null,
        "number": 2,
        "cdate": 1626498699115,
        "mdate": null,
        "ddate": null,
        "tcdate": 1626498699115,
        "tmdate": 1629422349856,
        "tddate": null,
        "forum": "5lko4-9cRAk",
        "replyto": "5lko4-9cRAk",
        "invitation": "NeurIPS.cc/2021/Conference/Paper6334/-/Official_Review",
        "content": {
          "rating": "6: Marginally above the acceptance threshold",
          "confidence": "3: You are fairly confident in your assessment. It is possible that you did not understand some parts of the submission or that you are unfamiliar with some pieces of related work. Math/other details were not carefully checked.",
          "summary": "This paper proposes methods to allow stable gradient-based hyperparameter optimization. The first proposed method is to make use of forward-mode differentiation instead of reverse-mode, allowing differentiating through long horizons with constant memory cost. The second proposed method is to share hyperparameters across time, so that the hyperparameter value is constant for a number of steps, instead of having different values every step. The third, rather hidden, proposed method is a sign-based optimizer for training the hyperparameters.",
          "main_review": "Overall, this paper explores a couple simple ideas that seem to work well. Forward-mode AD is a nice solution to the memory problem of taking gradients through long horizons, but I’m not convinced there is a need for deriving update equations (such as Eq 3) on a case-by-base basis. Reducing the number of hyperparameters (by sharing them across time steps) is a convincing method to handle hypergradient stochasticity, but this seems like a separate contribution and should probably be ablated against greedy methods (i.e. apply alternative methods to a piecewise constant hyperparameter schedule).\n\nQuestions:\n\nIs there a reason why the method is restricted to SGD + momentum? Forward-mode autodiff should be applicable to all kinds of optimizers. Note that you can simulate forward-mode autodiff from reverse-mode autodiff (see https://j-towns.github.io/2017/06/12/A-new-trick.html and https://pytorch.org/docs/stable/generated/torch.autograd.functional.jvp.html?highlight=jvp#torch.autograd.functional.jvp), and JAX natively supports forward-mode autodiff along with just-in-time compilation. I imagine that the Jacobian dtheta_t / dtheta_{t-1} can be quite sparse and that a manual construction of this matrix removes the possibility of automatic memory and compute optimizations.\n\nWhat is the empirical memory cost of using FDS, compared to alternative methods?\n\nA single step may be too short, but what if you took H to be somewhere between 1 and T? What does the trade-off curve look like between memory cost and validation error, for both reverse-mode and forward-mode differentiation? In essence, this can help answer (i) how non-greedy is better than a short-but-not-too-short horizon, and (ii) an empirical memory cost comparison between reverse-mode AD vs. this manual forward-mode AD.\n\nIs the sign-based hypergradient optimizer used for all experiments, or only those in 5.4? Was this used for the baseline methods as well? It's not clear to me how much this contributes to the experiments. Some ablation experiments would be good.\n\n\nMinor:\n\nIn section 4.2, H is mentioned but not defined. Is this referring to A from the previous sections? ",
          "limitations_and_societal_impact": "More clarification regarding the improvements for each individual contribution could be warranted.",
          "needs_ethics_review": "No",
          "ethics_review_area": [],
          "time_spent_reviewing": "3",
          "code_of_conduct": "While performing my duties as a reviewer (including writing reviews and participating in discussions), I have and will continue to abide by the NeurIPS code of conduct."
        },
        "signatures": [
          "NeurIPS.cc/2021/Conference/Paper6334/Reviewer_CQeN"
        ],
        "readers": [
          "everyone"
        ],
        "nonreaders": [],
        "writers": [
          "NeurIPS.cc/2021/Conference",
          "NeurIPS.cc/2021/Conference/Paper6334/Reviewer_CQeN"
        ]
      },
      {
        "id": "LmFdVwe1BD9",
        "original": null,
        "number": 3,
        "cdate": 1626624239525,
        "mdate": null,
        "ddate": null,
        "tcdate": 1626624239525,
        "tmdate": 1626624239525,
        "tddate": null,
        "forum": "5lko4-9cRAk",
        "replyto": "5lko4-9cRAk",
        "invitation": "NeurIPS.cc/2021/Conference/Paper6334/-/Official_Review",
        "content": {
          "rating": "6: Marginally above the acceptance threshold",
          "confidence": "4: You are confident in your assessment, but not absolutely certain. It is unlikely, but not impossible, that you did not understand some parts of the submission or that you are unfamiliar with some pieces of related work.",
          "summary": "The paper proposes forward-mode differentiation with sharing (FDS), which aims to combine the advantages of derivative-free HPO and gradient-based HPO. Memory scaling issues and gradient degradation issues motivate this work. The paper talks about a new method on the gradient-based path of HPO. According to the experiments of the paper, this new method has the potential to have major impact in the HPO area with further evolution. ",
          "main_review": "The motivation and the idea of the paper are both good. The language is smooth and the structure is clear.\nThere are still a few weaknesses of the paper.\nFirst, in line 308 \"Note also that we are not interested in finding the architecture with the best performance, but rather in finding the best hyperparameters given an architecture\". The work aims at HPO rather than structure searching, but to show one HPO method really works, more experiments on a variety of datasets and with different structures of NNs are necessary. \nSecond, also extends the first issue, to utilize one HPO method in AutoML on NNs, the co-working with structure searching is inevitable. It is recommended to talk about the advantages and disadvantages of co-working, compared to existing HPO methods.",
          "limitations_and_societal_impact": "The most vital limitation of the work is discussed in line 349-351 by the authors.\nIt's unlikely for the work to have any potential negative societal impact.\nSo I believe the authors adequately addressed the limitations and potential negative societal impact of their work.\n",
          "needs_ethics_review": "No",
          "ethics_review_area": [],
          "time_spent_reviewing": "3h",
          "code_of_conduct": "While performing my duties as a reviewer (including writing reviews and participating in discussions), I have and will continue to abide by the NeurIPS code of conduct."
        },
        "signatures": [
          "NeurIPS.cc/2021/Conference/Paper6334/Reviewer_FmV3"
        ],
        "readers": [
          "everyone"
        ],
        "nonreaders": [],
        "writers": [
          "NeurIPS.cc/2021/Conference",
          "NeurIPS.cc/2021/Conference/Paper6334/Reviewer_FmV3"
        ]
      },
      {
        "id": "is3qRbGOT2L",
        "original": null,
        "number": 1,
        "cdate": 1628597271233,
        "mdate": null,
        "ddate": null,
        "tcdate": 1628597271233,
        "tmdate": 1628597271233,
        "tddate": null,
        "forum": "5lko4-9cRAk",
        "replyto": "UXAmsDg6p21",
        "invitation": "NeurIPS.cc/2021/Conference/Paper6334/-/Official_Comment",
        "content": {
          "title": "Reply to reviewer",
          "comment": "We thank the reviewer for spending the time to understand our paper well. Your points were pertinent and we address them below, running new experiments when needed.\n\n### Missing ablation: greediness with hyperparameter sharing. \n\nIn our experiments we have indeed equated greediness with “no hyperparameter sharing” since for long inner problems (e.g. CIFAR) greedy methods typically don’t suffer from degradation/high variance of hypergradients, and thus a priori wouldn’t benefit from time-averaging their hypergradients. However, in some cases (especially smaller problems like SVHN - Figure 2), averaging greedy hypergradients could indeed help reduce noise (albeit doesn’t help the bias of greediness). Based on your comment we ran 2 new experiments: \n- In Figure 2, we compute the curve “greedy MSE_W” in the right-most plot, by averaging greedy hypergradients for W contiguous steps. This results in a curve that is indeed lower than the purple curve (greedy without sharing), but higher than the blue curve (non-greedy without sharing). Including this new curve in our paper make sense because Figure 2 now covers all ablations: (greedy, non-greedy) x (sharing, no-sharing)\n- In Figure 4 (CIFAR), we train greedily again but this time we also average contiguous greedy hypergradients in the same fashion as our non-greedy algorithm (same W value and same number of outer steps). The resulting learning rate remains similarly low and fails to decay in the last epochs (due to the bias of greediness), which leads to a similar test performance. This is to be expected because, as can be seen in Figure 4, the greedy learning rate schedule is fairly constant anyways (~ zero hypergradients after first few batches). \n\nNote that all other black-box methods in Figure 1 already use the same hyperparameter sharing scheme we do. \n\n### Questions on automatic forward-mode differentiation and generalization\n\nYou raise a very valid point. Our comment on the lack of forward-mode autodiff for deep learning practitioners was implicitly finger-pointing the frameworks used by the average reader to our paper (Pytorch/Tensorflow). It is correct that recent ML toolboxes like JAX boast forward-mode autodiff, and as these tools mature our method could be coded in a way that is more hyperparameter agnostic. Note that the key insight of our paper (time averaging hypergradients enables gradient-degradation-free differentiation of long horizons and leads to sota HPO) would still be valid in a forward mode autodiff implementation. We have clarified our claim in section 6. \n\nWhile FDS as a method isn’t restricted to any differentiable hyperparameter, we have made the choice to compute hypergradients manually in our code, mainly for reasons of transparency. Indeed, having access to matrices A, B, C and Z (Eqt 3 & 4) allowed us (and future researchers) several side experiments (conditioning some of these matrices, ablating them, truncating some of their update steps etc.). Additionally, we worried that producing code which combines an immature problem (i.e. FDS is the first to boast differentiation over so many inner steps) with an immature toolbox (JAX still in beta, suffers from poor readability/debugging, requires complex meta-learning structures to be parsed into jit-able vs non jit-able etc.) would drive researchers away from building on top of our method. \n\n### Memory cost of using FDS\nLet M be the memory cost of the forward+backward pass. Empirically, we measure that the HPO methods in Figure 1 have the following memory cost:\n- Random Search: M\n- BO: M\n- Hyperband: M\n- BOHB: M\n- HD (Greedy gradient-based): 2M\n- Ours: 2.3M\n\n### “Short-but-not-too-short horizons”: 1 < H < T ; forward vs reverse mode\nWe had run several experiments for such a regime which did not make it into the paper, for reasons we explain below. \nIn reverse-mode differentiation, H is limited to very small values (~5, so H<< T) even for small WideResNets on CIFAR, which doesn’t help performance compared to H=1. The 1 < H < T regime in reverse-mode differentiation is therefore limited to toy problems (e.g. LeNet + MNIST). In such a setting (Figure 3 - top left) we tested H={0.1T, 0.3T, 0.5T} and observed that this simply creates a “cold restart” inductive bias: for instance, the learning rate schedule learned decays from step 0 to H, then increases at H+1 and decays again until step 2H etc. The performance degrades as H gets smaller. This cold restart inductive bias makes the schedules learned less general and is less amenable to some hyperparameters than others.\nIn forward mode differentiation, the memory cost is constant with H and so the full horizon setting (H=T) is just as memory expensive as the (1 < H < T) setting (for a similar number of hyperparameters per horizon). It’s thus hard to see any benefit from “short-but-not-too-short” horizon in forward-mode considering the issues it entails mentioned above. \n\n### Sign-based hypergradient optimizer\n\nThe sign-based outer optimizer is used in 5.3  and 5.4 (all CIFAR experiments). Earlier versions of FDS did not use this trick and reached similar performances at the cost of 1) taking 25 outer steps instead of 10 and 2) using a hand-tuned outer learning rate schedule. The second point is particularly annoying because it can be hyperparameter dependent. For instance the learning rates are initialized to zero and thus their first hypergradients are large since they change the validation loss a lot; but this isn’t true of the weight decay. Finally, a sign-based outer optimizer allows us to define a search range explicitly, which makes comparison with other methods easier. Due to lack of space, discussion on our optimizer was put in appendix G.\n\n### Definition of $\\mathcal{H}$ in section 4.2\n\n\nHere $\\mathcal{H}$ refers to the training Hessian. The matrix $A$ is a function of $\\mathcal{H}$ (see equation 4). We changed line 237 to state this more clearly.\n\n### Conclusion\n\nWe hope that our answers/new experiments have earned your recommendation for publication, and we will actively answer any further points you may raise. We believe that the key claim of the paper (namely that it is possible to differentiate through 10^4 optimization steps non-greedily in some settings, and by doing so get sota HPO results an order of magnitude faster) could be very valuable to build on for the community.\n"
        },
        "signatures": [
          "NeurIPS.cc/2021/Conference/Paper6334/Authors"
        ],
        "readers": [
          "everyone"
        ],
        "nonreaders": [],
        "writers": [
          "NeurIPS.cc/2021/Conference",
          "NeurIPS.cc/2021/Conference/Paper6334/Authors"
        ]
      },
      {
        "id": "hAacvGzotFk",
        "original": null,
        "number": 2,
        "cdate": 1628597472092,
        "mdate": null,
        "ddate": null,
        "tcdate": 1628597472092,
        "tmdate": 1628597472092,
        "tddate": null,
        "forum": "5lko4-9cRAk",
        "replyto": "LmFdVwe1BD9",
        "invitation": "NeurIPS.cc/2021/Conference/Paper6334/-/Official_Comment",
        "content": {
          "title": "Reply to reviewer",
          "comment": "We thank the reviewer for their review and for recommending to accept our paper based on its potential. \n\nThe point raised about trying more architectures and about the interplay of NAS and HPO is a pertinent one, especially since deep learning practitioners typically look for the best “setting”, which combines more components than just hyperparameters (architecture, optimizer, correct augmentation for dataset at hand, etc.). The combination of NAS with HPO has been the focus of several papers [Zela2018, Viu2021, Dong2021] which demonstrate a small performance gain with a higher computational cost.\n\nIn the paper, we have provided experiments on 3 datasets with two types of networks (an old style network (LeNet) with max pooling and no BN, and a modern style network (WRN) without pooling and with BN). We have also verified that FDS reached zero regret for larger wide resnets (e.g WRN-40-1), but our computational resources didn’t allow us to run all baselines for these larger architectures (Figure 1 contains 8 seeds *6 methods *60 hours = 3000 GPU hours for a WRN-16-1). We have also verified that the hyperparameters found on WRN-16-1 and applied on WRN-40-1 virtually match the performance as when hyperparameters are learned on WRN-40-1 directly. We thus chose to focus our compute budget on the breadth of methods and seeds used. \n\nFinally, we note that FDS would support a joint optimization of DARTS and hyperparameters (since the dimension of alpha in DARTS is small), which would be non-greedy, contrary to AutoHAS [Dong2021]. Due to the various challenges surrounding DARTS identified in the literature [Zela2020, Wang2021], such as the issue of the discretization step, we considered this extension to be substantial enough to be left for future work. \n\nWe hope that this answers your questions and we remain available for further discussion.\n\n### Citations\n\nZela2018 -> “Towards Automated Deep Learning: Efficient Joint Neural Architecture and Hyperparameter Search”, Arber Zela, Aaron Klein, Stefan Falkner, Frank Hutter\n\nViu2021 -> “Bag of Baselines for Multi-objective Joint Neural Architecture Search and Hyperparameter Optimization”, Julia Guerrero-Viu, Sven Hauns, Sergio Izquierdo, Guilherme Miotto, Simon Schrodi, AndreBiedenkapp, Thomas Elsken, Difan Deng, Marius Lindauer, Frank Hutter \n\nDong2021 -> “AutoHAS: Efficient Hyperparameter and Architecture Search”, Xuanyi Dong, Mingxing Tan, Adams Wei Yu, Daiyi Peng, Bogdan Gabrys, Quoc V Le.\n\nZela2020 ->”Understanding and Robustifying Differentiable Architecture Search”, Arber Zela, Thomas Elsken, Tonmoy Saikia, Yassine Marrakchi, Thomas Brox,  Frank Hutter.\n\nWang2021 -> “Rethinking Architecture Selection in Differentiable NAS”, \nRuochen Wang, Minhao Cheng, Xiangning Chen, Xiaocheng Tang, Cho-Jui Hsieh\n"
        },
        "signatures": [
          "NeurIPS.cc/2021/Conference/Paper6334/Authors"
        ],
        "readers": [
          "everyone"
        ],
        "nonreaders": [],
        "writers": [
          "NeurIPS.cc/2021/Conference",
          "NeurIPS.cc/2021/Conference/Paper6334/Authors"
        ]
      },
      {
        "id": "VCFRUi5M4-q",
        "original": null,
        "number": 3,
        "cdate": 1628597599831,
        "mdate": null,
        "ddate": null,
        "tcdate": 1628597599831,
        "tmdate": 1628597599831,
        "tddate": null,
        "forum": "5lko4-9cRAk",
        "replyto": "iiFrhCv-4Wy",
        "invitation": "NeurIPS.cc/2021/Conference/Paper6334/-/Official_Comment",
        "content": {
          "title": "Reply to Reviewer",
          "comment": "We thank the reviewer for their review and recommendation to accept our paper based on its value for the community.\n\nThe question raised about validation size is a good one and we try to answer it with context. In FDS, for each outer step we randomly split the CIFAR training set into 95-5% splits, using 95% for training and 5% for validation. When selecting the fraction to use for validation, we have the following tradeoff: using too little validation data creates noise in the gradient $\\dfrac{\\partial\\mathcal{L}_{val}}{\\partial\\theta_T}$, but using too much validation data leaves a small training set which doesn’t have the same optimal hyperparameters as the full training set. Note that we cannot have an overlap between training and validation data, since zero training loss will lead to zero validation gradient and thus zero hypergradient. \n\nIn practice, the vector $\\dfrac{\\partial\\mathcal{L}_{val}}{\\partial\\theta_T}$ (and thus the hypergradient) converges to a fixed value as we increase the amount of validation data. Empirically, we found the validation fraction beyond which hypergradients don’t change to be about 5%. This procedure was considered more fair than grid searching val_fraction vs val_accuracy, because small validation fractions get more training data and thus higher accuracies, without necessarily yielding more accurate hypergradients.\n\nOne last note is that greedy reverse mode differentiation has a memory cost that scales linearly with the validation size, while our non-greedy forward mode differentiation has a memory cost constant with validation size. This is because FDS computes the gradient of the validation loss wrt the final weights in a way that is entirely “detached” from any computational graph. \n\nWe hope that this answers your questions and we remain available for further discussion.\n"
        },
        "signatures": [
          "NeurIPS.cc/2021/Conference/Paper6334/Authors"
        ],
        "readers": [
          "everyone"
        ],
        "nonreaders": [],
        "writers": [
          "NeurIPS.cc/2021/Conference",
          "NeurIPS.cc/2021/Conference/Paper6334/Authors"
        ]
      },
      {
        "id": "eHpQWhtk2h0",
        "original": null,
        "number": 4,
        "cdate": 1629422401957,
        "mdate": null,
        "ddate": null,
        "tcdate": 1629422401957,
        "tmdate": 1629422401957,
        "tddate": null,
        "forum": "5lko4-9cRAk",
        "replyto": "is3qRbGOT2L",
        "invitation": "NeurIPS.cc/2021/Conference/Paper6334/-/Official_Comment",
        "content": {
          "title": "Thanks!",
          "comment": "Thanks for the thorough response. That answers all of my questions. Though I can't see an updated paper, the proposed changes make sense to me. It's a bit of a shame that this paper does not touch on forward-mode differentiation for differentiable optimizers in general, but I also see the value of a paper with a good first step, and I'd agree that this paper should be valuable to the community. It may be particularly timely before better autodiff becomes more accessible. However, I remain a bit confounded at what role exactly the sign-based hypergradient optimizer serves, and whether the problem it solves is specific to *hyper*parameters (i.e. if it helps reduce tuning so much, why don't we generally use sign-based optimizers for optimizing neural network weights, as opposed to Adam). In any case, I'm happy with the author response and have updated my rating to an accept."
        },
        "signatures": [
          "NeurIPS.cc/2021/Conference/Paper6334/Reviewer_CQeN"
        ],
        "readers": [
          "everyone"
        ],
        "nonreaders": [],
        "writers": [
          "NeurIPS.cc/2021/Conference",
          "NeurIPS.cc/2021/Conference/Paper6334/Reviewer_CQeN"
        ]
      },
      {
        "id": "QAYNbN8r1OU",
        "original": null,
        "number": 5,
        "cdate": 1630067922624,
        "mdate": null,
        "ddate": null,
        "tcdate": 1630067922624,
        "tmdate": 1630067922624,
        "tddate": null,
        "forum": "5lko4-9cRAk",
        "replyto": "eHpQWhtk2h0",
        "invitation": "NeurIPS.cc/2021/Conference/Paper6334/-/Official_Comment",
        "content": {
          "title": "Thank you!",
          "comment": "Thank you for your willingness to discuss our paper! \n\nWe agree that the regime in which sign-based optimizers do better than e.g. Adam remains to be clearly defined in the optimization literature. Sign based optimizers started as a mere heuristic [1] and have evolved into optimizers like Rprop [2], which despite their age remain competitive in some settings (hence its availability in DL toolboxes). A modern variant called SignSGD [3] claims to match the performance of Adam while allowing less compute/memory overhead in a distributed setting, and its convergence properties were the subject of a recent ICML 2021 paper [4].\n\nWhile it remains hard to make general claims about sign-based optimizers without being hand-wavy, we have noticed empirically that they seem to do best/require less tuning for settings when we have few parameters/update steps (such as the HPO setting we are considering). For instance, we considered learning network weights with the same sign-based optimizer we used in the outer loop of our paper. Our sign based optimizer outperforms Adam when training a LeNet on MNIST over 100 gradient steps (by ~2% test acc over 3 seeds), but does quite a lot worse than Adam on 200 epochs of CIFAR-10 for a wideresnet (by ~3% test acc over 3 seeds). \n\nWe hope that this answers some of the questions you had about sign-based optimizers and remain available for any further questions you may have about our work.\n\n\n----------------- References\n\n\n[1] Robert A. Jacobs, “Increased rates of convergence through learning rate adaptation”, 1988\n\n[2] M. Riedmiller and H. Braun, “A direct adaptive method for faster backpropagation learning: the rprop algorithm,” inIEEE International Conference on Neural Networks, pp. 586–591 vol.1,1993.\n\n[3] J. Bernstein,  Y. Wang,  K. Azizzadenesheli,  and A. Anandkumar,  “Sign-SGD: compressed optimisation for non-convex problems,” inProceedings of the 35th International Conference on Machine Learning, ICML 2018, Stockholmsmässan, Stockholm, Sweden, July 10-15, 2018(J. G.Dy and A. Krause, eds.), vol. 80 ofProceedings of Machine Learning Research, pp. 559–568,PMLR, 2018.\n\n[4] Mher Safaryan, Peter Richtárik, “Stochastic Sign Descent Methods: New Algorithms and Better Theory”, ICML 2021\n"
        },
        "signatures": [
          "NeurIPS.cc/2021/Conference/Paper6334/Authors"
        ],
        "readers": [
          "everyone"
        ],
        "nonreaders": [],
        "writers": [
          "NeurIPS.cc/2021/Conference",
          "NeurIPS.cc/2021/Conference/Paper6334/Authors"
        ]
      },
      {
        "id": "e_aW1u4wsuB",
        "original": null,
        "number": 1,
        "cdate": 1632838420455,
        "mdate": null,
        "ddate": null,
        "tcdate": 1632838420455,
        "tmdate": 1632838420455,
        "tddate": null,
        "forum": "5lko4-9cRAk",
        "replyto": "5lko4-9cRAk",
        "invitation": "NeurIPS.cc/2021/Conference/Paper6334/-/Decision",
        "content": {
          "title": "Paper Decision",
          "decision": "Accept (Poster)",
          "comment": "All reviewers agree on acceptance. This is a straightforward decision. The authors should use the feedback given by the reviewers to improve the paper for its camera-ready version.",
          "consistency_experiment": "NeurIPS has a long history of experimentation. In 2014, NeurIPS ran an experiment in which 10% of submissions were reviewed by two independent committees to quantify the randomness in the review process. This year, we repeated a variant of this experiment to see how the quality of the review process has changed over time.  This paper was part of the experiment and was therefore assigned to two committees (consisting of reviewers, an Area Chair, and a Senior Area Chair) that reached independent decisions.  If both committees made the same recommendation, this recommendation was followed. If a single committee recommended acceptance, the paper was accepted (with the exception of a few cases in which the other committee identified what we considered a fatal flaw, e.g., an error in a key result).\n\nBoth committees reached the same decision: **Accept (Poster)**\n\nThe other committee assigned to the paper recommended **Accept (Poster)**.  You can find the other set of reviews, along with any follow up discussion with the authors here:\nhttps://openreview.net/forum?id=6x8tcREIL2W"
        },
        "signatures": [
          "NeurIPS.cc/2021/Conference/Program_Chairs"
        ],
        "readers": [
          "everyone"
        ],
        "nonreaders": [],
        "writers": [
          "NeurIPS.cc/2021/Conference/Program_Chairs"
        ]
      }
    ],
    "directReplies": [
      {
        "id": "iiFrhCv-4Wy",
        "original": null,
        "number": 1,
        "cdate": 1626076696832,
        "mdate": null,
        "ddate": null,
        "tcdate": 1626076696832,
        "tmdate": 1626076696832,
        "tddate": null,
        "forum": "5lko4-9cRAk",
        "replyto": "5lko4-9cRAk",
        "invitation": "NeurIPS.cc/2021/Conference/Paper6334/-/Official_Review",
        "content": {
          "rating": "7: Good paper, accept",
          "confidence": "4: You are confident in your assessment, but not absolutely certain. It is unlikely, but not impossible, that you did not understand some parts of the submission or that you are unfamiliar with some pieces of related work.",
          "summary": "The authors propose a long-horizon hyperparameter-optimization through sharing hyperparameters in combination with forward-mode differentiation. ",
          "main_review": "The paper is nicely written, the results are well presented and thoroughly tested. \nThe novelty of the paper is limited, nevertheless, the overall presentation, as well as the theoretical insights, make the paper valuable to the community. \nI find it intriguing that hyperparameters, in this case, the learning rates, tend to follow commonly used hand-crafted schedules.\nIn general, but that also applies to related work, I am curious about the effect of the validation set size. \nCan you comment on that / provide numbers? It would be interesting to see the effects of that e.g. the changes of the presented learning rate curves. ",
          "limitations_and_societal_impact": "Have the authors adequately addressed the limitations and potential negative societal impact of their work? If not, please include constructive suggestions for improvement: Yes. ",
          "needs_ethics_review": "No",
          "ethics_review_area": [],
          "time_spent_reviewing": "4h",
          "code_of_conduct": "While performing my duties as a reviewer (including writing reviews and participating in discussions), I have and will continue to abide by the NeurIPS code of conduct."
        },
        "signatures": [
          "NeurIPS.cc/2021/Conference/Paper6334/Reviewer_3NBa"
        ],
        "readers": [
          "everyone"
        ],
        "nonreaders": [],
        "writers": [
          "NeurIPS.cc/2021/Conference",
          "NeurIPS.cc/2021/Conference/Paper6334/Reviewer_3NBa"
        ]
      },
      {
        "id": "UXAmsDg6p21",
        "original": null,
        "number": 2,
        "cdate": 1626498699115,
        "mdate": null,
        "ddate": null,
        "tcdate": 1626498699115,
        "tmdate": 1629422349856,
        "tddate": null,
        "forum": "5lko4-9cRAk",
        "replyto": "5lko4-9cRAk",
        "invitation": "NeurIPS.cc/2021/Conference/Paper6334/-/Official_Review",
        "content": {
          "rating": "6: Marginally above the acceptance threshold",
          "confidence": "3: You are fairly confident in your assessment. It is possible that you did not understand some parts of the submission or that you are unfamiliar with some pieces of related work. Math/other details were not carefully checked.",
          "summary": "This paper proposes methods to allow stable gradient-based hyperparameter optimization. The first proposed method is to make use of forward-mode differentiation instead of reverse-mode, allowing differentiating through long horizons with constant memory cost. The second proposed method is to share hyperparameters across time, so that the hyperparameter value is constant for a number of steps, instead of having different values every step. The third, rather hidden, proposed method is a sign-based optimizer for training the hyperparameters.",
          "main_review": "Overall, this paper explores a couple simple ideas that seem to work well. Forward-mode AD is a nice solution to the memory problem of taking gradients through long horizons, but I’m not convinced there is a need for deriving update equations (such as Eq 3) on a case-by-base basis. Reducing the number of hyperparameters (by sharing them across time steps) is a convincing method to handle hypergradient stochasticity, but this seems like a separate contribution and should probably be ablated against greedy methods (i.e. apply alternative methods to a piecewise constant hyperparameter schedule).\n\nQuestions:\n\nIs there a reason why the method is restricted to SGD + momentum? Forward-mode autodiff should be applicable to all kinds of optimizers. Note that you can simulate forward-mode autodiff from reverse-mode autodiff (see https://j-towns.github.io/2017/06/12/A-new-trick.html and https://pytorch.org/docs/stable/generated/torch.autograd.functional.jvp.html?highlight=jvp#torch.autograd.functional.jvp), and JAX natively supports forward-mode autodiff along with just-in-time compilation. I imagine that the Jacobian dtheta_t / dtheta_{t-1} can be quite sparse and that a manual construction of this matrix removes the possibility of automatic memory and compute optimizations.\n\nWhat is the empirical memory cost of using FDS, compared to alternative methods?\n\nA single step may be too short, but what if you took H to be somewhere between 1 and T? What does the trade-off curve look like between memory cost and validation error, for both reverse-mode and forward-mode differentiation? In essence, this can help answer (i) how non-greedy is better than a short-but-not-too-short horizon, and (ii) an empirical memory cost comparison between reverse-mode AD vs. this manual forward-mode AD.\n\nIs the sign-based hypergradient optimizer used for all experiments, or only those in 5.4? Was this used for the baseline methods as well? It's not clear to me how much this contributes to the experiments. Some ablation experiments would be good.\n\n\nMinor:\n\nIn section 4.2, H is mentioned but not defined. Is this referring to A from the previous sections? ",
          "limitations_and_societal_impact": "More clarification regarding the improvements for each individual contribution could be warranted.",
          "needs_ethics_review": "No",
          "ethics_review_area": [],
          "time_spent_reviewing": "3",
          "code_of_conduct": "While performing my duties as a reviewer (including writing reviews and participating in discussions), I have and will continue to abide by the NeurIPS code of conduct."
        },
        "signatures": [
          "NeurIPS.cc/2021/Conference/Paper6334/Reviewer_CQeN"
        ],
        "readers": [
          "everyone"
        ],
        "nonreaders": [],
        "writers": [
          "NeurIPS.cc/2021/Conference",
          "NeurIPS.cc/2021/Conference/Paper6334/Reviewer_CQeN"
        ]
      },
      {
        "id": "LmFdVwe1BD9",
        "original": null,
        "number": 3,
        "cdate": 1626624239525,
        "mdate": null,
        "ddate": null,
        "tcdate": 1626624239525,
        "tmdate": 1626624239525,
        "tddate": null,
        "forum": "5lko4-9cRAk",
        "replyto": "5lko4-9cRAk",
        "invitation": "NeurIPS.cc/2021/Conference/Paper6334/-/Official_Review",
        "content": {
          "rating": "6: Marginally above the acceptance threshold",
          "confidence": "4: You are confident in your assessment, but not absolutely certain. It is unlikely, but not impossible, that you did not understand some parts of the submission or that you are unfamiliar with some pieces of related work.",
          "summary": "The paper proposes forward-mode differentiation with sharing (FDS), which aims to combine the advantages of derivative-free HPO and gradient-based HPO. Memory scaling issues and gradient degradation issues motivate this work. The paper talks about a new method on the gradient-based path of HPO. According to the experiments of the paper, this new method has the potential to have major impact in the HPO area with further evolution. ",
          "main_review": "The motivation and the idea of the paper are both good. The language is smooth and the structure is clear.\nThere are still a few weaknesses of the paper.\nFirst, in line 308 \"Note also that we are not interested in finding the architecture with the best performance, but rather in finding the best hyperparameters given an architecture\". The work aims at HPO rather than structure searching, but to show one HPO method really works, more experiments on a variety of datasets and with different structures of NNs are necessary. \nSecond, also extends the first issue, to utilize one HPO method in AutoML on NNs, the co-working with structure searching is inevitable. It is recommended to talk about the advantages and disadvantages of co-working, compared to existing HPO methods.",
          "limitations_and_societal_impact": "The most vital limitation of the work is discussed in line 349-351 by the authors.\nIt's unlikely for the work to have any potential negative societal impact.\nSo I believe the authors adequately addressed the limitations and potential negative societal impact of their work.\n",
          "needs_ethics_review": "No",
          "ethics_review_area": [],
          "time_spent_reviewing": "3h",
          "code_of_conduct": "While performing my duties as a reviewer (including writing reviews and participating in discussions), I have and will continue to abide by the NeurIPS code of conduct."
        },
        "signatures": [
          "NeurIPS.cc/2021/Conference/Paper6334/Reviewer_FmV3"
        ],
        "readers": [
          "everyone"
        ],
        "nonreaders": [],
        "writers": [
          "NeurIPS.cc/2021/Conference",
          "NeurIPS.cc/2021/Conference/Paper6334/Reviewer_FmV3"
        ]
      },
      {
        "id": "e_aW1u4wsuB",
        "original": null,
        "number": 1,
        "cdate": 1632838420455,
        "mdate": null,
        "ddate": null,
        "tcdate": 1632838420455,
        "tmdate": 1632838420455,
        "tddate": null,
        "forum": "5lko4-9cRAk",
        "replyto": "5lko4-9cRAk",
        "invitation": "NeurIPS.cc/2021/Conference/Paper6334/-/Decision",
        "content": {
          "title": "Paper Decision",
          "decision": "Accept (Poster)",
          "comment": "All reviewers agree on acceptance. This is a straightforward decision. The authors should use the feedback given by the reviewers to improve the paper for its camera-ready version.",
          "consistency_experiment": "NeurIPS has a long history of experimentation. In 2014, NeurIPS ran an experiment in which 10% of submissions were reviewed by two independent committees to quantify the randomness in the review process. This year, we repeated a variant of this experiment to see how the quality of the review process has changed over time.  This paper was part of the experiment and was therefore assigned to two committees (consisting of reviewers, an Area Chair, and a Senior Area Chair) that reached independent decisions.  If both committees made the same recommendation, this recommendation was followed. If a single committee recommended acceptance, the paper was accepted (with the exception of a few cases in which the other committee identified what we considered a fatal flaw, e.g., an error in a key result).\n\nBoth committees reached the same decision: **Accept (Poster)**\n\nThe other committee assigned to the paper recommended **Accept (Poster)**.  You can find the other set of reviews, along with any follow up discussion with the authors here:\nhttps://openreview.net/forum?id=6x8tcREIL2W"
        },
        "signatures": [
          "NeurIPS.cc/2021/Conference/Program_Chairs"
        ],
        "readers": [
          "everyone"
        ],
        "nonreaders": [],
        "writers": [
          "NeurIPS.cc/2021/Conference/Program_Chairs"
        ]
      }
    ]
  }
}