{
  "id": "9BvDIW6_qxZ",
  "original": "n0D5KYV5Mb7",
  "number": 11181,
  "cdate": 1621630324197,
  "ddate": null,
  "tcdate": 1621630324197,
  "tmdate": 1683307775836,
  "tddate": null,
  "forum": "9BvDIW6_qxZ",
  "replyto": null,
  "invitation": "NeurIPS.cc/2021/Conference/-/Blind_Submission",
  "content": {
    "title": "Is Bang-Bang Control All You Need? Solving Continuous Control with Bernoulli Policies",
    "authorids": [
      "~Tim_Seyde1",
      "~Igor_Gilitschenski1",
      "~Wilko_Schwarting1",
      "~Bartolomeo_Stellato1",
      "~Martin_Riedmiller1",
      "~Markus_Wulfmeier1",
      "~Daniela_Rus1"
    ],
    "authors": [
      "Tim Seyde",
      "Igor Gilitschenski",
      "Wilko Schwarting",
      "Bartolomeo Stellato",
      "Martin Riedmiller",
      "Markus Wulfmeier",
      "Daniela Rus"
    ],
    "keywords": [
      "reinforcement learning",
      "optimal control",
      "robotics"
    ],
    "TL;DR": "Bernoulli policies can achieve state-of-the-art performance on several continuous control benchmarks and we take a closer look at why and how.",
    "abstract": "Reinforcement learning (RL) for continuous control typically employs distributions whose support covers the entire action space. In this work, we investigate the colloquially known phenomenon that trained agents often prefer actions at the boundaries of that space. We draw theoretical connections to the emergence of bang-bang behavior in optimal control, and provide extensive empirical evaluation across a variety of recent RL algorithms. We replace the normal Gaussian by a Bernoulli distribution that solely considers the extremes along each action dimension - a bang-bang controller. Surprisingly, this achieves state-of-the-art performance on several continuous control benchmarks - in contrast to robotic hardware, where energy and maintenance cost affect controller choices. Since exploration, learning, and the final solution are entangled in RL, we provide additional imitation learning experiments to reduce the impact of exploration on our analysis. Finally, we show that our observations generalize to environments that aim to model real-world challenges and evaluate factors to mitigate the emergence of bang-bang solutions. Our findings emphasise challenges for benchmarking continuous control algorithms, particularly in light of potential real-world applications.",
    "submission_history": "",
    "code_of_conduct": "I certify that all co-authors of this work have read and commit to adhering to the NeurIPS Statement on Ethics, Fairness, Inclusivity, and Code of Conduct.",
    "paperhash": "seyde|is_bangbang_control_all_you_need_solving_continuous_control_with_bernoulli_policies",
    "pdf": "/pdf/669a598d4e5ecf8b02668328c4e0f8f38785cbcf.pdf",
    "checklist": "",
    "supplementary_material": "/attachment/f65c63699faacf69873376ecee29066429a9052d.pdf",
    "thumbnail": "",
    "submission_history_-_venue_and_year": "",
    "submission_history_-_improvements_made": "",
    "_bibtex": "@inproceedings{\nseyde2021is,\ntitle={Is Bang-Bang Control All You Need? Solving Continuous Control with Bernoulli Policies},\nauthor={Tim Seyde and Igor Gilitschenski and Wilko Schwarting and Bartolomeo Stellato and Martin Riedmiller and Markus Wulfmeier and Daniela Rus},\nbooktitle={Advances in Neural Information Processing Systems},\neditor={A. Beygelzimer and Y. Dauphin and P. Liang and J. Wortman Vaughan},\nyear={2021},\nurl={https://openreview.net/forum?id=9BvDIW6_qxZ}\n}",
    "venue": "NeurIPS 2021 Poster",
    "venueid": "NeurIPS.cc/2021/Conference"
  },
  "signatures": [
    "NeurIPS.cc/2021/Conference"
  ],
  "readers": [
    "everyone"
  ],
  "nonreaders": [],
  "writers": [
    "NeurIPS.cc/2021/Conference"
  ],
  "mdate": null,
  "tauthor": "OpenReview.net",
  "pdate": 1636492713246,
  "odate": 1636492713246,
  "details": {
    "overwriting": [],
    "tags": [],
    "writable": false,
    "replyCount": 10,
    "directReplyCount": 5,
    "revisions": true,
    "replies": [
      {
        "id": "VaKNYJ790ns",
        "original": null,
        "number": 1,
        "cdate": 1626268056266,
        "mdate": null,
        "ddate": null,
        "tcdate": 1626268056266,
        "tmdate": 1626268056266,
        "tddate": null,
        "forum": "9BvDIW6_qxZ",
        "replyto": "9BvDIW6_qxZ",
        "invitation": "NeurIPS.cc/2021/Conference/Paper11181/-/Official_Review",
        "content": {
          "rating": "6: Marginally above the acceptance threshold",
          "confidence": "3: You are fairly confident in your assessment. It is possible that you did not understand some parts of the submission or that you are unfamiliar with some pieces of related work. Math/other details were not carefully checked.",
          "summary": "The paper focuses on the so-called bang-bang policies. These are ones, which are allowed only for discrete values, typically two extremal ones. Even though they are usually disadvantageous in real-world scenarios, they tend to arise in simulation, and they seem to deliver at least decent performance.",
          "main_review": "The paper focuses on the so-called bang-bang policies. These are ones, which are allowed only for discrete values, typically two extremal ones. Even though they are usually disadvantageous in real-world scenarios, they tend to arise in simulation, and they seem to deliver at least decent performance. I find the paper overall interesting and valuable; it is all generally well written. It presents a theoretical analysis and proper empirical evaluation. Below I list the pros and cons and some (typically minor) recommendations and questions. \n\n\n\nPros:\n\n* Choices of algorithms covers well the spectrum of the current state-of-the-art\n* The authors attempt to make a deeper analysis than just observing the basic phenomenon\n* Related work seems fairly complete (I am not an expert though, see also the cons section)\n* The paper is overall well-structured, well-written and easy to follow (with exceptions mentioned in the cons section)\n* In general, I appreciate additional experiments \n\n\n\nCons:\n\n* The papers fall into a benchmark-like category. As such, there are higher expectations as to the empirical section. I realise that it is always a hard choice, and one needs to stop. Still, I'd appreciate having more environments. Moreover, the authors use $4$ seeds, which might be too small for RL settings. \n* I find Figure 1 somewhat overwhelming. I appreciate putting all the training data. However, I'd find a useful summary. \n* I am not quite convinced about the exploration section. It is almost by design that bang-bang spans a bigger region (which the authors mention). If the conclusion is that this is an issue for exploration, I'd appreciate algorithmic developments towards increasing exploration in the Gaussian setting.\n* Similar problems, though from a different perspective, were studied in https://arxiv.org/pdf/1910.02208.pdf. I'd suggest the authors should at least mention this in Related Word or, better, compare SOP with bang-bang SOP.\n* I find Action Penalty somewhat incomplete and incomprehensive (again, I am overwhelmed by Fig 7. )\n* (Nitpick) The authors do not specify technical details of the environments. It'd be nice to make the paper self contain. \n* (Nitpick) I'd appreciate more details about discretised SAC than Alg 2 (say what is bijector)\n* (Nitpick) It is perhaps good to mention that discretisation was superior in a popular Learning to run contest: \"https://arxiv.org/abs/1804.00361\"\n\n\n\nQuestions and suggestions:\n\n* I acknowledge the theoretical section. I'd appreciate some discussion on how much the studied model is relevant to the environments in the paper and real-world scenarios. \n* (Nitpick) I'd appreciate having more hypotheses, why bang-bang work so well.\n\n\n\nOriginality: The paper is mostly a benchmark paper. \n\nQuality: Yes, this is a fair empirical work with some theoretical background.\n\nClarity: The paper is clear.\n\nSignificance: Comprehensive study of the bang-bang policies presented in the submission can be beneficial for the community. ",
          "limitations_and_societal_impact": "I am not satisfied with the limitation description. Generally, I am fond of merging this with 'the further research discussion' (as the authors did). However, in this case, it is blurred to the point, I do not know what the authors think about the limitations of this paper. ",
          "ethical_concerns": "N/A",
          "needs_ethics_review": "No",
          "ethics_review_area": [],
          "time_spent_reviewing": "8h",
          "code_of_conduct": "While performing my duties as a reviewer (including writing reviews and participating in discussions), I have and will continue to abide by the NeurIPS code of conduct."
        },
        "signatures": [
          "NeurIPS.cc/2021/Conference/Paper11181/Reviewer_39gS"
        ],
        "readers": [
          "everyone"
        ],
        "nonreaders": [],
        "writers": [
          "NeurIPS.cc/2021/Conference",
          "NeurIPS.cc/2021/Conference/Paper11181/Reviewer_39gS"
        ]
      },
      {
        "id": "RK7jfFVYLHM",
        "original": null,
        "number": 2,
        "cdate": 1626349256958,
        "mdate": null,
        "ddate": null,
        "tcdate": 1626349256958,
        "tmdate": 1626349256958,
        "tddate": null,
        "forum": "9BvDIW6_qxZ",
        "replyto": "9BvDIW6_qxZ",
        "invitation": "NeurIPS.cc/2021/Conference/Paper11181/-/Official_Review",
        "content": {
          "rating": "7: Good paper, accept",
          "confidence": "3: You are fairly confident in your assessment. It is possible that you did not understand some parts of the submission or that you are unfamiliar with some pieces of related work. Math/other details were not carefully checked.",
          "summary": "The work investigates emergence of bang-bang control policies in\ncontinuous RL problems, by making the connection to optimal control.\nExmpirically, it shows how continuous control problems are solved with\nbang-bang policies, using 4 different algorithms, and that for most of\nthe domains in these experiments, a continuous action space is not\nneeded.\nThe experiments also explore modified reward functions designed to\nincrease smootheness of the learnt policies and their effect on the\n(original) return obtained during exploitation.\n",
          "main_review": "Originality: the main contribution of the work is not a new method but\nrather a new investigation of existing techniques about emergence of\nbang-bang policies, with the goal to provide insights into designing\nRL experiments and rewards. Previous work (that is also referenced)\nfocuses on approaches helping to avoid such policies but there is no\nprevious investigation of the kind presented in this work.\n\nQuality: To my understanding the work is technicaly sound and supports\nthe claims, though is missing some details that would be good to\nsee. It consists of a theoretical analysis that provides an\nexplanation for emergence of bang-bang control, though without\t\ncomplete proofs in the main paper. The experimental part would benefit\nfrom more details (though parameters and some other details are\nprovided in the supplementary material): I may have missed it but\ndidn't see how often each experiment was run (or if each was only run\nonce). The work\tpresents a complete and carefully (and as far as I can\njudge honestly) considered investigation. It does leave\topen questions\nfor how to design rewards, benchmarks, or for how to avoid bang-bang\npolicies, and does not present a\tsolution to all\tthese, but rather\nprovides a basis for future work in these directions.\n\nClarity: The paper is clearly written and very well organised, and\npresentation including graphs is of high quality.\n\nSignificance: I do believe the results are important, and the work is\nset to be useful for future work in a number of directions - e.g., for\nlearning controllers where bang-bang policies a\tbetter avoided like in\nrobotics, or potentially also for approaches speeding up\nexploration. The work is not yet another paper improving\nstate-of-the-art on some benchmark (even though SOTA on some\nbenchmarks is achieved with the Bernoulli distributions used in the\nexperiments) but providing some new insights that I find more valuable\nbecause of wider implications.\n",
          "limitations_and_societal_impact": "Limitations and societal impact are adequately addressed.\n",
          "ethical_concerns": "I have found no ethical issues with the paper.\n",
          "needs_ethics_review": "No",
          "ethics_review_area": [],
          "time_spent_reviewing": "5",
          "code_of_conduct": "While performing my duties as a reviewer (including writing reviews and participating in discussions), I have and will continue to abide by the NeurIPS code of conduct."
        },
        "signatures": [
          "NeurIPS.cc/2021/Conference/Paper11181/Reviewer_qvNS"
        ],
        "readers": [
          "everyone"
        ],
        "nonreaders": [],
        "writers": [
          "NeurIPS.cc/2021/Conference",
          "NeurIPS.cc/2021/Conference/Paper11181/Reviewer_qvNS"
        ]
      },
      {
        "id": "BH8bPDdQGs",
        "original": null,
        "number": 3,
        "cdate": 1626390793704,
        "mdate": null,
        "ddate": null,
        "tcdate": 1626390793704,
        "tmdate": 1630106347149,
        "tddate": null,
        "forum": "9BvDIW6_qxZ",
        "replyto": "9BvDIW6_qxZ",
        "invitation": "NeurIPS.cc/2021/Conference/Paper11181/-/Official_Review",
        "content": {
          "rating": "6: Marginally above the acceptance threshold",
          "confidence": "3: You are fairly confident in your assessment. It is possible that you did not understand some parts of the submission or that you are unfamiliar with some pieces of related work. Math/other details were not carefully checked.",
          "summary": "The authors analyze the emergence of implicit bang-bang (action saturation) control behavior in Deep RL. They claim three contributions, i) they argue that these are often actually optimal by making a connection to time-optimal solutions in optimal control theory, ii) they show empirically that the performance of an inherently bang-bang (discrete action) control policy yields comparable performance, and iii) they discuss possible extensions to reduce bang-bang behavior and their connection to exploration . \n",
          "main_review": "The emergence of undesired bang-bang behavior can be a problem in real-world applications since it can damage mechanical systems or cause instability. Any insight into this problem would be valuable for control applications. Clarity of presentation is adequate and the paper contains a wealth of empirical experiments which appear to be carefully documented.\n\nHowever, I have some concerns about the quality of the three main contributions as outlined below:\n1) The first contribution is a proof from optimal control theory that bang-bang is optimal in continuous-time minimum-state problems without action penalties. The theoretical contribution here seems rather minor since it appears to follow directly from a book on optimal control [23]. Anybody that has played around with MPC also won't be surprised that the controller will saturate any action limits if the action penalty is low enough.  \nHowever, shouldn't pure bang-bang technically only be *optimal* for continuous-time, where max control output can be countered by an arbitrary small time step? For discrete-time, if the state is close enough to the target, the optimal action could be anywhere in-between the action limits. The authors claim that this continuous-time behavior translates to discrete-time systems because the time steps in RL are generally small enough, but this is never properly motivated. Even without examining this, running at higher Hz could of course be a solution, but it requires more compute and that the state is also available at that rate.  \n The paper does raise a valid point about the importance of including action penalties in benchmark design, otherwise the agent will certainly saturate the action constraints, which may be undesirable in practice. Although the authors use the DeepMind control benchmarks as examples here, to the best of my knowledge, all the gym Mujoco benchmarks actually do include some kind of action penalty. I don't know if they are suitable or not. It also seems unlikely that bang-bang behavior observed in applications is just because they forgot to include an action penalty. This avenue is never really explored, and the paper never precisely defines what type of bang-bang behavior they are trying to fix - is it all kinds of action saturation, or just quick oscillations near an equilibrium? The latter may sometimes actually be desirable, but the latter never is.\n\n2) The second contribution is empirical experiments showing that a discrete-action (bang-bang) control policy achieves performance comparable to regular continuous Gaussian ones. However, this just proves that current methods with Gaussian policies perform as poorly as a bang-bang controller. If the Gaussian ones often exhibit bang-bang behavior as purported in the motivation to this paper, this result does not appear particularly surprising. Finally, this focuses on training curves, which is not the same thing as the final performance. The tracking error near an equlibrium will often be dominated by the penalties to get there, especially if a square norm is used. It is unfortunate that they never mathematically define what constitutes harmful bang-bang behavior. The only attempt at measuring this are the action distribution plots in Figure 2, but it is difficult to see what is spurious oscillation and action saturation due to design of the reward function (low action penalty). \n\n3) The third contribution is a purported discussion of possible extension to reduce bang-bang behavior by including action penalties. I didn't find anything supporting this except the recommendation to introduce action penalties. An important observation, but I suspect many practitioners with control background were already aware of this.  \nThe authors also argue that action penalties can impede exploration and try to disentangle these. I did not find this line of reasoning entirely convincing. Couldn't changing the action penalties also drastically change the optimal strategy (e.g. run vs. walk cycles are quite different), so even if the lack of action penalties frees it up to visit more of the state space, it may be learning in the wrong region of policy space (e.g. you really wanted an energy efficient walk, not a run)? Are plots comparing state coverage meaningful here?\n\nIn conclusion, the authors target an important problem but the contributions appear minor or vague. The main finding only seems to pertain to the benchmarks in the DeepMind control suite that lack action penalties. The paper fails to convince me that a simple lack of action penalties is the main reason why DeepRL policies sometimes exhibit harmful oscillations, in the real world or even in other common control benchmarks.\n\nSome details:\n\nL18-54 - Intro and motivation is a bit fuzzy with several claimed minor contributions\n\nL91: \"The continuous time-setting simplifies analysis and provides a good approximation under the high sampling rates that are common on continuous control benchmarks and real-world robotic system.\" - One would rather see the discrete time as an approximation to continuous time when it comes to control tasks.\n\nL112: \"Nevertheless, we find that in this work the discretizaton intervals are small enough to not affect optimality of the learned policies.\" - based on what?",
          "limitations_and_societal_impact": "Yes.",
          "ethical_concerns": "No.",
          "needs_ethics_review": "No",
          "ethics_review_area": [],
          "time_spent_reviewing": "5",
          "code_of_conduct": "While performing my duties as a reviewer (including writing reviews and participating in discussions), I have and will continue to abide by the NeurIPS code of conduct."
        },
        "signatures": [
          "NeurIPS.cc/2021/Conference/Paper11181/Reviewer_wPsN"
        ],
        "readers": [
          "everyone"
        ],
        "nonreaders": [],
        "writers": [
          "NeurIPS.cc/2021/Conference",
          "NeurIPS.cc/2021/Conference/Paper11181/Reviewer_wPsN"
        ]
      },
      {
        "id": "sPSw0oRAHSB",
        "original": null,
        "number": 4,
        "cdate": 1626624876375,
        "mdate": null,
        "ddate": null,
        "tcdate": 1626624876375,
        "tmdate": 1626624876375,
        "tddate": null,
        "forum": "9BvDIW6_qxZ",
        "replyto": "9BvDIW6_qxZ",
        "invitation": "NeurIPS.cc/2021/Conference/Paper11181/-/Official_Review",
        "content": {
          "rating": "8: Top 50% of accepted NeurIPS papers, clear accept",
          "confidence": "5: You are absolutely certain about your assessment. You are very familiar with the related work and checked the math/other details carefully.",
          "summary": "The paper deals with the question namely the issue when an optimal\ncontinuous (\"soft\") control can be superseded/replaced or even needs\nto be implemented by a Bang-Bang control.",
          "main_review": "The paper deals with an interesting question, namely the nature of\noptimal control solutions and whether a simplistic bang-bang might\nwork just as well as a continuous (e.g. Gaussian) control. The reviewer\nparticularly likes the idea to ask what the nature of the problems\nwould be which would favour bang-bang, rather than just presenting\n\"yet another algorithm\" - in this sense, this paper is researching the\n*nature* of problems leading to particular optimal effects. The paper\nalso is careful to note that RL entangles exploration, learning and\nexecution, and the issue of trade-offs. Amongst other, action costs\nmay discourage bang-bang, but for Gaussian exploration they may\nconfine the exploration; it is clear that there are many subtleties\nthat dictate the preferred outcome.\n\nA very compact derivation (based on Pontryagin) and discussion of\nemergence of bang-bang and a set of examples where bang-bang is\npredominantly seen in a number of \"walking\"-type scenarios.\n\nA number of instructive analyses demonstrate the prevalence of various\nsolutions and dynamics under varying action costs and thus balances\nand thus sheds light on the nature of problems and cost structures\nthat favour bang-bang against soft controls. An interesting research\npaper on the meta-question of what solutions one can expect for\ncertain problem formulations.\n\nI have no particular comments on this well-written paper.\n",
          "limitations_and_societal_impact": "Limitations etc. are very well discussed throughout.\n\nAs for Societal Impact, this is essentially basic research; there should be an N/A option on the \"Societal Impact\" statement. Asking authors of basic research to comment on societal impact, unless it is directly relevant is no better than asking them to read entrails.\n\n",
          "needs_ethics_review": "No",
          "ethics_review_area": [],
          "time_spent_reviewing": "2h 15m",
          "code_of_conduct": "While performing my duties as a reviewer (including writing reviews and participating in discussions), I have and will continue to abide by the NeurIPS code of conduct."
        },
        "signatures": [
          "NeurIPS.cc/2021/Conference/Paper11181/Reviewer_48Th"
        ],
        "readers": [
          "everyone"
        ],
        "nonreaders": [],
        "writers": [
          "NeurIPS.cc/2021/Conference",
          "NeurIPS.cc/2021/Conference/Paper11181/Reviewer_48Th"
        ]
      },
      {
        "id": "TbxXpMfSRmm",
        "original": null,
        "number": 1,
        "cdate": 1628645452312,
        "mdate": null,
        "ddate": null,
        "tcdate": 1628645452312,
        "tmdate": 1628645452312,
        "tddate": null,
        "forum": "9BvDIW6_qxZ",
        "replyto": "sPSw0oRAHSB",
        "invitation": "NeurIPS.cc/2021/Conference/Paper11181/-/Official_Comment",
        "content": {
          "title": "Response to Reviewer 48Th",
          "comment": "We would like to thank the reviewer for their time and positive feedback. We are elated about their appreciation of research that aims at better understanding characteristics and limitations of problem formulations and performance metrics currently used in RL research. We hope that our insights will help to inform future agent developments and design of relevant comparative metrics as well as benchmarks."
        },
        "signatures": [
          "NeurIPS.cc/2021/Conference/Paper11181/Authors"
        ],
        "readers": [
          "everyone"
        ],
        "nonreaders": [],
        "writers": [
          "NeurIPS.cc/2021/Conference",
          "NeurIPS.cc/2021/Conference/Paper11181/Authors"
        ]
      },
      {
        "id": "Ja5YqdKb_yU",
        "original": null,
        "number": 2,
        "cdate": 1628646422470,
        "mdate": null,
        "ddate": null,
        "tcdate": 1628646422470,
        "tmdate": 1628646422470,
        "tddate": null,
        "forum": "9BvDIW6_qxZ",
        "replyto": "BH8bPDdQGs",
        "invitation": "NeurIPS.cc/2021/Conference/Paper11181/-/Official_Comment",
        "content": {
          "title": "Response to Reviewer wPsN",
          "comment": "We would like to thank the reviewer for their time and insightful comments. We are excited that they recognize the importance of studying emergent bang-bang behavior in RL policies and agree that insights into this phenomenon are valuable in light of (real-world) controls applications. In the following, we will try to clarify open questions and address remaining concerns.  \n\n**Summary of contribution**:\\\nOur contribution focuses on understanding agent behaviour, in particular with respect to Bang-Bang control and Bernoulli policies, and point towards potential challenges of current performance metrics in RL benchmarking. From a policy optimization perspective it is surprising that Bernoulli distributions enable stable learning and that continuous action spaces offered by Gaussians are not integral to current state-of-the-art performance. This is particularly striking as the original algorithms were designed with Gaussian policy heads and hyperparameters were only minimally adjusted. We provide both theoretical and empirical intuition for the success of Bang-Bang control. We also discuss pitfalls when trying to prevent this kind of behaviour by regularizing Gaussian policies via action penalties which can induce local optima and exploration challenges. Overall, these findings are meant to provide more subtle insights into the behavior exhibited by trained agents and to inform potential adjustments to evaluating agent performance.  \n\n**Responses**:  \n>The theoretical contribution here seems rather minor since it appears to follow directly from a book on optimal control [23]. \n\nOur theoretical derivations of Bang-(Off-)Bang control primarily serve to bridge the optimal control perspective with the evaluated RL settings. The theory section therefore serves as a motivation and provides a theoretical perspective on our surprising empirical findings.  \n\n\n>The authors claim that this continuous-time behavior translates to discrete-time systems because the time steps in RL are generally small enough, but this is never properly motivated. [...] running at higher Hz could of course be a solution, but it requires more compute and that the state is also available at that rate.  \n\nThe environments considered here generally run the control loop at 50-100Hz. Real-world systems may even run control at a higher rate, e.g. Boston Dynamics’ Atlas at 166Hz in [1] and ANYbotics’ ANYmal at 100Hz in [2]. We briefly investigate the effects of down-sampling the control frequency in Figure 4 (right, “Frequency”) and do not observe significant differences between the Gaussian and Bernoulli policies. We completely agree that control bandwidth can be a bottleneck for low-cost real-world systems, but view our contribution as pointing towards potential shortcomings of current performance metrics in RL benchmarking while highlighting the unexpected efficiency of learning with simple Bernoulli policies.  \n\n\n>It also seems unlikely that bang-bang behavior observed in applications is just because they forgot to include an action penalty. This avenue is never really explored, and the paper never precisely defines what type of bang-bang behavior they are trying to fix - is it all kinds of action saturation, or just quick oscillations near an equilibrium? The [former] may sometimes actually be desirable, but the latter never is.  \n\nWe are primarily concerned about quick oscillations and extended application of maximum magnitude actions, though the latter can be difficult to disentangle from the desired behavior encoded by the reward function. For example, on the nominal Walker task with action limits [-1, +1] we find that in a trained Gaussian agent 36% +/- 4% of all action deltas are larger than 1.0 and 15% +/- 2% of all action deltas are larger than 1.9. Furthermore, 24% +/- 6% of all actions are part of sequences that maintain at least 0.9 action magnitude for more than 10 consecutive steps, and 5% +/- 3% for more than 20 consecutive steps. We will expand this discussion in the manuscript and include the corresponding metrics. Overall, these findings are meant to provide more subtle insights into the behavior exhibited by trained agents than only performance scores and to inform potential adjustments to evaluating and measuring agent performance.  \n\n\n>It is unfortunate that they never mathematically define what constitutes harmful bang-bang behavior. The only attempt at measuring this are the action distribution plots in Figure 2, but it is difficult to see what is spurious oscillation and action saturation due to design of the reward function (low action penalty).  \n\nWe will include the above discussion and the suggested additional metrics relating to switching frequencies and maximum load intervals for improved clarity.  \n\n\n>If the Gaussian ones often exhibit bang-bang behavior [..., the] result [that Bernoulli policies achieve comparable performance] does not appear particularly surprising.  \n\nWe agree that performance similarity of distinct policy types that converge to similar action distributions is not necessarily surprising (although the distribution similarity at convergence is not common knowledge in the RL community). However, from a policy optimization perspective it is surprising that Bernoulli distributions enable stable learning and may even improve performance on some tasks. This is particularly striking as the underlying algorithms were designed with Gaussian policy heads and the underlying hyperparameters were only minimally adjusted. Furthermore, while the Gaussian policies may leverage continuous actions throughout learning, their rich continuous action space is not integral to achieving strong performance on these common RL benchmarks.  \n\n\n>The third contribution is a purported discussion of possible extensions to reduce bang-bang behavior by including action penalties. I didn't find anything supporting this except the recommendation to introduce action penalties.  \n\nOur discussion focuses on the established approach of using action penalties and we consider regularizing the actions’ absolute value, square value, or change in value. We do not recommend the introduction of action penalties, and instead highlight potential drawbacks that this established method has in the context of RL. Particularly in sparse reward settings, action penalties can have a detrimental effect on exploration and give rise to complex trade-offs. The Bernoulli policies outperformed the Gaussian policies on the sparse tasks in Figure 10, highlighting the need for regularization strategies that do not interfere with deep exploration. We will make this more explicit in the manuscript and reformulate our third contribution to “We discuss the introduction of action penalties as a common method to reduce the emergence …”.  \n\n\n>Couldn't changing the action penalties also drastically change the optimal strategy [...], so even if the lack of action penalties frees it up to visit more of the state space, it may be learning in the wrong region of policy space [...]? Are plots comparing state coverage meaningful here?  \n\nWe agree and this further supports our point that in RL settings it is not as simple as adding arbitrary action penalties to regularize the controller. Their presence may require reward engineering to prevent undesirable local optima that affect the character of learned behaviors. We provide and instance of this in Figure 7, where a quadratic penalty on the Walker task leads the Gaussian to learn a regularized policy that maintains most of the original performance as measured by the nominal reward function (middle plot, “No action cost”), while strongly reducing nominal performance on the Quadruped task. The state coverage plots in Figure 5 visualize general exploration advantages that Bernoulli policies can have over Gaussian policies and provide an intuition for the strong performance displayed on the sparse tasks presented in Figure 10.  \n\n\n>L112: \"Nevertheless, we find that in this work the discretization intervals are small enough to not affect optimality of the learned policies.\" - based on what?  \n\nWe will reformulate this to “... small enough to yield very strong performance with purely bang-bang policies.” These observations are based on empirical results relative to state-of-the-art Gaussian agents, particularly the results in Figure 1.  \n\n\n>The paper fails to convince me that a simple lack of action penalties is the main reason why DeepRL policies sometimes exhibit harmful oscillations.  \n\nAs mentioned above, we agree and show in our paper that it is in fact not as simple as introducing action penalties, as this can introduce subtle trade-offs relating to local optima (e.g. Figure 7) and exploration capabilities (e.g. Figure 10). Instead, we show that across several recent RL algorithms benchmarking performance of normal Gaussian policies can be matched by simple Bernoulli policies and provide intuitions for the underlying reasons (e.g. reward structure, characteristics of converged Gaussians, exploration capabilities). This is surprising, as research in continuous RL primarily relies on Gaussian policies with many algorithms designed around Gaussian distributions. Our goal is primarily to initiate a discussion in the community and we hope that our insights can inform design of future algorithms and metrics used for benchmarking performance in continuous control RL.  \n  \n\nWe thank the reviewer for their extensive feedback, and hope that we were able to clarify any open questions and address remaining concerns. We invite the reviewer to reconsider our submission based on the additional discussion and clarifications, and to potentially adjust their score.  \n\n1. Johnson, Matthew, et al. \"Team IHMC's lessons learned from the DARPA robotics challenge trials.\" Journal of Field Robotics 32.2 (2015): 192-208.  \n2. Lee, Joonho, et al. \"Learning quadrupedal locomotion over challenging terrain.\" Science robotics 5.47 (2020)."
        },
        "signatures": [
          "NeurIPS.cc/2021/Conference/Paper11181/Authors"
        ],
        "readers": [
          "everyone"
        ],
        "nonreaders": [],
        "writers": [
          "NeurIPS.cc/2021/Conference",
          "NeurIPS.cc/2021/Conference/Paper11181/Authors"
        ]
      },
      {
        "id": "3DzA44uH6Mf",
        "original": null,
        "number": 3,
        "cdate": 1628646571153,
        "mdate": null,
        "ddate": null,
        "tcdate": 1628646571153,
        "tmdate": 1628646571153,
        "tddate": null,
        "forum": "9BvDIW6_qxZ",
        "replyto": "RK7jfFVYLHM",
        "invitation": "NeurIPS.cc/2021/Conference/Paper11181/-/Official_Comment",
        "content": {
          "title": "Response to Reviewer qvNS ",
          "comment": "We would like to thank the reviewer for their time and thoughtful comments. We appreciate them emphasizing the significance of potential implications that our findings can have on informing benchmark design and algorithmic trade-offs involving controller continuity and exploration abilities.  \n\n\n>The experimental part would benefit from more details (though parameters and some other details are provided in the supplementary material): I may have missed it but didn't see how often each experiment was run (or if each was only run once). \n\nTraining is performed on 4 seeds per run and evaluation under stochastic disturbances is performed on 5 rollouts per seed (see also Appendix C, L502-L504). We agree that stating this clearly in the main text will help to improve clarity and we will incorporate it accordingly."
        },
        "signatures": [
          "NeurIPS.cc/2021/Conference/Paper11181/Authors"
        ],
        "readers": [
          "everyone"
        ],
        "nonreaders": [],
        "writers": [
          "NeurIPS.cc/2021/Conference",
          "NeurIPS.cc/2021/Conference/Paper11181/Authors"
        ]
      },
      {
        "id": "2ODEjFjF8GI",
        "original": null,
        "number": 4,
        "cdate": 1628646915936,
        "mdate": null,
        "ddate": null,
        "tcdate": 1628646915936,
        "tmdate": 1628646915936,
        "tddate": null,
        "forum": "9BvDIW6_qxZ",
        "replyto": "VaKNYJ790ns",
        "invitation": "NeurIPS.cc/2021/Conference/Paper11181/-/Official_Comment",
        "content": {
          "title": "Response to Reviewer 39gS",
          "comment": "We would like to thank the reviewer for their time and constructive feedback. We are very happy that they recognize our study’s value to the RL research community for informing future algorithm designs. In the following, we will try to clarify individual open questions and comments.\n\n>The papers fall into a benchmark-like category. [...]  I'd appreciate having more environments. Moreover, the authors use 4 seeds, which might be too small for RL settings.\n\nWe agree that the paper has benchmarking characteristics. Our focus is less on detailed numeric comparisons for every possible domain, and we instead aim to confirm general trends across several recent RL algorithms with very different properties (e.g. on-/off-policy, model-free/-based). Running on 4 seeds is close to the standard 5 seeds (some approaches use 3 seeds), while replication across 4 algorithms yields a total of 16 distinct runs per environment. We evaluate on tasks that are commonly used in the literature to report SOTA performance (DeepMind Control Suite), while extending analysis to benchmarks that aim for more realistic learning (Real-World RL Suite). Throughout, our main goal is to highlight unexpected trends in continuous control RL and point towards potential challenges and shortcomings in evaluating Gaussian agents.\n\n>I'd appreciate some discussion on how much the studied model is relevant to the environments in the paper and real-world scenarios [...] [as well as] more hypotheses, why bang-bang works so well.\n\n\nOur goal is not to advocate for the use of Bernoulli policies. Instead, we show that certain problem formulations encourage bang-bang behavior, and how Bernoulli policies can yield stable learning to reach competitive performance on common continuous control benchmarks. Generally, Bernoulli policies can be applicable to systems where the dynamics act as a low-pass filter to smoothen the switching behavior (see also Pulse-width modulation). However, strong switching inputs can destabilize control systems and are not well suited for e.g. generating position targets for PD tracking control. If the system is compatible with bang-bang inputs, a key advantage can be the reduction of the policy search space from R^N to 2^N (|A| = N). Furthermore, the resulting extreme actions can favor coarse exploration where Gaussians may sample smaller changes in state between timesteps. We will expand our discussion to highlight these aspects.\n\n\n>I am not satisfied with the limitation description. Generally, I am fond of merging this with 'the further research discussion' (as the authors did). However, in this case, it is blurred to the point, I do not know what the authors think about the limitations of this paper.\n\nWe show that several recent RL algorithms do not require continuous or even fine-grained discrete policy distributions for reaching (near-) SOTA performance on common continuous control benchmarks. While our observations are limited to the algorithms and benchmarks considered, they cover a significant part of current RL research efforts and evaluation metrics. While we hope that our findings provide valuable insights for informing the design of future algorithms and benchmark metrics, our focus is limited to initiating a discussion instead of providing a complete solution.\nWe will broaden our discussion and include details on conclusions that should not be drawn from our observations (e.g. relating to use-cases such as position control). We are happy to discuss in case the reviewer has further directions in mind.\n\n\n>I find Figure 1 somewhat overwhelming. [...] I'd find a useful summary.\n\nFigure 1 shows learning curves to provide insights into the exploratory learning phase as well as the final policy performance. We will follow the reviewer’s suggestion to expand the discussion and will also add summary metrics indicating the performance mean and standard deviation, with their respective standard deviations, aggregated over all 8 environments. For example, Gaussian MPO yields (849 +/- 104) +/- (62 +/- 113), while Bernoulli MPO yields (838 +/- 92) +/- (25 +/- 21). We will furthermore add an enlarged version of Figure 7 to the appendix for better visibility.\n\n\n>I am not quite convinced about the exploration section. It is almost by design that bang-bang spans a bigger region (which the authors mention). [...] I'd appreciate algorithmic developments towards increasing exploration in the Gaussian setting.\n\nWe agree that exploration in Gaussian policies is a very important topic, particularly deep exploration in the face of sparse reward feedback. The simple Bang-Bang controller provided superior exploration under sparse rewards in Figure 10, while a common approach to mitigating bang-bang behavior in Gaussians - action penalties - proved to hurt exploration. We therefore hope that these insights may help to inform future exploration approaches for Gaussian policies. \n\nWe thank the reviewer for referencing the SOP algorithm that ensures exploration in SAC without an entropy objective. We will include this in our discussion of related works, as well as the linked case study from the “Learning to Run” competition.\n\n\n>The authors do not specify technical details of the environments. It'd be nice to make the paper self-contained. [...] I'd appreciate more details about discretized SAC than Alg 2 (say what is the bijector).\n\nWe will expand on the environment descriptions in the Appendix and will provide task objectives as well as input/output dimensions for each domain. We will furthermore add details on the bijectors, which includes tanh squashing for the Gaussian distribution and a matrix multiplication to recover class labels from one-hot vectors for the Bernoulli distribution. Both are then followed by a shift and scale operation to project the samples into the action range.\n\n\nWe thank the reviewer for their insights and suggestions, and hope that we were able to address any open questions. We invite the reviewer to reconsider our submission based on the additional discussion, and to potentially adjust their score.\n"
        },
        "signatures": [
          "NeurIPS.cc/2021/Conference/Paper11181/Authors"
        ],
        "readers": [
          "everyone"
        ],
        "nonreaders": [],
        "writers": [
          "NeurIPS.cc/2021/Conference",
          "NeurIPS.cc/2021/Conference/Paper11181/Authors"
        ]
      },
      {
        "id": "RYjcnlDa1Qx",
        "original": null,
        "number": 10,
        "cdate": 1630106451565,
        "mdate": null,
        "ddate": null,
        "tcdate": 1630106451565,
        "tmdate": 1630106451565,
        "tddate": null,
        "forum": "9BvDIW6_qxZ",
        "replyto": "Ja5YqdKb_yU",
        "invitation": "NeurIPS.cc/2021/Conference/Paper11181/-/Official_Comment",
        "content": {
          "title": "Thanks for clarifications.",
          "comment": "The authors addressed enough of my concerns to raise my score. The problem is important and the experiments are valuable. The paper will be stronger with the suggested clarifications."
        },
        "signatures": [
          "NeurIPS.cc/2021/Conference/Paper11181/Reviewer_wPsN"
        ],
        "readers": [
          "everyone"
        ],
        "nonreaders": [],
        "writers": [
          "NeurIPS.cc/2021/Conference",
          "NeurIPS.cc/2021/Conference/Paper11181/Reviewer_wPsN"
        ]
      },
      {
        "id": "EU3GPzqRkU",
        "original": null,
        "number": 1,
        "cdate": 1632776743884,
        "mdate": null,
        "ddate": null,
        "tcdate": 1632776743884,
        "tmdate": 1632776743884,
        "tddate": null,
        "forum": "9BvDIW6_qxZ",
        "replyto": "9BvDIW6_qxZ",
        "invitation": "NeurIPS.cc/2021/Conference/Paper11181/-/Decision",
        "content": {
          "title": "Paper Decision",
          "decision": "Accept (Poster)",
          "comment": "After reading each other's reviews and the authors' feedback, the reviewers discussed the merits and flaws of the paper. \nThe authors' answers have been appreciated by the reviewer, who reached a consensus about accepting this paper.\nI want to congratulate the authors and invite them to modify their paper following the reviewers' suggestions."
        },
        "signatures": [
          "NeurIPS.cc/2021/Conference/Program_Chairs"
        ],
        "readers": [
          "everyone"
        ],
        "nonreaders": [],
        "writers": [
          "NeurIPS.cc/2021/Conference/Program_Chairs"
        ]
      }
    ],
    "directReplies": [
      {
        "id": "VaKNYJ790ns",
        "original": null,
        "number": 1,
        "cdate": 1626268056266,
        "mdate": null,
        "ddate": null,
        "tcdate": 1626268056266,
        "tmdate": 1626268056266,
        "tddate": null,
        "forum": "9BvDIW6_qxZ",
        "replyto": "9BvDIW6_qxZ",
        "invitation": "NeurIPS.cc/2021/Conference/Paper11181/-/Official_Review",
        "content": {
          "rating": "6: Marginally above the acceptance threshold",
          "confidence": "3: You are fairly confident in your assessment. It is possible that you did not understand some parts of the submission or that you are unfamiliar with some pieces of related work. Math/other details were not carefully checked.",
          "summary": "The paper focuses on the so-called bang-bang policies. These are ones, which are allowed only for discrete values, typically two extremal ones. Even though they are usually disadvantageous in real-world scenarios, they tend to arise in simulation, and they seem to deliver at least decent performance.",
          "main_review": "The paper focuses on the so-called bang-bang policies. These are ones, which are allowed only for discrete values, typically two extremal ones. Even though they are usually disadvantageous in real-world scenarios, they tend to arise in simulation, and they seem to deliver at least decent performance. I find the paper overall interesting and valuable; it is all generally well written. It presents a theoretical analysis and proper empirical evaluation. Below I list the pros and cons and some (typically minor) recommendations and questions. \n\n\n\nPros:\n\n* Choices of algorithms covers well the spectrum of the current state-of-the-art\n* The authors attempt to make a deeper analysis than just observing the basic phenomenon\n* Related work seems fairly complete (I am not an expert though, see also the cons section)\n* The paper is overall well-structured, well-written and easy to follow (with exceptions mentioned in the cons section)\n* In general, I appreciate additional experiments \n\n\n\nCons:\n\n* The papers fall into a benchmark-like category. As such, there are higher expectations as to the empirical section. I realise that it is always a hard choice, and one needs to stop. Still, I'd appreciate having more environments. Moreover, the authors use $4$ seeds, which might be too small for RL settings. \n* I find Figure 1 somewhat overwhelming. I appreciate putting all the training data. However, I'd find a useful summary. \n* I am not quite convinced about the exploration section. It is almost by design that bang-bang spans a bigger region (which the authors mention). If the conclusion is that this is an issue for exploration, I'd appreciate algorithmic developments towards increasing exploration in the Gaussian setting.\n* Similar problems, though from a different perspective, were studied in https://arxiv.org/pdf/1910.02208.pdf. I'd suggest the authors should at least mention this in Related Word or, better, compare SOP with bang-bang SOP.\n* I find Action Penalty somewhat incomplete and incomprehensive (again, I am overwhelmed by Fig 7. )\n* (Nitpick) The authors do not specify technical details of the environments. It'd be nice to make the paper self contain. \n* (Nitpick) I'd appreciate more details about discretised SAC than Alg 2 (say what is bijector)\n* (Nitpick) It is perhaps good to mention that discretisation was superior in a popular Learning to run contest: \"https://arxiv.org/abs/1804.00361\"\n\n\n\nQuestions and suggestions:\n\n* I acknowledge the theoretical section. I'd appreciate some discussion on how much the studied model is relevant to the environments in the paper and real-world scenarios. \n* (Nitpick) I'd appreciate having more hypotheses, why bang-bang work so well.\n\n\n\nOriginality: The paper is mostly a benchmark paper. \n\nQuality: Yes, this is a fair empirical work with some theoretical background.\n\nClarity: The paper is clear.\n\nSignificance: Comprehensive study of the bang-bang policies presented in the submission can be beneficial for the community. ",
          "limitations_and_societal_impact": "I am not satisfied with the limitation description. Generally, I am fond of merging this with 'the further research discussion' (as the authors did). However, in this case, it is blurred to the point, I do not know what the authors think about the limitations of this paper. ",
          "ethical_concerns": "N/A",
          "needs_ethics_review": "No",
          "ethics_review_area": [],
          "time_spent_reviewing": "8h",
          "code_of_conduct": "While performing my duties as a reviewer (including writing reviews and participating in discussions), I have and will continue to abide by the NeurIPS code of conduct."
        },
        "signatures": [
          "NeurIPS.cc/2021/Conference/Paper11181/Reviewer_39gS"
        ],
        "readers": [
          "everyone"
        ],
        "nonreaders": [],
        "writers": [
          "NeurIPS.cc/2021/Conference",
          "NeurIPS.cc/2021/Conference/Paper11181/Reviewer_39gS"
        ]
      },
      {
        "id": "RK7jfFVYLHM",
        "original": null,
        "number": 2,
        "cdate": 1626349256958,
        "mdate": null,
        "ddate": null,
        "tcdate": 1626349256958,
        "tmdate": 1626349256958,
        "tddate": null,
        "forum": "9BvDIW6_qxZ",
        "replyto": "9BvDIW6_qxZ",
        "invitation": "NeurIPS.cc/2021/Conference/Paper11181/-/Official_Review",
        "content": {
          "rating": "7: Good paper, accept",
          "confidence": "3: You are fairly confident in your assessment. It is possible that you did not understand some parts of the submission or that you are unfamiliar with some pieces of related work. Math/other details were not carefully checked.",
          "summary": "The work investigates emergence of bang-bang control policies in\ncontinuous RL problems, by making the connection to optimal control.\nExmpirically, it shows how continuous control problems are solved with\nbang-bang policies, using 4 different algorithms, and that for most of\nthe domains in these experiments, a continuous action space is not\nneeded.\nThe experiments also explore modified reward functions designed to\nincrease smootheness of the learnt policies and their effect on the\n(original) return obtained during exploitation.\n",
          "main_review": "Originality: the main contribution of the work is not a new method but\nrather a new investigation of existing techniques about emergence of\nbang-bang policies, with the goal to provide insights into designing\nRL experiments and rewards. Previous work (that is also referenced)\nfocuses on approaches helping to avoid such policies but there is no\nprevious investigation of the kind presented in this work.\n\nQuality: To my understanding the work is technicaly sound and supports\nthe claims, though is missing some details that would be good to\nsee. It consists of a theoretical analysis that provides an\nexplanation for emergence of bang-bang control, though without\t\ncomplete proofs in the main paper. The experimental part would benefit\nfrom more details (though parameters and some other details are\nprovided in the supplementary material): I may have missed it but\ndidn't see how often each experiment was run (or if each was only run\nonce). The work\tpresents a complete and carefully (and as far as I can\njudge honestly) considered investigation. It does leave\topen questions\nfor how to design rewards, benchmarks, or for how to avoid bang-bang\npolicies, and does not present a\tsolution to all\tthese, but rather\nprovides a basis for future work in these directions.\n\nClarity: The paper is clearly written and very well organised, and\npresentation including graphs is of high quality.\n\nSignificance: I do believe the results are important, and the work is\nset to be useful for future work in a number of directions - e.g., for\nlearning controllers where bang-bang policies a\tbetter avoided like in\nrobotics, or potentially also for approaches speeding up\nexploration. The work is not yet another paper improving\nstate-of-the-art on some benchmark (even though SOTA on some\nbenchmarks is achieved with the Bernoulli distributions used in the\nexperiments) but providing some new insights that I find more valuable\nbecause of wider implications.\n",
          "limitations_and_societal_impact": "Limitations and societal impact are adequately addressed.\n",
          "ethical_concerns": "I have found no ethical issues with the paper.\n",
          "needs_ethics_review": "No",
          "ethics_review_area": [],
          "time_spent_reviewing": "5",
          "code_of_conduct": "While performing my duties as a reviewer (including writing reviews and participating in discussions), I have and will continue to abide by the NeurIPS code of conduct."
        },
        "signatures": [
          "NeurIPS.cc/2021/Conference/Paper11181/Reviewer_qvNS"
        ],
        "readers": [
          "everyone"
        ],
        "nonreaders": [],
        "writers": [
          "NeurIPS.cc/2021/Conference",
          "NeurIPS.cc/2021/Conference/Paper11181/Reviewer_qvNS"
        ]
      },
      {
        "id": "BH8bPDdQGs",
        "original": null,
        "number": 3,
        "cdate": 1626390793704,
        "mdate": null,
        "ddate": null,
        "tcdate": 1626390793704,
        "tmdate": 1630106347149,
        "tddate": null,
        "forum": "9BvDIW6_qxZ",
        "replyto": "9BvDIW6_qxZ",
        "invitation": "NeurIPS.cc/2021/Conference/Paper11181/-/Official_Review",
        "content": {
          "rating": "6: Marginally above the acceptance threshold",
          "confidence": "3: You are fairly confident in your assessment. It is possible that you did not understand some parts of the submission or that you are unfamiliar with some pieces of related work. Math/other details were not carefully checked.",
          "summary": "The authors analyze the emergence of implicit bang-bang (action saturation) control behavior in Deep RL. They claim three contributions, i) they argue that these are often actually optimal by making a connection to time-optimal solutions in optimal control theory, ii) they show empirically that the performance of an inherently bang-bang (discrete action) control policy yields comparable performance, and iii) they discuss possible extensions to reduce bang-bang behavior and their connection to exploration . \n",
          "main_review": "The emergence of undesired bang-bang behavior can be a problem in real-world applications since it can damage mechanical systems or cause instability. Any insight into this problem would be valuable for control applications. Clarity of presentation is adequate and the paper contains a wealth of empirical experiments which appear to be carefully documented.\n\nHowever, I have some concerns about the quality of the three main contributions as outlined below:\n1) The first contribution is a proof from optimal control theory that bang-bang is optimal in continuous-time minimum-state problems without action penalties. The theoretical contribution here seems rather minor since it appears to follow directly from a book on optimal control [23]. Anybody that has played around with MPC also won't be surprised that the controller will saturate any action limits if the action penalty is low enough.  \nHowever, shouldn't pure bang-bang technically only be *optimal* for continuous-time, where max control output can be countered by an arbitrary small time step? For discrete-time, if the state is close enough to the target, the optimal action could be anywhere in-between the action limits. The authors claim that this continuous-time behavior translates to discrete-time systems because the time steps in RL are generally small enough, but this is never properly motivated. Even without examining this, running at higher Hz could of course be a solution, but it requires more compute and that the state is also available at that rate.  \n The paper does raise a valid point about the importance of including action penalties in benchmark design, otherwise the agent will certainly saturate the action constraints, which may be undesirable in practice. Although the authors use the DeepMind control benchmarks as examples here, to the best of my knowledge, all the gym Mujoco benchmarks actually do include some kind of action penalty. I don't know if they are suitable or not. It also seems unlikely that bang-bang behavior observed in applications is just because they forgot to include an action penalty. This avenue is never really explored, and the paper never precisely defines what type of bang-bang behavior they are trying to fix - is it all kinds of action saturation, or just quick oscillations near an equilibrium? The latter may sometimes actually be desirable, but the latter never is.\n\n2) The second contribution is empirical experiments showing that a discrete-action (bang-bang) control policy achieves performance comparable to regular continuous Gaussian ones. However, this just proves that current methods with Gaussian policies perform as poorly as a bang-bang controller. If the Gaussian ones often exhibit bang-bang behavior as purported in the motivation to this paper, this result does not appear particularly surprising. Finally, this focuses on training curves, which is not the same thing as the final performance. The tracking error near an equlibrium will often be dominated by the penalties to get there, especially if a square norm is used. It is unfortunate that they never mathematically define what constitutes harmful bang-bang behavior. The only attempt at measuring this are the action distribution plots in Figure 2, but it is difficult to see what is spurious oscillation and action saturation due to design of the reward function (low action penalty). \n\n3) The third contribution is a purported discussion of possible extension to reduce bang-bang behavior by including action penalties. I didn't find anything supporting this except the recommendation to introduce action penalties. An important observation, but I suspect many practitioners with control background were already aware of this.  \nThe authors also argue that action penalties can impede exploration and try to disentangle these. I did not find this line of reasoning entirely convincing. Couldn't changing the action penalties also drastically change the optimal strategy (e.g. run vs. walk cycles are quite different), so even if the lack of action penalties frees it up to visit more of the state space, it may be learning in the wrong region of policy space (e.g. you really wanted an energy efficient walk, not a run)? Are plots comparing state coverage meaningful here?\n\nIn conclusion, the authors target an important problem but the contributions appear minor or vague. The main finding only seems to pertain to the benchmarks in the DeepMind control suite that lack action penalties. The paper fails to convince me that a simple lack of action penalties is the main reason why DeepRL policies sometimes exhibit harmful oscillations, in the real world or even in other common control benchmarks.\n\nSome details:\n\nL18-54 - Intro and motivation is a bit fuzzy with several claimed minor contributions\n\nL91: \"The continuous time-setting simplifies analysis and provides a good approximation under the high sampling rates that are common on continuous control benchmarks and real-world robotic system.\" - One would rather see the discrete time as an approximation to continuous time when it comes to control tasks.\n\nL112: \"Nevertheless, we find that in this work the discretizaton intervals are small enough to not affect optimality of the learned policies.\" - based on what?",
          "limitations_and_societal_impact": "Yes.",
          "ethical_concerns": "No.",
          "needs_ethics_review": "No",
          "ethics_review_area": [],
          "time_spent_reviewing": "5",
          "code_of_conduct": "While performing my duties as a reviewer (including writing reviews and participating in discussions), I have and will continue to abide by the NeurIPS code of conduct."
        },
        "signatures": [
          "NeurIPS.cc/2021/Conference/Paper11181/Reviewer_wPsN"
        ],
        "readers": [
          "everyone"
        ],
        "nonreaders": [],
        "writers": [
          "NeurIPS.cc/2021/Conference",
          "NeurIPS.cc/2021/Conference/Paper11181/Reviewer_wPsN"
        ]
      },
      {
        "id": "sPSw0oRAHSB",
        "original": null,
        "number": 4,
        "cdate": 1626624876375,
        "mdate": null,
        "ddate": null,
        "tcdate": 1626624876375,
        "tmdate": 1626624876375,
        "tddate": null,
        "forum": "9BvDIW6_qxZ",
        "replyto": "9BvDIW6_qxZ",
        "invitation": "NeurIPS.cc/2021/Conference/Paper11181/-/Official_Review",
        "content": {
          "rating": "8: Top 50% of accepted NeurIPS papers, clear accept",
          "confidence": "5: You are absolutely certain about your assessment. You are very familiar with the related work and checked the math/other details carefully.",
          "summary": "The paper deals with the question namely the issue when an optimal\ncontinuous (\"soft\") control can be superseded/replaced or even needs\nto be implemented by a Bang-Bang control.",
          "main_review": "The paper deals with an interesting question, namely the nature of\noptimal control solutions and whether a simplistic bang-bang might\nwork just as well as a continuous (e.g. Gaussian) control. The reviewer\nparticularly likes the idea to ask what the nature of the problems\nwould be which would favour bang-bang, rather than just presenting\n\"yet another algorithm\" - in this sense, this paper is researching the\n*nature* of problems leading to particular optimal effects. The paper\nalso is careful to note that RL entangles exploration, learning and\nexecution, and the issue of trade-offs. Amongst other, action costs\nmay discourage bang-bang, but for Gaussian exploration they may\nconfine the exploration; it is clear that there are many subtleties\nthat dictate the preferred outcome.\n\nA very compact derivation (based on Pontryagin) and discussion of\nemergence of bang-bang and a set of examples where bang-bang is\npredominantly seen in a number of \"walking\"-type scenarios.\n\nA number of instructive analyses demonstrate the prevalence of various\nsolutions and dynamics under varying action costs and thus balances\nand thus sheds light on the nature of problems and cost structures\nthat favour bang-bang against soft controls. An interesting research\npaper on the meta-question of what solutions one can expect for\ncertain problem formulations.\n\nI have no particular comments on this well-written paper.\n",
          "limitations_and_societal_impact": "Limitations etc. are very well discussed throughout.\n\nAs for Societal Impact, this is essentially basic research; there should be an N/A option on the \"Societal Impact\" statement. Asking authors of basic research to comment on societal impact, unless it is directly relevant is no better than asking them to read entrails.\n\n",
          "needs_ethics_review": "No",
          "ethics_review_area": [],
          "time_spent_reviewing": "2h 15m",
          "code_of_conduct": "While performing my duties as a reviewer (including writing reviews and participating in discussions), I have and will continue to abide by the NeurIPS code of conduct."
        },
        "signatures": [
          "NeurIPS.cc/2021/Conference/Paper11181/Reviewer_48Th"
        ],
        "readers": [
          "everyone"
        ],
        "nonreaders": [],
        "writers": [
          "NeurIPS.cc/2021/Conference",
          "NeurIPS.cc/2021/Conference/Paper11181/Reviewer_48Th"
        ]
      },
      {
        "id": "EU3GPzqRkU",
        "original": null,
        "number": 1,
        "cdate": 1632776743884,
        "mdate": null,
        "ddate": null,
        "tcdate": 1632776743884,
        "tmdate": 1632776743884,
        "tddate": null,
        "forum": "9BvDIW6_qxZ",
        "replyto": "9BvDIW6_qxZ",
        "invitation": "NeurIPS.cc/2021/Conference/Paper11181/-/Decision",
        "content": {
          "title": "Paper Decision",
          "decision": "Accept (Poster)",
          "comment": "After reading each other's reviews and the authors' feedback, the reviewers discussed the merits and flaws of the paper. \nThe authors' answers have been appreciated by the reviewer, who reached a consensus about accepting this paper.\nI want to congratulate the authors and invite them to modify their paper following the reviewers' suggestions."
        },
        "signatures": [
          "NeurIPS.cc/2021/Conference/Program_Chairs"
        ],
        "readers": [
          "everyone"
        ],
        "nonreaders": [],
        "writers": [
          "NeurIPS.cc/2021/Conference/Program_Chairs"
        ]
      }
    ]
  }
}