{
  "id": "9GYcNKOuF4V",
  "original": "uqNMwgqdOGQ",
  "number": 8299,
  "cdate": 1621629717894,
  "mdate": null,
  "ddate": null,
  "tcdate": 1623677932220,
  "tmdate": 1683307530404,
  "tddate": null,
  "forum": "9GYcNKOuF4V",
  "replyto": null,
  "invitation": "NeurIPS.cc/2021/Conference/-/Blind_Submission",
  "content": {
    "title": "Locally private online change point detection",
    "authorids": [
      "tom.berrett@warwick.ac.uk",
      "~Yi_Yu3"
    ],
    "authors": [
      "Thomas Berrett",
      "Yi Yu"
    ],
    "keywords": [
      "Locally private data",
      "online change point detection",
      "multivariate nonparametric regression"
    ],
    "TL;DR": "Optimal online change point detection in multivariate nonparametric estimation problem with locally private data.",
    "abstract": "We study online change point detection problems under the constraint of local differential privacy (LDP) where, in particular, the statistician does not have access to the raw data.  As a concrete problem, we study a multivariate nonparametric regression problem.  At each time point $t$, the raw data are assumed to be of the form $(X_t, Y_t)$, where $X_t$ is a $d$-dimensional feature vector and $Y_t$ is a response variable. Our primary aim is to detect changes in the regression function $m_t(x)=\\mathbb{E}(Y_t |X_t=x)$ as soon as the change occurs.  We provide algorithms which respect the LDP constraint, which control the false alarm probability, and which detect changes with a minimal (minimax rate-optimal) delay.  To quantify the cost of privacy, we also present the optimal rate in the benchmark, non-private setting.  These non-private results are also new to the literature and thus are interesting \\emph{per se}.  In addition, we study the univariate mean online change point detection problem, under privacy constraints.  This serves as the blueprint of studying more complicated private change point detection problems.",
    "submission_history": "",
    "code_of_conduct": "I certify that all co-authors of this work have read and commit to adhering to the NeurIPS Statement on Ethics, Fairness, Inclusivity, and Code of Conduct.",
    "paperhash": "berrett|locally_private_online_change_point_detection",
    "pdf": "/pdf/d777bc9ae923a0d63eb842a7dc8cd4630116b521.pdf",
    "supplementary_material": "/attachment/b7103e00d8f9aef1d44d13ed0234b8d8b5e58399.pdf",
    "checklist": "",
    "code": "/attachment/ac8a4274f9bf64a34d8e53a874fbc57d7e158bf9.zip",
    "thumbnail": "",
    "submission_history_-_venue_and_year": "",
    "submission_history_-_improvements_made": "",
    "_bibtex": "@inproceedings{\nberrett2021locally,\ntitle={Locally private online change point detection},\nauthor={Thomas Berrett and Yi Yu},\nbooktitle={Advances in Neural Information Processing Systems},\neditor={A. Beygelzimer and Y. Dauphin and P. Liang and J. Wortman Vaughan},\nyear={2021},\nurl={https://openreview.net/forum?id=9GYcNKOuF4V}\n}",
    "venue": "NeurIPS 2021 Poster",
    "venueid": "NeurIPS.cc/2021/Conference"
  },
  "signatures": [
    "NeurIPS.cc/2021/Conference"
  ],
  "readers": [
    "everyone"
  ],
  "nonreaders": [],
  "writers": [
    "NeurIPS.cc/2021/Conference"
  ],
  "tauthor": "OpenReview.net",
  "pdate": 1636492784567,
  "odate": 1636492784521,
  "details": {
    "overwriting": [],
    "tags": [],
    "writable": false,
    "replyCount": 9,
    "directReplyCount": 4,
    "revisions": true,
    "replies": [
      {
        "id": "zsltkZpOf1",
        "original": null,
        "number": 1,
        "cdate": 1626457040037,
        "mdate": null,
        "ddate": null,
        "tcdate": 1626457040037,
        "tmdate": 1626457040037,
        "tddate": null,
        "forum": "9GYcNKOuF4V",
        "replyto": "9GYcNKOuF4V",
        "invitation": "NeurIPS.cc/2021/Conference/Paper8299/-/Official_Review",
        "content": {
          "rating": "6: Marginally above the acceptance threshold",
          "confidence": "4: You are confident in your assessment, but not absolutely certain. It is unlikely, but not impossible, that you did not understand some parts of the submission or that you are unfamiliar with some pieces of related work.",
          "summary": "This paper aims to detect the change in the regression function for multivariate sequential data, under the constraint of local differential privacy. Theoretical analysis on the information-theoretic lower bound to the detection delay is proved. And the detection statistic used in this paper is proved to be near-optimal since it matches the lower bound.",
          "main_review": "This paper uses a cusum-like detection statistic to detect the change in the regression function for privatised data. In detail, we do not have direct access to the true data but only the data transmitted through a locally differentially private channel. Then the regression function is estimated and used to compute the detection statistic. The detection statistic is not new but this paper provides theoretical analysis on the detection delay of the proposed detection statistic and also a matching theoretic lower bound, by using the tools in the paper \"John C Duchi, Michael I Jordan, and Martin J Wainwright. Minimax optimal procedures for locally private estimation.\"\n\nThis paper is well-written and easy to follow. And the theoretical results are interesting contributions to the change detection community.\nA few detailed comments: It would be interesting to provide the explicit form or the order of the constant C_\\epsillon as it is closely related to the detection delay as shown in Theorems. Also, it would be interesting to provide some numerical examples for demonstration purposes.\n",
          "limitations_and_societal_impact": "Yes",
          "needs_ethics_review": "No",
          "ethics_review_area": [],
          "time_spent_reviewing": "3",
          "code_of_conduct": "While performing my duties as a reviewer (including writing reviews and participating in discussions), I have and will continue to abide by the NeurIPS code of conduct."
        },
        "signatures": [
          "NeurIPS.cc/2021/Conference/Paper8299/Reviewer_gcFi"
        ],
        "readers": [
          "everyone"
        ],
        "nonreaders": [],
        "writers": [
          "NeurIPS.cc/2021/Conference",
          "NeurIPS.cc/2021/Conference/Paper8299/Reviewer_gcFi"
        ]
      },
      {
        "id": "c_qXfzXlYJH",
        "original": null,
        "number": 2,
        "cdate": 1626492684491,
        "mdate": null,
        "ddate": null,
        "tcdate": 1626492684491,
        "tmdate": 1629916587154,
        "tddate": null,
        "forum": "9GYcNKOuF4V",
        "replyto": "9GYcNKOuF4V",
        "invitation": "NeurIPS.cc/2021/Conference/Paper8299/-/Official_Review",
        "content": {
          "rating": "6: Marginally above the acceptance threshold",
          "confidence": "3: You are fairly confident in your assessment. It is possible that you did not understand some parts of the submission or that you are unfamiliar with some pieces of related work. Math/other details were not carefully checked.",
          "summary": "The paper analyzes the online change point detection problem subject to local DP.  They claim to be the first to study this problem, which seems like a natural problem to solve, although the central DP setting has been studied before, as they point out.  The contributions of this work are not limited to privacy considerations by also giving minimax rate of detection delay.\n\n",
          "main_review": "\nThe privacy mechanism is simply the Laplace mechanism and the sensitivity analysis is referred to in a previous work.  The online change point detection statistic has very high computation cost, as pointed out in previous work.  It would be helpful to express whether the assumptions in 3.1 are necessary for privacy, utility, or both.  Theorem 1 requires knowledge of the assumption parameters, in particular the clip M needs to be sufficiently large.  \n\nThe major contribution from this work, in my opinion, comes from the lower bound.  The privacy mechanism and the statistical method are all standard and the assumptions seem to help the utility analysis carry through.  However, it is interesting that with those same assumptions, there is a nearly matching lower bound.  I would have liked to have seen more explanation for the lower bound as that seems to me to be the main result.  Since there is almost a full page left that the authors could have used, they could have at least provided a proof sketch.  Furthermore, the locally private univariate mean change point detection problem was listed as a contribution but its entire discussion is left to the supplementary file.  Much of this should be brought to the main body.  \n\nMinor comments:\n- Cite this work for Apple’s local DP use: https://machinelearning.apple.com/research/learning-with-privacy-at-scale \n- Small nit,  given this is a DP paper, it would be better to use \\epsilon as the privacy parameter, rather than \\alpha and thus another variable for the random Laplace noise terms in line 99.  \n\n\n#################\nUpdate: I have read the author comments and will keep my score unchanged.",
          "limitations_and_societal_impact": "N/A",
          "ethical_concerns": "The paper deals with rigorous privacy guarantees.",
          "needs_ethics_review": "No",
          "ethics_review_area": [],
          "time_spent_reviewing": "2-3 hours",
          "code_of_conduct": "While performing my duties as a reviewer (including writing reviews and participating in discussions), I have and will continue to abide by the NeurIPS code of conduct."
        },
        "signatures": [
          "NeurIPS.cc/2021/Conference/Paper8299/Reviewer_P1kk"
        ],
        "readers": [
          "everyone"
        ],
        "nonreaders": [],
        "writers": [
          "NeurIPS.cc/2021/Conference",
          "NeurIPS.cc/2021/Conference/Paper8299/Reviewer_P1kk"
        ]
      },
      {
        "id": "r8bnMWyORah",
        "original": null,
        "number": 3,
        "cdate": 1627628528447,
        "mdate": null,
        "ddate": null,
        "tcdate": 1627628528447,
        "tmdate": 1627628528447,
        "tddate": null,
        "forum": "9GYcNKOuF4V",
        "replyto": "9GYcNKOuF4V",
        "invitation": "NeurIPS.cc/2021/Conference/Paper8299/-/Official_Review",
        "content": {
          "rating": "6: Marginally above the acceptance threshold",
          "confidence": "4: You are confident in your assessment, but not absolutely certain. It is unlikely, but not impossible, that you did not understand some parts of the submission or that you are unfamiliar with some pieces of related work.",
          "summary": "The paper studies online change point detection problems,  in particular multivariate nonparametric regression problems, under the LDP constraint. Change point detection problems are some of the well studied problems in statistics, and have been considered in the central model of DP.\n",
          "main_review": "In this problem (without the LDP constraint), the algorithm is presented with raw data of the form (X_i, Y_i), i \\in [N], where X_i is multidimensional. It is assumed that regression functions remain the same until some \"change point\" t = \\Delta. The goal of the algorithm is to detect this time step \\Delta with the least delay, while making sure that probability that algorithm declares change point before the time step \\Delta (false alarm) is minimized.\nUnder the assumption that the data set lies in a bounded set, the proposed algorithm simply adds Laplace noise and sends the noisy data. Then, on the server side,  upon getting the noisy data at time t, the algorithm checks if a change point has occurred by checking some cumulative statistic has exceeded pre-specified thresholds. This seems like a natural adaptation of the online change point detection algorithms to the LDP setting.  Both mechanisms on the server side and client side seem fairly standard.\nThe paper analyses this algorithm to show that it has no false alarms, and has nearly optimal detection delay. The paper also presents optimal rates and lower bounds on the problem without LDP constraints and bounds on the price of privacy. Overall these results are satisfactory.\nWhile I support accepting this paper, I do feel that authors could have done a better job at explaining the ideas behinds their proofs, especially of the lowerbound, which seems to be the main contribution. It also helps if they highlight their innovations compared to the previous works. Finally, the authors state that study of  univariate version of this problem as one of their 3 main contributions, yet there is not much regarding this despite having an entire page left unused!",
          "limitations_and_societal_impact": "N/A",
          "ethical_concerns": "N/A",
          "needs_ethics_review": "No",
          "ethics_review_area": [],
          "time_spent_reviewing": "2-3",
          "code_of_conduct": "While performing my duties as a reviewer (including writing reviews and participating in discussions), I have and will continue to abide by the NeurIPS code of conduct."
        },
        "signatures": [
          "NeurIPS.cc/2021/Conference/Paper8299/Reviewer_FYQ4"
        ],
        "readers": [
          "everyone"
        ],
        "nonreaders": [],
        "writers": [
          "NeurIPS.cc/2021/Conference",
          "NeurIPS.cc/2021/Conference/Paper8299/Reviewer_FYQ4"
        ]
      },
      {
        "id": "e-p1XJKBZer",
        "original": null,
        "number": 1,
        "cdate": 1628590948667,
        "mdate": null,
        "ddate": null,
        "tcdate": 1628590948667,
        "tmdate": 1628594043924,
        "tddate": null,
        "forum": "9GYcNKOuF4V",
        "replyto": "r8bnMWyORah",
        "invitation": "NeurIPS.cc/2021/Conference/Paper8299/-/Official_Comment",
        "content": {
          "title": "Response to the comments on the presentation of the paper.",
          "comment": "Thank you very much for your appreciation and constructive comments.  We will endeavour to provide a clear sketch of proof of the lower bound result, a thorough discussion of the implication of the lower bound result, a more elaborated comparison with the previous works and a high-level introduction of the importance of the univariate case in the main text in the revision.\n"
        },
        "signatures": [
          "NeurIPS.cc/2021/Conference/Paper8299/Authors"
        ],
        "readers": [
          "everyone"
        ],
        "nonreaders": [],
        "writers": [
          "NeurIPS.cc/2021/Conference",
          "NeurIPS.cc/2021/Conference/Paper8299/Authors"
        ]
      },
      {
        "id": "5tdcUT7PvL",
        "original": null,
        "number": 2,
        "cdate": 1628591085018,
        "mdate": null,
        "ddate": null,
        "tcdate": 1628591085018,
        "tmdate": 1628591377285,
        "tddate": null,
        "forum": "9GYcNKOuF4V",
        "replyto": "c_qXfzXlYJH",
        "invitation": "NeurIPS.cc/2021/Conference/Paper8299/-/Official_Comment",
        "content": {
          "title": "Response to the comments on the assumptions and the presentation of the paper.",
          "comment": "Thank you very much for your appreciation and constructive comments.  \n\n*  The assumptions in Section 3.1 are necessary for utility only. The privacy is obtained solely from the design of our private channel, especially through the truncations. We will make this clearer in a revision.\n\n*  We will endeavour to provide a clear sketch of proof of the lower bound result, a thorough discussion of the implication of the lower bound result, a more elaborated comparison with the previous works and a high-level introduction of the importance of the univariate case in the main text in the revision.  We are grateful to you for bringing the reference to us and your suggestion on more standard notation.  We will incorporate the changes in our revision.\n"
        },
        "signatures": [
          "NeurIPS.cc/2021/Conference/Paper8299/Authors"
        ],
        "readers": [
          "everyone"
        ],
        "nonreaders": [],
        "writers": [
          "NeurIPS.cc/2021/Conference",
          "NeurIPS.cc/2021/Conference/Paper8299/Authors"
        ]
      },
      {
        "id": "Uz_4qf_gRaR",
        "original": null,
        "number": 3,
        "cdate": 1628592112402,
        "mdate": null,
        "ddate": null,
        "tcdate": 1628592112402,
        "tmdate": 1628592112402,
        "tddate": null,
        "forum": "9GYcNKOuF4V",
        "replyto": "zsltkZpOf1",
        "invitation": "NeurIPS.cc/2021/Conference/Paper8299/-/Official_Comment",
        "content": {
          "title": "Response to the comments on the constants.",
          "comment": "Thank you very much for your appreciation and constructive comments.  We are sorry for the confusion of our constants.  All the absolute constants in this paper are independent of all the model parameters, except the dimension $d$, which is treated as fixed but arbitrary.  Therefore, $C_{\\epsilon} = O(1)$ in this paper.  We agree that some numerical examples would be necessary and we shall add them in the revision.\n"
        },
        "signatures": [
          "NeurIPS.cc/2021/Conference/Paper8299/Authors"
        ],
        "readers": [
          "everyone"
        ],
        "nonreaders": [],
        "writers": [
          "NeurIPS.cc/2021/Conference",
          "NeurIPS.cc/2021/Conference/Paper8299/Authors"
        ]
      },
      {
        "id": "6GSZVBCsvy",
        "original": null,
        "number": 5,
        "cdate": 1630073210110,
        "mdate": null,
        "ddate": null,
        "tcdate": 1630073210110,
        "tmdate": 1630073210110,
        "tddate": null,
        "forum": "9GYcNKOuF4V",
        "replyto": "Uz_4qf_gRaR",
        "invitation": "NeurIPS.cc/2021/Conference/Paper8299/-/Official_Comment",
        "content": {
          "title": "response acknowledgment",
          "comment": "Thanks for the response and clarification! Based on the comments and other reviews, I maintain my score."
        },
        "signatures": [
          "NeurIPS.cc/2021/Conference/Paper8299/Reviewer_gcFi"
        ],
        "readers": [
          "everyone"
        ],
        "nonreaders": [],
        "writers": [
          "NeurIPS.cc/2021/Conference",
          "NeurIPS.cc/2021/Conference/Paper8299/Reviewer_gcFi"
        ]
      },
      {
        "id": "PTVpmsYzw_2",
        "original": null,
        "number": 6,
        "cdate": 1630081317902,
        "mdate": null,
        "ddate": null,
        "tcdate": 1630081317902,
        "tmdate": 1630081317902,
        "tddate": null,
        "forum": "9GYcNKOuF4V",
        "replyto": "e-p1XJKBZer",
        "invitation": "NeurIPS.cc/2021/Conference/Paper8299/-/Official_Comment",
        "content": {
          "title": "response to rebuttal",
          "comment": "thanks for the rebuttal and intention to incorporate the suggestions. "
        },
        "signatures": [
          "NeurIPS.cc/2021/Conference/Paper8299/Reviewer_FYQ4"
        ],
        "readers": [
          "everyone"
        ],
        "nonreaders": [],
        "writers": [
          "NeurIPS.cc/2021/Conference",
          "NeurIPS.cc/2021/Conference/Paper8299/Reviewer_FYQ4"
        ]
      },
      {
        "id": "VFH6Kba41aJ",
        "original": null,
        "number": 1,
        "cdate": 1632838377527,
        "mdate": null,
        "ddate": null,
        "tcdate": 1632838377527,
        "tmdate": 1632838377527,
        "tddate": null,
        "forum": "9GYcNKOuF4V",
        "replyto": "9GYcNKOuF4V",
        "invitation": "NeurIPS.cc/2021/Conference/Paper8299/-/Decision",
        "content": {
          "title": "Paper Decision",
          "decision": "Accept (Poster)",
          "comment": "All the reviewers agree that the problem studied in the paper would be of interest NeurIPS community, and the innovation in the paper is interesting. Hence, we decided to accept the paper for a poster presentation. However, we hope that in the final version of the paper, authors address several important comments made by reviewers and improve the presentation substantially.",
          "consistency_experiment": "NeurIPS has a long history of experimentation. In 2014, NeurIPS ran an experiment in which 10% of submissions were reviewed by two independent committees to quantify the randomness in the review process. This year, we repeated a variant of this experiment to see how the quality of the review process has changed over time.  This paper was part of the experiment and was therefore assigned to two committees (consisting of reviewers, an Area Chair, and a Senior Area Chair) that reached independent decisions.  If both committees made the same recommendation, this recommendation was followed. If a single committee recommended acceptance, the paper was accepted (with the exception of a few cases in which the other committee identified what we considered a fatal flaw, e.g., an error in a key result).\n\nThis copy’s committee reached the following decision: **Accept (Poster)**\n\nThe other committee assigned to the paper recommended **Reject**.  You can find the other set of reviews, along with any follow up discussion with the authors here:\nhttps://openreview.net/forum?id=KfC0i9Hjvl2"
        },
        "signatures": [
          "NeurIPS.cc/2021/Conference/Program_Chairs"
        ],
        "readers": [
          "everyone"
        ],
        "nonreaders": [],
        "writers": [
          "NeurIPS.cc/2021/Conference/Program_Chairs"
        ]
      }
    ],
    "directReplies": [
      {
        "id": "zsltkZpOf1",
        "original": null,
        "number": 1,
        "cdate": 1626457040037,
        "mdate": null,
        "ddate": null,
        "tcdate": 1626457040037,
        "tmdate": 1626457040037,
        "tddate": null,
        "forum": "9GYcNKOuF4V",
        "replyto": "9GYcNKOuF4V",
        "invitation": "NeurIPS.cc/2021/Conference/Paper8299/-/Official_Review",
        "content": {
          "rating": "6: Marginally above the acceptance threshold",
          "confidence": "4: You are confident in your assessment, but not absolutely certain. It is unlikely, but not impossible, that you did not understand some parts of the submission or that you are unfamiliar with some pieces of related work.",
          "summary": "This paper aims to detect the change in the regression function for multivariate sequential data, under the constraint of local differential privacy. Theoretical analysis on the information-theoretic lower bound to the detection delay is proved. And the detection statistic used in this paper is proved to be near-optimal since it matches the lower bound.",
          "main_review": "This paper uses a cusum-like detection statistic to detect the change in the regression function for privatised data. In detail, we do not have direct access to the true data but only the data transmitted through a locally differentially private channel. Then the regression function is estimated and used to compute the detection statistic. The detection statistic is not new but this paper provides theoretical analysis on the detection delay of the proposed detection statistic and also a matching theoretic lower bound, by using the tools in the paper \"John C Duchi, Michael I Jordan, and Martin J Wainwright. Minimax optimal procedures for locally private estimation.\"\n\nThis paper is well-written and easy to follow. And the theoretical results are interesting contributions to the change detection community.\nA few detailed comments: It would be interesting to provide the explicit form or the order of the constant C_\\epsillon as it is closely related to the detection delay as shown in Theorems. Also, it would be interesting to provide some numerical examples for demonstration purposes.\n",
          "limitations_and_societal_impact": "Yes",
          "needs_ethics_review": "No",
          "ethics_review_area": [],
          "time_spent_reviewing": "3",
          "code_of_conduct": "While performing my duties as a reviewer (including writing reviews and participating in discussions), I have and will continue to abide by the NeurIPS code of conduct."
        },
        "signatures": [
          "NeurIPS.cc/2021/Conference/Paper8299/Reviewer_gcFi"
        ],
        "readers": [
          "everyone"
        ],
        "nonreaders": [],
        "writers": [
          "NeurIPS.cc/2021/Conference",
          "NeurIPS.cc/2021/Conference/Paper8299/Reviewer_gcFi"
        ]
      },
      {
        "id": "c_qXfzXlYJH",
        "original": null,
        "number": 2,
        "cdate": 1626492684491,
        "mdate": null,
        "ddate": null,
        "tcdate": 1626492684491,
        "tmdate": 1629916587154,
        "tddate": null,
        "forum": "9GYcNKOuF4V",
        "replyto": "9GYcNKOuF4V",
        "invitation": "NeurIPS.cc/2021/Conference/Paper8299/-/Official_Review",
        "content": {
          "rating": "6: Marginally above the acceptance threshold",
          "confidence": "3: You are fairly confident in your assessment. It is possible that you did not understand some parts of the submission or that you are unfamiliar with some pieces of related work. Math/other details were not carefully checked.",
          "summary": "The paper analyzes the online change point detection problem subject to local DP.  They claim to be the first to study this problem, which seems like a natural problem to solve, although the central DP setting has been studied before, as they point out.  The contributions of this work are not limited to privacy considerations by also giving minimax rate of detection delay.\n\n",
          "main_review": "\nThe privacy mechanism is simply the Laplace mechanism and the sensitivity analysis is referred to in a previous work.  The online change point detection statistic has very high computation cost, as pointed out in previous work.  It would be helpful to express whether the assumptions in 3.1 are necessary for privacy, utility, or both.  Theorem 1 requires knowledge of the assumption parameters, in particular the clip M needs to be sufficiently large.  \n\nThe major contribution from this work, in my opinion, comes from the lower bound.  The privacy mechanism and the statistical method are all standard and the assumptions seem to help the utility analysis carry through.  However, it is interesting that with those same assumptions, there is a nearly matching lower bound.  I would have liked to have seen more explanation for the lower bound as that seems to me to be the main result.  Since there is almost a full page left that the authors could have used, they could have at least provided a proof sketch.  Furthermore, the locally private univariate mean change point detection problem was listed as a contribution but its entire discussion is left to the supplementary file.  Much of this should be brought to the main body.  \n\nMinor comments:\n- Cite this work for Apple’s local DP use: https://machinelearning.apple.com/research/learning-with-privacy-at-scale \n- Small nit,  given this is a DP paper, it would be better to use \\epsilon as the privacy parameter, rather than \\alpha and thus another variable for the random Laplace noise terms in line 99.  \n\n\n#################\nUpdate: I have read the author comments and will keep my score unchanged.",
          "limitations_and_societal_impact": "N/A",
          "ethical_concerns": "The paper deals with rigorous privacy guarantees.",
          "needs_ethics_review": "No",
          "ethics_review_area": [],
          "time_spent_reviewing": "2-3 hours",
          "code_of_conduct": "While performing my duties as a reviewer (including writing reviews and participating in discussions), I have and will continue to abide by the NeurIPS code of conduct."
        },
        "signatures": [
          "NeurIPS.cc/2021/Conference/Paper8299/Reviewer_P1kk"
        ],
        "readers": [
          "everyone"
        ],
        "nonreaders": [],
        "writers": [
          "NeurIPS.cc/2021/Conference",
          "NeurIPS.cc/2021/Conference/Paper8299/Reviewer_P1kk"
        ]
      },
      {
        "id": "r8bnMWyORah",
        "original": null,
        "number": 3,
        "cdate": 1627628528447,
        "mdate": null,
        "ddate": null,
        "tcdate": 1627628528447,
        "tmdate": 1627628528447,
        "tddate": null,
        "forum": "9GYcNKOuF4V",
        "replyto": "9GYcNKOuF4V",
        "invitation": "NeurIPS.cc/2021/Conference/Paper8299/-/Official_Review",
        "content": {
          "rating": "6: Marginally above the acceptance threshold",
          "confidence": "4: You are confident in your assessment, but not absolutely certain. It is unlikely, but not impossible, that you did not understand some parts of the submission or that you are unfamiliar with some pieces of related work.",
          "summary": "The paper studies online change point detection problems,  in particular multivariate nonparametric regression problems, under the LDP constraint. Change point detection problems are some of the well studied problems in statistics, and have been considered in the central model of DP.\n",
          "main_review": "In this problem (without the LDP constraint), the algorithm is presented with raw data of the form (X_i, Y_i), i \\in [N], where X_i is multidimensional. It is assumed that regression functions remain the same until some \"change point\" t = \\Delta. The goal of the algorithm is to detect this time step \\Delta with the least delay, while making sure that probability that algorithm declares change point before the time step \\Delta (false alarm) is minimized.\nUnder the assumption that the data set lies in a bounded set, the proposed algorithm simply adds Laplace noise and sends the noisy data. Then, on the server side,  upon getting the noisy data at time t, the algorithm checks if a change point has occurred by checking some cumulative statistic has exceeded pre-specified thresholds. This seems like a natural adaptation of the online change point detection algorithms to the LDP setting.  Both mechanisms on the server side and client side seem fairly standard.\nThe paper analyses this algorithm to show that it has no false alarms, and has nearly optimal detection delay. The paper also presents optimal rates and lower bounds on the problem without LDP constraints and bounds on the price of privacy. Overall these results are satisfactory.\nWhile I support accepting this paper, I do feel that authors could have done a better job at explaining the ideas behinds their proofs, especially of the lowerbound, which seems to be the main contribution. It also helps if they highlight their innovations compared to the previous works. Finally, the authors state that study of  univariate version of this problem as one of their 3 main contributions, yet there is not much regarding this despite having an entire page left unused!",
          "limitations_and_societal_impact": "N/A",
          "ethical_concerns": "N/A",
          "needs_ethics_review": "No",
          "ethics_review_area": [],
          "time_spent_reviewing": "2-3",
          "code_of_conduct": "While performing my duties as a reviewer (including writing reviews and participating in discussions), I have and will continue to abide by the NeurIPS code of conduct."
        },
        "signatures": [
          "NeurIPS.cc/2021/Conference/Paper8299/Reviewer_FYQ4"
        ],
        "readers": [
          "everyone"
        ],
        "nonreaders": [],
        "writers": [
          "NeurIPS.cc/2021/Conference",
          "NeurIPS.cc/2021/Conference/Paper8299/Reviewer_FYQ4"
        ]
      },
      {
        "id": "VFH6Kba41aJ",
        "original": null,
        "number": 1,
        "cdate": 1632838377527,
        "mdate": null,
        "ddate": null,
        "tcdate": 1632838377527,
        "tmdate": 1632838377527,
        "tddate": null,
        "forum": "9GYcNKOuF4V",
        "replyto": "9GYcNKOuF4V",
        "invitation": "NeurIPS.cc/2021/Conference/Paper8299/-/Decision",
        "content": {
          "title": "Paper Decision",
          "decision": "Accept (Poster)",
          "comment": "All the reviewers agree that the problem studied in the paper would be of interest NeurIPS community, and the innovation in the paper is interesting. Hence, we decided to accept the paper for a poster presentation. However, we hope that in the final version of the paper, authors address several important comments made by reviewers and improve the presentation substantially.",
          "consistency_experiment": "NeurIPS has a long history of experimentation. In 2014, NeurIPS ran an experiment in which 10% of submissions were reviewed by two independent committees to quantify the randomness in the review process. This year, we repeated a variant of this experiment to see how the quality of the review process has changed over time.  This paper was part of the experiment and was therefore assigned to two committees (consisting of reviewers, an Area Chair, and a Senior Area Chair) that reached independent decisions.  If both committees made the same recommendation, this recommendation was followed. If a single committee recommended acceptance, the paper was accepted (with the exception of a few cases in which the other committee identified what we considered a fatal flaw, e.g., an error in a key result).\n\nThis copy’s committee reached the following decision: **Accept (Poster)**\n\nThe other committee assigned to the paper recommended **Reject**.  You can find the other set of reviews, along with any follow up discussion with the authors here:\nhttps://openreview.net/forum?id=KfC0i9Hjvl2"
        },
        "signatures": [
          "NeurIPS.cc/2021/Conference/Program_Chairs"
        ],
        "readers": [
          "everyone"
        ],
        "nonreaders": [],
        "writers": [
          "NeurIPS.cc/2021/Conference/Program_Chairs"
        ]
      }
    ]
  }
}