{
  "id": "_A4-JP8d_f",
  "original": "66imE-85G0v",
  "number": 1722,
  "cdate": 1621629760547,
  "ddate": null,
  "tcdate": 1621629760547,
  "tmdate": 1683307551865,
  "tddate": null,
  "forum": "_A4-JP8d_f",
  "replyto": null,
  "invitation": "NeurIPS.cc/2021/Conference/-/Blind_Submission",
  "content": {
    "title": "Challenges and Opportunities in High Dimensional Variational Inference",
    "authorids": [
      "~Akash_Kumar_Dhaka1",
      "~Alejandro_Catalina1",
      "~Manushi_Welandawe1",
      "~Michael_Riis_Andersen2",
      "~Jonathan_H._Huggins1",
      "~Aki_Vehtari1"
    ],
    "authors": [
      "Akash Kumar Dhaka",
      "Alejandro Catalina",
      "Manushi Welandawe",
      "Michael Riis Andersen",
      "Jonathan H. Huggins",
      "Aki Vehtari"
    ],
    "keywords": [
      "Variational Inference",
      "BBVI",
      "Importance Sampling",
      "Divergences",
      "Pre-asymptotics"
    ],
    "abstract": "Current black-box variational inference (BBVI) methods require the user to make numerous design choices – such as the selection of variational objective and approximating family – yet there is little principled guidance on how to do so. We develop a conceptual framework and set of experimental tools to understand the effects of these choices, which we leverage to propose best practices for maximizing posterior approximation accuracy. Our approach is based on studying the pre-asymptotic tail behavior of the density ratios between the joint distribution and the variational approximation, then exploiting insights and tools from the importance sampling literature. Our framework and supporting experiments help to distinguish between the behavior of BBVI methods for approximating low-dimensional versus moderate-to-high-dimensional posteriors. In the latter case, we show that mass-covering variational objectives are difficult to optimize and do not improve accuracy, but flexible variational families can improve accuracy and the effectiveness of importance sampling – at the cost of additional optimization challenges. Therefore, for moderate-to-high-dimensional posteriors we recommend using the (mode-seeking) exclusive KL divergence since it is the easiest to optimize, and improving the variational family or using model parameter transformations to make the posterior and optimal variational approximation more similar. On the other hand, in low-dimensional settings, we show that heavy-tailed variational families and mass-covering divergences are effective and can increase the chances that the approximation can be improved by importance sampling. ",
    "submission_history": "",
    "submission_history_-_venue_and_year": "",
    "submission_history_-_improvements_made": "",
    "checklist": "",
    "code_of_conduct": "I certify that all co-authors of this work have read and commit to adhering to the NeurIPS Statement on Ethics, Fairness, Inclusivity, and Code of Conduct.",
    "paperhash": "dhaka|challenges_and_opportunities_in_high_dimensional_variational_inference",
    "TL;DR": "Black box variational inference (BBVI) is hard. We develop a conceptual and experimental framework for assessing the reliability of BBVI based on the choice of variational objective, approximating family, and target distribution.",
    "pdf": "/pdf/bdcd6db16e0970674c6cc93a783e68fec3c71c5f.pdf",
    "supplementary_material": "/attachment/2852d3b8f499185532acb65fa26dad17e8392447.pdf",
    "thumbnail": "",
    "_bibtex": "@inproceedings{\ndhaka2021challenges,\ntitle={Challenges and Opportunities in High Dimensional Variational Inference},\nauthor={Akash Kumar Dhaka and Alejandro Catalina and Manushi Welandawe and Michael Riis Andersen and Jonathan H. Huggins and Aki Vehtari},\nbooktitle={Advances in Neural Information Processing Systems},\neditor={A. Beygelzimer and Y. Dauphin and P. Liang and J. Wortman Vaughan},\nyear={2021},\nurl={https://openreview.net/forum?id=_A4-JP8d_f}\n}",
    "venue": "NeurIPS 2021 Poster",
    "venueid": "NeurIPS.cc/2021/Conference"
  },
  "signatures": [
    "NeurIPS.cc/2021/Conference"
  ],
  "readers": [
    "everyone"
  ],
  "nonreaders": [],
  "writers": [
    "NeurIPS.cc/2021/Conference"
  ],
  "mdate": null,
  "tauthor": "OpenReview.net",
  "pdate": 1636492737376,
  "odate": 1636492737376,
  "details": {
    "overwriting": [],
    "tags": [],
    "writable": false,
    "replyCount": 13,
    "directReplyCount": 5,
    "revisions": true,
    "replies": [
      {
        "id": "VEJQlKNRbGD",
        "original": null,
        "number": 1,
        "cdate": 1625884785845,
        "mdate": null,
        "ddate": null,
        "tcdate": 1625884785845,
        "tmdate": 1625884785845,
        "tddate": null,
        "forum": "_A4-JP8d_f",
        "replyto": "_A4-JP8d_f",
        "invitation": "NeurIPS.cc/2021/Conference/Paper1722/-/Official_Review",
        "content": {
          "rating": "6: Marginally above the acceptance threshold",
          "confidence": "4: You are confident in your assessment, but not absolutely certain. It is unlikely, but not impossible, that you did not understand some parts of the submission or that you are unfamiliar with some pieces of related work.",
          "summary": "This paper provides a statistical tool to analyze different variational inference methods in the f-divergence family. It showed that for high dimensional and low dimensional problems, the behavior of the variational inference methods may differ, and the analysis based on the GPD statistics can suggestion different strategies for different situations. The predictions from this theory were validated by some commonly used models (e.g., linear regression). In summary, this paper can provide useful guidelines for variational inference practitioners.",
          "main_review": "The main novelty of this paper is to use GPD to model the density ratio, which reveals important properties of different variational inference methods in the f-divergence family, which includes the inclusive KL and exclusive KL approaches. This provides a practical tool for people to use for variational inference diagnosis. One particular conclusion from this analysis is that, for moderate-to-high-dimensional posteriors, exclusive KL divergence is a better choice than inclusive KL divergence. These conclusion can be very helpful for people to choose the right variational inference method in different scenarios.",
          "limitations_and_societal_impact": "Here are some more detailed commons of the paper:\n\n1. The three predictions (P1, P2, P3) are reasonable and are verified by some experiments. However, more rigorous proofs or justifications are needed to generalize the conclusions to other applications scenarios. For example, the authors mentioned that application to neural networks is not covered theoretically or empirically. \n\n2. It would be better to provide a table to summarize the conclusions in the paper, for low dimensional and high dimensional problems. Properties and behaviors of different variational inference method could be included in the table, together with the recommended inference method in the f-divergence family.\n\n3. A minor technical issue, in line 103, for the normalized importance weight, there should be a 1/S term in the denominator.\n\n4. A problem in notation: D is used for divergence, but also used for dimension.",
          "needs_ethics_review": "No",
          "ethics_review_area": [],
          "time_spent_reviewing": "4 hours",
          "code_of_conduct": "While performing my duties as a reviewer (including writing reviews and participating in discussions), I have and will continue to abide by the NeurIPS code of conduct."
        },
        "signatures": [
          "NeurIPS.cc/2021/Conference/Paper1722/Reviewer_c7n8"
        ],
        "readers": [
          "everyone"
        ],
        "nonreaders": [],
        "writers": [
          "NeurIPS.cc/2021/Conference",
          "NeurIPS.cc/2021/Conference/Paper1722/Reviewer_c7n8"
        ]
      },
      {
        "id": "A3ld2tFGJo4",
        "original": null,
        "number": 2,
        "cdate": 1626134399019,
        "mdate": null,
        "ddate": null,
        "tcdate": 1626134399019,
        "tmdate": 1626134524092,
        "tddate": null,
        "forum": "_A4-JP8d_f",
        "replyto": "_A4-JP8d_f",
        "invitation": "NeurIPS.cc/2021/Conference/Paper1722/-/Official_Review",
        "content": {
          "rating": "6: Marginally above the acceptance threshold",
          "confidence": "3: You are fairly confident in your assessment. It is possible that you did not understand some parts of the submission or that you are unfamiliar with some pieces of related work. Math/other details were not carefully checked.",
          "summary": "In this paper, the authors study the pre-asymptotic behavior of the density ratios between the joint distribution and the variational approximation. The authors use generalized Pareto distribution to model this density ratio in the pre-asymptotic regime and make three major predictions for how BBVI methods should behave. They verify their predictions through extensive experimentation, and finally, provide actionable advice to BBVI practitioners (use flows with exclusive KL and PSIS as a good default.) ",
          "main_review": "I appreciate the authors for taking up this important direction in BBVI research. In the recent years, the number of components in BBVI methods have increased dramatically and it is important that we, as a community, analyze the existing methods. This paper takes some very concrete steps towards it.\n\nOverall, I like the paper. It is clearly written for most part. However, I have a few concerns and seek explanations.\n\n- Figure 6. I am not sure how to make sense of $\\hat k$ when using flows. Even with exclusive KL, the $\\hat k$ value reaches $\\infty$ for moderate dimensions (less than 100). Still, the relative errors seem to suggest they work better than the other methods. How reliable is $\\hat k$ when comparing different methods while keeping the variational objective same? Since $\\hat k$ value for flows seems to be $\\infty$ for moderately large models, the use of $\\hat k$ as a diagnosis tool is rather limited?  \n - Figure 4b. I don't see the Planar flow and NVP flow lines (Green lines) for Fdiv and Inclusive KL? Were they not calculated because the $\\hat k$ is $\\infty$? If so, I believe something is not consistent. There is Relative error estimates for NVP Flow even though the $\\hat k$ estimate is $\\infty$ for exclusive KL and D = 50. Maybe I missed the explanation somewhere; it will be great if the authors can point it out or provide one. \n - Table 1. I am not entirely sure the bold and the underline are supposed to be. Also, is the entire table only for NVP based method? I could not find, in text or in the table caption, the family that was used for the reported numbers. Are there any error bars for these numbers? \n - Figure 5. Should not there be at least on entry corresponding to the planar and NVP flows for higher dimensions (>30)? Did none of these step sizes converged for flows? If so, how did we get the numbers in Figure 4? \n - At L69, what is $\\hat I$? an unbiased or biased estimator? This is more of a notational consistency issue. ",
          "limitations_and_societal_impact": "Yes",
          "ethical_concerns": "None",
          "needs_ethics_review": "No",
          "ethics_review_area": [],
          "time_spent_reviewing": "3-4 hours",
          "code_of_conduct": "While performing my duties as a reviewer (including writing reviews and participating in discussions), I have and will continue to abide by the NeurIPS code of conduct."
        },
        "signatures": [
          "NeurIPS.cc/2021/Conference/Paper1722/Reviewer_x3v3"
        ],
        "readers": [
          "everyone"
        ],
        "nonreaders": [],
        "writers": [
          "NeurIPS.cc/2021/Conference",
          "NeurIPS.cc/2021/Conference/Paper1722/Reviewer_x3v3"
        ]
      },
      {
        "id": "mVvHe6sFILu",
        "original": null,
        "number": 3,
        "cdate": 1626485674152,
        "mdate": null,
        "ddate": null,
        "tcdate": 1626485674152,
        "tmdate": 1626485674152,
        "tddate": null,
        "forum": "_A4-JP8d_f",
        "replyto": "_A4-JP8d_f",
        "invitation": "NeurIPS.cc/2021/Conference/Paper1722/-/Official_Review",
        "content": {
          "rating": "7: Good paper, accept",
          "confidence": "3: You are fairly confident in your assessment. It is possible that you did not understand some parts of the submission or that you are unfamiliar with some pieces of related work. Math/other details were not carefully checked.",
          "summary": "The paper discusses the accuracy of variational inference and the choices that need to be me made with regard to divergence and approximating family, particularly as they relate to the dimensionality of the problem. Based on an analysis of the pre-asymptotic behavior of the density ratios involved, the authors propose a framework based on Pareto smoothed importance sampling (PSIS) to help practitioners analyze the success of their approximate inference procedure. The authors provide experiments demonstrating general findings for variational inference for a range of divergences and approximate posteriors. ",
          "main_review": "Overall, I found the paper to be quite clear and well-written. I believe the paper to be quite significant as I am not aware of much work on trying to provide a framework for understanding variational inference and the choices that need to be made, particularly in a way that could be used by a practitioner with relative ease. I believe the insights on dimensionality, mode-seeking vs mode-covering, and the differences in the quality of approximation from different approximate posteriors (e.g. MF Gaussian, Student's t, NVP), are novel, valuable and provide good guidance for practitioners and those who regularly use VI in their research.\n\nThe main issue I had with the paper was the lack of a proper review of prior work. The paper does reference some prior work in passing, but it does not really discuss the prior work (for instance [14, 30]) in the detail that I think would be required. For instance, [30] quite similarly proposes using the $\\hat{k}$ obtained from PSIS to evaluate how successful VI is - although they did not analyze different divergences from the standard mode-seeking one nor the effect of dimensionality. I think the paper would really require a proper discussion of these papers, as well as other attempts to assess the quality of VI approximations.\n\nOverall, as someone who focuses on VI in their research, I think this is quite a good paper and represents a useful and needed direction for the field. Therefore I believe the paper deserves acceptance, but I would of course be curious to hear what the other reviewers say.\n\nBelow are some more minor/tangential comments/questions:\n- The authors frequently make reference to the fact that they are interested in the \"pre-asymptotic\" regime. To me it would seem intuitive that this would depend quite significantly on the initialization of the approximating distribution, particularly as the divergences and dimensionality are changed. Do the authors have any intuition as to what the best way of initializing the approximate posterior are for these different cases?\n- For more complex models, it is often the case that there are symmetries that result in many modes that are identical when it comes to predictions, for instance permuting neurons in the same layer of a neural network would result in such modes. In the case of a unimodal approximate posterior, it would in principle therefore be possible to model one of these modes while missing the others in a way that the predictions are actually reflective of the true posterior. It would seem to me that in such a case the $\\hat{k}$ would be quite bad even though the predictions are fine - do the authors have any ideas on how this could be addressed?\n- It seems as though the labels are incorrect for Figs. 2 and 3. For instance, in line 138 Fig. 3a is referred to when I believe Fig. 2 is the correct one. \n- In Table 1, which approximate posterior is being used?\n- l. 259 - \"but it less\"",
          "limitations_and_societal_impact": "The authors addressed some limitations of their work in that the discussion is limited to a typical f-divergences used in the literature and does not discuss all types of posteriors seen in the literature, such as semi-implicit posteriors. While not an extensive discussion, I found this description of limitations to be adequate for the goals of the work. I am not aware of potential negative societal impacts for this work.",
          "needs_ethics_review": "No",
          "ethics_review_area": [],
          "time_spent_reviewing": "8",
          "code_of_conduct": "While performing my duties as a reviewer (including writing reviews and participating in discussions), I have and will continue to abide by the NeurIPS code of conduct."
        },
        "signatures": [
          "NeurIPS.cc/2021/Conference/Paper1722/Reviewer_EXRc"
        ],
        "readers": [
          "everyone"
        ],
        "nonreaders": [],
        "writers": [
          "NeurIPS.cc/2021/Conference",
          "NeurIPS.cc/2021/Conference/Paper1722/Reviewer_EXRc"
        ]
      },
      {
        "id": "Ms_2rnwN8F",
        "original": null,
        "number": 4,
        "cdate": 1626523640351,
        "mdate": null,
        "ddate": null,
        "tcdate": 1626523640351,
        "tmdate": 1629894707569,
        "tddate": null,
        "forum": "_A4-JP8d_f",
        "replyto": "_A4-JP8d_f",
        "invitation": "NeurIPS.cc/2021/Conference/Paper1722/-/Official_Review",
        "content": {
          "rating": "7: Good paper, accept",
          "confidence": "4: You are confident in your assessment, but not absolutely certain. It is unlikely, but not impossible, that you did not understand some parts of the submission or that you are unfamiliar with some pieces of related work.",
          "summary": "The authors propose a conceptual framework and design guidelines for variational inference based on the pre-asymptotic tail behaviour of the unnormalized importance weight. This framework is used to study the behaviour of commonly variational families and f-divergences in mid-to-high dimensions. The authors observe that mass-covering divergences, while often superior theoretically and for low dimensional problems, are hard to optimize in mid-to-high dimensions compared to the mode-seeking exclusive KL-divergence. These observations are consistent with the prediction made using their framework based on estimating the tail-index of the best-fit generalized pareto distribution.",
          "main_review": "**Originality and Significance:**\nAs far as I can tell, the proposed framework does not contain novel contributions on a technical level, i.e. the work builds heavily on previous work on pareto smoothed importance sampling (PSIS) [1] and PSIS based diagnostics [2] (as adequately cited by the authors), and the authors use standard estimators for the different f-divergences and their gradients.\nThat said, I believe there is value, especially for new partitioners, in presenting the above in a coherent and unified framework. The presented framework makes it easy to study the behaviour of commonly used variational families and divergences and helps making educated predictions based on the order of the (estimated) tail index and f-divergence. Hence, I do believe the setup and presentation are original and valuable for the community.\n\n**Clarity:**\nThe writing of the paper is clear and easy to follow.\nOne thing that I noticed is that the authors do not explain how to actually use the PSIS correction to improve the estimator. Adding a paragraph explaining this would make the paper more self-contained and enable readers not familiar with [1, 2] to better understand the experiments.\n\n**Quality:**\nOverall, the methodology is technically sound and the observations and conclusions drawn by the authors seems correct but sometimes slightly to general. \n\nSpecifically, the statements P1, P2 made in section 3.3 are too general to be supported by the actual experiments.\n- While *P1* mention 'mode-seeking'-divergences and 'mass-covering'-divergences the experiments only evaluate the exclusive KL-divergence as an example for 'mode-seeking' and the inclusive KL-divergence and $\\chi^2$-divergence as examples for 'mass-covering' divergences. The experiments are still insightful, but the claim should be less general to be supported by the actual experiments.\nThe main text mentions additional results for the other divergences in the appendix, however, the appendix does only include additional results for the evaluation presented in Figure 3c, but not for for the evaluations presented in Figure 3a and 3b.\n- The claim made in *P2* would be better supported if the plot in the main text would include the results for the $1/2$-divergence (mentioned on Line 194) and the importance weight $w$ itself. The corresponding plot for Figure 3c can be found in the appendix (Figure B.1.). \n   - Is there a reason why these results are not reported? \n   - For each of the line plots in Figure 3, what was the variational objective used for training? The figures in the appendix are explicit about what variational objective was used. It would be helpful to mention this in the figure caption in the main text as well. \n  - For clarity it would also be helpful to include the degree of the variational objective in the legend similar to the figure in the appendix.\n\nIt is also unclear to me if the results are averaged over multiple independently trained models. Given that this paper consideres non-convex stochastic optimization, I consider this necessary to reach any conclusions. Specifically,\n- Figure 4, Figure 6 and Table 1 do not report any metric of variability and I can not find any statement in the text mentioning if the presented values are averages over multiple runs.\n- How are the confidence intervals computed in Figure 2?\n- How is the reported variance computed in Figure 3?\n\nSome clarification would be helpful here.\n\n\n**Additional Questions and Comments:**\n- Regarding the intuition gained by observing the distance from the mode (Figure 1): The overlap between the distribution over distances from the mode is already less for the inclusive KL-divergence in 2D and this difference seems to carries over to the higher dimensional examples.  Even the 2D illustration does not give the impression that the approximation based on the inclusive KL would do better w.r.t. this metric (overlap between distributions over distances). For other metrics, i.e. the variance of the resulting importance weight, I'd agree that the approximation based on the inclusive KL-divergence seems preferable. Overall, I'm not sure how Figure 1 demonstrates that 'the benefits of heavy-tailed approximate families and divergences favoring mass-covering behaviour diminishes as the dimensionality of the target distribution increases'.\nAm I missing something here?\n- Figure 1; caption: The approximation is red for the exclusive KL and green for the inclusive KL but the caption only mentions that the approximation is shown in red.\n- Line 38, 29; some words seem to be missing in that sentence. 'the benefits of heavy-tailed approximate families and divergences favoring mass-covering *behavior* diminishes as *the* dimensionality of the target distribution increases.\n- Line 205: I think this should reference Figure 3a instead of Figure 2\n\n\n*[1] Aki Vehtari, Daniel Simpson, Andrew Gelman, Yao Yuling, and Jonah Gabry. Pareto smoothed importance sampling. arXiv preprint arXiv:1507.02646, 2019.*\n\n*[2] Yuling Yao, Aki Vehtari, Daniel Simpson, and Andrew Gelman. Yes, but did it work?: Evalu- ating variational inference. In Proceedings of the 35th International Conference on Machine Learning, volume 80 of Proceedings of Machine Learning Research, pages 5581–5590. PMLR, 2018.*\n",
          "limitations_and_societal_impact": "adequate",
          "needs_ethics_review": "No",
          "ethics_review_area": [],
          "time_spent_reviewing": "5",
          "code_of_conduct": "While performing my duties as a reviewer (including writing reviews and participating in discussions), I have and will continue to abide by the NeurIPS code of conduct."
        },
        "signatures": [
          "NeurIPS.cc/2021/Conference/Paper1722/Reviewer_8K18"
        ],
        "readers": [
          "everyone"
        ],
        "nonreaders": [],
        "writers": [
          "NeurIPS.cc/2021/Conference",
          "NeurIPS.cc/2021/Conference/Paper1722/Reviewer_8K18"
        ]
      },
      {
        "id": "xlvIB8xoNqq",
        "original": null,
        "number": 1,
        "cdate": 1628587368568,
        "mdate": null,
        "ddate": null,
        "tcdate": 1628587368568,
        "tmdate": 1628587368568,
        "tddate": null,
        "forum": "_A4-JP8d_f",
        "replyto": "VEJQlKNRbGD",
        "invitation": "NeurIPS.cc/2021/Conference/Paper1722/-/Official_Comment",
        "content": {
          "title": "Reply to Reviewer",
          "comment": "Thank you for your suggestions and feedback.\n\nC1. We agree with the reviewer that further work in this direction is definitely needed in order to establish more strict theoretical criteria. We have considered many diverse models, like auto regressive models (arK), hierarchical Gaussian (radon) and non-Gaussian(8-schools) models, logistic regressions(dogs) which should be sufficient for the scope of this work, a study for neural networks is probably better suited for the longer version of this work.\n\nC2. This is an excellent idea and we will include such a table in the camera ready version.\n\nC3 and C4: Thanks for pointing these out, we will fix these issues in the camera ready version."
        },
        "signatures": [
          "NeurIPS.cc/2021/Conference/Paper1722/Authors"
        ],
        "readers": [
          "everyone"
        ],
        "nonreaders": [],
        "writers": [
          "NeurIPS.cc/2021/Conference",
          "NeurIPS.cc/2021/Conference/Paper1722/Authors"
        ]
      },
      {
        "id": "WghxXEImqFc",
        "original": null,
        "number": 2,
        "cdate": 1628591532440,
        "mdate": null,
        "ddate": null,
        "tcdate": 1628591532440,
        "tmdate": 1628602338170,
        "tddate": null,
        "forum": "_A4-JP8d_f",
        "replyto": "A3ld2tFGJo4",
        "invitation": "NeurIPS.cc/2021/Conference/Paper1722/-/Official_Comment",
        "content": {
          "title": "Reply to Reviewer",
          "comment": "We thank the reviewer for raising important questions and positive review.\n\nC1: This is a good question, we will add the discussion to the main text. $\\hat{k}$ is scale invariant, depending only on the distribution of important weights. While relative mean and covariance errors are good summary statistics for mean field gaussian posteriors, it does not tell the full story in more complex posteriors. In practice, this means that for posteriors other than mean field Gaussians, relative mean and covariance errors are looking at specific summaries of the distribution, which may not be the best indicator of overall accuracy, as indicated by $\\hat{k}$. An example of this can be seen in Fig. C.2(e)\n\nC2: The issue for inclusive KL and F-div is that some of these models did not even converge because of numerical instabilities(and resulting divergences), and therefore we could not compute summary errors for any of them. We will update the text and clarify whether a model is simply not converging or if the approximation is very bad, but it converged. As we point out in the paper, exclusive KL tends to be more stable, even though in some cases the approximation is not great. We also point out that we attribute all $\\hat{k}$ to infinite when they are over 2.1 with/without convergence issues(as recommended in [26] and [30]), which we will also clarify in the text. The computation budget was limited to 15000 iterations. We will distinguish the two pathologies by an asterisk(where convergence was not achieved) in the final draft. \n\nC3:Thank you for pointing out this omission. Table 1 refers only to mean field Gaussians approximations. Bold indicates the best overall method (including HMC), whereas underline shows the best variational result for each experiment. We will clarify both points in the caption. \n\nC4: The results we show in figure 4 are computed with a slightly different step size, which explain the differences with figure 5 results. We have updated all results to show in figure 4 results computed with a step size included in figure 5, so both figures are relatable. Note that even if $\\hat{k}$ is very large, we can still compute some error summaries for some methods.\n\nC5: Yes the SNIS is a biased estimator, we will clarify this in the text."
        },
        "signatures": [
          "NeurIPS.cc/2021/Conference/Paper1722/Authors"
        ],
        "readers": [
          "everyone"
        ],
        "nonreaders": [],
        "writers": [
          "NeurIPS.cc/2021/Conference",
          "NeurIPS.cc/2021/Conference/Paper1722/Authors"
        ]
      },
      {
        "id": "QF8BBwJalXQ",
        "original": null,
        "number": 3,
        "cdate": 1628592031793,
        "mdate": null,
        "ddate": null,
        "tcdate": 1628592031793,
        "tmdate": 1628592031793,
        "tddate": null,
        "forum": "_A4-JP8d_f",
        "replyto": "mVvHe6sFILu",
        "invitation": "NeurIPS.cc/2021/Conference/Paper1722/-/Official_Comment",
        "content": {
          "title": "Reply to reviewer",
          "comment": "We thank the reviewer for asking some important questions and their positive review. \n\nFollowing are the replies to the questions/comments.\nC1: We found that initialization played a more significant role in flow based approximations in contrast to the more restricted variational families, due to the presence of a large number of parameters. We found that initializing the weights such that each flow-transformation resembles the identity function  provided more stable results. However, we made a point of testing the methods in fairly general settings without carefully fine tuning the methods. Initialization is non-trivial for more complex models, and it is difficult to make it general enough to perform well in many scenarios. \nWe should also point out that we call this ‘pre-asymptotics’ because the number of samples drawn to estimate the objectives and gradients are not sufficient in high dimensions as reflected by $\\hat{k}$, (a safe estimate will need an infeasible amount of samples to be drawn.) This will hold true even after the optimisation has been run for sufficient iterations reducing the effect of initialisation.  \n\nC2: We thank the reviewer for raising this point. As we show in our experiments, it is definitely possible to have good performing methods with bad $\\hat{k}$ diagnostics. As the reviewer points out, both measures reflect different aspects of the approximating distributions, and it is often a matter of the specific application to trust one or another. We focus on posterior accuracy as it often translates into more general usefulness, and in these cases $\\hat{k}$ is a good indicator of how good an approximation is.\n\nC3-C5: We will fix these issues in the camera ready version, we thank the reviewer for pointing these out. Table 1 uses MF Gaussian as the approximating family."
        },
        "signatures": [
          "NeurIPS.cc/2021/Conference/Paper1722/Authors"
        ],
        "readers": [
          "everyone"
        ],
        "nonreaders": [],
        "writers": [
          "NeurIPS.cc/2021/Conference",
          "NeurIPS.cc/2021/Conference/Paper1722/Authors"
        ]
      },
      {
        "id": "joh-6lJZ5P",
        "original": null,
        "number": 4,
        "cdate": 1628592265542,
        "mdate": null,
        "ddate": null,
        "tcdate": 1628592265542,
        "tmdate": 1628602590694,
        "tddate": null,
        "forum": "_A4-JP8d_f",
        "replyto": "Ms_2rnwN8F",
        "invitation": "NeurIPS.cc/2021/Conference/Paper1722/-/Official_Comment",
        "content": {
          "title": "Reply to reviewer",
          "comment": "We thank the reviewer for the thorough review, feedback and useful comments. We will include a section on PSIS. Here, we reply to the comments:\n\nC1: We will include results for ½ divergence to further substantiate our predictions: P1 and P2. That said, however, we find that the growth rate of the f-function is a key defining property of the behavior of f-divergences, and we can generalise the results of our experiments based on this fact. As pointed out in the paper, the exclusive KL divergence depends on the logarithm of the importance weights, whereas mass-covering divergences depend on higher polynomial degrees, which ultimately determine the results.\n\nC2: We thank the reviewer for their suggestion. The main reason to not include 1/2 divergences is clarity and avoiding overloading information in the plots. See reply to C1.\nEach of the lines in figure 3 is the result of fitting the approximation using the variational objective corresponding to the divergence in their label. We will update the text to clarify this point. We will also update the caption to include the degree of the polynomial involved. Some results were left out due to space issues. We will move Fig B1 to the main text.\n\nC3: Results shown in figure 3 and 4 are the average of 50 independent simulations. Regarding Figure 6, we run the experiments with 3 different seeds. We will include standard deviation in table 1. We compute the quantiles in figure 2 as the empirical quantiles in the sample size of size S. In figure 3, the quantiles are empirically computed from 100,000 draws generated from the approximation. We will update the text to include all of this information. \n\nC4: We agree with the reviewer in their assessment. We want to point out that figure 1b is the result of a particular posterior, with fairly low correlation, which explains why exclusive KL behaves that well. In the low-dimensional setting, the inclusive KL does cover the target posterior with a wider and heavier tailed approximation, which is usually a desirable property. \n\nC5-C7:We will update the text and fix these inconsistencies. Thanks for pointing these out."
        },
        "signatures": [
          "NeurIPS.cc/2021/Conference/Paper1722/Authors"
        ],
        "readers": [
          "everyone"
        ],
        "nonreaders": [],
        "writers": [
          "NeurIPS.cc/2021/Conference",
          "NeurIPS.cc/2021/Conference/Paper1722/Authors"
        ]
      },
      {
        "id": "L3uYsU1qmN",
        "original": null,
        "number": 5,
        "cdate": 1629894687201,
        "mdate": null,
        "ddate": null,
        "tcdate": 1629894687201,
        "tmdate": 1629894687201,
        "tddate": null,
        "forum": "_A4-JP8d_f",
        "replyto": "joh-6lJZ5P",
        "invitation": "NeurIPS.cc/2021/Conference/Paper1722/-/Official_Comment",
        "content": {
          "title": "Response",
          "comment": "Thank you very much for your detailed answers.\n\nAfter reading the other reviews and responses, it seems to me that the rebuttal addresses most concerns. For my part, I'm happy with the rebuttal and will increase my score, recommending to 'accept' the paper, accordingly.\n\n"
        },
        "signatures": [
          "NeurIPS.cc/2021/Conference/Paper1722/Reviewer_8K18"
        ],
        "readers": [
          "everyone"
        ],
        "nonreaders": [],
        "writers": [
          "NeurIPS.cc/2021/Conference",
          "NeurIPS.cc/2021/Conference/Paper1722/Reviewer_8K18"
        ]
      },
      {
        "id": "zqw3284Ysb",
        "original": null,
        "number": 6,
        "cdate": 1630258339456,
        "mdate": null,
        "ddate": null,
        "tcdate": 1630258339456,
        "tmdate": 1630258339456,
        "tddate": null,
        "forum": "_A4-JP8d_f",
        "replyto": "QF8BBwJalXQ",
        "invitation": "NeurIPS.cc/2021/Conference/Paper1722/-/Official_Comment",
        "content": {
          "title": "Response",
          "comment": "Thank you for your response. After reading it along with the other reviews and responses I maintain that this is a good paper worthy of acceptance. However, I note that the authors did not reply to my point about the lack of an in-depth treatment of related work, which was really my main issue with the paper. I highly encourage the authors to consider adding this. Nevertheless, this is a good paper and I look forward to seeing how it turns out."
        },
        "signatures": [
          "NeurIPS.cc/2021/Conference/Paper1722/Reviewer_EXRc"
        ],
        "readers": [
          "everyone"
        ],
        "nonreaders": [],
        "writers": [
          "NeurIPS.cc/2021/Conference",
          "NeurIPS.cc/2021/Conference/Paper1722/Reviewer_EXRc"
        ]
      },
      {
        "id": "ReelISzRX_",
        "original": null,
        "number": 7,
        "cdate": 1630359084272,
        "mdate": null,
        "ddate": null,
        "tcdate": 1630359084272,
        "tmdate": 1630359084272,
        "tddate": null,
        "forum": "_A4-JP8d_f",
        "replyto": "L3uYsU1qmN",
        "invitation": "NeurIPS.cc/2021/Conference/Paper1722/-/Official_Comment",
        "content": {
          "title": "response",
          "comment": "Thank you very much for your reply, comments, updated score and review."
        },
        "signatures": [
          "NeurIPS.cc/2021/Conference/Paper1722/Authors"
        ],
        "readers": [
          "everyone"
        ],
        "nonreaders": [],
        "writers": [
          "NeurIPS.cc/2021/Conference",
          "NeurIPS.cc/2021/Conference/Paper1722/Authors"
        ]
      },
      {
        "id": "LYDPySY16cM",
        "original": null,
        "number": 8,
        "cdate": 1630376102915,
        "mdate": null,
        "ddate": null,
        "tcdate": 1630376102915,
        "tmdate": 1630376102915,
        "tddate": null,
        "forum": "_A4-JP8d_f",
        "replyto": "zqw3284Ysb",
        "invitation": "NeurIPS.cc/2021/Conference/Paper1722/-/Official_Comment",
        "content": {
          "title": "related work",
          "comment": "Apologies for the oversight! We will be sure expand our discussion of prior work. While we borrow some ideas from [14,30], the goal of our paper is quite different: to understand the trade-offs and limitations of different choices for variational objective and approximating family. That is, we aim to provide guidance to end-users *before* they run VI, whereas [14,30] primarily* aim to provide accuracy diagnostics for use *after* running VI. In addition, [14,30] focus on low-dimensional examples while our focus is on approximation high-dimensional posterior distributions.\n\n*[14] does recommend using heavy-tailed approximations and [30] does discuss simulation-based calibration. "
        },
        "signatures": [
          "NeurIPS.cc/2021/Conference/Paper1722/Authors"
        ],
        "readers": [
          "everyone"
        ],
        "nonreaders": [],
        "writers": [
          "NeurIPS.cc/2021/Conference",
          "NeurIPS.cc/2021/Conference/Paper1722/Authors"
        ]
      },
      {
        "id": "LLkpTQlMevS",
        "original": null,
        "number": 1,
        "cdate": 1632777125322,
        "mdate": null,
        "ddate": null,
        "tcdate": 1632777125322,
        "tmdate": 1632777125322,
        "tddate": null,
        "forum": "_A4-JP8d_f",
        "replyto": "_A4-JP8d_f",
        "invitation": "NeurIPS.cc/2021/Conference/Paper1722/-/Decision",
        "content": {
          "title": "Paper Decision",
          "decision": "Accept (Poster)",
          "comment": "This paper is concerned with some broad questions in variational inference, namely what variational families should be used (e.g. light-tailed, heavy-tailed, flows) what divergence should be optimized (e.g. inclusive KL, exclusive KL) and how performance could be diagnosed after inference is complete. On a strict technical level, this paper appears to contain few contributions. Nevertheless, reviewers were overall positive about the paper's attempt to establish and support some grand (albeit somewhat informal) themes. These are 1) that mode-seeking divergences are easier to optimize than mode-spanning divergences 2) that this difficulty can be understood by considering the polynomial dependence of the divergence on importance weights and 3) that one can fit a generalized Pareto distribution and use the k statistic to diagnose inference success.\n\nOne weakness identified by several reviewers agreed on was an inadequate discussion of prior work. The paper would be stronger with a better review of prior work related to all three of the themes, here, i.e. on the difficulty of optimizing different divergences, on using different variational families for VI and on inference diagnostics. There are some citations now, but with somewhat cursory discussions. In particular, the paper would be stronger if it was self-contained so that someone not familiar with the PSIS framework can follow it. The authors have agreed to expand their discussion of prior work.\n\nReviewers also had some specific comments about the experimental results (both what was done and the presentation). The authors have also been receptive to this feedback."
        },
        "signatures": [
          "NeurIPS.cc/2021/Conference/Program_Chairs"
        ],
        "readers": [
          "everyone"
        ],
        "nonreaders": [],
        "writers": [
          "NeurIPS.cc/2021/Conference/Program_Chairs"
        ]
      }
    ],
    "directReplies": [
      {
        "id": "VEJQlKNRbGD",
        "original": null,
        "number": 1,
        "cdate": 1625884785845,
        "mdate": null,
        "ddate": null,
        "tcdate": 1625884785845,
        "tmdate": 1625884785845,
        "tddate": null,
        "forum": "_A4-JP8d_f",
        "replyto": "_A4-JP8d_f",
        "invitation": "NeurIPS.cc/2021/Conference/Paper1722/-/Official_Review",
        "content": {
          "rating": "6: Marginally above the acceptance threshold",
          "confidence": "4: You are confident in your assessment, but not absolutely certain. It is unlikely, but not impossible, that you did not understand some parts of the submission or that you are unfamiliar with some pieces of related work.",
          "summary": "This paper provides a statistical tool to analyze different variational inference methods in the f-divergence family. It showed that for high dimensional and low dimensional problems, the behavior of the variational inference methods may differ, and the analysis based on the GPD statistics can suggestion different strategies for different situations. The predictions from this theory were validated by some commonly used models (e.g., linear regression). In summary, this paper can provide useful guidelines for variational inference practitioners.",
          "main_review": "The main novelty of this paper is to use GPD to model the density ratio, which reveals important properties of different variational inference methods in the f-divergence family, which includes the inclusive KL and exclusive KL approaches. This provides a practical tool for people to use for variational inference diagnosis. One particular conclusion from this analysis is that, for moderate-to-high-dimensional posteriors, exclusive KL divergence is a better choice than inclusive KL divergence. These conclusion can be very helpful for people to choose the right variational inference method in different scenarios.",
          "limitations_and_societal_impact": "Here are some more detailed commons of the paper:\n\n1. The three predictions (P1, P2, P3) are reasonable and are verified by some experiments. However, more rigorous proofs or justifications are needed to generalize the conclusions to other applications scenarios. For example, the authors mentioned that application to neural networks is not covered theoretically or empirically. \n\n2. It would be better to provide a table to summarize the conclusions in the paper, for low dimensional and high dimensional problems. Properties and behaviors of different variational inference method could be included in the table, together with the recommended inference method in the f-divergence family.\n\n3. A minor technical issue, in line 103, for the normalized importance weight, there should be a 1/S term in the denominator.\n\n4. A problem in notation: D is used for divergence, but also used for dimension.",
          "needs_ethics_review": "No",
          "ethics_review_area": [],
          "time_spent_reviewing": "4 hours",
          "code_of_conduct": "While performing my duties as a reviewer (including writing reviews and participating in discussions), I have and will continue to abide by the NeurIPS code of conduct."
        },
        "signatures": [
          "NeurIPS.cc/2021/Conference/Paper1722/Reviewer_c7n8"
        ],
        "readers": [
          "everyone"
        ],
        "nonreaders": [],
        "writers": [
          "NeurIPS.cc/2021/Conference",
          "NeurIPS.cc/2021/Conference/Paper1722/Reviewer_c7n8"
        ]
      },
      {
        "id": "A3ld2tFGJo4",
        "original": null,
        "number": 2,
        "cdate": 1626134399019,
        "mdate": null,
        "ddate": null,
        "tcdate": 1626134399019,
        "tmdate": 1626134524092,
        "tddate": null,
        "forum": "_A4-JP8d_f",
        "replyto": "_A4-JP8d_f",
        "invitation": "NeurIPS.cc/2021/Conference/Paper1722/-/Official_Review",
        "content": {
          "rating": "6: Marginally above the acceptance threshold",
          "confidence": "3: You are fairly confident in your assessment. It is possible that you did not understand some parts of the submission or that you are unfamiliar with some pieces of related work. Math/other details were not carefully checked.",
          "summary": "In this paper, the authors study the pre-asymptotic behavior of the density ratios between the joint distribution and the variational approximation. The authors use generalized Pareto distribution to model this density ratio in the pre-asymptotic regime and make three major predictions for how BBVI methods should behave. They verify their predictions through extensive experimentation, and finally, provide actionable advice to BBVI practitioners (use flows with exclusive KL and PSIS as a good default.) ",
          "main_review": "I appreciate the authors for taking up this important direction in BBVI research. In the recent years, the number of components in BBVI methods have increased dramatically and it is important that we, as a community, analyze the existing methods. This paper takes some very concrete steps towards it.\n\nOverall, I like the paper. It is clearly written for most part. However, I have a few concerns and seek explanations.\n\n- Figure 6. I am not sure how to make sense of $\\hat k$ when using flows. Even with exclusive KL, the $\\hat k$ value reaches $\\infty$ for moderate dimensions (less than 100). Still, the relative errors seem to suggest they work better than the other methods. How reliable is $\\hat k$ when comparing different methods while keeping the variational objective same? Since $\\hat k$ value for flows seems to be $\\infty$ for moderately large models, the use of $\\hat k$ as a diagnosis tool is rather limited?  \n - Figure 4b. I don't see the Planar flow and NVP flow lines (Green lines) for Fdiv and Inclusive KL? Were they not calculated because the $\\hat k$ is $\\infty$? If so, I believe something is not consistent. There is Relative error estimates for NVP Flow even though the $\\hat k$ estimate is $\\infty$ for exclusive KL and D = 50. Maybe I missed the explanation somewhere; it will be great if the authors can point it out or provide one. \n - Table 1. I am not entirely sure the bold and the underline are supposed to be. Also, is the entire table only for NVP based method? I could not find, in text or in the table caption, the family that was used for the reported numbers. Are there any error bars for these numbers? \n - Figure 5. Should not there be at least on entry corresponding to the planar and NVP flows for higher dimensions (>30)? Did none of these step sizes converged for flows? If so, how did we get the numbers in Figure 4? \n - At L69, what is $\\hat I$? an unbiased or biased estimator? This is more of a notational consistency issue. ",
          "limitations_and_societal_impact": "Yes",
          "ethical_concerns": "None",
          "needs_ethics_review": "No",
          "ethics_review_area": [],
          "time_spent_reviewing": "3-4 hours",
          "code_of_conduct": "While performing my duties as a reviewer (including writing reviews and participating in discussions), I have and will continue to abide by the NeurIPS code of conduct."
        },
        "signatures": [
          "NeurIPS.cc/2021/Conference/Paper1722/Reviewer_x3v3"
        ],
        "readers": [
          "everyone"
        ],
        "nonreaders": [],
        "writers": [
          "NeurIPS.cc/2021/Conference",
          "NeurIPS.cc/2021/Conference/Paper1722/Reviewer_x3v3"
        ]
      },
      {
        "id": "mVvHe6sFILu",
        "original": null,
        "number": 3,
        "cdate": 1626485674152,
        "mdate": null,
        "ddate": null,
        "tcdate": 1626485674152,
        "tmdate": 1626485674152,
        "tddate": null,
        "forum": "_A4-JP8d_f",
        "replyto": "_A4-JP8d_f",
        "invitation": "NeurIPS.cc/2021/Conference/Paper1722/-/Official_Review",
        "content": {
          "rating": "7: Good paper, accept",
          "confidence": "3: You are fairly confident in your assessment. It is possible that you did not understand some parts of the submission or that you are unfamiliar with some pieces of related work. Math/other details were not carefully checked.",
          "summary": "The paper discusses the accuracy of variational inference and the choices that need to be me made with regard to divergence and approximating family, particularly as they relate to the dimensionality of the problem. Based on an analysis of the pre-asymptotic behavior of the density ratios involved, the authors propose a framework based on Pareto smoothed importance sampling (PSIS) to help practitioners analyze the success of their approximate inference procedure. The authors provide experiments demonstrating general findings for variational inference for a range of divergences and approximate posteriors. ",
          "main_review": "Overall, I found the paper to be quite clear and well-written. I believe the paper to be quite significant as I am not aware of much work on trying to provide a framework for understanding variational inference and the choices that need to be made, particularly in a way that could be used by a practitioner with relative ease. I believe the insights on dimensionality, mode-seeking vs mode-covering, and the differences in the quality of approximation from different approximate posteriors (e.g. MF Gaussian, Student's t, NVP), are novel, valuable and provide good guidance for practitioners and those who regularly use VI in their research.\n\nThe main issue I had with the paper was the lack of a proper review of prior work. The paper does reference some prior work in passing, but it does not really discuss the prior work (for instance [14, 30]) in the detail that I think would be required. For instance, [30] quite similarly proposes using the $\\hat{k}$ obtained from PSIS to evaluate how successful VI is - although they did not analyze different divergences from the standard mode-seeking one nor the effect of dimensionality. I think the paper would really require a proper discussion of these papers, as well as other attempts to assess the quality of VI approximations.\n\nOverall, as someone who focuses on VI in their research, I think this is quite a good paper and represents a useful and needed direction for the field. Therefore I believe the paper deserves acceptance, but I would of course be curious to hear what the other reviewers say.\n\nBelow are some more minor/tangential comments/questions:\n- The authors frequently make reference to the fact that they are interested in the \"pre-asymptotic\" regime. To me it would seem intuitive that this would depend quite significantly on the initialization of the approximating distribution, particularly as the divergences and dimensionality are changed. Do the authors have any intuition as to what the best way of initializing the approximate posterior are for these different cases?\n- For more complex models, it is often the case that there are symmetries that result in many modes that are identical when it comes to predictions, for instance permuting neurons in the same layer of a neural network would result in such modes. In the case of a unimodal approximate posterior, it would in principle therefore be possible to model one of these modes while missing the others in a way that the predictions are actually reflective of the true posterior. It would seem to me that in such a case the $\\hat{k}$ would be quite bad even though the predictions are fine - do the authors have any ideas on how this could be addressed?\n- It seems as though the labels are incorrect for Figs. 2 and 3. For instance, in line 138 Fig. 3a is referred to when I believe Fig. 2 is the correct one. \n- In Table 1, which approximate posterior is being used?\n- l. 259 - \"but it less\"",
          "limitations_and_societal_impact": "The authors addressed some limitations of their work in that the discussion is limited to a typical f-divergences used in the literature and does not discuss all types of posteriors seen in the literature, such as semi-implicit posteriors. While not an extensive discussion, I found this description of limitations to be adequate for the goals of the work. I am not aware of potential negative societal impacts for this work.",
          "needs_ethics_review": "No",
          "ethics_review_area": [],
          "time_spent_reviewing": "8",
          "code_of_conduct": "While performing my duties as a reviewer (including writing reviews and participating in discussions), I have and will continue to abide by the NeurIPS code of conduct."
        },
        "signatures": [
          "NeurIPS.cc/2021/Conference/Paper1722/Reviewer_EXRc"
        ],
        "readers": [
          "everyone"
        ],
        "nonreaders": [],
        "writers": [
          "NeurIPS.cc/2021/Conference",
          "NeurIPS.cc/2021/Conference/Paper1722/Reviewer_EXRc"
        ]
      },
      {
        "id": "Ms_2rnwN8F",
        "original": null,
        "number": 4,
        "cdate": 1626523640351,
        "mdate": null,
        "ddate": null,
        "tcdate": 1626523640351,
        "tmdate": 1629894707569,
        "tddate": null,
        "forum": "_A4-JP8d_f",
        "replyto": "_A4-JP8d_f",
        "invitation": "NeurIPS.cc/2021/Conference/Paper1722/-/Official_Review",
        "content": {
          "rating": "7: Good paper, accept",
          "confidence": "4: You are confident in your assessment, but not absolutely certain. It is unlikely, but not impossible, that you did not understand some parts of the submission or that you are unfamiliar with some pieces of related work.",
          "summary": "The authors propose a conceptual framework and design guidelines for variational inference based on the pre-asymptotic tail behaviour of the unnormalized importance weight. This framework is used to study the behaviour of commonly variational families and f-divergences in mid-to-high dimensions. The authors observe that mass-covering divergences, while often superior theoretically and for low dimensional problems, are hard to optimize in mid-to-high dimensions compared to the mode-seeking exclusive KL-divergence. These observations are consistent with the prediction made using their framework based on estimating the tail-index of the best-fit generalized pareto distribution.",
          "main_review": "**Originality and Significance:**\nAs far as I can tell, the proposed framework does not contain novel contributions on a technical level, i.e. the work builds heavily on previous work on pareto smoothed importance sampling (PSIS) [1] and PSIS based diagnostics [2] (as adequately cited by the authors), and the authors use standard estimators for the different f-divergences and their gradients.\nThat said, I believe there is value, especially for new partitioners, in presenting the above in a coherent and unified framework. The presented framework makes it easy to study the behaviour of commonly used variational families and divergences and helps making educated predictions based on the order of the (estimated) tail index and f-divergence. Hence, I do believe the setup and presentation are original and valuable for the community.\n\n**Clarity:**\nThe writing of the paper is clear and easy to follow.\nOne thing that I noticed is that the authors do not explain how to actually use the PSIS correction to improve the estimator. Adding a paragraph explaining this would make the paper more self-contained and enable readers not familiar with [1, 2] to better understand the experiments.\n\n**Quality:**\nOverall, the methodology is technically sound and the observations and conclusions drawn by the authors seems correct but sometimes slightly to general. \n\nSpecifically, the statements P1, P2 made in section 3.3 are too general to be supported by the actual experiments.\n- While *P1* mention 'mode-seeking'-divergences and 'mass-covering'-divergences the experiments only evaluate the exclusive KL-divergence as an example for 'mode-seeking' and the inclusive KL-divergence and $\\chi^2$-divergence as examples for 'mass-covering' divergences. The experiments are still insightful, but the claim should be less general to be supported by the actual experiments.\nThe main text mentions additional results for the other divergences in the appendix, however, the appendix does only include additional results for the evaluation presented in Figure 3c, but not for for the evaluations presented in Figure 3a and 3b.\n- The claim made in *P2* would be better supported if the plot in the main text would include the results for the $1/2$-divergence (mentioned on Line 194) and the importance weight $w$ itself. The corresponding plot for Figure 3c can be found in the appendix (Figure B.1.). \n   - Is there a reason why these results are not reported? \n   - For each of the line plots in Figure 3, what was the variational objective used for training? The figures in the appendix are explicit about what variational objective was used. It would be helpful to mention this in the figure caption in the main text as well. \n  - For clarity it would also be helpful to include the degree of the variational objective in the legend similar to the figure in the appendix.\n\nIt is also unclear to me if the results are averaged over multiple independently trained models. Given that this paper consideres non-convex stochastic optimization, I consider this necessary to reach any conclusions. Specifically,\n- Figure 4, Figure 6 and Table 1 do not report any metric of variability and I can not find any statement in the text mentioning if the presented values are averages over multiple runs.\n- How are the confidence intervals computed in Figure 2?\n- How is the reported variance computed in Figure 3?\n\nSome clarification would be helpful here.\n\n\n**Additional Questions and Comments:**\n- Regarding the intuition gained by observing the distance from the mode (Figure 1): The overlap between the distribution over distances from the mode is already less for the inclusive KL-divergence in 2D and this difference seems to carries over to the higher dimensional examples.  Even the 2D illustration does not give the impression that the approximation based on the inclusive KL would do better w.r.t. this metric (overlap between distributions over distances). For other metrics, i.e. the variance of the resulting importance weight, I'd agree that the approximation based on the inclusive KL-divergence seems preferable. Overall, I'm not sure how Figure 1 demonstrates that 'the benefits of heavy-tailed approximate families and divergences favoring mass-covering behaviour diminishes as the dimensionality of the target distribution increases'.\nAm I missing something here?\n- Figure 1; caption: The approximation is red for the exclusive KL and green for the inclusive KL but the caption only mentions that the approximation is shown in red.\n- Line 38, 29; some words seem to be missing in that sentence. 'the benefits of heavy-tailed approximate families and divergences favoring mass-covering *behavior* diminishes as *the* dimensionality of the target distribution increases.\n- Line 205: I think this should reference Figure 3a instead of Figure 2\n\n\n*[1] Aki Vehtari, Daniel Simpson, Andrew Gelman, Yao Yuling, and Jonah Gabry. Pareto smoothed importance sampling. arXiv preprint arXiv:1507.02646, 2019.*\n\n*[2] Yuling Yao, Aki Vehtari, Daniel Simpson, and Andrew Gelman. Yes, but did it work?: Evalu- ating variational inference. In Proceedings of the 35th International Conference on Machine Learning, volume 80 of Proceedings of Machine Learning Research, pages 5581–5590. PMLR, 2018.*\n",
          "limitations_and_societal_impact": "adequate",
          "needs_ethics_review": "No",
          "ethics_review_area": [],
          "time_spent_reviewing": "5",
          "code_of_conduct": "While performing my duties as a reviewer (including writing reviews and participating in discussions), I have and will continue to abide by the NeurIPS code of conduct."
        },
        "signatures": [
          "NeurIPS.cc/2021/Conference/Paper1722/Reviewer_8K18"
        ],
        "readers": [
          "everyone"
        ],
        "nonreaders": [],
        "writers": [
          "NeurIPS.cc/2021/Conference",
          "NeurIPS.cc/2021/Conference/Paper1722/Reviewer_8K18"
        ]
      },
      {
        "id": "LLkpTQlMevS",
        "original": null,
        "number": 1,
        "cdate": 1632777125322,
        "mdate": null,
        "ddate": null,
        "tcdate": 1632777125322,
        "tmdate": 1632777125322,
        "tddate": null,
        "forum": "_A4-JP8d_f",
        "replyto": "_A4-JP8d_f",
        "invitation": "NeurIPS.cc/2021/Conference/Paper1722/-/Decision",
        "content": {
          "title": "Paper Decision",
          "decision": "Accept (Poster)",
          "comment": "This paper is concerned with some broad questions in variational inference, namely what variational families should be used (e.g. light-tailed, heavy-tailed, flows) what divergence should be optimized (e.g. inclusive KL, exclusive KL) and how performance could be diagnosed after inference is complete. On a strict technical level, this paper appears to contain few contributions. Nevertheless, reviewers were overall positive about the paper's attempt to establish and support some grand (albeit somewhat informal) themes. These are 1) that mode-seeking divergences are easier to optimize than mode-spanning divergences 2) that this difficulty can be understood by considering the polynomial dependence of the divergence on importance weights and 3) that one can fit a generalized Pareto distribution and use the k statistic to diagnose inference success.\n\nOne weakness identified by several reviewers agreed on was an inadequate discussion of prior work. The paper would be stronger with a better review of prior work related to all three of the themes, here, i.e. on the difficulty of optimizing different divergences, on using different variational families for VI and on inference diagnostics. There are some citations now, but with somewhat cursory discussions. In particular, the paper would be stronger if it was self-contained so that someone not familiar with the PSIS framework can follow it. The authors have agreed to expand their discussion of prior work.\n\nReviewers also had some specific comments about the experimental results (both what was done and the presentation). The authors have also been receptive to this feedback."
        },
        "signatures": [
          "NeurIPS.cc/2021/Conference/Program_Chairs"
        ],
        "readers": [
          "everyone"
        ],
        "nonreaders": [],
        "writers": [
          "NeurIPS.cc/2021/Conference/Program_Chairs"
        ]
      }
    ]
  }
}