{
  "id": "_IY3_4psXuf",
  "original": "v8-XvbHQ9_8",
  "number": 8538,
  "cdate": 1621630166692,
  "ddate": null,
  "tcdate": 1621630166692,
  "tmdate": 1697937411193,
  "tddate": null,
  "forum": "_IY3_4psXuf",
  "replyto": null,
  "invitation": "NeurIPS.cc/2021/Conference/-/Blind_Submission",
  "content": {
    "title": "Decoupling the Depth and Scope of Graph Neural Networks",
    "authorids": [
      "~Hanqing_Zeng1",
      "~Muhan_Zhang1",
      "~Yinglong_Xia1",
      "~Ajitesh_Srivastava1",
      "~Andrey_Malevich1",
      "~Rajgopal_Kannan1",
      "~Viktor_Prasanna1",
      "~Long_Jin2",
      "~Ren_Chen1"
    ],
    "authors": [
      "Hanqing Zeng",
      "Muhan Zhang",
      "Yinglong Xia",
      "Ajitesh Srivastava",
      "Andrey Malevich",
      "Rajgopal Kannan",
      "Viktor Prasanna",
      "Long Jin",
      "Ren Chen"
    ],
    "keywords": [
      "Graph Representation Learning",
      "Subgraph Mining",
      "Expressive Power",
      "Scalability"
    ],
    "TL;DR": "Old GNN models + New data perspective = Surpassing 1-WL, Avoiding oversmoothing & Overcoming neighborhood explosion",
    "abstract": "State-of-the-art Graph Neural Networks (GNNs) have limited scalability with respect to the graph and model sizes. On large graphs, increasing the model depth often means exponential expansion of the scope (i.e., receptive field). Beyond just a few layers, two fundamental challenges emerge:  1. degraded expressivity due to oversmoothing, and 2. expensive computation due to neighborhood explosion. We propose a design principle to decouple the depth and scope of GNNs – to generate representation of a target entity (i.e., a node or an edge), we first extract a localized subgraph as the bounded-size scope, and then apply a GNN of arbitrary depth on top of the subgraph. A properly extracted subgraph consists of a small number of critical neighbors, while excluding irrelevant ones. The GNN, no matter how deep it is, smooths the local neighborhood into informative representation rather than oversmoothing the global graph into “white noise”. Theoretically, decoupling improves the GNN expressive power from the perspectives of graph signal processing (GCN), function approximation (GraphSAGE) and topological learning (GIN). Empirically, on seven graphs (with up to 110M nodes) and six backbone GNN architectures, our design achieves significant accuracy improvement with orders of magnitude reduction in computation and hardware cost.",
    "submission_history": "",
    "submission_history_-_venue_and_year": "",
    "code_of_conduct": "I certify that all co-authors of this work have read and commit to adhering to the NeurIPS Statement on Ethics, Fairness, Inclusivity, and Code of Conduct.",
    "paperhash": "zeng|decoupling_the_depth_and_scope_of_graph_neural_networks",
    "pdf": "/pdf/83666b11b7dac383bb74bdab0e6faf417e0cdc2b.pdf",
    "submission_history_-_improvements_made": "",
    "checklist": "",
    "supplementary_material": "/attachment/10d6e1cc7a420c107e6d97a19ff1081b64b1e808.pdf",
    "code": "https://github.com/facebookresearch/shaDow_GNN",
    "thumbnail": "",
    "community_implementations": "[![CatalyzeX](/images/catalyzex_icon.svg) 1 code implementation](https://www.catalyzex.com/paper/arxiv:2201.07858/code)",
    "_bibtex": "@inproceedings{\nzeng2021decoupling,\ntitle={Decoupling the Depth and Scope of Graph Neural Networks},\nauthor={Hanqing Zeng and Muhan Zhang and Yinglong Xia and Ajitesh Srivastava and Andrey Malevich and Rajgopal Kannan and Viktor Prasanna and Long Jin and Ren Chen},\nbooktitle={Advances in Neural Information Processing Systems},\neditor={A. Beygelzimer and Y. Dauphin and P. Liang and J. Wortman Vaughan},\nyear={2021},\nurl={https://openreview.net/forum?id=_IY3_4psXuf}\n}",
    "venue": "NeurIPS 2021 Poster",
    "venueid": "NeurIPS.cc/2021/Conference"
  },
  "signatures": [
    "NeurIPS.cc/2021/Conference"
  ],
  "readers": [
    "everyone"
  ],
  "nonreaders": [],
  "writers": [
    "NeurIPS.cc/2021/Conference"
  ],
  "mdate": null,
  "tauthor": "OpenReview.net",
  "pdate": 1636492667831,
  "odate": 1636492667785,
  "details": {
    "overwriting": [],
    "tags": [],
    "writable": false,
    "replyCount": 11,
    "directReplyCount": 4,
    "revisions": true,
    "replies": [
      {
        "id": "SVK6joKSDiY",
        "original": null,
        "number": 1,
        "cdate": 1626351876250,
        "mdate": null,
        "ddate": null,
        "tcdate": 1626351876250,
        "tmdate": 1626351985102,
        "tddate": null,
        "forum": "_IY3_4psXuf",
        "replyto": "_IY3_4psXuf",
        "invitation": "NeurIPS.cc/2021/Conference/Paper8538/-/Official_Review",
        "content": {
          "rating": "6: Marginally above the acceptance threshold",
          "confidence": "4: You are confident in your assessment, but not absolutely certain. It is unlikely, but not impossible, that you did not understand some parts of the submission or that you are unfamiliar with some pieces of related work.",
          "summary": "This paper explores on approach of decoupling depth and scope of GNNs. To mitigate degraded expressivity due to over smoothing and expensive computation due to neighborhood explosion, their shadow-GNN approach first extracts a localized subgraph around each target entity (node or edge) and apply a GNN of arbitrary depth on top of the extracted subgraph. They do some theoretical analysis to show this combats over smoothing and increases expressivity. They also performs experiments and show state-of-the-art performance on benchmarks.",
          "main_review": "Originality: This is a simple and not completely novel approach (effectively it is running a GNN on a new altered graph) but the level of analysis and the experiments are novel and contributed original insights. I haven’t seen this detailed work around this approach and analysis before.\n\nQuality: The work is thorough and of high quality. The analysis is useful and careful. I do think a better comparison to graph-altering work could be interesting. \n\nClarity: This paper is clear but also a little bit unnecessarily complicated. For example, I suppose EXTRACT_1 and EXTRACT_2 are 1 and 2 hops respectively, but I don’t think that’s defined. But overall I think they’re doing a good job.\n\nSignificance: I believe this is significant work that analyses a core aspect of graph learning in a helpful and insightful way. It provides clear take-aways and good experiments. However, I believe it should include a little bit of discussion around the results. To some extent, being more powerful is somewhat misleading in the sense that we’re restricting (altering) the graph via EXTRACT, so we’re giving the NN more (conditional on human choices and adding additional bias) information. \n",
          "limitations_and_societal_impact": "Not addressed. ",
          "ethical_concerns": "None.",
          "needs_ethics_review": "No",
          "ethics_review_area": [],
          "time_spent_reviewing": "4",
          "code_of_conduct": "While performing my duties as a reviewer (including writing reviews and participating in discussions), I have and will continue to abide by the NeurIPS code of conduct."
        },
        "signatures": [
          "NeurIPS.cc/2021/Conference/Paper8538/Reviewer_CVVn"
        ],
        "readers": [
          "everyone"
        ],
        "nonreaders": [],
        "writers": [
          "NeurIPS.cc/2021/Conference",
          "NeurIPS.cc/2021/Conference/Paper8538/Reviewer_CVVn"
        ]
      },
      {
        "id": "TDsiXEWpS5g",
        "original": null,
        "number": 2,
        "cdate": 1626434491038,
        "mdate": null,
        "ddate": null,
        "tcdate": 1626434491038,
        "tmdate": 1626434491038,
        "tddate": null,
        "forum": "_IY3_4psXuf",
        "replyto": "_IY3_4psXuf",
        "invitation": "NeurIPS.cc/2021/Conference/Paper8538/-/Official_Review",
        "content": {
          "rating": "9: Top 15% of accepted NeurIPS papers, strong accept",
          "confidence": "4: You are confident in your assessment, but not absolutely certain. It is unlikely, but not impossible, that you did not understand some parts of the submission or that you are unfamiliar with some pieces of related work.",
          "summary": "The authors propose a new approach to graph neural models that decouples layer depth and vertex receptive field: a subgraph is extracted for each vertex, and vertex representations are produced for each vertex via a multi-layer graph convolutional network. Authors theoretically prove better expressive capabilities of their approach, and reduced computational cost on very large-scale datasets. Experimental results show consistent improvement on graph classification tasks. \n\n",
          "main_review": "While other approaches to graph sampling in order to reduce computational cost on large-scale graphs have been proposed, this paper appears to be the first to frame it as a strategy to decouple GNN layer depth and vertex receptive field. Furthermore, their approach allows for more representative models with respect to graph features, since graph extraction strategies can produce non 1-WL isomorphic subgraphs.\nThe paper is clearly written, with design choices justified by theoretical proofs; experiments are rigorously conducted on well-established vertex classification tasks, showing overall improvements both regarding accuracy and computational cost with respect to common graph models (while a rigorous theoretical evaluation of cost is provided, it would have been interesting to show also empirical training/inference times).\nDue to the significant advantage in relation to computational cost and memory requirements, the proposed methodology is likely to impact significantly on large-scale (i.e. >millions vertices) graph tasks.\n",
          "limitations_and_societal_impact": "No negative societal impact to report.",
          "needs_ethics_review": "No",
          "ethics_review_area": [],
          "time_spent_reviewing": "3  hours",
          "code_of_conduct": "While performing my duties as a reviewer (including writing reviews and participating in discussions), I have and will continue to abide by the NeurIPS code of conduct."
        },
        "signatures": [
          "NeurIPS.cc/2021/Conference/Paper8538/Reviewer_zi5m"
        ],
        "readers": [
          "everyone"
        ],
        "nonreaders": [],
        "writers": [
          "NeurIPS.cc/2021/Conference",
          "NeurIPS.cc/2021/Conference/Paper8538/Reviewer_zi5m"
        ]
      },
      {
        "id": "Yedd4z0YN8e",
        "original": null,
        "number": 3,
        "cdate": 1626697347497,
        "mdate": null,
        "ddate": null,
        "tcdate": 1626697347497,
        "tmdate": 1626697347497,
        "tddate": null,
        "forum": "_IY3_4psXuf",
        "replyto": "_IY3_4psXuf",
        "invitation": "NeurIPS.cc/2021/Conference/Paper8538/-/Official_Review",
        "content": {
          "rating": "5: Marginally below the acceptance threshold",
          "confidence": "4: You are confident in your assessment, but not absolutely certain. It is unlikely, but not impossible, that you did not understand some parts of the submission or that you are unfamiliar with some pieces of related work.",
          "summary": "This paper proposes a design principle to decouple the depth and scope of graph neural networks (GNN). The proposed approach first extracts a localized subgraph for each target node as a bounded-size receptive field and then applies a GNN of arbitrary depth on top of the subgraph. Such decoupling improves the expressive power of popular GNN architectures including GCN, GraphSAGE and GIN. On seven graphs and six backbone GNN architectures, the design achieves state-of-the-art accuracy with a reduction in computation cost.",
          "main_review": "Strengths\n- The performance of the proposed approach is significantly better than the baselines for various backbone GNNs.\n- The authors present theoretical analysis on the expressive power of the proposed design principle.\n- Experiments are presented for both node classification and link prediction, which are representative problems in the graph domain.\n\nWeaknesses\n- Most of the theoretical analysis is straightforward (details in the next section).\n- The idea of decoupling depth and scope of GNNs is not new, especially from the perspective of sampling neighborhoods such as in FastGCN [6].\n- There are experiments only with base GNN models. If the performance gain is because the proposed approach addresses the oversmoothing problem, a comparison should be made with recent approaches for the same purpose:\n--- PairNorm: Tackling Oversmoothing in GNNs [ICLR 2020]\n--- Scattering GCN: Overcoming Oversmoothness in Graph Convolutional Networks [NeurIPS 2020]\n--- Towards Deeper Graph Neural Networks [KDD 2020]\n",
          "limitations_and_societal_impact": "I’m not sure whether Theorem 3.2 is useful. If we use a small subgraph around each node for inference, the prediction is made by the features of nodes contained in the subgraph. Then, it is straightforward that two nodes in different subgraphs make different representations, as they combine different sets of node features. The theorem is useful only if the authors provide the exact condition that makes the two representations the same or different.\n\nThe authors say in Section 3.2 that “SHADOW-SAGE can approximate \\tau with error decaying exponentially with the model depth,” but the error bound is not given. It is not clear when GraphSAGE fails at expressing the tau function, and how exactly SHADOW-SAGE performs better. The authors should rewrite Section 3.2 and provide formal theorems and proofs.\n\nI’m not sure Theorem 3.3 is a fair comparison between SHADOW-GNN and the WL test, because making the subgraph for each node makes a severe limitation on the expressiveness. For instance, consider two graphs with the same node features having the following edge sets:\n■\tE1 = {(a, c), (b, c), (c, d)}\n■\tE2 = {(e, f), (f, g)}\n\nThen, SHADOW-GNN described in the paper cannot distinguish between d and g, as it looks at only the direct neighborhood of each node. I think there is no single setting that SHADOW-GNN generalizes 1-WL in any cases, unlike the conclusion that the paper implies.\n",
          "needs_ethics_review": "No",
          "ethics_review_area": [],
          "time_spent_reviewing": "4",
          "code_of_conduct": "While performing my duties as a reviewer (including writing reviews and participating in discussions), I have and will continue to abide by the NeurIPS code of conduct."
        },
        "signatures": [
          "NeurIPS.cc/2021/Conference/Paper8538/Reviewer_k7tB"
        ],
        "readers": [
          "everyone"
        ],
        "nonreaders": [],
        "writers": [
          "NeurIPS.cc/2021/Conference",
          "NeurIPS.cc/2021/Conference/Paper8538/Reviewer_k7tB"
        ]
      },
      {
        "id": "CClIWPDfBEB",
        "original": null,
        "number": 1,
        "cdate": 1628619866459,
        "mdate": null,
        "ddate": null,
        "tcdate": 1628619866459,
        "tmdate": 1629565317600,
        "tddate": null,
        "forum": "_IY3_4psXuf",
        "replyto": "Yedd4z0YN8e",
        "invitation": "NeurIPS.cc/2021/Conference/Paper8538/-/Official_Comment",
        "content": {
          "title": "[Part 1] Authors' Response to Reviewer k7tB",
          "comment": "We thank the reviewer for the insightful and constructive feedback. We address each of the concerns in the following.\n\n> Most of the theoretical analysis is straightforward\n\nPlease see below for detailed responses to each of the reviewer’s concerns on the theorems. \n\n> The idea of decoupling depth and scope of GNNs is not new, especially from the perspective of sampling neighborhoods such as in FastGCN [6].\n\nOur shaDow-GNN is fundamentally different from sampling approaches. We have described their differences in Sections 1 and 4. We restate the key points here:\n1. Despite both changing the receptive field, sampling approaches aim to efficiently approximate some quantities related to the full graph (such as approximating the aggregation of the full $L$-hop neighborhood), while shaDow-GNN inherently does not aim at estimating any full-graph quantities because it is designed to look at only locally related subgraphs. This conceptually distinguishes shaDow-GNN from sampling approaches.\n2. Sampling approaches can only accelerate the training computation, while shaDow-GNN naturally accelerates both the training and inference. Training (multiple epochs) is more tolerant to the information loss from sampling, while inference generates the predictions only once. That’s why practical implementations of sampling approaches apply sampling only during training, but not during inference (in order to avoid significant accuracy loss). In contrast, shaDow-GNN applies the same EXTRACT function on both the training and test data. This explains why shaDow-GNN achieves significant reduction in inference computation cost, even compared with sampling based models such as GraphSAINT (see Table 1). \n3. **Sampling approaches do not decouple the depth and scope of GNNs** -- the receptive field of an $L$-layer FastGCN is still (on expectation) the full $L$-hop neighborhood. In contrast, the key insight of shaDow-GNN is to decouple the depth and scope, which allows using $L’$-layer GNNs on the $L$-hop neighborhood (where $L’>L$).\n\n> If the performance gain is because the proposed approach addresses the oversmoothing problem, a comparison should be made with recent approaches for the same purpose\n\nOur current experiments have already covered some recent models / techniques to address oversmoothing.\n* The Table 1 baselines have all been tuned with DropEdge [38], a popular regularization technique to address oversmoothing. The tuning procedure is detailed in Appendix E.4. \n* In Appendix F.2, Table 12 shows a comparison with the JK-Net [50] backbone. Jumping Knowledge is a popular skip-connection architecture which can address oversmoothing (see lines 932 to 934). \n\nNevertheless, we thank the reviewer for mentioning other related works. In our original submission, we have cited PairNorm and “Towards Deeper Graph Neural Networks” (i.e. DAGNN). We will cite “Scattering GCN” in our next revision. In the following table, we present additional experimental results for PairNorm and DAGNN (for DAGNN, we tune its order in the range of {1, 3, 5, 10}). Due to the time constraint, we cannot finish the evaluation on Scattering GCN. \n\n\n|          | Flickr | Reddit | ogbn-arxiv | \n| ------- | ------- | -------- |  ------------- |\n| GCN (PairNorm) L = 3 | 0.5165 | 0.9540 | 0.7159 |\n| GCN (PairNorm) L = 5 | 0.5210 | 0.9529 | 0.7167 | \n| GCN (DropEdge) L = 3 | 0.5159 | 0.9532 | 0.7170 |\n| GCN (DropEdge) L = 5 | 0.5217 | 0.9495 | 0.7186 |\n| DAGNN | 0.4973 | 0.9302 | 0.7051 |\n\n\n*Conclusion from the above table*: Compared with the normal GCN (non-shaDow version), applying PairNorm or using DAGNN does not bring additional accuracy gains. As our original GCN baselines have already been fine-tuned with DropEdge, oversmoothing has been addressed to a large extent even without PairNorm and DAGNN. We also find that the DAGNN accuracy is lower: Even though DAGNN addresses oversmoothing, its expressive power may be limited due to the lack of trainable parameters in the message passing steps. For shaDow-GCN, its performance gains w.r.t. accuracy and efficiency have already been evaluated and explained in detail in Section 5. \n\nNote that Figure 2 directly shows the empirical benefits brought by non-oversmoothing of shaDow-GNN. \n\n> I’m not sure whether Theorem 3.2 is useful. If we use a small subgraph around each node for inference, the prediction is made by the features of nodes contained in the subgraph. Then, it is straightforward that two nodes in different subgraphs make different representations, as they combine different sets of node features. \n\nThe reviewer’s summary is consistent with the intuition we have provided in Section 3.1 (lines 157 to 161). While the intuition is simple, it still takes a considerable amount of careful thinking to rigorously formulate and prove it (see Appendix A.1 for details). \n\nDespite conveying a simple intuition,Theorem 3.2 is still useful. Firstly, it directly proves that shaDow-GNN does not oversmooth in the general setting. The condition on EXTRACT is also mild (see our response to the next point). Secondly, from Theorem 3.2 and the analysis in Section 3.1, we see how structure and feature information each play their role in the non-oversmoothed embeddings. From Proposition 3.1 and its analysis (lines 162 to 167), we see how a deep shaDow-GCN preserves rich structure information. Then, since Theorem 3.2 holds for any structure-based $\\phi_G(v)$ function, we conclude that preserving feature information is indeed another key reason for the final embeddings being distinguishable. \n\n> The theorem is useful only if the authors provide the exact condition that makes the two representations the same or different.\n\nThe exact condition has been specified in Theorem 3.2 and its corollaries -- EXTRACT needs to return non-identical subgraphs for different target nodes. Such a condition is mild and can be empirically satisfied by practical EXTRACT functions. To support our claim, we additionally perform the following experiment. Given a graph, we randomly pick a target node $v$ and obtain its $G_{[v]}$. We then compare $G_{[v]}$ with $G_{[u]}$ for all $u \\neq v$ in the graph. We report on expectation, how many $G_{[u]}$ are identical to $G_{[v]}$. For the PPR based EXTRACT following Table 8’s hyperparameters, the expected number of $u$ such that $G_{[u]} = G_{[v]}$ is: 0.0155 (Reddit), 0.219 (ogbn-arxiv) and 0.1235 (ogbn-products). This means, on ogbn-products of millions of nodes, only less than 1 (0.1235 in expectation) pair of nodes will have the same subgraph, which is negligible.   \n\n(Please proceed to [Part 2] ...)"
        },
        "signatures": [
          "NeurIPS.cc/2021/Conference/Paper8538/Authors"
        ],
        "readers": [
          "everyone"
        ],
        "nonreaders": [],
        "writers": [
          "NeurIPS.cc/2021/Conference",
          "NeurIPS.cc/2021/Conference/Paper8538/Authors"
        ]
      },
      {
        "id": "etmMslSeWGb",
        "original": null,
        "number": 2,
        "cdate": 1628621286690,
        "mdate": null,
        "ddate": null,
        "tcdate": 1628621286690,
        "tmdate": 1628629749405,
        "tddate": null,
        "forum": "_IY3_4psXuf",
        "replyto": "CClIWPDfBEB",
        "invitation": "NeurIPS.cc/2021/Conference/Paper8538/-/Official_Comment",
        "content": {
          "title": "[Part 2] Authors' Response to Reviewer k7tB",
          "comment": "(Continue from [Part 1])\n\n> It is not clear when GraphSAGE fails at expressing the $\\tau$ function\n\nAccording to the reasoning in Section 3.2, GraphSAGE can express $\\tau$ only if the following two conditions are satisfied:\n1. $\\tau$’s input $G_{[v]}$ is the $L$-hop neighborhood of $v$\n2. There exists a linear combination of the row vectors $A_{v,:}^{\\ell}$ (where $1\\leq \\ell \\leq L$) generating the coefficients of the linear function $\\tau$. \n\nThe above conditions are quite restrictive -- only very special neighborhood structures may satisfy condition 2. In our example in Appendix A.3, even when $G_{[v]}$ is a regular subgraph (i.e., $A$ has identical entries), the linear combination of $A_{v,:}^{\\ell}$ still cannot generate a uniform coefficient vector. In general, condition 2 is not satisfied and thus GraphSAGE cannot express $\\tau$. \n\n(Note that there is a typo in the equations below line 696, Appendix A.3. The three rows should be as follows (i.e., a permuted version of the original writing)\n\n$1, 0, 0, 0, 0, 0, 0, 0$\n\n$0, \\frac{1}{3}, \\frac{1}{3}, 0, \\frac{1}{3}, 0, 0, \\frac{1}{3}$ \n\n$\\frac{1}{3}, \\frac{1}{9}, \\frac{1}{9}, \\frac{1}{9}, 0, \\frac{1}{9}, \\frac{1}{9}, \\frac{1}{9}$\n)\n\n> The authors say in Section 3.2 that “SHADOW-SAGE can approximate $\\tau$ with error decaying exponentially with the model depth,” but the error bound is not given...\n>It is not clear … how exactly SHADOW-SAGE performs better.\n\nThe error bound can be straightforwardly obtained by applying the theory of Markov chain. For the sake of reader’s interest, we provide a brief proof sketch in the following.\n\nDue to the way GraphSAGE (or shaDow-SAGE) normalizes the adjacency matrix $A$, we can regard $A$ as the transition matrix of a Markov chain. The coefficients of the linear function $\\tau$ equal the stationary distribution of such a Markov chain. Therefore, we can use the convergence theorem of Markov chain to characterize the convergence of $A^{L’}$ towards $\\tau$’s coefficients. We can also use the mixing time of the Markov chain to derive the error bound of shaDow-SAGE. All detailed mathematical derivations can be found in [26]. We now make a brief summary. \n1. Directly applying Theorem 4.9 of [26], we know that the error of shaDow-SAGE approximating $\\tau$ reduces exponentially with the model depth (where model depth corresponds to transition step in the Markov chain). As the convergence theorem of Markov chain does not depend on the initial state, the exponential decaying of the approximation error also holds for any node feature $X_{[v]}$. \n2. From Equation 4.36 of [26], we can directly relate the mixing time of Markov chain with the required shaDow-SAGE depth to reach any $\\epsilon$ error. \n3. Now we only need to characterize the mixing time to derive the final error bound of shaDow-SAGE. By Theorem 12.3 of [26], the mixing time can be bounded by the “absolute spectral gap” of the transition matrix (i.e., the normalized subgraph adjacency matrix). Note that 1. the absolute spectral gap is calculated from the eigenvalues of the transition matrix. 2. Theorem 12.3 applies when the Markov chain is reversible. Such a condition is satisfied by the GraphSAGE style of normalization. \n\nPutting the above three points together, it is straightforward to derive the mathematical expression for the error bound of shaDow-SAGE. Since the OpenReview platform has limited support for math equations, we omit the step-by-step equations here. \n\n> The authors should rewrite Section 3.2 and provide formal theorems and proofs.\n\nThanks for the suggestion. We will do that in the next revision. \n\n> I’m not sure Theorem 3.3 is a fair comparison between SHADOW-GNN and the WL test, because making the subgraph for each node makes a severe limitation on the expressiveness. I think there is no single setting that SHADOW-GNN generalizes 1-WL in any cases, unlike the conclusion that the paper implies.\n\n*Theorem 3.3 is correct and fair.* In statistical learning theory, when we compare the capacity or discriminating power of two classifiers, we are comparing two *function classes*, instead of two function realizations. A function class contains a set of functions with tunable hyperparameters and learnable parameters. Here, shaDow-GNN is a function class with $L$, $L’$ being its hyperparameters, and 1-WL (as a classifier) is also a function class with the number of iterations being its hyperparameter. When we state shaDow-GNN is more expressive than 1-WL, we mean the following: \n1. For all target nodes and graphs, if there exists some function in the 1-WL function class capable of discriminating the target nodes, then we can always find the corresponding shaDow-GNN model (i.e. find the corresponding $L$ and $L’$) in the shaDow-GNN function class to discriminate such target nodes. \n2. There exists some target nodes in some graph, where no function in the 1-WL function class can discriminate the target nodes, while some function in the shaDow-GNN function class can discriminate the target nodes. \n\nNow, it should be clear from Appendix A.2 that shaDow-GNN is more discriminative than 1-WL. The proof exactly follows the two points above. \n\n> For instance, consider two graphs with the same node features having the following edge sets: ■ E1 = {(a, c), (b, c), (c, d)} ■ E2 = {(e, f), (f, g)}. Then, SHADOW-GNN described in the paper cannot distinguish between d and g, as it looks at only the direct neighborhood of each node. \n\nBased on the above clarification, $L$ of shaDow-GNN is a hyperparameter and is not restricted to 1. In the reviewer’s example, although an $L=1$ shaDow-GNN cannot discriminate $d$ and $g$, a shaDow-GNN with $L=2$ (and $L’>L$) can. Similarly, a 1-WL with 1 iteration also cannot discriminate $d$ and $g$, but a 1-WL with more than 2 iterations can do so."
        },
        "signatures": [
          "NeurIPS.cc/2021/Conference/Paper8538/Authors"
        ],
        "readers": [
          "everyone"
        ],
        "nonreaders": [],
        "writers": [
          "NeurIPS.cc/2021/Conference",
          "NeurIPS.cc/2021/Conference/Paper8538/Authors"
        ]
      },
      {
        "id": "KKcgW6JXTtL",
        "original": null,
        "number": 3,
        "cdate": 1628621425502,
        "mdate": null,
        "ddate": null,
        "tcdate": 1628621425502,
        "tmdate": 1628621425502,
        "tddate": null,
        "forum": "_IY3_4psXuf",
        "replyto": "TDsiXEWpS5g",
        "invitation": "NeurIPS.cc/2021/Conference/Paper8538/-/Official_Comment",
        "content": {
          "title": "Authors' Response to Reviewer zi5m",
          "comment": "We appreciate the positive feedback from the reviewer. We also believe that shaDow-GNN has the potential to significantly impact realistic, large scale graph learning tasks. \n\n> while a rigorous theoretical evaluation of cost is provided, it would have been interesting to show also empirical training/inference times\n\nThanks for the suggestion. We will include the measured computation time in the next revision. In the original version, we have included only the theoretical computation cost in the main experiment table (Table 1), since this metric is independent of hardware and implementation strategies. As shown in Appendix E.2, we have run experiments on three machines ranging from a low-end desktop to a mid-end server. The actual computation time differs significantly from machine to machine. \n\nIn Figure 8 of Appendix F.5, we have also included the actual inference time for shaDow-GNN and the normal versions, using Machine 3. "
        },
        "signatures": [
          "NeurIPS.cc/2021/Conference/Paper8538/Authors"
        ],
        "readers": [
          "everyone"
        ],
        "nonreaders": [],
        "writers": [
          "NeurIPS.cc/2021/Conference",
          "NeurIPS.cc/2021/Conference/Paper8538/Authors"
        ]
      },
      {
        "id": "YrU0cxYe8E",
        "original": null,
        "number": 4,
        "cdate": 1628621987349,
        "mdate": null,
        "ddate": null,
        "tcdate": 1628621987349,
        "tmdate": 1628630074095,
        "tddate": null,
        "forum": "_IY3_4psXuf",
        "replyto": "SVK6joKSDiY",
        "invitation": "NeurIPS.cc/2021/Conference/Paper8538/-/Official_Comment",
        "content": {
          "title": "Authors' Response to Reviewer CVVn",
          "comment": "We appreciate the valuable feedback from the reviewer. \n\n> it is running a GNN on a new altered graph...\n> I do think a better comparison to graph-altering work could be interesting\n\nWe agree that shaDow-GNN is related to works performing graph alterations / reconstruction (e.g., APPNP [22], GDC [23], AM-GCN [46], SIGN [9] and PPRGo [4] as discussed in our submission). Yet, we believe that the key idea of shaDow-GNN is quite different and original. In Section 4 (lines 297 to 303), we have summarized the similarities and differences between the two types of works. In Section 3.5 (lines 270 to 277), the case study shows how shaDow-GNN can be more expressive than PPRGo [4] by not altering the original edge structure. Specifically, \n* **Similarity**: Both graph reconstruction works and shaDow-GNN generalize the concept of “neighborhood”. \n* **Differences**: \n    * ShaDow-GNN decouples the depth and receptive field of the GNN, while graph reconstruction works do not perform decoupling. From our theoretical and empirical analysis, making the layers deeper than the receptive field can improve the expressive power and accuracy. \n    * ShaDow-GNN does not alter the connections between nodes. EXTRACT filters out subgraph nodes, and then preserves the original graph structure by returning “induced subgraph” (see line 761 and lines 771 to 773 in Appendix C). Keeping the original edge connections help preserve more structural information (lines 270 to 277). \n* **Connections**: graph altering work can be further decoupled by our technique. By lines 301 to 302, “shaDow-GNN can also work with the reconstructed graph $G’$ by simply applying EXTRACT on $G’$”. \n\nWe will clarify the above discussion in our revised paper.\n\n> I suppose EXTRACT_1 and EXTRACT_2 are 1 and 2 hops respectively, but I don’t think that’s defined. \n\nEXTRACT_1 and EXTRACT_2 are two abstract functions, defined in Corollary 3.2.1 and 3.2.2. They do not necessarily return the 1 and 2 hop neighborhoods. \n\nThere are many EXTRACT algorithms that can satisfy the conditions specified by Corollary 3.2.1 and 3.2.2. For example, consider the PPR based EXTRACT (used in our experiments in Section 5):\n* Since we take the top-$p$ nodes with the highest PPR score (lines 763 to 770), then PPR based EXTRACT belongs to EXTRACT_1.\n* Empirically, the PPR based EXTRACT returns non-identical $V_{[v]}$ and $V_{[u]}$ for different $u$ and $v$. So in practice, we can also regard it as belonging to EXTRACT_2. \n\n> To some extent, being more powerful is somewhat misleading in the sense that we’re restricting (altering) the graph via EXTRACT, so we’re giving the NN more (conditional on human choices and adding additional bias) information.\n\nWe agree with the reviewer that EXTRACT is an important inductive bias in shaDow-GNN. On the positive side, the proposed decoupling principle provides a way to efficiently utilize such human knowledge to enhance any GNN architecture. In addition, we can treat EXTRACT as a hyperparameter and search for the best EXTRACT algorithm through cross validation.\n"
        },
        "signatures": [
          "NeurIPS.cc/2021/Conference/Paper8538/Authors"
        ],
        "readers": [
          "everyone"
        ],
        "nonreaders": [],
        "writers": [
          "NeurIPS.cc/2021/Conference",
          "NeurIPS.cc/2021/Conference/Paper8538/Authors"
        ]
      },
      {
        "id": "guGWsZnyGOX",
        "original": null,
        "number": 6,
        "cdate": 1629558438656,
        "mdate": null,
        "ddate": null,
        "tcdate": 1629558438656,
        "tmdate": 1629558438656,
        "tddate": null,
        "forum": "_IY3_4psXuf",
        "replyto": "KKcgW6JXTtL",
        "invitation": "NeurIPS.cc/2021/Conference/Paper8538/-/Official_Comment",
        "content": {
          "title": "***Review update after authors response ***",
          "comment": "Thank you for your response.\nI expect that  you can implement the suggestions provided by the reviewers."
        },
        "signatures": [
          "NeurIPS.cc/2021/Conference/Paper8538/Reviewer_zi5m"
        ],
        "readers": [
          "everyone"
        ],
        "nonreaders": [],
        "writers": [
          "NeurIPS.cc/2021/Conference",
          "NeurIPS.cc/2021/Conference/Paper8538/Reviewer_zi5m"
        ]
      },
      {
        "id": "IrEqj6Kaz6u",
        "original": null,
        "number": 7,
        "cdate": 1629565675559,
        "mdate": null,
        "ddate": null,
        "tcdate": 1629565675559,
        "tmdate": 1629565675559,
        "tddate": null,
        "forum": "_IY3_4psXuf",
        "replyto": "guGWsZnyGOX",
        "invitation": "NeurIPS.cc/2021/Conference/Paper8538/-/Official_Comment",
        "content": {
          "title": "Thank you!",
          "comment": "We thank the reviewer again for the positive feedback. Yes, we will make sure to integrate the suggested changes from *all* the reviewers in our next revision. "
        },
        "signatures": [
          "NeurIPS.cc/2021/Conference/Paper8538/Authors"
        ],
        "readers": [
          "everyone"
        ],
        "nonreaders": [],
        "writers": [
          "NeurIPS.cc/2021/Conference",
          "NeurIPS.cc/2021/Conference/Paper8538/Authors"
        ]
      },
      {
        "id": "9qom5LVlO4v",
        "original": null,
        "number": 8,
        "cdate": 1629852642954,
        "mdate": null,
        "ddate": null,
        "tcdate": 1629852642954,
        "tmdate": 1629852642954,
        "tddate": null,
        "forum": "_IY3_4psXuf",
        "replyto": "Yedd4z0YN8e",
        "invitation": "NeurIPS.cc/2021/Conference/Paper8538/-/Official_Comment",
        "content": {
          "title": "Would you mind letting us know if our response has addressed your concerns?",
          "comment": "Dear reviewer k7tB,\n\n\nFirst of all, we thank you again for the valuable feedback on our paper! As there is only about 1 week left for the discussion phase, we would greatly appreciate it if you could confirm whether our response has addressed your concerns. \n\nPlease allow us to briefly summarize our previous response. In our posts on Aug 10, we have\n* (Weakness 1) Clarified the significance and correctness of our theoretical results from various perspectives. In particular, we have\n  * (Limitation 1) Explained why our oversmoothing analysis, even though intuitive, leads to powerful / useful insights;\n  * (Limitation 2) Provided tighter error bounds for approximating the $\\tau$ function by shaDow-SAGE;\n  * (Limitation 3) Explained why the expressive power comparison between shaDow-GIN and 1-WL is correct and fair. \n* (Weakness 2) Explained the differences between the sampling based GNN and our decoupling based GNN, from various perspectives. \n* (Weakness 3) Pointed out existing experiments evaluating “non-oversmoothing” baselines (DropEdge and JK-Net); Provided additional results on PairNorm and DAGNN according to your valuable suggestions.\n\nIf you think there is still any other issue, we are more than happy to follow up with you before the end of the discussion phase. Please kindly let us know. \n\n\nThanks,\n\nAuthors"
        },
        "signatures": [
          "NeurIPS.cc/2021/Conference/Paper8538/Authors"
        ],
        "readers": [
          "everyone"
        ],
        "nonreaders": [],
        "writers": [
          "NeurIPS.cc/2021/Conference",
          "NeurIPS.cc/2021/Conference/Paper8538/Authors"
        ]
      },
      {
        "id": "WVi4KPIUlm",
        "original": null,
        "number": 1,
        "cdate": 1632838430771,
        "mdate": null,
        "ddate": null,
        "tcdate": 1632838430771,
        "tmdate": 1632838430771,
        "tddate": null,
        "forum": "_IY3_4psXuf",
        "replyto": "_IY3_4psXuf",
        "invitation": "NeurIPS.cc/2021/Conference/Paper8538/-/Decision",
        "content": {
          "title": "Paper Decision",
          "decision": "Accept (Poster)",
          "comment": "This paper proposes a new way to perform graph sampling by using small neighborhoods of points for training and testing.  The resulting method enables very deep networks to be used on a range of graph problems.  The reviewers agree that the method is simple, and that this is a merit.  While there’s some discrepancy over the usefulness of the theory, there seems to be consensus around the point of view that the presence of theoretical results adds to the paper.\n\n",
          "consistency_experiment": "NeurIPS has a long history of experimentation. In 2014, NeurIPS ran an experiment in which 10% of submissions were reviewed by two independent committees to quantify the randomness in the review process. This year, we repeated a variant of this experiment to see how the quality of the review process has changed over time.  This paper was part of the experiment and was therefore assigned to two committees (consisting of reviewers, an Area Chair, and a Senior Area Chair) that reached independent decisions.  If both committees made the same recommendation, this recommendation was followed. If a single committee recommended acceptance, the paper was accepted (with the exception of a few cases in which the other committee identified what we considered a fatal flaw, e.g., an error in a key result).\n\nThis copy’s committee reached the following decision: **Accept (Poster)**\n\nThe other committee assigned to the paper recommended **Reject**.  You can find the other set of reviews, along with any follow up discussion with the authors here:\nhttps://openreview.net/forum?id=d0MtHWY0NZ"
        },
        "signatures": [
          "NeurIPS.cc/2021/Conference/Program_Chairs"
        ],
        "readers": [
          "everyone"
        ],
        "nonreaders": [],
        "writers": [
          "NeurIPS.cc/2021/Conference/Program_Chairs"
        ]
      }
    ],
    "directReplies": [
      {
        "id": "SVK6joKSDiY",
        "original": null,
        "number": 1,
        "cdate": 1626351876250,
        "mdate": null,
        "ddate": null,
        "tcdate": 1626351876250,
        "tmdate": 1626351985102,
        "tddate": null,
        "forum": "_IY3_4psXuf",
        "replyto": "_IY3_4psXuf",
        "invitation": "NeurIPS.cc/2021/Conference/Paper8538/-/Official_Review",
        "content": {
          "rating": "6: Marginally above the acceptance threshold",
          "confidence": "4: You are confident in your assessment, but not absolutely certain. It is unlikely, but not impossible, that you did not understand some parts of the submission or that you are unfamiliar with some pieces of related work.",
          "summary": "This paper explores on approach of decoupling depth and scope of GNNs. To mitigate degraded expressivity due to over smoothing and expensive computation due to neighborhood explosion, their shadow-GNN approach first extracts a localized subgraph around each target entity (node or edge) and apply a GNN of arbitrary depth on top of the extracted subgraph. They do some theoretical analysis to show this combats over smoothing and increases expressivity. They also performs experiments and show state-of-the-art performance on benchmarks.",
          "main_review": "Originality: This is a simple and not completely novel approach (effectively it is running a GNN on a new altered graph) but the level of analysis and the experiments are novel and contributed original insights. I haven’t seen this detailed work around this approach and analysis before.\n\nQuality: The work is thorough and of high quality. The analysis is useful and careful. I do think a better comparison to graph-altering work could be interesting. \n\nClarity: This paper is clear but also a little bit unnecessarily complicated. For example, I suppose EXTRACT_1 and EXTRACT_2 are 1 and 2 hops respectively, but I don’t think that’s defined. But overall I think they’re doing a good job.\n\nSignificance: I believe this is significant work that analyses a core aspect of graph learning in a helpful and insightful way. It provides clear take-aways and good experiments. However, I believe it should include a little bit of discussion around the results. To some extent, being more powerful is somewhat misleading in the sense that we’re restricting (altering) the graph via EXTRACT, so we’re giving the NN more (conditional on human choices and adding additional bias) information. \n",
          "limitations_and_societal_impact": "Not addressed. ",
          "ethical_concerns": "None.",
          "needs_ethics_review": "No",
          "ethics_review_area": [],
          "time_spent_reviewing": "4",
          "code_of_conduct": "While performing my duties as a reviewer (including writing reviews and participating in discussions), I have and will continue to abide by the NeurIPS code of conduct."
        },
        "signatures": [
          "NeurIPS.cc/2021/Conference/Paper8538/Reviewer_CVVn"
        ],
        "readers": [
          "everyone"
        ],
        "nonreaders": [],
        "writers": [
          "NeurIPS.cc/2021/Conference",
          "NeurIPS.cc/2021/Conference/Paper8538/Reviewer_CVVn"
        ]
      },
      {
        "id": "TDsiXEWpS5g",
        "original": null,
        "number": 2,
        "cdate": 1626434491038,
        "mdate": null,
        "ddate": null,
        "tcdate": 1626434491038,
        "tmdate": 1626434491038,
        "tddate": null,
        "forum": "_IY3_4psXuf",
        "replyto": "_IY3_4psXuf",
        "invitation": "NeurIPS.cc/2021/Conference/Paper8538/-/Official_Review",
        "content": {
          "rating": "9: Top 15% of accepted NeurIPS papers, strong accept",
          "confidence": "4: You are confident in your assessment, but not absolutely certain. It is unlikely, but not impossible, that you did not understand some parts of the submission or that you are unfamiliar with some pieces of related work.",
          "summary": "The authors propose a new approach to graph neural models that decouples layer depth and vertex receptive field: a subgraph is extracted for each vertex, and vertex representations are produced for each vertex via a multi-layer graph convolutional network. Authors theoretically prove better expressive capabilities of their approach, and reduced computational cost on very large-scale datasets. Experimental results show consistent improvement on graph classification tasks. \n\n",
          "main_review": "While other approaches to graph sampling in order to reduce computational cost on large-scale graphs have been proposed, this paper appears to be the first to frame it as a strategy to decouple GNN layer depth and vertex receptive field. Furthermore, their approach allows for more representative models with respect to graph features, since graph extraction strategies can produce non 1-WL isomorphic subgraphs.\nThe paper is clearly written, with design choices justified by theoretical proofs; experiments are rigorously conducted on well-established vertex classification tasks, showing overall improvements both regarding accuracy and computational cost with respect to common graph models (while a rigorous theoretical evaluation of cost is provided, it would have been interesting to show also empirical training/inference times).\nDue to the significant advantage in relation to computational cost and memory requirements, the proposed methodology is likely to impact significantly on large-scale (i.e. >millions vertices) graph tasks.\n",
          "limitations_and_societal_impact": "No negative societal impact to report.",
          "needs_ethics_review": "No",
          "ethics_review_area": [],
          "time_spent_reviewing": "3  hours",
          "code_of_conduct": "While performing my duties as a reviewer (including writing reviews and participating in discussions), I have and will continue to abide by the NeurIPS code of conduct."
        },
        "signatures": [
          "NeurIPS.cc/2021/Conference/Paper8538/Reviewer_zi5m"
        ],
        "readers": [
          "everyone"
        ],
        "nonreaders": [],
        "writers": [
          "NeurIPS.cc/2021/Conference",
          "NeurIPS.cc/2021/Conference/Paper8538/Reviewer_zi5m"
        ]
      },
      {
        "id": "Yedd4z0YN8e",
        "original": null,
        "number": 3,
        "cdate": 1626697347497,
        "mdate": null,
        "ddate": null,
        "tcdate": 1626697347497,
        "tmdate": 1626697347497,
        "tddate": null,
        "forum": "_IY3_4psXuf",
        "replyto": "_IY3_4psXuf",
        "invitation": "NeurIPS.cc/2021/Conference/Paper8538/-/Official_Review",
        "content": {
          "rating": "5: Marginally below the acceptance threshold",
          "confidence": "4: You are confident in your assessment, but not absolutely certain. It is unlikely, but not impossible, that you did not understand some parts of the submission or that you are unfamiliar with some pieces of related work.",
          "summary": "This paper proposes a design principle to decouple the depth and scope of graph neural networks (GNN). The proposed approach first extracts a localized subgraph for each target node as a bounded-size receptive field and then applies a GNN of arbitrary depth on top of the subgraph. Such decoupling improves the expressive power of popular GNN architectures including GCN, GraphSAGE and GIN. On seven graphs and six backbone GNN architectures, the design achieves state-of-the-art accuracy with a reduction in computation cost.",
          "main_review": "Strengths\n- The performance of the proposed approach is significantly better than the baselines for various backbone GNNs.\n- The authors present theoretical analysis on the expressive power of the proposed design principle.\n- Experiments are presented for both node classification and link prediction, which are representative problems in the graph domain.\n\nWeaknesses\n- Most of the theoretical analysis is straightforward (details in the next section).\n- The idea of decoupling depth and scope of GNNs is not new, especially from the perspective of sampling neighborhoods such as in FastGCN [6].\n- There are experiments only with base GNN models. If the performance gain is because the proposed approach addresses the oversmoothing problem, a comparison should be made with recent approaches for the same purpose:\n--- PairNorm: Tackling Oversmoothing in GNNs [ICLR 2020]\n--- Scattering GCN: Overcoming Oversmoothness in Graph Convolutional Networks [NeurIPS 2020]\n--- Towards Deeper Graph Neural Networks [KDD 2020]\n",
          "limitations_and_societal_impact": "I’m not sure whether Theorem 3.2 is useful. If we use a small subgraph around each node for inference, the prediction is made by the features of nodes contained in the subgraph. Then, it is straightforward that two nodes in different subgraphs make different representations, as they combine different sets of node features. The theorem is useful only if the authors provide the exact condition that makes the two representations the same or different.\n\nThe authors say in Section 3.2 that “SHADOW-SAGE can approximate \\tau with error decaying exponentially with the model depth,” but the error bound is not given. It is not clear when GraphSAGE fails at expressing the tau function, and how exactly SHADOW-SAGE performs better. The authors should rewrite Section 3.2 and provide formal theorems and proofs.\n\nI’m not sure Theorem 3.3 is a fair comparison between SHADOW-GNN and the WL test, because making the subgraph for each node makes a severe limitation on the expressiveness. For instance, consider two graphs with the same node features having the following edge sets:\n■\tE1 = {(a, c), (b, c), (c, d)}\n■\tE2 = {(e, f), (f, g)}\n\nThen, SHADOW-GNN described in the paper cannot distinguish between d and g, as it looks at only the direct neighborhood of each node. I think there is no single setting that SHADOW-GNN generalizes 1-WL in any cases, unlike the conclusion that the paper implies.\n",
          "needs_ethics_review": "No",
          "ethics_review_area": [],
          "time_spent_reviewing": "4",
          "code_of_conduct": "While performing my duties as a reviewer (including writing reviews and participating in discussions), I have and will continue to abide by the NeurIPS code of conduct."
        },
        "signatures": [
          "NeurIPS.cc/2021/Conference/Paper8538/Reviewer_k7tB"
        ],
        "readers": [
          "everyone"
        ],
        "nonreaders": [],
        "writers": [
          "NeurIPS.cc/2021/Conference",
          "NeurIPS.cc/2021/Conference/Paper8538/Reviewer_k7tB"
        ]
      },
      {
        "id": "WVi4KPIUlm",
        "original": null,
        "number": 1,
        "cdate": 1632838430771,
        "mdate": null,
        "ddate": null,
        "tcdate": 1632838430771,
        "tmdate": 1632838430771,
        "tddate": null,
        "forum": "_IY3_4psXuf",
        "replyto": "_IY3_4psXuf",
        "invitation": "NeurIPS.cc/2021/Conference/Paper8538/-/Decision",
        "content": {
          "title": "Paper Decision",
          "decision": "Accept (Poster)",
          "comment": "This paper proposes a new way to perform graph sampling by using small neighborhoods of points for training and testing.  The resulting method enables very deep networks to be used on a range of graph problems.  The reviewers agree that the method is simple, and that this is a merit.  While there’s some discrepancy over the usefulness of the theory, there seems to be consensus around the point of view that the presence of theoretical results adds to the paper.\n\n",
          "consistency_experiment": "NeurIPS has a long history of experimentation. In 2014, NeurIPS ran an experiment in which 10% of submissions were reviewed by two independent committees to quantify the randomness in the review process. This year, we repeated a variant of this experiment to see how the quality of the review process has changed over time.  This paper was part of the experiment and was therefore assigned to two committees (consisting of reviewers, an Area Chair, and a Senior Area Chair) that reached independent decisions.  If both committees made the same recommendation, this recommendation was followed. If a single committee recommended acceptance, the paper was accepted (with the exception of a few cases in which the other committee identified what we considered a fatal flaw, e.g., an error in a key result).\n\nThis copy’s committee reached the following decision: **Accept (Poster)**\n\nThe other committee assigned to the paper recommended **Reject**.  You can find the other set of reviews, along with any follow up discussion with the authors here:\nhttps://openreview.net/forum?id=d0MtHWY0NZ"
        },
        "signatures": [
          "NeurIPS.cc/2021/Conference/Program_Chairs"
        ],
        "readers": [
          "everyone"
        ],
        "nonreaders": [],
        "writers": [
          "NeurIPS.cc/2021/Conference/Program_Chairs"
        ]
      }
    ]
  }
}